"RK","Name","POS","Team","Bye","POS","ADP","FPTS","G","FPTS/G","TIER","ATT","CMP","YDS","TD","INT","ATT","YDS","TD","TGT","REC","YDS","TD","UP","DOWN","MOVE","TARGET","WIN"
"1","Jahmyr Gibbs","RB","DET","6","RB2","2.9","347.6","15","23.17","1","0","0","0","0","0","272.0","1352.9","13.5","78.8","65.4","478.9","3.2","-","-","-","-","-"
"2","Bijan Robinson","RB","ATL","11","RB1","1.4","338.0","15","22.53","1","0","0","0","0","0","292.8","1370.0","9.7","82.4","67.3","587.4","3.1","-","-","-","-","-"
"3","Josh Allen","QB","BUF","7","QB1","28.2","335.9","15","22.39","1","466","311","3585","24.6","11","106.1","522.8","9.2","-","-","-","-","-","-","-","-","-"
"4","Puka Nacua","WR","LA","11","WR2","4.9","313.6","15","20.91","1","0","0","0","0","0","11.9","73.8","0.5","149.2","108.7","1455.9","8.2","-","-","-","-","-"
"5","Lamar Jackson","QB","BLT","13","QB2","37.9","312.2","15","20.81","2","434","283","3528","24.0","9","121.1","668.3","3.5","-","-","-","-","-","-","-","-","-"
"6","Jonathan Taylor","RB","IND","13","RB4","7.7","309.1","15","20.61","2","0","0","0","0","0","289.8","1371.8","13.7","55.8","46.0","346.5","1.8","-","-","-","-","-"
"7","Drake Maye","QB","NE","11","QB3","51.2","306.0","15","20.40","2","458","309","3728","25.3","10","93.6","507.2","3.2","-","-","-","-","-","-","-","-","-"
"8","Jalen Hurts","QB","PHI","10","QB6","67.2","303.4","15","20.22","2","458","301","3354","21.7","7","108.9","502.1","7.1","-","-","-","-","-","-","-","-","-"
"9","Jayden Daniels","QB","WAS","7","QB5","62.1","299.4","15","19.96","2","435","282","3087","19.4","8","131.7","807.2","4.8","-","-","-","-","-","-","-","-","-"
"10","Christian McCaffrey","RB","SF","8","RB3","6.7","298.8","14.5","20.61","2","0","0","0","0","0","247.4","980.9","8.4","79.7","66.2","563.6","4.8","-","-","-","-","-"
"11","Joe Burrow","QB","CIN","6","QB4","57.1","295.7","15","19.71","3","543","368","3971","31.0","11","40.3","173.2","1.5","-","-","-","-","-","-","-","-","-"
"12","Dak Prescott","QB","DAL","14","QB10","90.3","295.5","15","19.70","3","536","360","4058","29.3","12","49.5","187.8","1.9","-","-","-","-","-","-","-","-","-"
"13","Ja'Marr Chase","WR","CIN","6","WR1","3.4","285.1","15","19.01","2","0","0","0","0","0","3.1","18.5","0.0","145.7","102.2","1269.7","9.1","-","-","-","-","-"
"14","Trevor Lawrence","QB","JAX","7","QB11","92.3","282.3","15","18.82","3","501","319","3665","23.7","12","66.5","295.7","4.3","-","-","-","-","-","-","-","-","-"
"15","Justin Herbert","QB","LAC","7","QB9","83.7","280.6","15","18.71","4","514","340","3783","25.2","10","62.4","306.2","1.8","-","-","-","-","-","-","-","-","-"
"16","Brock Purdy","QB","SF","8","QB13","103.5","277.2","15","18.48","4","471","314","3677","27.1","14","56.9","253.5","2.2","-","-","-","-","-","-","-","-","-"
"17","Jaxon Smith-Njigba","WR","SEA","11","WR3","5.4","275.3","15","18.35","2","0","0","0","0","0","2.8","14.7","0.0","131.2","91.7","1298.8","8.8","-","-","-","-","-"
"18","Caleb Williams","QB","CHI","10","QB8","82.9","272.9","15","18.19","4","506","308","3623","23.7","10","65.3","335.9","2.0","-","-","-","-","-","-","-","-","-"
"19","Saquon Barkley","RB","PHI","10","RB10","19.5","272.8","15","18.19","3","0","0","0","0","0","295.7","1323.5","10.1","51.5","40.7","291.7","1.8","-","-","-","-","-"
"20","De'Von Achane","RB","MIA","6","RB8","16.2","272.5","15","18.17","3","0","0","0","0","0","241.1","1197.8","6.1","70.1","58.9","415.6","2.7","-","-","-","-","-"
"21","Jaxson Dart","QB","NYG","8","QB7","80.6","272.4","14.5","18.79","4","428","274","3015","18.7","9","100.3","559.3","5.6","-","-","-","-","-","-","-","-","-"
"22","Patrick Mahomes","QB","KC","5","QB12","100.1","271.9","15","18.13","4","515","336","3708","25.0","11","55.2","313.0","1.0","-","-","-","-","-","-","-","-","-"
"23","Matthew Stafford","QB","LA","11","QB14","115.2","271.6","15","18.10","4","522","340","4015","29.5","10","25.2","23.3","0.4","-","-","-","-","-","-","-","-","-"
"24","Bo Nix","QB","DEN","10","QB15","118.7","270.8","15","18.05","4","533","343","3584","23.8","11","69.5","307.8","2.3","-","-","-","-","-","-","-","-","-"
"25","James Cook","RB","BUF","7","RB5","9.7","268.0","15","17.87","3","0","0","0","0","0","277.0","1367.4","10.5","39.8","32.4","278.1","1.6","-","-","-","-","-"
"26","Amon-Ra St. Brown","WR","DET","6","WR5","11.2","267.1","15","17.81","3","0","0","0","0","0","3.3","18.8","0.1","137.9","94.8","1210.7","8.2","-","-","-","-","-"
"27","Malik Willis","QB","MIA","6","QB18","137.8","265.7","15","17.71","4","400","270","2814","16.5","11","114.5","757.9","4.2","-","-","-","-","-","-","-","-","-"
"28","Ashton Jeanty","RB","LV","13","RB7","15.4","265.1","15","17.67","3","0","0","0","0","0","251.5","1040.0","8.0","72.6","58.7","389.6","2.7","-","-","-","-","-"
"29","Tyler Shough","QB","NO","8","QB21","144.4","264.9","15","17.66","5","523","348","3695","20.8","10","63.8","298.6","2.9","-","-","-","-","-","-","-","-","-"
"30","Jared Goff","QB","DET","6","QB16","122.0","262.4","15","17.49","5","513","346","3958","27.1","8","21.2","43.9","0.3","-","-","-","-","-","-","-","-","-"
"31","Kyler Murray","QB","MIN","6","QB20","142.2","259.6","14","18.54","5","463","310","3252","20.9","9","71.4","414.6","2.7","-","-","-","-","-","-","-","-","-"
"32","Jordan Love","QB","GB","11","QB17","124.8","255.3","15","17.02","5","470","303","3546","24.7","8","41.6","181.1","1.2","-","-","-","-","-","-","-","-","-"
"33","CeeDee Lamb","WR","DAL","14","WR4","10.6","252.3","15","16.82","3","0","0","0","0","0","2.2","12.9","0.1","132.0","88.3","1179.1","7.5","-","-","-","-","-"
"34","Justin Jefferson","WR","MIN","6","WR6","12.4","251.7","15","16.78","4","0","0","0","0","0","2.2","10.2","0.1","134.2","89.2","1160.5","7.6","-","-","-","-","-"
"35","Baker Mayfield","QB","TB","10","QB19","140.9","251.4","15","16.76","5","489","308","3451","23.9","12","53.0","255.4","1.1","-","-","-","-","-","-","-","-","-"
"36","Sam Darnold","QB","SEA","11","QB23","165.3","247.2","15","16.48","6","470","307","3732","23.3","12","40.8","140.0","0.8","-","-","-","-","-","-","-","-","-"
"37","C.J. Stroud","QB","HST","8","QB22","163.4","245.0","15","16.33","6","493","315","3517","22.1","12","48.5","216.7","1.5","-","-","-","-","-","-","-","-","-"
"38","Derrick Henry","RB","BLT","13","RB13","24.6","243.9","15","16.26","4","0","0","0","0","0","275.6","1364.2","12.4","19.5","15.9","158.2","0.4","-","-","-","-","-"
"39","Kenneth Walker III","RB","KC","5","RB6","14.6","242.7","15","16.18","4","0","0","0","0","0","239.8","1070.2","9.4","47.0","39.2","308.4","1.7","-","-","-","-","-"
"40","Chase Brown","RB","CIN","6","RB12","22.2","239.0","15","15.93","4","0","0","0","0","0","205.9","892.4","6.6","66.0","55.5","386.5","2.8","-","-","-","-","-"
"41","Rashee Rice","WR","KC","5","WR13","32.7","237.3","14.5","16.37","4","0","0","0","0","0","5.8","28.8","0.3","121.6","87.3","1020.8","7.4","-","-","-","-","-"
"42","Omarion Hampton","RB","LAC","7","RB9","18.8","235.2","15","15.68","4","0","0","0","0","0","230.6","1014.9","7.8","55.3","45.9","315.0","1.8","-","-","-","-","-"
"43","Breece Hall","RB","NYJ","13","RB17","32.3","232.6","15","15.50","4","0","0","0","0","0","242.2","1071.6","5.8","53.0","45.4","353.6","1.9","-","-","-","-","-"
"44","Drake London","WR","ATL","11","WR7","14.1","232.2","15","15.48","5","0","0","0","0","0","-","-","-","133.6","86.4","1055.2","6.8","-","-","-","-","-"
"45","Josh Jacobs","RB","GB","11","RB14","27.6","231.7","14","16.55","4","0","0","0","0","0","251.0","1054.8","11.0","40.2","33.5","222.2","1.0","-","-","-","-","-"
"46","Jacoby Brissett","QB","ARZ","14","QB28","200.9","230.3","14","16.45","7","469","303","3284","20.6","8","42.0","188.3","1.5","-","-","-","-","-","-","-","-","-"
"47","Jeremiyah Love","RB","ARZ","14","RB11","19.7","229.1","15","15.27","4","0","0","0","0","0","220.6","1002.1","7.6","54.7","45.0","308.1","1.8","-","-","-","-","-"
"48","Geno Smith","QB","NYJ","13","QB120","999.0","224.7","15","14.98","7","479","317","3370","21.1","14","48.9","171.6","1.0","-","-","-","-","-","-","-","-","-"
"49","Javonte Williams","RB","DAL","14","RB19","38.3","223.8","15","14.92","5","0","0","0","0","0","249.6","1097.9","8.7","43.6","36.1","177.2","1.5","-","-","-","-","-"
"50","Cam Ward","QB","TEN","9","QB24","165.9","220.9","15","14.72","7","504","316","3277","19.7","10","41.9","176.6","1.2","-","-","-","-","-","-","-","-","-"
"51","Chris Olave","WR","NO","8","WR11","26.4","219.3","15","14.62","5","0","0","0","0","0","1.3","6.5","0.0","125.1","81.9","1034.1","5.6","-","-","-","-","-"
"52","Cam Skattebo","RB","NYG","8","RB21","48.7","218.3","15","14.55","5","0","0","0","0","0","221.8","926.7","8.0","50.6","41.7","272.9","1.7","-","-","-","-","-"
"53","Nico Collins","WR","HST","8","WR9","21.1","218.1","15","14.54","5","0","0","0","0","0","0.7","4.0","0.0","116.9","74.6","1059.5","6.2","-","-","-","-","-"
"54","Kyren Williams","RB","LA","11","RB16","32.2","217.7","15","14.51","5","0","0","0","0","0","226.9","1043.2","8.9","38.3","30.6","218.2","1.4","-","-","-","-","-"
"55","David Montgomery","RB","HST","8","RB23","56.3","217.7","15","14.51","5","0","0","0","0","0","263.2","1115.0","8.6","36.7","29.9","218.0","0.7","-","-","-","-","-"
"56","Tee Higgins","WR","CIN","6","WR14","35.5","217.2","15","14.48","5","0","0","0","0","0","-","-","-","107.4","69.9","974.2","8.4","-","-","-","-","-"
"57","George Pickens","WR","DAL","14","WR10","23.1","217.2","14.5","14.98","5","0","0","0","0","0","1.7","9.2","0.1","111.9","74.6","1023.8","6.6","-","-","-","-","-"
"58","Garrett Wilson","WR","NYJ","13","WR16","40.9","217.1","15","14.47","6","0","0","0","0","0","2.4","9.7","0.0","125.7","82.9","966.1","6.2","-","-","-","-","-"
"59","A.J. Brown","WR","NE","11","WR12","30.8","216.4","15","14.43","6","0","0","0","0","0","2.5","13.1","0.1","106.8","70.1","1058.9","6.5","-","-","-","-","-"
"60","Brock Bowers","TE","LV","13","TE2","20.2","214.5","15","14.30","1","0","0","0","0","0","3.6","8.5","0.0","113.1","85.6","916.1","6.1","-","-","-","-","-"
"61","Aaron Rodgers","QB","PIT","9","QB75","999.0","212.3","15","14.15","8","479","313","3136","21.8","8","19.0","68.9","0.4","-","-","-","-","-","-","-","-","-"
"62","DeVonta Smith","WR","PHI","10","WR20","44.9","212.0","15","14.13","6","0","0","0","0","0","-","-","-","118.2","79.3","961.6","6.1","-","-","-","-","-"
"63","Bryce Young","QB","CAR","5","QB26","194.2","211.6","15","14.10","8","462","293","2984","18.9","10","46.0","223.9","1.1","-","-","-","-","-","-","-","-","-"
"64","Zay Flowers","WR","BLT","13","WR19","43.8","211.4","15","14.10","6","0","0","0","0","0","5.6","33.2","0.1","105.7","71.4","1030.0","5.6","-","-","-","-","-"
"65","Bucky Irving","RB","TB","10","RB15","31.6","207.1","14.5","14.28","6","0","0","0","0","0","218.1","908.4","6.4","42.2","35.4","321.1","1.9","-","-","-","-","-"
"66","Quinshon Judkins","RB","CLV","11","RB22","55.0","206.1","15","13.74","6","0","0","0","0","0","271.1","1010.5","7.5","38.3","30.3","239.2","1.1","-","-","-","-","-"
"67","Daniel Jones","QB","IND","13","QB27","195.1","206.0","12","17.17","8","402","266","2883","17.8","9","42.8","162.2","2.3","-","-","-","-","-","-","-","-","-"
"68","Davante Adams","WR","LA","11","WR23","46.9","205.9","15","13.73","6","0","0","0","0","0","-","-","-","117.3","69.6","874.4","8.2","-","-","-","-","-"
"69","D'Andre Swift","RB","CHI","10","RB25","65.1","202.9","15","13.53","6","0","0","0","0","0","206.4","956.4","7.0","39.7","31.8","261.1","1.4","-","-","-","-","-"
"70","Trey McBride","TE","ARZ","14","TE1","18.7","201.7","15","13.45","1","0","0","0","0","0","-","-","-","118.7","90.8","775.8","5.6","-","-","-","-","-"
"71","Bhayshul Tuten","RB","JAX","7","RB24","60.4","201.6","15","13.44","6","0","0","0","0","0","235.8","985.5","8.2","34.4","27.3","203.3","1.3","-","-","-","-","-"
"72","Rhamondre Stevenson","RB","NE","11","RB30","82.7","201.1","15","13.40","6","0","0","0","0","0","182.6","791.7","6.5","45.9","38.8","332.7","2.1","-","-","-","-","-"
"73","Ladd McConkey","WR","LAC","7","WR18","41.9","198.2","15","13.22","7","0","0","0","0","0","-","-","-","106.8","70.0","947.7","5.7","-","-","-","-","-"
"74","Terry McLaurin","WR","WAS","7","WR25","56.6","197.7","15","13.18","7","0","0","0","0","0","-","-","-","102.7","65.9","958.6","6.0","-","-","-","-","-"
"75","Jameson Williams","WR","DET","6","WR24","51.6","195.4","15","13.03","7","0","0","0","0","0","6.0","32.4","0.2","88.6","57.2","974.3","6.1","-","-","-","-","-"
"76","Mike Evans","WR","SF","8","WR26","57.8","194.7","15","12.98","7","0","0","0","0","0","-","-","-","98.5","62.1","863.3","7.7","-","-","-","-","-"
"77","Travis Etienne","RB","NO","8","RB18","36.7","194.2","15","12.95","6","0","0","0","0","0","204.1","879.1","6.5","39.3","33.3","261.9","1.5","-","-","-","-","-"
"78","Tony Pollard","RB","TEN","9","RB31","85.6","193.9","15","12.93","6","0","0","0","0","0","220.4","965.7","6.1","42.9","34.9","210.9","1.0","-","-","-","-","-"
"79","Emeka Egbuka","WR","TB","10","WR21","45.8","193.2","15","12.88","7","0","0","0","0","0","1.8","10.1","0.0","113.8","65.7","882.9","6.4","-","-","-","-","-"
"80","Tyler Warren","TE","IND","13","TE4","50.1","192.8","15","12.86","2","0","0","0","0","0","4.7","8.8","0.7","105.3","77.7","798.3","5.1","-","-","-","-","-"
"81","Chuba Hubbard","RB","CAR","5","RB28","74.9","192.4","15","12.83","6","0","0","0","0","0","225.9","864.3","6.7","44.6","37.4","215.7","1.3","-","-","-","-","-"
"82","Jaylen Waddle","WR","DEN","10","WR22","46.2","187.8","15","12.52","7","0","0","0","0","0","1.7","10.2","0.0","104.8","65.9","888.0","5.4","-","-","-","-","-"
"83","Colston Loveland","TE","CHI","10","TE3","41.2","186.0","15","12.40","2","0","0","0","0","0","0.8","3.9","0.0","104.2","73.1","796.2","5.5","-","-","-","-","-"
"84","Christian Watson","WR","GB","11","WR30","68.4","185.5","14","13.25","7","0","0","0","0","0","1.6","8.9","0.1","92.6","57.1","894.8","6.3","-","-","-","-","-"
"85","Tetairoa McMillan","WR","CAR","5","WR15","37.3","185.0","15","12.34","7","0","0","0","0","0","-","-","-","105.5","66.4","858.6","5.5","-","-","-","-","-"
"86","Jaylen Warren","RB","PIT","9","RB27","74.8","184.4","15","12.29","7","0","0","0","0","0","168.8","767.9","5.1","46.1","40.0","287.9","1.5","-","-","-","-","-"
"87","DJ Moore","WR","BUF","7","WR27","59.3","184.1","15","12.27","7","0","0","0","0","0","8.2","48.3","0.2","104.8","67.9","776.6","5.5","-","-","-","-","-"
"88","Brian Thomas Jr.","WR","JAX","7","WR32","69.6","182.5","15","12.17","8","0","0","0","0","0","2.5","15.8","0.2","101.6","63.0","841.4","5.4","-","-","-","-","-"
"89","Parker Washington","WR","JAX","7","WR40","89.1","182.5","15","12.16","8","0","0","0","0","0","5.6","28.7","0.2","100.2","63.4","837.0","5.3","-","-","-","-","-"
"90","Jakobi Meyers","WR","JAX","7","WR39","87.6","182.3","15","12.15","8","0","0","0","0","0","3.5","17.5","0.1","103.3","69.8","817.0","4.8","-","-","-","-","-"
"91","Rome Odunze","WR","CHI","10","WR29","64.2","181.7","15","12.11","8","0","0","0","0","0","-","-","-","109.1","62.0","840.7","6.0","-","-","-","-","-"
"92","DK Metcalf","WR","PIT","9","WR33","74.4","180.4","15","12.03","8","0","0","0","0","0","1.3","7.8","0.0","104.1","64.7","809.4","5.7","-","-","-","-","-"
"93","Michael Pittman","WR","PIT","9","WR45","102.9","180.1","15","12.01","8","0","0","0","0","0","-","-","-","116.6","78.0","723.5","5.0","-","-","-","-","-"
"94","Courtland Sutton","WR","DEN","10","WR36","77.9","176.1","15","11.74","8","0","0","0","0","0","-","-","-","98.2","61.5","798.5","5.9","-","-","-","-","-"
"95","Luther Burden III","WR","CHI","10","WR17","41.1","174.6","15","11.64","8","0","0","0","0","0","6.7","35.3","0.0","94.3","63.2","806.7","4.6","-","-","-","-","-"
"96","TreVeyon Henderson","RB","NE","11","RB20","47.8","172.6","15","11.51","7","0","0","0","0","0","173.3","785.6","5.9","34.2","29.2","231.9","1.1","-","-","-","-","-"
"97","Carnell Tate","WR","TEN","9","WR28","62.9","171.7","15","11.45","8","0","0","0","0","0","-","-","-","105.8","68.2","752.2","4.8","-","-","-","-","-"
"98","Rico Dowdle","RB","PIT","9","RB32","88.1","170.1","15","11.34","7","0","0","0","0","0","176.7","785.1","5.2","38.7","32.4","218.2","1.1","-","-","-","-","-"
"99","Kenny Gainwell","RB","TB","10","RB36","106.9","168.1","15","11.20","8","0","0","0","0","0","138.4","589.2","4.1","52.0","42.6","318.8","1.9","-","-","-","-","-"
"100","Jayden Reed","WR","GB","11","WR48","116.0","167.8","15","11.19","8","0","0","0","0","0","11.8","76.7","0.4","81.1","55.9","734.7","4.7","-","-","-","-","-"
"101","Aaron Jones","RB","MIN","6","RB37","108.8","167.0","14","11.93","8","0","0","0","0","0","163.1","676.2","3.3","50.8","42.4","285.7","1.6","-","-","-","-","-"
"102","Deshaun Watson","QB","CLV","11","QB68","999.0","166.4","12","13.86","9","391","242","2407","14.4","11","42.4","211.2","0.7","-","-","-","-","-","-","-","-","-"
"103","Jordyn Tyson","WR","NO","8","WR31","69.0","165.4","14.5","11.40","9","0","0","0","0","0","-","-","-","101.5","66.4","748.2","4.2","-","-","-","-","-"
"104","Kyle Pitts","TE","ATL","11","TE7","71.3","164.6","15","10.98","3","0","0","0","0","0","-","-","-","93.9","65.4","749.6","4.1","-","-","-","-","-"
"105","Alec Pierce","WR","IND","13","WR38","83.6","163.9","14","11.71","9","0","0","0","0","0","-","-","-","95.0","54.8","813.3","4.7","-","-","-","-","-"
"106","Sam LaPorta","TE","DET","6","TE8","76.4","163.6","14","11.68","3","0","0","0","0","0","-","-","-","81.3","63.2","697.4","5.1","-","-","-","-","-"
"107","Jordan Addison","WR","MIN","6","WR43","100.7","163.6","15","10.91","9","0","0","0","0","0","2.5","16.7","0.1","90.0","57.4","757.5","4.8","-","-","-","-","-"
"108","Travis Kelce","TE","KC","5","TE14","107.1","163.2","15","10.88","3","0","0","0","0","0","-","-","-","88.4","65.9","713.2","4.4","-","-","-","-","-"
"109","Wan'Dale Robinson","WR","TEN","9","WR46","103.0","161.0","15","10.73","9","0","0","0","0","0","2.7","14.2","0.0","100.4","67.3","716.3","3.4","-","-","-","-","-"
"110","Josh Downs","WR","IND","13","WR49","125.1","160.2","15","10.68","9","0","0","0","0","0","1.4","7.0","0.0","94.0","64.5","702.6","4.2","-","-","-","-","-"
"111","Jadarian Price","RB","SEA","11","RB29","80.3","159.3","15","10.62","8","0","0","0","0","0","211.4","917.7","6.2","21.4","17.8","118.2","0.5","-","-","-","-","-"
"112","Quentin Johnston","WR","LAC","7","WR44","102.6","158.7","15","10.58","9","0","0","0","0","0","2.4","11.4","0.1","91.2","57.5","683.2","5.3","-","-","-","-","-"
"113","Harold Fannin Jr.","TE","CLV","11","TE5","62.6","158.1","15","10.54","3","0","0","0","0","0","4.4","12.0","0.2","95.6","68.0","649.7","3.8","-","-","-","-","-"
"114","Chris Godwin Jr.","WR","TB","10","WR41","92.6","157.2","15","10.48","9","0","0","0","0","0","-","-","-","87.7","61.3","710.9","4.2","-","-","-","-","-"
"115","Dallas Goedert","TE","PHI","10","TE15","109.1","157.1","15","10.48","3","0","0","0","0","0","-","-","-","82.4","63.1","662.3","4.7","-","-","-","-","-"
"116","Romeo Doubs","WR","NE","11","WR47","115.3","155.2","15","10.35","9","0","0","0","0","0","-","-","-","77.7","52.6","742.4","4.8","-","-","-","-","-"
"117","Fernando Mendoza","QB","LV","13","QB25","169.5","155.1","10","15.51","9","324","206","2230","13.2","7","32.7","146.4","1.3","-","-","-","-","-","-","-","-","-"
"118","Jake Ferguson","TE","DAL","14","TE12","104.0","154.5","15","10.30","3","0","0","0","0","0","-","-","-","78.9","62.1","603.6","5.4","-","-","-","-","-"
"119","Marvin Harrison Jr.","WR","ARZ","14","WR34","75.8","154.2","15","10.28","4","0","0","0","0","0","-","-","-","99.9","58.8","691.6","4.4","-","-","-","-","-"
"120","Makai Lemon","WR","PHI","10","WR35","76.6","152.8","15","10.18","9","0","0","0","0","0","-","-","-","88.4","58.7","695.4","4.2","-","-","-","-","-"
"121","Malik Nabers","WR","NYG","8","WR8","19.2","151.4","11","13.77","9","0","0","0","0","0","-","-","-","88.8","56.3","678.5","4.6","-","-","-","-","-"
"122","Mark Andrews","TE","BLT","13","TE16","110.7","151.4","15","10.09","3","0","0","0","0","0","3.8","6.1","0.2","77.4","57.1","591.0","5.7","-","-","-","-","-"
"123","Tucker Kraft","TE","GB","11","TE6","67.3","150.0","14","10.71","3","0","0","0","0","0","1.9","5.4","0.0","74.0","56.3","624.7","5.2","-","-","-","-","-"
"124","Cooper Kupp","WR","SEA","11","WR93","235.2","148.6","15","9.90","10","0","0","0","0","0","0.2","0.5","0.0","78.0","54.0","737.9","3.5","-","-","-","-","-"
"125","Michael Wilson","WR","ARZ","14","WR37","80.2","147.2","15","9.81","10","0","0","0","0","0","-","-","-","91.9","57.2","661.6","4.0","-","-","-","-","-"
"126","Xavier Worthy","WR","KC","5","WR53","134.9","147.0","15","9.80","10","0","0","0","0","0","12.8","73.6","0.4","81.9","51.3","606.6","4.2","-","-","-","-","-"
"127","Brenton Strange","TE","JAX","7","TE19","128.8","146.2","15","9.75","4","0","0","0","0","0","-","-","-","78.1","59.1","625.2","4.1","-","-","-","-","-"
"128","RJ Harvey","RB","DEN","10","RB26","68.4","144.0","15","9.60","9","0","0","0","0","0","120.1","471.3","3.5","53.9","44.5","234.2","1.5","-","-","-","-","-"
"129","Rachaad White","RB","WAS","7","RB41","127.2","142.9","15","9.53","9","0","0","0","0","0","134.1","540.8","4.2","37.2","33.3","238.0","1.2","-","-","-","-","-"
"130","Stefon Diggs","WR","FA","","-","845.0","142.1","15","9.48","10","0","0","0","0","0","-","-","-","79.2","54.6","651.2","3.8","-","-","-","-","-"
"131","Jayden Higgins","WR","HST","8","WR50","131.1","141.7","15","9.45","10","0","0","0","0","0","-","-","-","83.4","53.2","645.2","4.0","-","-","-","-","-"
"132","Khalil Shakir","WR","BUF","7","WR51","133.8","141.5","15","9.44","10","0","0","0","0","0","0.7","3.9","0.0","74.9","56.1","632.8","3.7","-","-","-","-","-"
"133","Blake Corum","RB","LA","11","RB35","98.3","140.6","15","9.38","9","0","0","0","0","0","164.6","759.7","6.3","17.5","13.8","100.1","0.6","-","-","-","-","-"
"134","Isaiah Likely","TE","NYG","8","TE17","117.3","140.2","15","9.35","4","0","0","0","0","0","-","-","-","78.7","58.3","607.1","3.6","-","-","-","-","-"
"135","Kyle Monangai","RB","CHI","10","RB33","89.5","140.0","15","9.33","9","0","0","0","0","0","155.0","668.2","4.9","27.4","20.5","184.0","0.9","-","-","-","-","-"
"136","Isiah Pacheco","RB","DET","6","RB55","167.2","139.2","15","9.28","9","0","0","0","0","0","148.3","651.2","6.0","25.2","20.9","127.8","0.8","-","-","-","-","-"
"137","Deebo Samuel Sr.","WR","FA","","-","880.0","139.1","15","9.28","10","0","0","0","0","0","15.3","68.6","0.5","72.3","50.2","602.3","3.2","-","-","-","-","-"
"138","Ricky Pearsall","WR","SF","8","WR42","99.8","137.4","15","9.16","10","0","0","0","0","0","2.6","12.6","0.0","74.2","47.5","672.2","3.6","-","-","-","-","-"
"139","Hunter Henry","TE","NE","11","TE13","106.2","136.9","15","9.13","4","0","0","0","0","0","-","-","-","69.6","52.0","576.1","4.6","-","-","-","-","-"
"140","Dalton Schultz","TE","HST","8","TE21","137.0","136.5","15","9.10","4","0","0","0","0","0","-","-","-","76.2","57.3","581.2","3.6","-","-","-","-","-"
"141","Dalton Kincaid","TE","BUF","7","TE10","97.1","134.2","14.5","9.26","4","0","0","0","0","0","-","-","-","69.1","52.0","574.3","4.2","-","-","-","-","-"
"142","Pat Freiermuth","TE","PIT","9","TE134","999.0","133.7","15","8.91","4","0","0","0","0","0","-","-","-","73.3","55.5","544.2","4.0","-","-","-","-","-"
"143","Jerry Jeudy","WR","CLV","11","WR64","173.5","133.6","15","8.90","10","0","0","0","0","0","0.6","3.4","0.0","88.5","52.9","589.0","3.6","-","-","-","-","-"
"144","Juwan Johnson","TE","NO","8","TE20","135.3","133.3","15","8.88","4","0","0","0","0","0","-","-","-","72.2","54.5","601.1","3.2","-","-","-","-","-"
"145","Matthew Golden","WR","GB","11","WR52","134.1","132.6","15","8.84","11","0","0","0","0","0","7.0","36.4","0.1","68.3","43.9","615.7","3.9","-","-","-","-","-"
"146","Kenyon Sadiq","TE","NYJ","13","TE18","118.2","131.5","15","8.77","4","0","0","0","0","0","-","-","-","75.3","57.1","541.9","3.5","-","-","-","-","-"
"147","T.J. Hockenson","TE","MIN","6","TE22","141.2","131.3","15","8.75","4","0","0","0","0","0","-","-","-","74.9","57.4","518.9","3.7","-","-","-","-","-"
"148","George Kittle","TE","SF","8","TE11","97.4","131.0","11.5","11.39","5","0","0","0","0","0","0.6","1.9","0.0","62.1","48.2","538.9","4.8","-","-","-","-","-"
"149","Jauan Jennings","WR","MIN","6","WR56","146.3","130.5","15","8.70","11","0","0","0","0","0","-","-","-","72.9","47.6","608.0","3.7","-","-","-","-","-"
"150","Ryan Flournoy","WR","DAL","14","WR84","227.6","129.8","15","8.65","11","0","0","0","0","0","2.6","14.5","0.0","64.7","44.1","610.2","3.9","-","-","-","-","-"
"151","Jalen McMillan","WR","TB","10","WR61","163.7","129.7","14","9.27","11","0","0","0","0","0","2.4","13.2","0.0","69.1","43.7","594.1","4.2","-","-","-","-","-"
"152","KC Concepcion","WR","CLV","11","WR55","143.2","128.6","15","8.57","11","0","0","0","0","0","-","-","-","84.2","52.5","563.8","3.4","-","-","-","-","-"
"153","Tre Tucker","WR","LV","13","WR76","207.2","127.5","15","8.50","11","0","0","0","0","0","7.5","43.6","0.2","67.2","41.3","596.0","3.5","-","-","-","-","-"
"154","Tua Tagovailoa","QB","ATL","11","QB32","236.5","127.3","9","14.14","10","295","193","2034","11.9","9","20.6","60.7","0.4","-","-","-","-","-","-","-","-","-"
"155","Jalen Nailor","WR","LV","13","WR62","166.5","127.2","15","8.48","11","0","0","0","0","0","2.4","12.4","0.0","70.9","44.6","599.0","3.6","-","-","-","-","-"
"156","Omar Cooper Jr.","WR","NYJ","13","WR58","149.3","125.9","15","8.39","11","0","0","0","0","0","-","-","-","70.9","46.4","583.5","3.6","-","-","-","-","-"
"157","Jalen Coker","WR","CAR","5","WR54","136.3","125.7","14","8.98","11","0","0","0","0","0","-","-","-","73.8","49.9","585.5","2.9","-","-","-","-","-"
"158","Cade Otton","TE","TB","10","TE26","162.7","125.1","15","8.34","5","0","0","0","0","0","-","-","-","76.6","55.6","487.2","3.5","-","-","-","-","-"
"159","Rashid Shaheed","WR","SEA","11","WR59","152.2","124.2","15","8.28","11","0","0","0","0","0","7.0","40.0","0.2","69.2","44.2","567.1","3.1","-","-","-","-","-"
"160","J.K. Dobbins","RB","DEN","10","RB34","92.5","124.2","13","9.55","10","0","0","0","0","0","155.8","729.5","5.3","15.9","12.9","50.2","0.3","-","-","-","-","-"
"161","Antonio Williams","WR","WAS","7","WR63","168.1","119.4","15","7.96","11","0","0","0","0","0","-","-","-","72.9","47.7","535.0","3.1","-","-","-","-","-"
"162","Jonathon Brooks","RB","CAR","5","RB44","138.0","119.2","15","7.95","10","0","0","0","0","0","138.0","585.2","4.0","24.0","19.5","129.4","0.8","-","-","-","-","-"
"163","Dontayvion Wicks","WR","PHI","10","WR238","999.0","118.7","15","7.92","11","0","0","0","0","0","-","-","-","55.8","35.4","612.1","3.7","-","-","-","-","-"
"164","Michael Penix Jr.","QB","ATL","11","QB31","227.9","118.5","8","14.81","10","260","160","1804","10.3","5","20.8","78.0","0.6","-","-","-","-","-","-","-","-","-"
"165","Oronde Gadsden II","TE","LAC","7","TE9","94.7","117.3","15","7.82","5","0","0","0","0","0","-","-","-","56.6","41.9","541.4","3.6","-","-","-","-","-"
"166","Chig Okonkwo","TE","WAS","7","TE23","146.2","117.0","15","7.80","5","0","0","0","0","0","-","-","-","58.5","43.9","547.4","3.1","-","-","-","-","-"
"167","Adonai Mitchell","WR","NYJ","13","WR65","177.9","114.5","15","7.63","12","0","0","0","0","0","1.7","7.1","0.0","71.8","42.4","529.7","3.1","-","-","-","-","-"
"168","Dylan Sampson","RB","CLV","11","RB54","166.4","114.1","15","7.61","10","0","0","0","0","0","73.6","260.4","1.7","50.1","41.5","290.5","1.4","-","-","-","-","-"
"169","AJ Barner","TE","SEA","11","TE24","150.1","114.0","15","7.60","6","0","0","0","0","0","6.3","10.1","0.5","52.7","40.6","462.1","3.9","-","-","-","-","-"
"170","Justice Hill","RB","BLT","13","RB198","999.0","112.6","15","7.51","10","0","0","0","0","0","74.2","350.2","2.3","39.2","31.9","242.1","1.4","-","-","-","-","-"
"171","Rashod Bateman","WR","BLT","13","WR91","232.7","112.2","15","7.48","12","0","0","0","0","0","-","-","-","58.5","35.3","533.3","4.0","-","-","-","-","-"
"172","Kirk Cousins","QB","LV","13","QB37","999.0","111.7","7","15.95","11","241","158","1730","10.9","5","12.1","20.8","0.4","-","-","-","-","-","-","-","-","-"
"173","Gunnar Helm","TE","TEN","9","TE30","200.8","111.0","15","7.40","6","0","0","0","0","0","-","-","-","62.6","48.3","446.0","3.0","-","-","-","-","-"
"174","Ty Johnson","RB","BUF","7","RB196","999.0","108.6","15","7.24","11","0","0","0","0","0","57.9","253.1","2.1","36.8","29.7","297.3","2.0","-","-","-","-","-"
"175","Germie Bernard","WR","PIT","9","WR79","220.8","106.2","15","7.08","12","0","0","0","0","0","-","-","-","58.2","37.5","502.8","3.1","-","-","-","-","-"
"176","Tyrone Tracy Jr.","RB","NYG","8","RB48","145.3","106.0","15","7.07","11","0","0","0","0","0","105.2","446.8","2.0","30.4","25.2","187.5","1.0","-","-","-","-","-"
"177","Tyjae Spears","RB","TEN","9","RB50","151.9","105.3","14","7.52","11","0","0","0","0","0","92.5","390.9","2.2","33.0","27.8","208.4","0.8","-","-","-","-","-"
"178","Jaylin Noel","WR","HST","8","WR77","213.7","103.8","15","6.92","12","0","0","0","0","0","2.6","13.5","0.0","56.8","38.0","465.4","3.0","-","-","-","-","-"
"179","KaVontae Turpin","WR","DAL","14","WR236","999.0","102.0","15","6.80","12","0","0","0","0","0","15.5","90.1","0.4","44.3","30.6","430.8","2.9","-","-","-","-","-"
"180","Alvin Kamara","RB","NO","8","RB52","157.7","101.7","14","7.26","11","0","0","0","0","0","104.6","390.0","2.0","33.6","28.0","187.5","0.7","-","-","-","-","-"
"181","Jonnu Smith","TE","FA","","-","1100.0","101.5","15","6.77","6","0","0","0","0","0","13.0","48.5","0.9","45.6","35.0","401.6","2.7","-","-","-","-","-"
"182","Evan Engram","TE","DEN","10","TE102","999.0","99.8","15","6.66","6","0","0","0","0","0","0.7","2.9","0.0","61.4","43.2","432.9","2.2","-","-","-","-","-"
"183","Mike Gesicki","TE","CIN","6","TE109","999.0","98.2","15","6.55","7","0","0","0","0","0","-","-","-","55.5","40.2","391.2","3.2","-","-","-","-","-"
"184","Calvin Ridley","WR","TEN","9","WR85","227.7","96.8","15","6.45","13","0","0","0","0","0","-","-","-","54.7","31.2","489.2","2.8","-","-","-","-","-"
"185","Greg Dulcich","TE","MIA","6","TE113","999.0","96.0","12","8.00","7","0","0","0","0","0","-","-","-","48.1","36.0","444.1","2.6","-","-","-","-","-"
"186","Kaytron Allen","RB","WAS","7","RB60","181.2","94.9","15","6.32","11","0","0","0","0","0","124.9","530.0","3.2","14.2","11.8","96.0","0.5","-","-","-","-","-"
"187","Malik Washington","WR","MIA","6","WR140","999.0","94.7","15","6.31","13","0","0","0","0","0","9.3","54.5","0.3","54.8","39.8","350.8","2.1","-","-","-","-","-"
"188","Samaje Perine","RB","CIN","6","RB203","999.0","94.4","15","6.30","11","0","0","0","0","0","94.3","403.6","2.7","23.5","20.1","144.5","0.7","-","-","-","-","-"
"189","Michael Mayer","TE","LV","13","TE128","999.0","94.1","14","6.72","7","0","0","0","0","0","-","-","-","54.3","38.8","411.6","2.4","-","-","-","-","-"
"190","Colby Parkinson","TE","LA","11","TE29","200.2","94.0","15","6.26","7","0","0","0","0","0","-","-","-","46.0","34.4","373.0","3.7","-","-","-","-","-"
"191","Devaughn Vele","WR","NO","8","WR95","239.8","93.5","14","6.68","13","0","0","0","0","0","-","-","-","54.7","36.3","415.8","2.6","-","-","-","-","-"
"192","Keenan Allen","WR","LAC","7","-","1155.0","92.4","14","6.60","13","0","0","0","0","0","-","-","-","59.7","40.2","375.8","2.5","-","-","-","-","-"
"193","Kendrick Bourne","WR","ARZ","14","WR158","999.0","91.6","15","6.10","13","0","0","0","0","0","0.9","5.1","0.0","49.3","31.9","443.0","2.5","-","-","-","-","-"
"194","Woody Marks","RB","HST","8","RB45","141.2","91.3","15","6.09","12","0","0","0","0","0","81.7","321.1","2.0","30.5","22.8","174.3","1.2","-","-","-","-","-"
"195","Brian Robinson","RB","ATL","11","RB39","123.8","90.8","15","6.05","12","0","0","0","0","0","117.5","465.9","3.2","17.8","14.5","87.4","0.4","-","-","-","-","-"
"196","Marvin Mims Jr.","WR","DEN","10","WR78","219.5","90.5","15","6.04","13","0","0","0","0","0","10.7","58.8","0.3","47.5","33.8","361.8","2.2","-","-","-","-","-"
"197","Chris Brooks","RB","GB","11","RB119","999.0","90.1","15","6.01","12","0","0","0","0","0","92.6","398.9","2.5","23.8","19.1","130.3","0.6","-","-","-","-","-"
"198","Zach Charbonnet","RB","SEA","11","RB40","125.8","88.8","9","9.86","12","0","0","0","0","0","87.4","356.2","4.3","17.1","14.2","101.9","0.6","-","-","-","-","-"
"199","Isaac TeSlaa","WR","DET","6","WR72","198.6","87.6","15","5.84","13","0","0","0","0","0","-","-","-","47.1","29.1","410.8","2.9","-","-","-","-","-"
"200","Caleb Douglas","WR","MIA","6","WR373","999.0","86.8","15","5.78","13","0","0","0","0","0","-","-","-","49.0","31.1","433.8","2.1","-","-","-","-","-"
"201","Keaton Mitchell","RB","LAC","7","RB53","164.9","86.7","14","6.19","12","0","0","0","0","0","89.6","406.1","2.3","19.0","15.4","140.1","0.5","-","-","-","-","-"
"202","Denzel Boston","WR","CLV","11","WR57","147.5","84.9","15","5.66","13","0","0","0","0","0","-","-","-","55.4","34.6","371.9","2.3","-","-","-","-","-"
"203","Darius Slayton","WR","NYG","8","WR174","999.0","84.4","15","5.63","13","0","0","0","0","0","-","-","-","45.8","27.7","422.5","2.4","-","-","-","-","-"
"204","Troy Franklin","WR","DEN","10","WR68","184.7","83.8","15","5.59","13","0","0","0","0","0","2.8","12.9","0.0","47.4","29.5","360.8","2.8","-","-","-","-","-"
"205","Ja'Tavion Sanders","TE","CAR","5","TE37","999.0","83.7","15","5.58","7","0","0","0","0","0","-","-","-","46.2","36.4","338.8","2.3","-","-","-","-","-"
"206","Darnell Mooney","WR","NYG","8","WR80","221.1","83.5","15","5.57","13","0","0","0","0","0","-","-","-","51.2","30.8","399.6","2.1","-","-","-","-","-"
"207","Cole Kmet","TE","CHI","10","TE86","999.0","81.8","15","5.45","8","0","0","0","0","0","-","-","-","47.4","33.5","325.3","2.6","-","-","-","-","-"
"208","Christian Kirk","WR","SF","8","WR96","241.7","79.8","15","5.32","14","0","0","0","0","0","-","-","-","45.5","30.0","370.6","2.2","-","-","-","-","-"
"209","Tyquan Thornton","WR","KC","5","WR222","999.0","79.6","15","5.30","14","0","0","0","0","0","-","-","-","40.6","22.0","405.9","2.8","-","-","-","-","-"
"210","Andrei Iosivas","WR","CIN","6","WR146","999.0","78.7","15","5.25","14","0","0","0","0","0","0.9","5.1","0.0","49.7","31.0","320.9","2.5","-","-","-","-","-"
"211","Theo Johnson","TE","NYG","8","TE32","232.2","78.1","14","5.58","8","0","0","0","0","0","-","-","-","42.7","29.3","340.2","2.5","-","-","-","-","-"
"212","Josh Palmer","WR","BUF","7","WR265","999.0","77.3","15","5.16","14","0","0","0","0","0","-","-","-","44.3","29.3","352.1","2.2","-","-","-","-","-"
"213","David Njoku","TE","LAC","7","TE27","172.4","77.2","14","5.52","8","0","0","0","0","0","-","-","-","44.2","32.8","294.5","2.5","-","-","-","-","-"
"214","Chris Bell","WR","MIA","6","WR90","231.4","76.0","13","5.85","14","0","0","0","0","0","-","-","-","42.5","27.8","375.9","1.8","-","-","-","-","-"
"215","Mike Washington Jr.","RB","LV","13","RB58","179.1","76.0","15","5.07","13","0","0","0","0","0","88.4","348.5","2.1","18.3","14.8","112.9","0.6","-","-","-","-","-"
"216","Pat Bryant","WR","DEN","10","-","1275.0","75.4","15","5.03","14","0","0","0","0","0","-","-","-","41.7","27.2","361.0","2.0","-","-","-","-","-"
"217","Chris Rodriguez Jr.","RB","JAX","7","RB46","141.6","75.1","14","5.36","13","0","0","0","0","0","89.3","384.4","3.5","6.5","5.2","79.7","0.4","-","-","-","-","-"
"218","Jonah Coleman","RB","DEN","10","RB47","145.0","75.0","15","5.00","13","0","0","0","0","0","64.0","271.6","2.0","24.2","19.6","132.8","0.6","-","-","-","-","-"
"219","Kalif Raymond","WR","CHI","10","WR153","999.0","74.6","15","4.97","14","0","0","0","0","0","-","-","-","38.5","26.1","369.7","1.9","-","-","-","-","-"
"220","Zachariah Branch","WR","ATL","11","WR67","180.4","73.0","15","4.87","14","0","0","0","0","0","4.0","23.0","0.2","41.0","26.0","326.2","1.9","-","-","-","-","-"
"221","Olamide Zaccheaus","WR","ATL","11","WR176","999.0","71.9","15","4.79","14","0","0","0","0","0","-","-","-","50.7","32.2","284.5","1.9","-","-","-","-","-"
"222","Xavier Hutchinson","WR","HST","8","WR143","999.0","71.9","15","4.79","14","0","0","0","0","0","1.8","11.2","0.0","44.6","27.0","320.1","2.0","-","-","-","-","-"
"223","Jordan Mason","RB","MIN","6","RB42","130.5","71.3","14","5.09","13","0","0","0","0","0","91.3","415.1","3.5","7.1","5.9","28.4","0.1","-","-","-","-","-"
"224","Jahan Dotson","WR","ATL","11","WR214","999.0","71.2","15","4.75","14","0","0","0","0","0","-","-","-","48.3","28.3","314.3","1.9","-","-","-","-","-"
"225","Dawson Knox","TE","BUF","7","TE79","999.0","70.3","15","4.69","8","0","0","0","0","0","-","-","-","30.6","23.0","304.8","2.8","-","-","-","-","-"
"226","De'Zhaun Stribling","WR","SF","8","WR74","202.4","69.8","15","4.66","14","0","0","0","0","0","-","-","-","39.5","25.8","323.2","2.0","-","-","-","-","-"
"227","Xavier Legette","WR","CAR","5","WR117","999.0","69.0","15","4.60","14","0","0","0","0","0","2.5","13.3","0.0","47.6","28.6","273.3","2.0","-","-","-","-","-"
"228","Tyler Higbee","TE","LA","11","TE97","999.0","68.9","14","4.92","8","0","0","0","0","0","-","-","-","40.0","28.8","266.8","2.3","-","-","-","-","-"
"229","Tre Harris","WR","LAC","7","WR70","194.5","68.6","15","4.58","14","0","0","0","0","0","2.4","14.0","0.1","35.2","23.7","318.3","1.9","-","-","-","-","-"
"230","DJ Giddens","RB","IND","13","RB128","999.0","68.6","15","4.57","13","0","0","0","0","0","74.4","308.0","1.8","16.3","13.2","110.5","0.5","-","-","-","-","-"
"231","LeQuint Allen Jr.","RB","JAX","7","RB86","999.0","68.4","15","4.56","13","0","0","0","0","0","39.1","154.9","0.9","30.6","25.1","180.1","0.8","-","-","-","-","-"
"232","Isaiah Davis","RB","NYJ","13","RB115","999.0","68.3","14","4.88","13","0","0","0","0","0","58.9","262.4","1.3","19.0","15.7","151.3","0.6","-","-","-","-","-"
"233","Chris Brazzell II","WR","CAR","5","WR89","230.8","68.3","15","4.55","14","0","0","0","0","0","-","-","-","37.7","23.5","337.3","1.9","-","-","-","-","-"
"234","Nick Westbrook-Ikhine","WR","IND","13","WR256","999.0","66.9","15","4.46","14","0","0","0","0","0","-","-","-","45.8","27.9","281.6","1.8","-","-","-","-","-"
"235","Matthew Hibner","TE","BLT","13","TE164","999.0","66.4","15","4.43","9","0","0","0","0","0","-","-","-","35.2","26.0","267.9","2.3","-","-","-","-","-"
"236","Demond Claiborne","RB","MIN","6","RB69","218.3","65.4","15","4.36","13","0","0","0","0","0","73.1","310.2","1.9","13.6","11.2","103.0","0.4","-","-","-","-","-"
"237","Chimere Dike","WR","TEN","9","WR88","229.4","65.0","15","4.34","14","0","0","0","0","0","9.8","38.6","0.3","32.6","21.1","261.1","2.0","-","-","-","-","-"
"238","Emmett Johnson","RB","KC","5","RB49","149.7","64.3","15","4.29","13","0","0","0","0","0","69.7","295.7","1.8","14.0","11.4","99.2","0.6","-","-","-","-","-"
"239","Tyler Allgeier","RB","ARZ","14","RB43","132.5","64.3","15","4.29","13","0","0","0","0","0","89.9","380.3","2.9","5.4","4.4","39.8","0.1","-","-","-","-","-"
"240","Elijah Sarratt","WR","BLT","13","WR87","229.2","63.7","10","6.37","15","0","0","0","0","0","-","-","-","34.5","22.5","309.4","1.7","-","-","-","-","-"
"241","Zavion Thomas","WR","CHI","10","-","1400.0","63.3","15","4.22","15","0","0","0","0","0","11.8","68.4","0.2","29.9","18.6","279.4","1.5","-","-","-","-","-"
"242","Colbie Young","WR","CIN","6","-","1405.0","63.3","15","4.22","15","0","0","0","0","0","-","-","-","35.0","22.2","298.9","1.9","-","-","-","-","-"
"243","George Holani","RB","SEA","11","RB134","999.0","63.2","13","4.86","13","0","0","0","0","0","51.7","209.7","1.2","22.1","18.3","133.3","0.6","-","-","-","-","-"
"244","Noah Gray","TE","KC","5","TE139","999.0","63.0","15","4.20","9","0","0","0","0","0","-","-","-","37.8","28.5","257.1","1.5","-","-","-","-","-"
"245","Jaylen Wright","RB","MIA","6","RB67","215.1","63.0","14","4.50","13","0","0","0","0","0","64.8","268.2","1.6","17.6","14.2","97.2","0.5","-","-","-","-","-"
"246","Jordan James","RB","SF","8","RB129","999.0","62.9","15","4.19","13","0","0","0","0","0","73.6","318.6","1.8","11.6","9.7","87.2","0.4","-","-","-","-","-"
"247","Jack Bech","WR","LV","13","WR94","238.2","62.3","15","4.16","15","0","0","0","0","0","-","-","-","36.0","22.9","295.9","1.7","-","-","-","-","-"
"248","DeMario Douglas","WR","NE","11","WR243","999.0","62.3","15","4.15","15","0","0","0","0","0","3.6","18.8","0.0","29.1","20.1","310.0","1.6","-","-","-","-","-"
"249","Anthony Richardson","QB","IND","13","QB77","999.0","60.9","4","15.23","12","112","61","755","3.7","4","24.0","127.4","1.3","-","-","-","-","-","-","-","-","-"
"250","Tutu Atwell","WR","MIA","6","WR244","999.0","60.7","14","4.34","15","0","0","0","0","0","-","-","-","31.7","19.6","317.0","1.6","-","-","-","-","-"
"251","Terrance Ferguson","TE","LA","11","TE25","158.7","60.5","15","4.03","9","0","0","0","0","0","-","-","-","33.2","21.3","257.3","2.3","-","-","-","-","-"
"252","Ja'Kobi Lane","WR","BLT","13","WR71","197.8","60.5","15","4.03","15","0","0","0","0","0","-","-","-","31.3","19.9","306.9","1.7","-","-","-","-","-"
"253","Darnell Washington","TE","PIT","9","TE126","999.0","58.4","15","3.90","9","0","0","0","0","0","-","-","-","31.8","23.9","243.8","1.7","-","-","-","-","-"
"254","Keon Coleman","WR","BUF","7","WR92","234.8","58.1","15","3.88","15","0","0","0","0","0","-","-","-","33.3","20.4","270.4","1.8","-","-","-","-","-"
"255","Greg Dortch","WR","DET","6","WR173","999.0","57.6","12","4.80","15","0","0","0","0","0","2.4","14.0","0.0","34.9","24.6","230.9","1.4","-","-","-","-","-"
"256","Calvin Austin III","WR","NYG","8","WR215","999.0","57.2","15","3.81","15","0","0","0","0","0","-","-","-","35.3","22.1","255.6","1.6","-","-","-","-","-"
"257","Elijah Arroyo","TE","SEA","11","TE211","999.0","56.8","15","3.79","9","0","0","0","0","0","-","-","-","32.2","23.9","239.5","1.5","-","-","-","-","-"
"258","Kayshon Boutte","WR","NE","11","WR66","178.7","56.7","15","3.78","15","0","0","0","0","0","-","-","-","28.2","18.2","286.2","1.7","-","-","-","-","-"
"259","Malachi Fields","WR","NYG","8","WR97","242.4","56.5","15","3.77","15","0","0","0","0","0","-","-","-","33.6","21.7","256.6","1.6","-","-","-","-","-"
"260","Jacory Croskey-Merritt","RB","WAS","7","RB38","114.9","56.4","15","3.76","14","0","0","0","0","0","82.2","347.5","1.9","6.0","4.6","45.3","0.2","-","-","-","-","-"
"261","Tommy Tremble","TE","CAR","5","TE137","999.0","55.9","14","3.99","9","0","0","0","0","0","-","-","-","30.4","22.9","224.4","1.8","-","-","-","-","-"
"262","James Conner","RB","ARZ","14","RB51","152.2","55.7","15","3.71","14","0","0","0","0","0","47.7","203.5","1.5","15.8","13.5","115.6","0.3","-","-","-","-","-"
"263","Elic Ayomanor","WR","TEN","9","WR73","199.8","55.6","15","3.71","15","0","0","0","0","0","-","-","-","36.4","21.0","242.4","1.7","-","-","-","-","-"
"264","Jalen Royals","WR","KC","5","WR315","999.0","55.5","15","3.70","15","0","0","0","0","0","-","-","-","37.3","24.4","216.3","1.6","-","-","-","-","-"
"265","Daniel Bellinger","TE","TEN","9","TE118","999.0","54.5","15","3.63","9","0","0","0","0","0","-","-","-","28.5","22.0","238.8","1.5","-","-","-","-","-"
"266","Tory Horton","WR","SEA","11","WR86","228.7","54.4","14","3.89","15","0","0","0","0","0","-","-","-","29.2","18.0","276.5","1.5","-","-","-","-","-"
"267","Treylon Burks","WR","WAS","7","WR216","999.0","54.3","10","5.43","15","0","0","0","0","0","-","-","-","35.0","20.0","239.4","1.7","-","-","-","-","-"
"268","Noah Fant","TE","NO","8","TE77","999.0","53.6","15","3.57","9","0","0","0","0","0","-","-","-","29.4","23.2","226.2","1.3","-","-","-","-","-"
"269","Ollie Gordon II","RB","MIA","6","RB124","999.0","53.4","15","3.56","14","0","0","0","0","0","53.9","191.3","1.7","15.6","12.6","90.1","0.5","-","-","-","-","-"
"270","Oscar Delp","TE","NO","8","TE161","999.0","52.9","15","3.53","9","0","0","0","0","0","-","-","-","29.3","21.6","231.3","1.4","-","-","-","-","-"
"271","Jake Tonges","TE","SF","8","TE28","191.4","52.4","15","3.49","9","0","0","0","0","0","-","-","-","26.2","19.4","208.8","2.0","-","-","-","-","-"
"272","Eli Stowers","TE","PHI","10","-","1555.0","51.5","15","3.43","9","0","0","0","0","0","-","-","-","30.2","22.2","191.6","1.7","-","-","-","-","-"
"273","Ted Hurst III","WR","TB","10","WR83","223.5","51.0","15","3.40","15","0","0","0","0","0","-","-","-","27.3","17.3","235.8","1.7","-","-","-","-","-"
"274","Bryce Lance","WR","NO","8","-","1565.0","50.7","15","3.38","15","0","0","0","0","0","-","-","-","35.1","21.9","211.1","1.3","-","-","-","-","-"
"275","Mason Taylor","TE","NYJ","13","TE31","224.3","50.0","15","3.34","10","0","0","0","0","0","-","-","-","27.7","20.8","220.8","1.2","-","-","-","-","-"
"276","Ray Davis","RB","BUF","7","RB65","208.6","49.8","15","3.32","14","0","0","0","0","0","55.9","240.5","1.5","8.9","7.3","74.7","0.4","-","-","-","-","-"
"277","Austin Hooper","TE","ATL","11","TE94","999.0","49.6","15","3.31","10","0","0","0","0","0","-","-","-","27.2","20.2","214.9","1.3","-","-","-","-","-"
"278","Tez Johnson","WR","TB","10","WR312","999.0","49.5","15","3.30","15","0","0","0","0","0","6.5","32.3","0.1","27.1","17.9","189.1","1.5","-","-","-","-","-"
"279","Skyler Bell","WR","BUF","7","-","1590.0","49.3","15","3.29","15","0","0","0","0","0","-","-","-","25.9","16.2","242.8","1.5","-","-","-","-","-"
"280","Jaydon Blue","RB","DAL","14","RB72","236.6","48.5","10","4.85","14","0","0","0","0","0","53.9","232.0","1.4","11.2","9.2","58.7","0.4","-","-","-","-","-"
"281","Tanner Hudson","TE","CIN","6","TE76","999.0","48.2","15","3.21","10","0","0","0","0","0","-","-","-","24.1","18.4","209.6","1.5","-","-","-","-","-"
"282","Elijah Higgins","TE","ARZ","14","TE66","999.0","48.2","15","3.21","10","0","0","0","0","0","-","-","-","19.9","15.4","261.0","1.1","-","-","-","-","-"
"283","Jaylin Lane","WR","WAS","7","WR306","999.0","48.2","15","3.21","16","0","0","0","0","0","1.8","10.7","0.0","27.7","17.7","218.6","1.3","-","-","-","-","-"
"284","Mack Hollins","WR","NE","11","WR155","999.0","47.9","15","3.19","16","0","0","0","0","0","-","-","-","24.4","16.2","236.3","1.4","-","-","-","-","-"
"285","Roman Wilson","WR","PIT","9","WR113","999.0","47.8","14","3.41","16","0","0","0","0","0","-","-","-","30.7","18.5","208.4","1.4","-","-","-","-","-"
"286","J.J. McCarthy","QB","MIN","6","QB29","224.2","47.5","3","15.84","12","93","58","652","4.1","3","12.0","59.0","0.4","-","-","-","-","-","-","-","-","-"
"287","Travis Hunter","WR","JAX","7","WR60","160.2","47.0","14","3.36","16","0","0","0","0","0","2.4","12.9","0.1","24.6","15.9","208.2","1.4","-","-","-","-","-"
"288","Kevin Coleman Jr.","WR","MIA","6","-","1635.0","46.9","14","3.35","16","0","0","0","0","0","-","-","-","29.9","19.6","200.2","1.3","-","-","-","-","-"
"289","Kyle Juszczyk","RB","SF","8","-","1640.0","46.8","15","3.12","14","0","0","0","0","0","4.4","11.7","0.1","23.1","18.8","196.8","1.1","-","-","-","-","-"
"290","Savion Williams","WR","GB","11","WR311","999.0","46.6","14","3.33","16","0","0","0","0","0","11.2","51.7","0.1","17.5","11.6","202.9","1.5","-","-","-","-","-"
"291","Braelon Allen","RB","NYJ","13","RB56","174.1","46.5","14","3.32","14","0","0","0","0","0","60.3","257.5","1.7","7.0","5.8","39.2","0.2","-","-","-","-","-"
"292","Luke Musgrave","TE","GB","11","TE127","999.0","46.5","14","3.32","10","0","0","0","0","0","-","-","-","30.4","23.0","181.0","0.9","-","-","-","-","-"
"293","Tank Bigsby","RB","PHI","10","RB62","187.7","45.1","15","3.01","14","0","0","0","0","0","53.1","230.7","1.8","7.5","6.1","40.4","0.2","-","-","-","-","-"
"294","Eli Raridon","TE","NE","11","TE209","999.0","45.1","15","3.01","10","0","0","0","0","0","-","-","-","27.0","20.2","160.6","1.5","-","-","-","-","-"
"295","Luke McCaffrey","WR","WAS","7","WR107","999.0","45.0","15","3.00","16","0","0","0","0","0","-","-","-","27.4","18.5","181.8","1.4","-","-","-","-","-"
"296","Malik Davis","RB","DAL","14","RB157","999.0","44.1","15","2.94","14","0","0","0","0","0","44.6","191.7","1.2","12.7","10.1","53.7","0.4","-","-","-","-","-"
"297","Jalen Tolbert","WR","MIA","6","WR229","999.0","43.3","14","3.09","16","0","0","0","0","0","-","-","-","23.5","14.7","209.6","1.3","-","-","-","-","-"
"298","Cyrus Allen","WR","KC","5","-","1685.0","42.8","15","2.85","16","0","0","0","0","0","-","-","-","23.3","14.3","205.1","1.4","-","-","-","-","-"
"299","Josh Oliver","TE","MIN","6","TE81","999.0","41.1","15","2.74","10","0","0","0","0","0","-","-","-","23.6","18.0","157.3","1.3","-","-","-","-","-"
"300","Shedeur Sanders","QB","CLV","11","QB30","225.8","41.1","3","13.70","13","93","55","617","3.4","4","8.6","58.5","0.2","-","-","-","-","-","-","-","-","-"
"301","Marquise Brown","WR","PHI","10","WR170","999.0","40.9","14","2.92","16","0","0","0","0","0","-","-","-","23.8","15.2","190.4","1.1","-","-","-","-","-"
"302","Jordan Whittington","WR","LA","11","WR120","999.0","40.8","15","2.72","16","0","0","0","0","0","2.7","13.3","0.1","20.0","14.7","185.3","1.0","-","-","-","-","-"
"303","Trevor Etienne","RB","CAR","5","RB87","999.0","40.4","15","2.69","15","0","0","0","0","0","30.8","130.3","0.7","14.9","12.2","82.8","0.5","-","-","-","-","-"
"304","Jameis Winston","QB","NYG","8","QB112","999.0","40.3","2.5","16.13","13","86","53","617","3.8","3","7.5","29.1","0.1","-","-","-","-","-","-","-","-","-"
"305","Nicholas Singleton","RB","TEN","9","RB57","176.4","40.3","15","2.69","15","0","0","0","0","0","38.4","155.0","0.8","11.5","9.4","84.6","0.4","-","-","-","-","-"
"306","Tahj Brooks","RB","CIN","6","RB85","999.0","40.2","15","2.68","15","0","0","0","0","0","47.0","190.2","1.3","7.0","5.9","59.6","0.3","-","-","-","-","-"
"307","Konata Mumpfield","WR","LA","11","WR325","999.0","40.1","15","2.68","16","0","0","0","0","0","-","-","-","22.5","13.2","204.2","1.1","-","-","-","-","-"
"308","Charlie Kolar","TE","LAC","7","TE120","999.0","40.1","15","2.67","10","0","0","0","0","0","-","-","-","17.9","13.4","188.3","1.3","-","-","-","-","-"
"309","Drew Sample","TE","CIN","6","TE73","999.0","39.7","15","2.65","10","0","0","0","0","0","-","-","-","22.4","17.6","156.4","1.1","-","-","-","-","-"
"310","Emanuel Wilson","RB","SEA","11","RB64","203.3","39.5","13","3.04","15","0","0","0","0","0","44.8","178.2","1.1","9.3","7.7","56.4","0.3","-","-","-","-","-"
"311","Brashard Smith","RB","KC","5","RB71","226.3","39.5","15","2.63","15","0","0","0","0","0","18.8","71.6","0.4","17.9","14.4","120.0","0.6","-","-","-","-","-"
"312","Seydou Traore","TE","MIA","6","TE214","999.0","39.2","15","2.61","10","0","0","0","0","0","-","-","-","20.7","15.5","161.3","1.3","-","-","-","-","-"
"313","Joe Royer","TE","CLV","11","TE217","999.0","38.8","15","2.59","10","0","0","0","0","0","-","-","-","22.2","16.3","149.8","1.3","-","-","-","-","-"
"314","Isaiah Bond","WR","CLV","11","WR314","999.0","38.7","15","2.58","16","0","0","0","0","0","4.2","24.1","0.0","20.1","11.7","192.8","0.9","-","-","-","-","-"
"315","Van Jefferson","WR","WAS","7","WR247","999.0","38.0","15","2.53","16","0","0","0","0","0","-","-","-","25.3","14.9","172.8","1.0","-","-","-","-","-"
"316","Carson Beck","QB","ARZ","14","QB99","999.0","37.9","3","12.64","13","92","55","568","2.9","3","10.8","55.0","0.3","-","-","-","-","-","-","-","-","-"
"317","Devin Singletary","RB","NYG","8","RB195","999.0","37.8","15","2.52","15","0","0","0","0","0","51.7","194.3","1.1","7.4","6.2","49.8","0.1","-","-","-","-","-"
"318","Justin Fields","QB","KC","5","QB87","999.0","37.4","2","18.71","13","61","38","418","2.4","2","15.3","97.7","0.6","-","-","-","-","-","-","-","-","-"
"319","Tank Dell","WR","HST","8","WR75","206.7","37.3","9","4.14","16","0","0","0","0","0","-","-","-","22.0","13.9","161.3","1.2","-","-","-","-","-"
"320","Isaiah Williams","WR","NYJ","13","-","1795.0","36.8","14","2.63","16","0","0","0","0","0","1.6","9.3","0.0","21.8","16.0","141.1","1.0","-","-","-","-","-"
"321","Kaelon Black","RB","SF","8","RB97","999.0","36.5","15","2.43","15","0","0","0","0","0","42.0","178.1","0.9","8.3","6.9","55.5","0.2","-","-","-","-","-"
"322","Marcus Mariota","QB","WAS","7","QB111","999.0","36.2","2","18.08","13","63","39","466","2.9","2","10.4","59.4","0.4","-","-","-","-","-","-","-","-","-"
"323","Mo Alie-Cox","TE","IND","13","TE100","999.0","35.9","15","2.39","10","0","0","0","0","0","-","-","-","21.3","15.3","132.1","1.2","-","-","-","-","-"
"324","Xavier Smith","WR","LA","11","WR129","999.0","35.5","15","2.37","16","0","0","0","0","0","-","-","-","19.1","12.7","177.7","0.8","-","-","-","-","-"
"325","Kimani Vidal","RB","LAC","7","RB59","181.1","34.9","14","2.49","15","0","0","0","0","0","34.7","111.1","0.8","11.8","9.6","72.9","0.4","-","-","-","-","-"
"326","Will Shipley","RB","PHI","10","RB113","999.0","34.6","15","2.31","15","0","0","0","0","0","25.1","103.0","0.5","12.9","10.6","87.3","0.4","-","-","-","-","-"
"327","Ashton Dulin","WR","IND","13","WR178","999.0","34.5","15","2.30","16","0","0","0","0","0","3.9","24.5","0.0","16.1","10.1","172.8","0.8","-","-","-","-","-"
"328","Ben Sinnott","TE","WAS","7","TE44","999.0","34.4","15","2.30","10","0","0","0","0","0","-","-","-","18.0","13.5","138.9","1.2","-","-","-","-","-"
"329","MarShawn Lloyd","RB","GB","11","RB112","999.0","34.3","6","5.72","15","0","0","0","0","0","32.0","136.9","0.8","9.4","7.6","62.8","0.3","-","-","-","-","-"
"330","Luke Schoonmaker","TE","DAL","14","TE65","999.0","34.2","15","2.28","10","0","0","0","0","0","-","-","-","19.2","14.1","133.8","1.1","-","-","-","-","-"
"331","Tip Reiman","TE","ARZ","14","TE61","999.0","34.1","15","2.28","10","0","0","0","0","0","-","-","-","14.6","10.7","163.0","1.2","-","-","-","-","-"
"332","John Metchie III","WR","CAR","5","WR217","999.0","33.9","14","2.42","16","0","0","0","0","0","-","-","-","23.9","16.4","129.4","0.8","-","-","-","-","-"
"333","Brock Wright","TE","DET","6","TE141","999.0","33.4","15","2.22","10","0","0","0","0","0","-","-","-","19.2","14.8","121.3","1.1","-","-","-","-","-"
"334","Tyson Bagent","QB","CHI","10","QB47","999.0","33.3","2","16.67","13","64","42","444","2.7","1","8.6","45.8","0.3","-","-","-","-","-","-","-","-","-"
"335","Tanner McKee","QB","PHI","10","QB76","999.0","33.3","2","16.67","13","72","45","495","3.1","2","5.9","22.3","0.1","-","-","-","-","-","-","-","-","-"
"336","Cedric Tillman","WR","CLV","11","WR149","999.0","32.8","13","2.52","17","0","0","0","0","0","-","-","-","19.5","12.1","160.2","0.8","-","-","-","-","-"
"337","Josh Johnson","QB","CIN","6","QB82","999.0","32.7","2","16.35","13","66","42","468","2.7","2","7.1","39.1","0.3","-","-","-","-","-","-","-","-","-"
"338","Joe Milton III","QB","DAL","14","QB49","999.0","32.5","2","16.24","13","59","38","426","2.4","2","10.2","56.6","0.4","-","-","-","-","-","-","-","-","-"
"339","Max Klare","TE","LA","11","TE33","248.8","32.3","15","2.15","10","0","0","0","0","0","-","-","-","18.3","13.0","128.1","1.1","-","-","-","-","-"
"340","Justin Joly","TE","DEN","10","TE206","999.0","32.2","15","2.15","10","0","0","0","0","0","-","-","-","16.9","12.3","136.8","1.1","-","-","-","-","-"
"341","Mac Jones","QB","SF","8","QB62","999.0","31.9","2","15.97","13","65","43","460","3.0","2","6.0","20.1","0.2","-","-","-","-","-","-","-","-","-"
"342","Emari Demercado","RB","KC","5","RB121","999.0","31.9","10","3.19","15","0","0","0","0","0","25.5","105.8","0.6","10.5","8.3","71.2","0.4","-","-","-","-","-"
"343","Sam Roush","TE","CHI","10","TE162","999.0","31.4","15","2.09","10","0","0","0","0","0","-","-","-","18.4","13.2","121.3","1.0","-","-","-","-","-"
"344","Mitchell Trubisky","QB","TEN","9","QB69","999.0","30.4","2","15.18","13","66","43","458","2.7","2","6.5","26.3","0.2","-","-","-","-","-","-","-","-","-"
"345","Rasheen Ali","RB","BLT","13","RB117","999.0","30.1","14","2.15","15","0","0","0","0","0","15.6","68.2","0.3","11.5","9.3","92.0","0.5","-","-","-","-","-"
"346","Jake Browning","QB","TB","10","QB58","999.0","30.1","2","15.06","13","64","42","453","2.9","2","5.8","25.3","0.1","-","-","-","-","-","-","-","-","-"
"347","Nate Boerkircher","TE","JAX","7","TE157","999.0","30.0","15","2.00","10","0","0","0","0","0","-","-","-","16.2","12.0","120.1","1.0","-","-","-","-","-"
"348","John Bates","TE","WAS","7","TE129","999.0","29.8","15","1.99","10","0","0","0","0","0","-","-","-","16.2","12.2","117.6","1.0","-","-","-","-","-"
"349","Tyrod Taylor","QB","GB","11","QB80","999.0","29.8","2","14.90","13","55","34","375","2.1","2","10.7","61.9","0.4","-","-","-","-","-","-","-","-","-"
"350","Nick Mullens","QB","JAX","7","QB67","999.0","29.3","2","14.65","13","64","42","466","2.8","3","4.4","13.3","0.2","-","-","-","-","-","-","-","-","-"
"351","Trey Lance","QB","LAC","7","QB86","999.0","29.3","2","14.64","13","58","34","373","1.8","2","13.0","70.7","0.3","-","-","-","-","-","-","-","-","-"
"352","Sean Tucker","RB","TB","10","RB63","192.8","29.3","14","2.09","15","0","0","0","0","0","35.3","147.1","1.2","5.0","3.9","25.7","0.2","-","-","-","-","-"
"353","Spencer Rattler","QB","NO","8","QB51","999.0","29.2","2","14.59","13","70","45","453","2.2","2","7.3","35.4","0.1","-","-","-","-","-","-","-","-","-"
"354","Cade Stover","TE","HST","8","TE38","999.0","29.1","15","1.94","10","0","0","0","0","0","-","-","-","19.5","14.6","99.8","0.8","-","-","-","-","-"
"355","Zavier Scott","RB","MIN","6","RB120","999.0","29.1","13","2.24","15","0","0","0","0","0","27.1","109.0","0.5","8.9","7.3","63.3","0.3","-","-","-","-","-"
"356","Teddy Bridgewater","QB","DET","6","QB113","999.0","29.1","2","14.54","13","64","41","448","2.6","1","4.5","17.5","0.1","-","-","-","-","-","-","-","-","-"
"357","Reggie Virgil","WR","ARZ","14","WR372","999.0","28.1","15","1.88","17","0","0","0","0","0","-","-","-","18.2","11.4","125.8","0.7","-","-","-","-","-"
"358","Adam Trautman","TE","DEN","10","TE88","999.0","27.9","15","1.86","10","0","0","0","0","0","-","-","-","14.2","10.7","121.2","0.9","-","-","-","-","-"
"359","Marlin Klein","TE","HST","8","TE158","999.0","27.8","15","1.85","10","0","0","0","0","0","-","-","-","18.3","13.3","97.2","0.8","-","-","-","-","-"
"360","Bo Melton","WR","GB","11","WR223","999.0","27.7","13","2.13","17","0","0","0","0","0","4.7","30.6","0.0","17.9","10.1","101.4","0.7","-","-","-","-","-"
"361","Deion Burks","WR","IND","13","-","2000.0","27.6","14","1.97","17","0","0","0","0","0","-","-","-","14.6","9.6","143.4","0.6","-","-","-","-","-"
"362","Davis Mills","QB","HST","8","QB88","999.0","27.6","2","13.78","13","66","41","424","2.5","2","4.8","18.9","0.1","-","-","-","-","-","-","-","-","-"
"363","Jawhar Jordan","RB","HST","8","RB110","999.0","27.5","15","1.83","15","0","0","0","0","0","36.5","154.4","0.7","4.8","3.8","30.8","0.2","-","-","-","-","-"
"364","Jarrett Stidham","QB","DEN","10","QB57","999.0","27.5","2","13.75","13","59","36","387","2.1","2","9.3","41.8","0.3","-","-","-","-","-","-","-","-","-"
"365","Drew Lock","QB","SEA","11","QB60","999.0","27.3","2","13.63","13","62","39","438","2.3","2","5.0","23.7","0.1","-","-","-","-","-","-","-","-","-"
"366","Trey Benson","RB","ARZ","14","RB61","182.2","27.2","10","2.72","15","0","0","0","0","0","14.4","58.4","0.3","12.8","10.9","72.5","0.2","-","-","-","-","-"
"367","Jimmy Horn Jr.","WR","CAR","5","WR317","999.0","27.1","14","1.94","17","0","0","0","0","0","6.0","37.8","0.0","13.7","9.0","104.7","0.6","-","-","-","-","-"
"368","Quinn Ewers","QB","MIA","6","QB36","999.0","27.0","2","13.52","13","61","40","437","2.4","2","5.0","18.0","0.1","-","-","-","-","-","-","-","-","-"
"369","Kenny Pickett","QB","CAR","5","QB84","999.0","27.0","2","13.49","13","62","40","402","2.4","2","5.7","25.8","0.1","-","-","-","-","-","-","-","-","-"
"370","Erick All","TE","CIN","6","TE45","999.0","26.9","8","3.36","10","0","0","0","0","0","-","-","-","13.3","10.2","114.1","0.9","-","-","-","-","-"
"371","Dont'e Thornton Jr.","WR","LV","13","WR320","999.0","26.4","15","1.76","17","0","0","0","0","0","-","-","-","16.2","10.0","125.2","0.7","-","-","-","-","-"
"372","Ty Simpson","QB","LA","11","QB33","241.8","26.4","2","13.21","13","60","37","398","2.3","2","4.5","27.1","0.1","-","-","-","-","-","-","-","-","-"
"373","Josh Whyle","TE","GB","11","TE72","999.0","26.1","15","1.74","10","0","0","0","0","0","-","-","-","15.9","11.9","93.4","0.8","-","-","-","-","-"
"374","Mitchell Tinsley","WR","CIN","6","WR125","999.0","25.9","15","1.72","17","0","0","0","0","0","-","-","-","15.5","9.6","111.0","0.9","-","-","-","-","-"
"375","Will Howard","QB","PIT","9","QB119","999.0","25.7","2","12.85","14","60","37","394","2.2","2","5.8","26.7","0.1","-","-","-","-","-","-","-","-","-"
"376","Dillon Gabriel","QB","CLV","11","QB40","999.0","24.7","2","12.36","14","64","40","376","2.1","2","4.4","28.6","0.1","-","-","-","-","-","-","-","-","-"
"377","Kyle Allen","QB","BUF","7","QB61","999.0","24.2","2","12.09","14","62","38","388","2.2","2","4.5","12.5","0.1","-","-","-","-","-","-","-","-","-"
"378","Eli Heidenreich","RB","PIT","9","RB93","999.0","24.2","15","1.61","16","0","0","0","0","0","17.7","75.0","0.4","9.3","7.6","56.9","0.2","-","-","-","-","-"
"379","Tommy DeVito","QB","NE","11","QB48","999.0","24.1","2","12.04","14","52","33","333","1.6","1","8.7","42.8","0.3","-","-","-","-","-","-","-","-","-"
"380","Tyler Huntley","QB","BLT","13","QB54","999.0","23.3","2","11.66","14","45","29","294","1.3","1","11.4","58.8","0.3","-","-","-","-","-","-","-","-","-"
"381","Tyler Conklin","TE","DET","6","TE75","999.0","23.0","15","1.53","10","0","0","0","0","0","-","-","-","12.7","9.8","102.1","0.5","-","-","-","-","-"
"382","Kendre Miller","RB","NO","8","RB70","224.8","22.9","10","2.29","16","0","0","0","0","0","24.9","102.4","0.5","5.3","4.4","43.2","0.2","-","-","-","-","-"
"383","Hunter Luepke","RB","DAL","14","-","2110.0","22.2","15","1.48","16","0","0","0","0","0","13.2","53.3","0.3","8.6","7.2","60.0","0.3","-","-","-","-","-"
"384","Brady Cook","QB","NYJ","13","QB107","999.0","21.8","2","10.88","14","63","38","386","1.7","2","5.4","19.5","0.1","-","-","-","-","-","-","-","-","-"
"385","Devontez Walker","WR","BLT","13","WR115","999.0","21.7","15","1.45","17","0","0","0","0","0","-","-","-","10.8","7.1","107.2","0.6","-","-","-","-","-"
"386","Mitchell Evans","TE","CAR","5","TE52","999.0","21.4","15","1.42","10","0","0","0","0","0","-","-","-","10.9","8.2","91.1","0.7","-","-","-","-","-"
"387","Dylan Laube","RB","LV","13","RB108","999.0","20.7","10","2.07","16","0","0","0","0","0","19.0","74.6","0.4","7.9","6.3","35.5","0.2","-","-","-","-","-"
"388","Roschon Johnson","RB","CHI","10","RB204","999.0","20.6","10","2.06","16","0","0","0","0","0","26.7","119.8","0.7","2.7","2.2","17.6","0.1","-","-","-","-","-"
"389","Durham Smythe","TE","BLT","13","TE74","999.0","20.5","15","1.37","10","0","0","0","0","0","-","-","-","10.5","7.9","90.4","0.6","-","-","-","-","-"
"390","Jerome Ford","RB","WAS","7","RB139","999.0","20.3","12","1.69","16","0","0","0","0","0","14.3","57.5","0.2","8.2","6.9","49.2","0.2","-","-","-","-","-"
"391","CJ Daniels","WR","LA","11","WR370","999.0","20.1","15","1.34","17","0","0","0","0","0","-","-","-","12.1","7.5","90.9","0.6","-","-","-","-","-"
"392","Brevyn Spann-Ford","TE","DAL","14","TE41","999.0","20.1","15","1.34","10","0","0","0","0","0","-","-","-","11.3","8.2","71.5","0.8","-","-","-","-","-"
"393","Jackson Hawes","TE","BUF","7","TE166","999.0","20.0","14","1.43","10","0","0","0","0","0","-","-","-","10.2","7.6","78.7","0.8","-","-","-","-","-"
"394","Jarquez Hunter","RB","LA","11","RB74","240.6","20.0","10","2.00","16","0","0","0","0","0","21.1","93.9","0.7","4.2","3.4","27.3","0.1","-","-","-","-","-"
"395","Raheim Sanders","RB","CLV","11","RB127","999.0","19.2","10","1.92","16","0","0","0","0","0","23.8","93.1","0.6","4.3","3.3","27.2","0.1","-","-","-","-","-"
"396","Tai Felton","WR","MIN","6","WR313","999.0","18.7","15","1.25","17","0","0","0","0","0","-","-","-","10.0","6.6","88.0","0.6","-","-","-","-","-"
"397","Ben Sims","TE","MIA","6","TE64","999.0","18.7","15","1.24","10","0","0","0","0","0","-","-","-","11.1","8.1","74.4","0.5","-","-","-","-","-"
"398","Alec Ingold","RB","LAC","7","-","2185.0","18.4","15","1.23","16","0","0","0","0","0","3.4","7.6","0.1","10.4","8.5","70.8","0.3","-","-","-","-","-"
"399","Andrew Ogletree","TE","IND","13","TE122","999.0","18.3","15","1.22","10","0","0","0","0","0","-","-","-","8.6","6.2","74.0","0.8","-","-","-","-","-"
"400","Julian Hill","TE","NE","11","TE49","999.0","18.2","15","1.22","10","0","0","0","0","0","-","-","-","11.5","8.6","65.3","0.5","-","-","-","-","-"
"401","Devin Neal","RB","NO","8","RB66","211.9","18.2","12","1.52","16","0","0","0","0","0","15.8","62.1","0.3","7.1","5.8","35.6","0.1","-","-","-","-","-"
"402","Kaleb Johnson","RB","PIT","9","RB68","217.5","18.1","14","1.29","16","0","0","0","0","0","25.1","100.6","0.4","3.6","2.9","22.5","0.1","-","-","-","-","-"
"403","Xavier Weaver","WR","ARZ","14","WR102","999.0","18.1","15","1.21","17","0","0","0","0","0","-","-","-","7.7","4.9","97.8","0.6","-","-","-","-","-"
"404","Arian Smith","WR","NYJ","13","WR318","999.0","18.0","15","1.20","17","0","0","0","0","0","2.5","13.4","0.0","10.1","6.5","72.0","0.5","-","-","-","-","-"
"405","Ben Yurosek","TE","MIN","6","TE148","999.0","17.9","15","1.19","10","0","0","0","0","0","-","-","-","14.9","11.0","42.9","0.5","-","-","-","-","-"
"406","Demarcus Robinson","WR","SF","8","WR152","999.0","17.8","13","1.37","17","0","0","0","0","0","-","-","-","11.0","6.9","83.1","0.4","-","-","-","-","-"
"407","Charlie Woerner","TE","ATL","11","TE90","999.0","17.4","15","1.16","10","0","0","0","0","0","-","-","-","8.0","6.0","84.1","0.5","-","-","-","-","-"
"408","Seth McGowan","RB","IND","13","RB92","999.0","17.1","15","1.14","16","0","0","0","0","0","18.9","80.2","0.6","3.6","2.9","22.6","0.1","-","-","-","-","-"
"409","Brenen Thompson","WR","LAC","7","-","2240.0","17.0","15","1.13","17","0","0","0","0","0","-","-","-","9.4","5.8","83.6","0.5","-","-","-","-","-"
"410","Eric Saubert","TE","SEA","11","TE92","999.0","16.6","15","1.10","10","0","0","0","0","0","-","-","-","9.8","7.3","65.2","0.5","-","-","-","-","-"
"411","Davis Allen","TE","LA","11","TE70","999.0","15.3","15","1.02","10","0","0","0","0","0","-","-","-","8.7","6.4","53.7","0.6","-","-","-","-","-"
"412","KeAndre Lambert-Smith","WR","LAC","7","WR323","999.0","15.3","12","1.27","17","0","0","0","0","0","-","-","-","9.2","5.8","69.9","0.4","-","-","-","-","-"
"413","Kylen Granson","TE","TEN","9","TE136","999.0","15.2","15","1.01","10","0","0","0","0","0","-","-","-","8.9","6.7","55.1","0.5","-","-","-","-","-"
"414","Max Bredeson","RB","MIN","6","RB218","999.0","15.0","15","1.00","16","0","0","0","0","0","7.3","23.7","0.1","6.8","5.6","52.0","0.2","-","-","-","-","-"
"415","Adam Prentice","RB","DEN","10","-","2270.0","14.9","15","1.00","16","0","0","0","0","0","6.1","22.4","0.1","7.5","6.1","47.0","0.2","-","-","-","-","-"
"416","Luke Farrell","TE","SF","8","TE140","999.0","14.9","15","0.99","10","0","0","0","0","0","-","-","-","7.6","5.8","63.9","0.5","-","-","-","-","-"
"417","Jack Stoll","TE","CLV","11","TE142","999.0","14.7","15","0.98","10","0","0","0","0","0","-","-","-","7.9","5.6","57.1","0.6","-","-","-","-","-"
"418","Malik Benson","WR","LV","13","-","2285.0","14.5","15","0.96","17","0","0","0","0","0","-","-","-","9.1","5.6","66.7","0.4","-","-","-","-","-"
"419","Emmanuel Henderson Jr.","WR","SEA","11","-","2290.0","14.4","15","0.96","17","0","0","0","0","0","-","-","-","6.4","4.0","75.5","0.5","-","-","-","-","-"
"420","Kyle Williams","WR","NE","11","WR81","222.1","14.2","15","0.95","17","0","0","0","0","0","1.4","7.5","0.0","7.3","4.3","62.3","0.5","-","-","-","-","-"
"421","Pierre Strong","RB","GB","11","RB142","999.0","14.1","12","1.17","16","0","0","0","0","0","16.0","68.4","0.4","3.3","2.6","19.2","0.1","-","-","-","-","-"
"422","Riley Leonard","QB","IND","13","QB41","999.0","13.9","1","13.86","14","34","21","216","1.2","1","2.4","13.3","0.1","-","-","-","-","-","-","-","-","-"
"423","Will Kacmarek","TE","MIA","6","TE216","999.0","13.8","15","0.92","10","0","0","0","0","0","-","-","-","7.5","5.6","54.3","0.5","-","-","-","-","-"
"424","Phil Mafah","RB","DAL","14","RB78","999.0","13.1","10","1.31","16","0","0","0","0","0","16.2","67.0","0.4","2.3","1.9","14.7","0.1","-","-","-","-","-"
"425","Mason Tipton","WR","NO","8","WR101","999.0","13.0","14","0.93","17","0","0","0","0","0","2.2","11.3","0.0","8.7","5.5","45.6","0.3","-","-","-","-","-"
"426","Brenden Bates","TE","CLV","11","TE50","999.0","13.0","8","1.62","10","0","0","0","0","0","-","-","-","7.2","5.1","53.4","0.4","-","-","-","-","-"
"427","Johnny Mundt","TE","PHI","10","TE103","999.0","13.0","15","0.86","10","0","0","0","0","0","0.8","4.0","0.0","6.8","5.2","49.9","0.4","-","-","-","-","-"
"428","Jonathan Mingo","WR","DAL","14","WR145","999.0","12.7","10","1.27","17","0","0","0","0","0","-","-","-","9.7","5.7","46.3","0.4","-","-","-","-","-"
"429","Tanner Koziol","TE","JAX","7","TE208","999.0","12.6","14","0.90","10","0","0","0","0","0","-","-","-","6.5","4.8","50.4","0.5","-","-","-","-","-"
"430","Marquez Valdes-Scantling","WR","DAL","14","WR161","999.0","12.5","6","2.08","17","0","0","0","0","0","1.0","5.3","0.0","6.6","4.2","50.4","0.4","-","-","-","-","-"
"431","Nate Adkins","TE","DEN","10","TE47","999.0","12.5","14","0.89","10","0","0","0","0","0","-","-","-","6.9","5.2","45.0","0.5","-","-","-","-","-"
"432","Jeremy Ruckert","TE","NYJ","13","TE111","999.0","12.0","15","0.80","10","0","0","0","0","0","-","-","-","6.5","5.0","52.9","0.3","-","-","-","-","-"
"433","Jahdae Walker","WR","CHI","10","WR297","999.0","11.8","14","0.84","17","0","0","0","0","0","-","-","-","5.6","3.6","62.3","0.3","-","-","-","-","-"
"434","Nate Carter","RB","ATL","11","RB79","999.0","11.8","5","2.36","16","0","0","0","0","0","14.5","64.2","0.4","1.9","1.5","13.7","0.1","-","-","-","-","-"
"435","Foster Moreau","TE","HST","8","TE82","999.0","11.6","14","0.83","10","0","0","0","0","0","-","-","-","7.3","5.4","42.0","0.3","-","-","-","-","-"
"436","Austin Trammell","WR","JAX","7","WR269","999.0","11.1","10","1.11","17","0","0","0","0","0","-","-","-","6.8","4.2","50.9","0.3","-","-","-","-","-"
"437","Payne Durham","TE","TB","10","TE67","999.0","11.1","15","0.74","10","0","0","0","0","0","-","-","-","6.4","4.5","39.7","0.4","-","-","-","-","-"
"438","Anthony Gould","WR","IND","13","WR111","999.0","10.9","10","1.09","17","0","0","0","0","0","-","-","-","6.2","4.1","53.9","0.2","-","-","-","-","-"
"439","Tyrell Shavers","WR","BUF","7","WR122","999.0","10.7","5","2.13","17","0","0","0","0","0","-","-","-","5.3","3.5","53.0","0.3","-","-","-","-","-"
"440","Tylan Wallace","WR","CLV","11","WR263","999.0","10.5","14","0.75","17","0","0","0","0","0","-","-","-","5.3","3.2","55.3","0.3","-","-","-","-","-"
"441","Mecole Hardman","WR","BUF","7","WR171","999.0","10.5","10","1.05","17","0","0","0","0","0","2.4","14.2","0.0","5.3","3.5","39.9","0.2","-","-","-","-","-"
"442","Quintin Morris","TE","JAX","7","TE132","999.0","10.2","15","0.68","10","0","0","0","0","0","-","-","-","5.1","3.8","36.7","0.5","-","-","-","-","-"
"443","Kameron Johnson","WR","TB","10","WR99","999.0","10.1","10","1.01","17","0","0","0","0","0","-","-","-","6.2","3.5","47.2","0.3","-","-","-","-","-"
"444","Ja'Lynn Polk","WR","NO","8","WR121","999.0","10.1","13","0.78","17","0","0","0","0","0","-","-","-","6.3","4.2","41.9","0.3","-","-","-","-","-"
"445","Grant Calcaterra","TE","PHI","10","TE114","999.0","9.8","15","0.65","10","0","0","0","0","0","0.8","4.0","0.0","4.4","3.3","39.5","0.3","-","-","-","-","-"
"446","Myles Price","WR","MIN","6","WR294","999.0","9.7","14","0.69","17","0","0","0","0","0","-","-","-","5.6","3.6","39.5","0.4","-","-","-","-","-"
"447","Derius Davis","WR","LAC","7","WR148","999.0","9.5","12","0.79","17","0","0","0","0","0","5.5","32.7","0.2","2.7","1.8","23.2","0.2","-","-","-","-","-"
"448","Ben Skowronek","WR","PIT","9","WR267","999.0","9.5","14","0.68","17","0","0","0","0","0","-","-","-","6.8","4.4","37.2","0.2","-","-","-","-","-"
"449","Jordan Watkins","WR","SF","8","WR321","999.0","9.4","14","0.67","17","0","0","0","0","0","-","-","-","4.8","3.1","49.4","0.2","-","-","-","-","-"
"450","Dareke Young","WR","LV","13","WR227","999.0","9.3","10","0.93","17","0","0","0","0","0","-","-","-","5.4","3.4","45.0","0.2","-","-","-","-","-"
"451","Riley Nowakowski","TE","PIT","9","TE215","999.0","9.0","15","0.60","10","0","0","0","0","0","-","-","-","4.7","3.4","31.3","0.4","-","-","-","-","-"
"452","Andrew Beck","RB","NYJ","13","RB192","999.0","8.9","15","0.59","17","0","0","0","0","0","1.4","5.8","0.0","4.5","3.6","35.9","0.1","-","-","-","-","-"
"453","British Brooks","RB","HST","8","RB132","999.0","8.7","15","0.58","17","0","0","0","0","0","15.0","62.9","0.3","0.5","0.4","3.0","0.0","-","-","-","-","-"
"454","Lil'Jordan Humphrey","WR","DEN","10","WR172","999.0","8.6","10","0.86","17","0","0","0","0","0","-","-","-","4.9","3.1","36.0","0.3","-","-","-","-","-"
"455","Will Mallory","TE","IND","13","TE71","999.0","8.5","7","1.21","10","0","0","0","0","0","-","-","-","4.6","3.4","38.6","0.2","-","-","-","-","-"
"456","LaJohntay Wester","WR","BLT","13","WR324","999.0","8.5","14","0.61","17","0","0","0","0","0","-","-","-","3.7","2.3","42.9","0.3","-","-","-","-","-"
"457","Tim Patrick","WR","NYJ","13","WR157","999.0","8.3","5","1.67","17","0","0","0","0","0","0.8","4.7","0.0","3.6","2.2","36.8","0.3","-","-","-","-","-"
"458","Darius Cooper","WR","PHI","10","WR300","999.0","8.3","15","0.55","17","0","0","0","0","0","-","-","-","4.9","3.2","35.2","0.3","-","-","-","-","-"
"459","Teagan Quitoriano","TE","ARZ","14","TE119","999.0","8.3","10","0.83","10","0","0","0","0","0","-","-","-","4.5","3.3","32.7","0.3","-","-","-","-","-"
"460","Malachi Corley","WR","CLV","11","WR141","999.0","8.2","8","1.02","17","0","0","0","0","0","4.5","35.4","0.1","2.3","1.5","18.8","0.1","-","-","-","-","-"
"461","Jack Westover","TE","NE","11","TE59","999.0","7.9","15","0.53","10","0","0","0","0","0","-","-","-","5.0","3.7","20.1","0.4","-","-","-","-","-"
"462","Tim Jones","WR","JAX","7","WR272","999.0","7.7","10","0.77","17","0","0","0","0","0","-","-","-","4.5","2.9","35.2","0.2","-","-","-","-","-"
"463","Laquon Treadwell","WR","IND","13","WR212","999.0","7.7","10","0.77","17","0","0","0","0","0","-","-","-","4.6","3.0","36.9","0.2","-","-","-","-","-"
"464","Jeremy McNichols","RB","WAS","7","RB202","999.0","7.5","5","1.50","17","0","0","0","0","0","4.7","18.7","0.1","3.1","2.6","20.4","0.1","-","-","-","-","-"
"465","DeeJay Dallas","RB","JAX","7","RB189","999.0","7.5","10","0.75","17","0","0","0","0","0","7.0","28.8","0.1","1.8","1.5","17.2","0.1","-","-","-","-","-"
"466","Drake Dabney","TE","GB","11","TE151","999.0","7.3","7","1.04","10","0","0","0","0","0","0.4","1.9","0.0","3.6","2.5","27.5","0.3","-","-","-","-","-"
"467","C.J. Williams","WR","JAX","7","-","2530.0","7.2","15","0.48","17","0","0","0","0","0","-","-","-","3.7","2.4","33.9","0.2","-","-","-","-","-"
"468","Robbie Ouzts","RB","SEA","11","RB84","999.0","7.1","15","0.47","17","0","0","0","0","0","0.7","2.0","0.0","3.4","2.8","28.8","0.2","-","-","-","-","-"
"469","Jared Wiley","TE","KC","5","TE43","999.0","7.0","10","0.70","10","0","0","0","0","0","-","-","-","3.6","2.6","28.9","0.3","-","-","-","-","-"
"470","Sione Vaki","RB","DET","6","RB136","999.0","6.6","10","0.66","17","0","0","0","0","0","5.5","21.9","0.2","1.5","1.2","17.6","0.1","-","-","-","-","-"
"471","Albert Okwuegbunam","TE","LV","13","TE87","999.0","6.6","5","1.32","10","0","0","0","0","0","-","-","-","3.6","2.7","28.3","0.2","-","-","-","-","-"
"472","Jalen Brooks","WR","ARZ","14","WR124","999.0","6.5","10","0.65","17","0","0","0","0","0","-","-","-","2.2","1.4","33.4","0.3","-","-","-","-","-"
"473","Kevin Austin Jr.","WR","NO","8","WR220","999.0","6.5","10","0.65","17","0","0","0","0","0","1.1","6.3","0.0","3.5","2.1","26.0","0.2","-","-","-","-","-"
"474","Jake Bobo","WR","SEA","11","WR123","999.0","6.4","14","0.46","17","0","0","0","0","0","-","-","-","2.4","1.6","34.2","0.2","-","-","-","-","-"
"475","Terrell Jennings","RB","NE","11","RB130","999.0","6.1","5","1.21","17","0","0","0","0","0","10.4","41.9","0.3","0.2","0.2","1.6","0.0","-","-","-","-","-"
"476","Dyami Brown","WR","WAS","7","WR262","999.0","5.9","14","0.42","17","0","0","0","0","0","-","-","-","3.3","1.9","28.3","0.2","-","-","-","-","-"
"477","Tyler Badie","RB","DEN","10","RB162","999.0","5.7","4","1.42","17","0","0","0","0","0","2.3","10.2","0.0","2.8","2.1","18.0","0.1","-","-","-","-","-"
"478","Skyy Moore","WR","GB","11","WR218","999.0","5.4","7","0.77","17","0","0","0","0","0","-","-","-","2.5","1.5","29.8","0.2","-","-","-","-","-"
"479","Keleki Latu","TE","BUF","7","TE171","999.0","5.4","10","0.54","10","0","0","0","0","0","-","-","-","2.6","1.9","23.2","0.2","-","-","-","-","-"
"480","Colson Yankoff","TE","WAS","7","-","2595.0","5.4","14","0.38","10","0","0","0","0","0","-","-","-","2.8","2.0","19.1","0.2","-","-","-","-","-"
"481","David Martin-Robinson","TE","TEN","9","TE54","999.0","5.2","15","0.35","10","0","0","0","0","0","-","-","-","3.4","2.5","15.1","0.2","-","-","-","-","-"
"482","Isaac Guerendo","RB","SF","8","RB137","999.0","5.2","5","1.03","17","0","0","0","0","0","2.5","11.1","0.1","2.1","1.8","15.9","0.1","-","-","-","-","-"
"483","Isaiah Hodgins","WR","NYG","8","WR250","999.0","5.1","10","0.51","17","0","0","0","0","0","-","-","-","2.7","1.7","23.6","0.2","-","-","-","-","-"
"484","AJ Dillon","RB","CAR","5","RB191","999.0","5.1","7","0.72","17","0","0","0","0","0","3.7","16.1","0.1","1.9","1.5","11.3","0.0","-","-","-","-","-"
"485","Kene Nwangwu","RB","NYJ","13","RB143","999.0","5.0","5","1.01","17","0","0","0","0","0","6.2","25.2","0.1","1.1","0.9","7.9","0.1","-","-","-","-","-"
"486","Patrick Ricard","RB","NYG","8","-","2625.0","5.0","15","0.33","17","0","0","0","0","0","0.7","1.5","0.0","2.3","1.9","18.8","0.2","-","-","-","-","-"
"487","Jelani Woods","TE","NYJ","13","TE116","999.0","4.9","10","0.49","10","0","0","0","0","0","-","-","-","2.5","1.8","22.0","0.1","-","-","-","-","-"
"488","Joshua Simon","TE","ATL","11","TE165","999.0","4.9","10","0.49","10","0","0","0","0","0","-","-","-","1.5","1.1","26.5","0.2","-","-","-","-","-"
"489","Josh Cuevas","TE","BLT","13","TE154","999.0","4.8","14","0.35","10","0","0","0","0","0","-","-","-","1.8","1.3","20.6","0.2","-","-","-","-","-"
"490","Reggie Gilliam","RB","NE","11","RB148","999.0","4.7","15","0.31","17","0","0","0","0","0","1.5","2.8","0.0","2.3","1.9","17.9","0.1","-","-","-","-","-"
"491","Ty Chandler","RB","NO","8","RB160","999.0","4.5","10","0.45","17","0","0","0","0","0","7.8","30.3","0.1","0.5","0.4","2.4","0.0","-","-","-","-","-"
"492","Carter Runyon","TE","LV","13","TE149","999.0","4.4","10","0.44","10","0","0","0","0","0","-","-","-","2.5","1.8","17.3","0.1","-","-","-","-","-"
"493","Devin Duvernay","WR","ARZ","14","WR248","999.0","4.2","12","0.35","17","0","0","0","0","0","-","-","-","1.1","0.7","24.2","0.2","-","-","-","-","-"
"494","Theo Wease Jr.","WR","MIA","6","WR276","999.0","4.2","5","0.84","17","0","0","0","0","0","-","-","-","2.0","1.3","21.6","0.1","-","-","-","-","-"
"495","Jacob Saylors","RB","DET","6","RB122","999.0","4.2","10","0.42","17","0","0","0","0","0","1.5","6.6","0.0","1.7","1.4","14.6","0.1","-","-","-","-","-"
"496","Josh Williams","RB","TB","10","RB76","999.0","4.2","5","0.83","17","0","0","0","0","0","6.9","26.4","0.1","0.6","0.5","3.5","0.0","-","-","-","-","-"
"497","Ronnie Rivers","RB","LA","11","RB164","999.0","4.1","5","0.83","17","0","0","0","0","0","5.1","20.8","0.1","0.8","0.7","5.1","0.0","-","-","-","-","-"
"498","Brittain Brown","RB","CHI","10","RB158","999.0","4.0","5","0.80","17","0","0","0","0","0","4.3","19.5","0.1","0.8","0.6","6.7","0.0","-","-","-","-","-"
"499","Nikko Remigio","WR","KC","5","WR132","999.0","3.9","10","0.39","17","0","0","0","0","0","-","-","-","2.6","1.6","16.8","0.1","-","-","-","-","-"
"500","Princeton Fant","TE","DAL","14","TE46","999.0","3.9","6","0.64","10","0","0","0","0","0","-","-","-","2.0","1.5","14.2","0.2","-","-","-","-","-"
"501","Jacob Cowing","WR","SF","8","WR106","999.0","3.7","13","0.29","17","0","0","0","0","0","1.7","9.6","0.0","1.9","1.2","11.2","0.1","-","-","-","-","-"
"502","Hunter Long","TE","JAX","7","TE131","999.0","3.6","5","0.73","10","0","0","0","0","0","-","-","-","2.0","1.5","12.7","0.2","-","-","-","-","-"
"503","Jason Brownlee","WR","KC","5","WR133","999.0","3.6","5","0.73","17","0","0","0","0","0","-","-","-","2.4","1.5","14.6","0.1","-","-","-","-","-"
"504","Beaux Collins","WR","NYG","8","WR284","999.0","3.6","10","0.36","17","0","0","0","0","0","-","-","-","1.7","1.1","18.0","0.1","-","-","-","-","-"
"505","Thomas Fidone II","TE","NYG","8","TE168","999.0","3.6","5","0.72","10","0","0","0","0","0","-","-","-","1.4","1.1","16.8","0.1","-","-","-","-","-"
"506","Jaret Patterson","RB","LAC","7","RB146","999.0","3.6","5","0.72","17","0","0","0","0","0","4.3","17.1","0.1","0.8","0.7","4.9","0.0","-","-","-","-","-"
"507","Kaden Wetjen","WR","PIT","9","-","2730.0","3.5","10","0.35","17","0","0","0","0","0","-","-","-","1.9","1.1","14.8","0.2","-","-","-","-","-"
"508","Scott Miller","WR","CHI","10","WR177","999.0","3.4","5","0.68","17","0","0","0","0","0","-","-","-","1.8","1.3","16.1","0.1","-","-","-","-","-"
"509","Michael Carter","RB","TEN","9","RB144","999.0","3.4","5","0.68","17","0","0","0","0","0","4.2","14.9","0.1","0.8","0.6","7.2","0.0","-","-","-","-","-"
"510","Frank Gore Jr.","RB","BUF","7","RB116","999.0","3.3","7","0.47","17","0","0","0","0","0","3.5","13.1","0.1","0.7","0.6","6.1","0.0","-","-","-","-","-"
"511","Chris Manhertz","TE","NYG","8","TE93","999.0","3.2","15","0.21","10","0","0","0","0","0","-","-","-","1.8","1.3","11.3","0.1","-","-","-","-","-"
"512","Damien Martinez","RB","GB","11","RB123","999.0","3.1","6","0.52","17","0","0","0","0","0","1.6","6.8","0.0","1.4","1.1","9.0","0.0","-","-","-","-","-"
"513","Gavin Bartholomew","TE","MIN","6","TE167","999.0","3.1","10","0.31","10","0","0","0","0","0","-","-","-","1.5","1.1","12.9","0.1","-","-","-","-","-"
"514","Dameon Pierce","RB","PHI","10","RB140","999.0","3.1","5","0.62","17","0","0","0","0","0","4.6","19.3","0.1","0.4","0.3","2.3","0.0","-","-","-","-","-"
"515","Kalel Mullings","RB","TEN","9","RB89","999.0","3.0","5","0.61","17","0","0","0","0","0","5.2","20.8","0.1","0.2","0.1","1.9","0.0","-","-","-","-","-"
"516","Chris Collier","RB","LV","13","RB135","999.0","2.9","5","0.59","17","0","0","0","0","0","4.7","18.6","0.1","0.3","0.2","1.9","0.0","-","-","-","-","-"
"517","Dylan Drummond","WR","ATL","11","WR138","999.0","2.8","10","0.28","17","0","0","0","0","0","-","-","-","1.8","1.2","12.7","0.1","-","-","-","-","-"
"518","Cameron Latu","TE","PHI","10","-","2785.0","2.8","15","0.18","10","0","0","0","0","0","0.8","4.0","0.0","1.0","0.7","8.2","0.1","-","-","-","-","-"
"519","Messiah Swinson","TE","GB","11","TE55","999.0","2.7","7","0.39","10","0","0","0","0","0","-","-","-","1.4","1.0","11.7","0.1","-","-","-","-","-"
"520","Devin Culp","TE","TB","10","TE60","999.0","2.7","7","0.39","10","0","0","0","0","0","-","-","-","1.1","0.9","12.8","0.1","-","-","-","-","-"
"521","Mason Kinsey","WR","TEN","9","WR255","999.0","2.6","10","0.26","17","0","0","0","0","0","-","-","-","1.0","0.7","13.2","0.1","-","-","-","-","-"
"522","Jake Briningstool","TE","KC","5","TE173","999.0","2.6","5","0.52","10","0","0","0","0","0","-","-","-","1.6","1.1","9.4","0.1","-","-","-","-","-"
"523","Stephen Carlson","TE","CHI","10","TE85","999.0","2.5","10","0.25","10","0","0","0","0","0","-","-","-","1.1","0.8","11.7","0.1","-","-","-","-","-"
"524","CJ Dippre","TE","NE","11","TE180","999.0","2.5","5","0.50","10","0","0","0","0","0","-","-","-","1.4","1.1","8.6","0.1","-","-","-","-","-"
"525","Eric Gray","RB","NYG","8","RB205","999.0","2.5","5","0.50","17","0","0","0","0","0","2.1","8.2","0.0","0.8","0.6","6.4","0.0","-","-","-","-","-"
"526","Donovan Edwards","RB","MIA","6","RB88","999.0","2.5","8","0.31","17","0","0","0","0","0","2.0","8.5","0.1","0.8","0.7","5.6","0.0","-","-","-","-","-"
"527","Elijah Moore","WR","PHI","10","WR264","999.0","2.4","5","0.48","17","0","0","0","0","0","-","-","-","1.5","0.9","9.2","0.1","-","-","-","-","-"
"528","Dominic Lovett","WR","DET","6","WR326","999.0","2.4","7","0.34","17","0","0","0","0","0","-","-","-","1.5","1.0","10.5","0.1","-","-","-","-","-"
"529","Cam Grandy","TE","CIN","6","TE58","999.0","2.3","5","0.46","10","0","0","0","0","0","-","-","-","1.3","1.0","8.8","0.1","-","-","-","-","-"
"530","Brayden Willis","TE","SF","8","TE68","999.0","2.3","5","0.45","10","0","0","0","0","0","-","-","-","1.5","1.1","7.5","0.1","-","-","-","-","-"
"531","A.T. Perry","WR","PIT","9","WR135","999.0","2.2","5","0.44","17","0","0","0","0","0","-","-","-","1.2","0.8","9.2","0.1","-","-","-","-","-"
"532","Justin Watson","WR","HST","8","WR166","999.0","2.1","5","0.43","17","0","0","0","0","0","-","-","-","1.2","0.8","9.6","0.1","-","-","-","-","-"
"533","Bam Knight","RB","ARZ","14","RB141","999.0","2.1","5","0.42","17","0","0","0","0","0","1.6","7.0","0.0","0.7","0.6","5.3","0.0","-","-","-","-","-"
"534","Efton Chism III","WR","NE","11","WR319","999.0","2.1","5","0.42","17","0","0","0","0","0","-","-","-","0.9","0.6","10.9","0.1","-","-","-","-","-"
"535","JP Richardson","WR","CHI","10","WR330","999.0","1.8","5","0.36","17","0","0","0","0","0","-","-","-","1.1","0.7","8.4","0.0","-","-","-","-","-"
"536","JJ Galbreath","TE","PIT","9","TE178","999.0","1.8","5","0.36","10","0","0","0","0","0","-","-","-","0.8","0.6","8.0","0.1","-","-","-","-","-"
"537","Zaire Mitchell-Paden","TE","NO","8","TE125","999.0","1.7","7","0.25","10","0","0","0","0","0","-","-","-","1.1","0.8","5.7","0.1","-","-","-","-","-"
"538","Ke'Shawn Williams","WR","CIN","6","WR290","999.0","1.7","5","0.34","17","0","0","0","0","0","-","-","-","1.1","0.7","6.0","0.1","-","-","-","-","-"
"539","Ahmani Marshall","RB","CLV","11","RB77","999.0","1.7","5","0.33","17","0","0","0","0","0","2.3","9.2","0.0","0.3","0.2","1.9","0.0","-","-","-","-","-"
"540","Gary Brightwell","RB","CIN","6","RB147","999.0","1.6","5","0.32","17","0","0","0","0","0","-","-","-","0.8","0.7","7.2","0.0","-","-","-","-","-"
"541","Nick Kallerup","TE","SEA","11","TE150","999.0","1.5","10","0.15","10","0","0","0","0","0","-","-","-","0.7","0.5","6.8","0.1","-","-","-","-","-"
"542","Feleipe Franks","TE","CAR","5","TE130","999.0","1.5","5","0.30","10","0","0","0","0","0","-","-","-","0.6","0.4","7.0","0.1","-","-","-","-","-"
"543","Ulysses Bentley IV","RB","IND","13","RB75","999.0","1.5","5","0.30","17","0","0","0","0","0","2.1","8.0","0.0","0.2","0.2","2.1","0.0","-","-","-","-","-"
"544","Tom Kennedy","WR","DET","6","WR181","999.0","1.3","7","0.19","17","0","0","0","0","0","-","-","-","0.9","0.6","5.5","0.0","-","-","-","-","-"
"545","Jared Wayne","WR","HST","8","WR127","999.0","1.3","5","0.25","17","0","0","0","0","0","-","-","-","0.7","0.4","5.6","0.0","-","-","-","-","-"
"546","Charlie Jones","WR","CIN","6","-","2925.0","1.2","5","0.25","17","0","0","0","0","0","-","-","-","0.8","0.6","4.2","0.0","-","-","-","-","-"
"547","Jeshaun Jones","WR","MIN","6","WR98","999.0","1.2","5","0.24","17","0","0","0","0","0","-","-","-","0.8","0.5","4.5","0.0","-","-","-","-","-"
"548","Dontae Fleming","WR","MIN","6","WR289","999.0","1.2","5","0.24","17","0","0","0","0","0","-","-","-","0.8","0.5","4.5","0.0","-","-","-","-","-"
"549","Zach Horton","TE","DET","6","TE40","999.0","0.9","5","0.17","10","0","0","0","0","0","-","-","-","0.5","0.4","3.7","0.0","-","-","-","-","-"
"550","Hayden Rucci","TE","SF","8","TE53","999.0","0.6","5","0.12","10","0","0","0","0","0","-","-","-","0.4","0.3","2.2","0.0","-","-","-","-","-"
"551","Ko Kieft","TE","TB","10","TE121","999.0","0.6","7","0.08","10","0","0","0","0","0","-","-","-","0.3","0.2","1.8","0.0","-","-","-","-","-"