"#","ID","NAME","POS","TEAM","OVERALL","POSITION","ADP"
"1","1214154","Jahmyr Gibbs","RB","DET","1","RB1","1.1"
"2","1228244","Bijan Robinson","RB","ATL","2","RB2","2.1"
"3","1162128","Puka Nacua","WR","LA","3","WR1","4.0"
"4","1109979","Ja'Marr Chase","WR","CIN","4","WR2","3.1"
"5","830517","Christian McCaffrey","RB","SF","5","RB3","6.2"
"6","1214087","Jaxon Smith-Njigba","WR","SEA","6","WR3","5.5"
"7","1127106","Amon-Ra St. Brown","WR","DET","7","WR4","7.1"
"8","1065406","Jonathan Taylor","RB","IND","8","RB4","8.5"
"9","1069535","Justin Jefferson","WR","MIN","9","WR5","9.3"
"10","1062020","CeeDee Lamb","WR","DAL","10","WR6","10.4"
"11","1131012","James Cook","RB","BUF","11","RB5","10.7"
"12","1379646","Ashton Jeanty","RB","LV","12","RB6","12.4"
"13","883302","Saquon Barkley","RB","PHI","13","RB7","13.4"
"14","1164402","Kenneth Walker III","RB","KC","14","RB8","15.5"
"15","1231820","De'Von Achane","RB","MIA","15","RB9","18.9"
"16","1398572","Omarion Hampton","RB","LAC","16","RB10","14.8"
"17","1123379","Chase Brown","RB","CIN","17","RB11","16.7"
"18","944826","A.J. Brown","WR","NE","18","WR7","16.1"
"19","732145","Derrick Henry","RB","BLT","19","RB12","19.3"
"20","1178741","Drake London","WR","ATL","20","WR8","21.1"
"21","1173538","Rashee Rice","WR","KC","21","WR9","23.4"
"22","1285917","Brock Bowers","TE","LV","22","TE1","19.4"
"23","1074698","Nico Collins","WR","HST","23","WR10","23.1"
"24","1172053","George Pickens","WR","DAL","24","WR11","24.0"
"25","1451501","Jeremiyah Love","RB","ARZ","25","RB13","27.5"
"26","1060262","DeVonta Smith","WR","PHI","26","WR12","28.0"
"27","868199","Josh Allen","QB","BUF","27","QB1","27.1"
"28","1122592","Chris Olave","WR","NO","28","WR13","28.8"
"29","1108161","Trey McBride","TE","ARZ","29","TE2","25.6"
"30","1162537","Breece Hall","RB","NYJ","30","RB14","34.5"
"31","1167361","Kyren Williams","RB","LA","31","RB15","30.0"
"32","1177053","Zay Flowers","WR","BLT","32","WR14","31.8"
"33","978579","Tee Higgins","WR","CIN","33","WR15","35.3"
"34","1107881","Javonte Williams","RB","DAL","34","RB16","36.6"
"35","1287825","Emeka Egbuka","WR","TB","35","WR16","30.7"
"36","1164889","Garrett Wilson","WR","NYJ","36","WR17","38.2"
"37","1218643","Ladd McConkey","WR","LAC","37","WR18","34.8"
"38","944416","Josh Jacobs","RB","GB","38","RB17","41.4"
"39","1280316","Cam Skattebo","RB","NYG","39","RB18","44.8"
"40","1125749","Jaylen Waddle","WR","DEN","40","WR19","40.3"
"41","946739","David Montgomery","RB","HST","41","RB19","48.3"
"42","1380576","Tetairoa McMillan","WR","CAR","42","WR20","42.6"
"43","836116","Terry McLaurin","WR","WAS","43","WR21","45.8"
"44","978577","Travis Etienne","RB","NO","44","RB20","41.6"
"45","611417","Davante Adams","WR","LA","45","WR22","49.1"
"46","1286059","Malik Nabers","WR","NYG","46","WR23","36.0"
"47","593587","Mike Evans","WR","SF","47","WR24","51.3"
"48","1378821","Colston Loveland","TE","CHI","48","TE3","39.9"
"49","1175184","Jameson Williams","WR","DET","49","WR25","52.7"
"50","877790","DJ Moore","WR","BUF","50","WR26","48.6"
"51","1327169","Bhayshul Tuten","RB","JAX","51","RB21","52.1"
"52","1377732","Luther Burden III","WR","CHI","52","WR27","45.5"
"53","877745","Lamar Jackson","QB","BLT","53","QB2","53.8"
"54","1383807","Quinshon Judkins","RB","CLV","54","RB22","55.6"
"55","1067918","Christian Watson","WR","GB","55","WR28","55.1"
"56","1069808","D'Andre Swift","RB","CHI","56","RB23","50.6"
"57","1213727","Rome Odunze","WR","CHI","57","WR29","59.0"
"58","1286803","Drake Maye","QB","NE","58","QB3","64.0"
"59","1287923","Bucky Irving","RB","TB","59","RB24","60.6"
"60","1229083","Tyler Warren","TE","IND","60","TE4","61.2"
"61","1441839","Carnell Tate","WR","TEN","61","WR30","62.2"
"62","878785","Joe Burrow","QB","CIN","62","QB4","58.9"
"63","1229074","Parker Washington","WR","JAX","63","WR31","64.5"
"64","1287837","TreVeyon Henderson","RB","NE","64","RB25","57.2"
"65","1286064","Brian Thomas Jr.","WR","JAX","65","WR32","66.0"
"66","1161228","Jayden Daniels","QB","WAS","66","QB5","69.8"
"67","1394692","Jordyn Tyson","WR","NO","67","WR33","68.9"
"68","880398","Tony Pollard","RB","TEN","68","RB26","72.4"
"69","913271","Jalen Hurts","QB","PHI","69","QB6","75.3"
"70","1383791","Jadarian Price","RB","SEA","70","RB27","64.1"
"71","1287828","Marvin Harrison Jr.","WR","ARZ","71","WR34","66.8"
"72","945633","DK Metcalf","WR","PIT","72","WR35","76.1"
"73","1174682","Rhamondre Stevenson","RB","NE","73","RB28","76.2"
"74","1213865","Quentin Johnston","WR","LAC","74","WR36","72.6"
"75","1176443","Jaylen Warren","RB","PIT","75","RB29","73.7"
"76","1062047","Chuba Hubbard","RB","CAR","76","RB30","83.5"
"77","591816","Dak Prescott","QB","DAL","77","QB7","79.9"
"78","1107027","Alec Pierce","WR","IND","78","WR37","80.8"
"79","1286445","Caleb Williams","QB","CHI","79","QB8","71.7"
"80","838878","Courtland Sutton","WR","DEN","80","WR38","83.2"
"81","910562","Justin Herbert","QB","LAC","81","QB9","82.9"
"82","1110711","Trevor Lawrence","QB","JAX","82","QB10","85.4"
"83","1441120","Makai Lemon","WR","PHI","83","WR39","85.4"
"84","911348","Michael Pittman","WR","PIT","84","WR40","92.1"
"85","835127","Chris Godwin Jr.","WR","TB","85","WR41","78.7"
"86","1123398","Jayden Reed","WR","GB","86","WR42","93.4"
"87","1168926","Sam LaPorta","TE","DET","87","TE5","88.2"
"88","1181874","Tucker Kraft","TE","GB","88","TE6","77.5"
"89","1123026","Kyle Pitts","TE","ATL","89","TE7","87.2"
"90","1123529","Michael Wilson","WR","ARZ","90","WR43","87.9"
"91","839031","Patrick Mahomes","QB","KC","91","QB11","96.8"
"92","1214250","Jordan Addison","WR","MIN","92","WR44","98.9"
"93","933480","Rico Dowdle","RB","PIT","93","RB31","90.8"
"94","1215077","Josh Downs","WR","IND","94","WR45","96.0"
"95","323205","Matthew Stafford","QB","LA","95","QB12","90.5"
"96","1130705","Kenny Gainwell","RB","TB","96","RB32","95.6"
"97","1172401","RJ Harvey","RB","DEN","97","RB33","85.4"
"98","1121761","Brock Purdy","QB","SF","98","QB13","97.9"
"99","1164875","Wan'Dale Robinson","WR","TEN","99","WR46","105.8"
"100","1286260","Jaxson Dart","QB","NYG","100","QB14","103.5"
"101","880151","Jakobi Meyers","WR","JAX","101","WR47","114.3"
"102","1394752","Harold Fannin Jr.","TE","CLV","102","TE8","102.8"
"103","1161416","Ricky Pearsall","WR","SF","103","WR48","99.1"
"104","727837","Jared Goff","QB","DET","104","QB15","104.4"
"105","1250886","Kyle Monangai","RB","CHI","105","RB34","101.2"
"106","1229540","Blake Corum","RB","LA","106","RB35","102.0"
"107","1161899","Bo Nix","QB","DEN","107","QB16","109.7"
"108","879799","Kyler Murray","QB","MIN","108","QB17","112.0"
"109","1326601","Jonathon Brooks","RB","CAR","109","RB36","95.2"
"110","733672","George Kittle","TE","SF","110","TE9","108.5"
"111","912137","Jordan Love","QB","GB","111","QB18","113.9"
"112","1326638","Xavier Worthy","WR","KC","112","WR49","110.5"
"113","1122653","Romeo Doubs","WR","NE","113","WR50","120.4"
"114","791365","Dallas Goedert","TE","PHI","114","TE10","121.8"
"115","741314","Aaron Jones","RB","MIN","115","RB37","126.0"
"116","976513","J.K. Dobbins","RB","DEN","116","RB38","108.5"
"117","1110306","Tyler Shough","QB","NO","117","QB19","118.1"
"118","1229343","Rachaad White","RB","WAS","118","RB39","112.2"
"119","448240","Travis Kelce","TE","KC","119","TE11","119.4"
"120","1441576","KC Concepcion","WR","CLV","120","WR51","126.6"
"121","1379267","Matthew Golden","WR","GB","121","WR52","115.7"
"122","748070","Baker Mayfield","QB","TB","122","QB20","121.0"
"123","976323","Malik Willis","QB","MIA","123","QB21","131.7"
"124","1135513","Dalton Kincaid","TE","BUF","124","TE12","112.9"
"125","1125111","Isaiah Likely","TE","NYG","125","TE13","119.6"
"126","1065361","Jake Ferguson","TE","DAL","126","TE14","128.4"
"127","820699","Mark Andrews","TE","BLT","127","TE15","131.1"
"128","1130603","Khalil Shakir","WR","BUF","128","WR53","123.3"
"129","1274492","Jayden Higgins","WR","HST","129","WR54","132.5"
"130","880026","Sam Darnold","QB","SEA","130","QB22","135.8"
"131","694041","Stefon Diggs","WR","FA","131","WR55","136.6"
"132","1218753","Jalen Coker","WR","CAR","132","WR56","129.2"
"133","1214084","C.J. Stroud","QB","HST","133","QB23","141.9"
"134","923412","Rashid Shaheed","WR","SEA","134","WR57","134.6"
"135","1164940","Brenton Strange","TE","JAX","135","TE16","147.7"
"136","1106832","Isiah Pacheco","RB","DET","136","RB40","144.8"
"137","1394825","Omar Cooper Jr.","WR","NYJ","137","WR58","151.9"
"138","1213726","Jalen McMillan","WR","TB","138","WR59","142.1"
"139","1106374","Chig Okonkwo","TE","WAS","139","TE17","138.5"
"140","1109708","Tyrone Tracy Jr.","RB","NYG","140","RB41","132.6"
"141","1228691","Cam Ward","QB","TEN","141","QB24","139.9"
"142","884609","Juwan Johnson","TE","NO","142","TE18","150.0"
"143","1444547","Kenyon Sadiq","TE","NYJ","143","TE19","161.8"
"144","1325624","Oronde Gadsden II","TE","LAC","144","TE20","147.2"
"145","744425","Hunter Henry","TE","NE","145","TE21","155.2"
"146","867009","Jauan Jennings","WR","MIN","146","WR60","154.6"
"147","1116001","Jordan Mason","RB","MIN","147","RB42","116.2"
"148","1164979","Tre Tucker","WR","LV","148","WR61","159.0"
"149","879981","Daniel Jones","QB","IND","149","QB25","145.3"
"150","1393832","Ryan Flournoy","WR","DAL","150","WR62","163.7"
"151","1126817","Jalen Nailor","WR","LV","151","WR63","148.7"
"152","1378290","Antonio Williams","WR","WAS","152","WR64","173.9"
"153","923915","T.J. Hockenson","TE","MIN","153","TE22","165.0"
"154","1231652","Woody Marks","RB","HST","154","RB43","142.4"
"155","830523","Dalton Schultz","TE","HST","155","TE23","171.2"
"156","1113403","Chris Rodriguez Jr.","RB","JAX","156","RB44","138.5"
"157","1164530","Zach Charbonnet","RB","SEA","157","RB45","153.3"
"158","835749","Deebo Samuel Sr.","WR","FA","158","WR65","170.2"
"159","1191186","Jacory Croskey-Merritt","RB","WAS","159","RB46","123.7"
"160","1213257","Bryce Young","QB","CAR","160","QB26","152.0"
"161","1169430","Tyjae Spears","RB","TEN","161","RB47","154.9"
"162","1222789","Keaton Mitchell","RB","LAC","162","RB48","141.0"
"163","1399910","Dylan Sampson","RB","CLV","163","RB49","168.9"
"164","1379904","Denzel Boston","WR","CLV","164","WR66","165.6"
"165","513856","Geno Smith","QB","NYJ","165","QB27","180.0"
"166","1285908","Adonai Mitchell","WR","NYJ","166","WR67","176.5"
"167","607047","Jacoby Brissett","QB","ARZ","167","QB28","165.3"
"168","1286438","Gunnar Helm","TE","TEN","168","TE24","180.9"
"169","973935","Jerry Jeudy","WR","CLV","169","WR68","183.1"
"170","1172428","Dontayvion Wicks","WR","PHI","170","WR69","187.3"
"171","973966","Brian Robinson","RB","ATL","171","RB50","177.4"
"172","1380594","Jonah Coleman","RB","DEN","172","RB51","167.3"
"173","1229503","AJ Barner","TE","SEA","173","TE25","184.8"
"174","1128085","Greg Dulcich","TE","MIA","174","TE26","172.0"
"175","1049263","Cade Otton","TE","TB","175","TE27","186.0"
"176","1116662","Pat Freiermuth","TE","PIT","176","TE28","196.1"
"177","698227","Cooper Kupp","WR","SEA","177","WR70","197.9"
"178","1173255","Malik Washington","WR","MIA","178","WR71","160.6"
"179","1131198","Tyler Allgeier","RB","ARZ","179","RB52","159.9"
"180","750846","Alvin Kamara","RB","NO","180","RB53","152.6"
"181","1441362","Isaac TeSlaa","WR","DET","181","WR72","167.5"
"182","213957","Aaron Rodgers","QB","PIT","182","QB29","166.2"
"183","1399275","Travis Hunter","WR","JAX","183","WR73","156.5"
"184","1380613","Germie Bernard","WR","PIT","184","WR74","198.2"
"185","1441110","Zachariah Branch","WR","ATL","185","WR75","189.3"
"186","1215035","Tank Bigsby","RB","PHI","186","RB54","171.7"
"187","1060312","Colby Parkinson","TE","LA","187","TE29","200.7"
"188","1286818","De'Zhaun Stribling","WR","SF","188","WR76","181.9"
"189","1400786","Fernando Mendoza","QB","LV","189","QB30","174.5"
"190","1214633","Tre Harris","WR","LAC","190","WR77","179.6"
"191","1286179","Terrance Ferguson","TE","LA","191","TE30","186.9"
"192","923109","Justice Hill","RB","BLT","192","RB55","205.9"
"193","884013","Calvin Ridley","WR","TEN","193","WR78","193.3"
"194","836152","Mike Gesicki","TE","CIN","194","TE31","211.0"
"195","749185","Evan Engram","TE","DEN","195","TE32","215.7"
"196","865801","Christian Kirk","WR","SF","196","WR79","203.7"
"197","1165229","Ray Davis","RB","BUF","197","RB56","191.9"
"198","1289428","Mike Washington Jr.","RB","LV","198","RB57","211.2"
"199","1378898","Jaydon Blue","RB","DAL","199","RB58","181.6"
"200","1379259","Kaytron Allen","RB","WAS","200","RB59","209.6"
"201","1286370","Jaylin Noel","WR","HST","201","WR80","222.9"
"202","1128222","Tank Dell","WR","HST","202","WR81","189.4"
"203","1389700","Chris Bell","WR","MIA","203","WR82","226.2"
"204","557210","Keenan Allen","WR","LAC","204","WR83","227.6"
"205","912027","Darnell Mooney","WR","NYG","205","WR84","206.2"
"206","1108208","Rashod Bateman","WR","BLT","206","WR85","214.5"
"207","1228633","Sean Tucker","RB","TB","207","RB60","190.9"
"208","1400788","Chris Brazzell II","WR","CAR","208","WR86","227.9"
"209","973947","Tua Tagovailoa","QB","ATL","209","QB31","192.9"
"210","1286176","Troy Franklin","WR","DEN","210","WR87","212.2"
"211","1392584","Elijah Sarratt","WR","BLT","211","WR88","223.9"
"212","1213362","Kayshon Boutte","WR","NE","212","WR89","205.3"
"213","877784","Ty Johnson","RB","BUF","213","RB61","225.6"
"214","1110301","Tyquan Thornton","WR","KC","214","WR90","219.8"
"215","1232592","Michael Mayer","TE","LV","215","TE33","227.6"
"216","1319589","Malachi Fields","WR","NYG","216","WR91","218.6"
"217","832098","David Njoku","TE","LAC","217","TE34","206.2"
"218","1379251","Emmett Johnson","RB","KC","218","RB62","199.7"
"219","865958","KaVontae Turpin","WR","DAL","219","WR92","228.4"
"220","1394798","Caleb Douglas","WR","MIA","220","WR93","229.9"
"221","1180625","George Holani","RB","SEA","221","RB63","217.2"
"222","1303569","DJ Giddens","RB","IND","222","RB64","227.1"
"223","1322431","Keon Coleman","WR","BUF","223","WR94","207.9"
"224","1305866","Pat Bryant","WR","DEN","224","WR95","220.6"
"225","1521285","Ted Hurst III","WR","TB","225","WR96","216.2"
"226","820734","Samaje Perine","RB","CIN","226","RB65","224.9"
"227","1398153","Zavion Thomas","WR","CHI","227","WR97","230.2"
"228","880557","Darius Slayton","WR","NYG","228","WR98","229.5"
"229","742390","James Conner","RB","ARZ","229","RB66","222.5"
"230","1399272","Kevin Coleman Jr.","WR","MIA","230","WR99","231.4"
"231","1124851","Andrei Iosivas","WR","CIN","231","WR100","229.1"
"232","1286065","Eli Stowers","TE","PHI","232","TE35","222.4"
"233","1326628","Ja'Tavion Sanders","TE","CAR","233","TE36","231.0"
"234","1325016","Bryce Lance","WR","NO","234","WR101","229.4"
"235","1400657","Jordan James","RB","SF","235","RB67","219.6"
"236","1325234","Skyler Bell","WR","BUF","236","WR102","230.3"
"237","1458888","Ja'Kobi Lane","WR","BLT","237","WR103","229.5"
"238","883976","Olamide Zaccheaus","WR","ATL","238","WR104","230.5"
"239","1390910","Demond Claiborne","RB","MIN","239","RB68","216.6"
"240","1223393","Tory Horton","WR","SEA","240","WR105","227.0"
"241","1447759","Emanuel Wilson","RB","SEA","241","RB69","224.9"
"242","828743","Deshaun Watson","QB","CLV","242","QB32","221.2"
"243","1272321","Shedeur Sanders","QB","CLV","243","QB33","214.6"
"244","403308","Kirk Cousins","QB","LV","244","QB34","218.4"
"245","1395319","Elic Ayomanor","WR","TEN","245","WR106","229.3"
"246","1381263","Mason Taylor","TE","NYJ","246","TE37","231.0"
"247","1107478","Michael Penix Jr.","QB","ATL","247","QB35","223.9"
"248","1127065","Chris Brooks","RB","GB","248","RB70","227.8"
"249","1215772","Kaelon Black","RB","SF","249","RB71","224.7"
"250","1286046","Jack Bech","WR","LV","250","WR107","230.6"
"251","1382670","Cyrus Allen","WR","KC","251","WR108","230.7"
"252","1287599","J.J. McCarthy","QB","MIN","252","QB36","226.1"
"253","1287798","Deion Burks","WR","IND","253","WR109","229.0"
"254","1441191","Malik Benson","WR","LV","254","WR110","228.3"
"255","1226616","CJ Daniels","WR","LA","255","WR111","229.8"