"","","","","Projection","","","","","Draft","","Passing","","","","","Rushing","","","Receiving","","",""
"RANK","NAME","Position","Team","BYE","FPTS","GP","FPTS/G","TIER","POS","ADP","ATT","CMP","YDS","TD","INT","ATT","YDS","TD","TGT","REC","YDS","TD"
"1","Jahmyr Gibbs","RB","DET","6","349.8","15","23.32","1","1","1.1","0","0","0","0.0","0","272","1353","13.5","79","65","496","3.3"
"2","Bijan Robinson","RB","ATL","11","338.0","15","22.53","1","2","2.9","0","0","0","0.0","0","293","1370","9.7","82","67","587","3.1"
"3","Josh Allen","QB","BUF","7","335.9","15","22.39","1","1","21.3","466","311","3585","24.6","11","106","523","9.2","0","0","0","0.0"
"4","Puka Nacua","WR","LA","11","313.6","15","20.91","1","2","4.4","0","0","0","0.0","0","12","74","0.5","149","109","1456","8.2"
"5","Lamar Jackson","QB","BLT","13","312.2","15","20.81","2","2","32.5","434","283","3528","24.0","9","121","668","3.5","0","0","0","0.0"
"6","Jonathan Taylor","RB","IND","13","311.1","15","20.74","2","4","7.3","0","0","0","0.0","0","290","1372","13.7","57","47","346","1.9"
"7","Jayden Daniels","QB","WAS","7","309.0","15","20.60","2","6","64.3","435","282","3287","19.8","8","132","807","4.8","0","0","0","0.0"
"8","Drake Maye","QB","NE","11","306.0","15","20.40","2","3","47.6","458","309","3728","25.3","10","94","507","3.2","0","0","0","0.0"
"9","Jalen Hurts","QB","PHI","10","303.4","15","20.22","2","5","59.2","458","301","3354","21.7","7","109","502","7.1","0","0","0","0.0"
"10","Christian McCaffrey","RB","SF","8","296.3","14.5","20.43","2","3","5.4","0","0","0","0.0","0","247","981","8.4","80","66","547","4.6"
"11","Joe Burrow","QB","CIN","6","295.7","15","19.71","3","4","51.1","543","368","3971","31.0","11","40","173","1.5","0","0","0","0.0"
"12","Dak Prescott","QB","DAL","14","295.5","15","19.70","3","8","77.8","536","360","4058","29.3","12","49","188","1.9","0","0","0","0.0"
"13","Ja'Marr Chase","WR","CIN","6","285.1","15","19.01","2","1","3.1","0","0","0","0.0","0","3","18","0.0","146","102","1270","9.1"
"14","Trevor Lawrence","QB","JAX","7","282.3","15","18.82","3","12","100.2","501","319","3665","23.7","12","66","296","4.3","0","0","0","0.0"
"15","Justin Herbert","QB","LAC","7","280.6","15","18.71","4","9","82.2","514","340","3783","25.2","10","62","306","1.8","0","0","0","0.0"
"16","Brock Purdy","QB","SF","8","278.9","15","18.59","4","15","122.4","471","314","3720","27.1","14","57","254","2.2","0","0","0","0.0"
"17","Jaxon Smith-Njigba","WR","SEA","11","275.3","15","18.35","2","3","5.2","0","0","0","0.0","0","3","15","0.0","131","92","1299","8.8"
"18","Jaxson Dart","QB","NYG","8","273.7","14.5","18.88","4","10","91.5","428","274","3047","18.7","9","100","559","5.6","0","0","0","0.0"
"19","James Cook","RB","BUF","7","273.7","15","18.25","3","5","10.4","0","0","0","0.0","0","277","1367","10.5","42","34","307","1.8"
"20","Caleb Williams","QB","CHI","10","272.9","15","18.19","4","7","71.2","506","308","3623","23.7","10","65","336","2.0","0","0","0","0.0"
"21","Matthew Stafford","QB","LA","11","271.6","15","18.10","4","11","95.8","522","340","4015","29.5","10","25","23","0.4","0","0","0","0.0"
"22","Bo Nix","QB","DEN","10","270.8","15","18.05","4","14","119.4","533","343","3584","23.8","11","69","308","2.3","0","0","0","0.0"
"23","De'Von Achane","RB","MIA","6","270.1","15","18.01","3","6","11.8","0","0","0","0.0","0","237","1179","6.0","70","59","416","2.7"
"24","Patrick Mahomes","QB","KC","5","269.9","15","17.99","4","13","107.3","511","333","3680","24.8","11","55","311","1.0","0","0","0","0.0"
"25","Amon-Ra St. Brown","WR","DET","6","268.6","15","17.90","3","4","8.0","0","0","0","0.0","0","3","19","0.1","140","96","1211","8.2"
"26","Saquon Barkley","RB","PHI","10","267.6","15","17.84","3","7","13.7","0","0","0","0.0","0","288","1288","9.9","52","41","292","1.8"
"27","Malik Willis","QB","MIA","6","265.7","15","17.71","4","23","194.5","400","270","2814","16.5","11","114","758","4.2","0","0","0","0.0"
"28","Tyler Shough","QB","NO","8","264.9","15","17.66","5","22","185.8","523","348","3695","20.8","10","64","299","2.9","0","0","0","0.0"
"29","Jared Goff","QB","DET","6","262.4","15","17.49","5","16","133.1","513","346","3958","27.1","8","21","44","0.3","0","0","0","0.0"
"30","Kyler Murray","QB","MIN","6","259.6","14","18.54","5","19","159.0","463","310","3252","20.9","9","71","415","2.7","0","0","0","0.0"
"31","Jordan Love","QB","GB","11","255.3","15","17.02","5","18","149.5","470","303","3546","24.7","8","42","181","1.2","0","0","0","0.0"
"32","CeeDee Lamb","WR","DAL","14","252.3","15","16.82","4","5","9.5","0","0","0","0.0","0","2","13","0.1","132","88","1179","7.5"
"33","Justin Jefferson","WR","MIN","6","251.7","15","16.78","4","6","11.5","0","0","0","0.0","0","2","10","0.1","134","89","1161","7.6"
"34","Baker Mayfield","QB","TB","10","251.4","15","16.76","5","17","143.3","489","308","3451","23.9","12","53","255","1.1","0","0","0","0.0"
"35","Sam Darnold","QB","SEA","11","247.2","15","16.48","6","20","175.6","470","307","3732","23.3","12","41","140","0.8","0","0","0","0.0"
"36","C.J. Stroud","QB","HST","8","246.8","15","16.45","6","24","203.1","493","315","3563","22.1","12","48","217","1.5","0","0","0","0.0"
"37","Kenneth Walker III","RB","KC","5","243.9","15","16.26","4","11","19.7","0","0","0","0.0","0","243","1085","9.5","46","39","306","1.7"
"38","Derrick Henry","RB","BLT","13","243.9","15","16.26","4","12","20.2","0","0","0","0.0","0","276","1364","12.4","20","16","158","0.4"
"39","Daniel Jones","QB","IND","13","240.4","14","17.17","6","25","203.2","469","311","3407","20.3","10","50","189","2.7","0","0","0","0.0"
"40","Chase Brown","RB","CIN","6","239.0","15","15.93","4","10","16.7","0","0","0","0.0","0","206","892","6.6","66","55","387","2.8"
"41","Drake London","WR","ATL","11","233.9","15","15.59","5","7","17.1","0","0","0","0.0","0","0","0","0.0","134","86","1068","6.9"
"42","Breece Hall","RB","NYJ","13","232.6","15","15.50","4","16","33.5","0","0","0","0.0","0","242","1072","5.8","53","45","354","1.9"
"43","Rashee Rice","WR","KC","5","230.6","14.5","15.90","5","12","28.7","0","0","0","0.0","0","4","21","0.2","122","88","967","7.3"
"44","Jacoby Brissett","QB","ARZ","14","230.3","14","16.45","7","34","243.0","469","303","3284","20.6","8","42","188","1.5","0","0","0","0.0"
"45","Chris Olave","WR","NO","8","228.3","15","15.22","5","13","29.9","0","0","0","0.0","0","1","7","0.0","132","87","1072","5.7"
"46","Josh Jacobs","RB","GB","11","227.2","14","16.23","5","15","31.7","0","0","0","0.0","0","244","1023","10.7","40","33","222","1.1"
"47","Nico Collins","WR","HST","8","224.2","15","14.94","5","10","25.3","0","0","0","0.0","0","1","4","0.0","124","79","1072","6.3"
"48","Omarion Hampton","RB","LAC","7","223.3","15","14.89","5","9","15.2","0","0","0","0.0","0","216","973","7.7","53","44","269","1.7"
"49","Geno Smith","QB","NYJ","13","222.9","15","14.86","7","98","999.0","479","317","3325","21.1","14","49","172","1.0","0","0","0","0.0"
"50","Ashton Jeanty","RB","LV","13","222.9","13","17.14","5","8","14.5","0","0","0","0.0","0","212","876","6.8","59","48","338","2.4"
"51","Javonte Williams","RB","DAL","14","221.4","15","14.76","5","17","35.8","0","0","0","0.0","0","246","1081","8.6","44","36","177","1.5"
"52","A.J. Brown","WR","NE","11","220.9","15","14.73","5","8","17.9","0","0","0","0.0","0","2","13","0.1","115","77","1035","6.5"
"53","Kyren Williams","RB","LA","11","219.1","15","14.60","5","14","29.5","0","0","0","0.0","0","229","1052","9.0","38","31","218","1.4"
"54","David Montgomery","RB","HST","8","217.7","15","14.51","5","21","49.0","0","0","0","0.0","0","263","1115","8.6","37","30","218","0.7"
"55","Brock Bowers","TE","LV","13","217.3","15","14.48","1","2","23.3","0","0","0","0.0","0","4","9","0.0","115","87","916","6.3"
"56","Tee Higgins","WR","CIN","6","217.2","15","14.48","6","14","34.4","0","0","0","0.0","0","0","0","0.0","107","70","974","8.4"
"57","George Pickens","WR","DAL","14","217.2","14.5","14.98","6","9","23.1","0","0","0","0.0","0","2","9","0.1","112","75","1024","6.6"
"58","Garrett Wilson","WR","NYJ","13","217.1","15","14.47","6","20","45.9","0","0","0","0.0","0","2","10","0.0","126","83","966","6.2"
"59","Bryce Young","QB","CAR","5","213.2","15","14.22","8","27","227.3","462","293","3026","18.9","10","46","224","1.1","0","0","0","0.0"
"60","Aaron Rodgers","QB","PIT","9","212.3","15","14.15","8","30","228.8","479","313","3136","21.8","8","19","69","0.4","0","0","0","0.0"
"61","DeVonta Smith","WR","PHI","10","212.0","15","14.13","6","15","35.2","0","0","0","0.0","0","0","0","0.0","118","79","962","6.1"
"62","Zay Flowers","WR","BLT","13","211.4","15","14.10","6","19","41.1","0","0","0","0.0","0","6","33","0.1","106","71","1030","5.6"
"63","Cam Ward","QB","TEN","9","209.8","15","13.99","8","28","227.6","504","316","3186","17.8","10","42","177","1.2","0","0","0","0.0"
"64","Bucky Irving","RB","TB","10","207.1","14.5","14.28","6","18","41.7","0","0","0","0.0","0","218","908","6.4","42","35","321","1.9"
"65","Ladd McConkey","WR","LAC","7","206.5","15","13.77","6","17","38.4","0","0","0","0.0","0","0","0","0.0","114","75","953","6.2"
"66","Jeremiyah Love","RB","ARZ","14","205.6","14","14.69","6","13","26.7","0","0","0","0.0","0","196","890","6.7","49","40","288","1.6"
"67","Malik Nabers","WR","NYG","8","204.6","14","14.62","6","11","27.6","0","0","0","0.0","0","0","0","0.0","117","74","950","6.0"
"68","Davante Adams","WR","LA","11","204.5","15","13.63","6","22","50.2","0","0","0","0.0","0","0","0","0.0","115","68","874","8.2"
"69","Quinshon Judkins","RB","CLV","11","204.2","15","13.61","6","22","53.0","0","0","0","0.0","0","268","997","7.4","38","30","239","1.1"
"70","D'Andre Swift","RB","CHI","10","202.9","15","13.53","6","24","55.0","0","0","0","0.0","0","206","956","7.0","40","32","261","1.4"
"71","Trey McBride","TE","ARZ","14","201.7","15","13.45","2","1","22.4","0","0","0","0.0","0","0","0","0.0","119","91","776","5.6"
"72","Bhayshul Tuten","RB","JAX","7","201.6","15","13.44","6","25","62.5","0","0","0","0.0","0","236","986","8.2","34","27","203","1.3"
"73","Rhamondre Stevenson","RB","NE","11","201.1","15","13.40","6","30","81.6","0","0","0","0.0","0","183","792","6.5","46","39","333","2.1"
"74","Jameson Williams","WR","DET","6","199.8","15","13.32","7","26","58.3","0","0","0","0.0","0","6","32","0.2","95","62","974","6.1"
"75","Travis Etienne","RB","NO","8","199.8","15","13.32","6","20","44.6","0","0","0","0.0","0","204","879","6.5","44","37","276","1.5"
"76","Mike Evans","WR","SF","8","194.3","15","12.95","7","27","61.0","0","0","0","0.0","0","0","0","0.0","103","65","843","7.6"
"77","Emeka Egbuka","WR","TB","10","193.2","15","12.88","7","18","39.8","0","0","0","0.0","0","2","10","0.0","114","66","883","6.4"
"78","Terry McLaurin","WR","WAS","7","192.4","15","12.82","7","24","56.1","0","0","0","0.0","0","0","0","0.0","99","63","959","5.6"
"79","Tetairoa McMillan","WR","CAR","5","188.7","15","12.58","7","16","37.0","0","0","0","0.0","0","0","0","0.0","108","68","882","5.5"
"80","Jaylen Waddle","WR","DEN","10","188.6","15","12.58","7","21","46.6","0","0","0","0.0","0","2","10","0.0","105","66","888","5.5"
"81","Christian Watson","WR","GB","11","187.1","14","13.36","7","30","70.3","0","0","0","0.0","0","2","9","0.1","93","57","905","6.4"
"82","Colston Loveland","TE","CHI","10","186.0","15","12.40","3","3","40.8","0","0","0","0.0","0","1","4","0.0","104","73","796","5.5"
"83","Parker Washington","WR","JAX","7","185.4","15","12.36","7","34","76.0","0","0","0","0.0","0","6","29","0.2","103","65","848","5.4"
"84","Tyler Warren","TE","IND","13","184.4","15","12.30","3","4","47.5","0","0","0","0.0","0","5","9","0.7","101","73","770","4.9"
"85","Jaylen Warren","RB","PIT","9","184.4","15","12.29","7","27","71.9","0","0","0","0.0","0","169","768","5.1","46","40","288","1.5"
"86","DJ Moore","WR","BUF","7","184.1","15","12.27","8","25","57.9","0","0","0","0.0","0","8","48","0.2","105","68","777","5.5"
"87","Rome Odunze","WR","CHI","10","183.0","15","12.20","8","28","65.0","0","0","0","0.0","0","0","0","0.0","111","63","841","6.0"
"88","Luther Burden III","WR","CHI","10","182.9","15","12.20","8","23","52.4","0","0","0","0.0","0","7","35","0.0","98","68","828","4.7"
"89","Michael Pittman","WR","PIT","9","181.6","15","12.11","8","40","101.3","0","0","0","0.0","0","0","0","0.0","117","78","723","5.3"
"90","Brian Thomas Jr.","WR","JAX","7","181.1","15","12.07","8","31","73.1","0","0","0","0.0","0","3","16","0.2","102","63","831","5.4"
"91","DK Metcalf","WR","PIT","9","180.4","15","12.03","8","32","74.7","0","0","0","0.0","0","1","8","0.0","104","65","809","5.7"
"92","Tony Pollard","RB","TEN","9","180.2","15","12.02","7","31","83.7","0","0","0","0.0","0","203","889","5.6","43","35","186","0.8"
"93","Jakobi Meyers","WR","JAX","7","179.5","15","11.96","8","47","115.5","0","0","0","0.0","0","4","17","0.1","101","68","808","4.7"
"94","Cam Skattebo","RB","NYG","8","178.8","15","11.92","7","19","43.6","0","0","0","0.0","0","195","814","7.0","35","29","204","1.2"
"95","Stefon Diggs","WR","WAS","7","178.3","15","11.89","8","44","110.8","0","0","0","0.0","0","0","0","0.0","96","67","826","4.8"
"96","Quentin Johnston","WR","LAC","7","178.2","15","11.88","8","46","113.9","0","0","0","0.0","0","2","11","0.1","96","60","836","5.5"
"97","Courtland Sutton","WR","DEN","10","176.1","15","11.74","8","35","80.9","0","0","0","0.0","0","0","0","0.0","98","61","799","5.9"
"98","TreVeyon Henderson","RB","NE","11","172.6","15","11.51","7","23","53.5","0","0","0","0.0","0","173","786","5.9","34","29","232","1.1"
"99","Rico Dowdle","RB","PIT","9","172.3","15","11.48","7","32","85.0","0","0","0","0.0","0","180","801","5.3","39","32","218","1.1"
"100","Carnell Tate","WR","TEN","9","168.1","15","11.21","9","29","65.9","0","0","0","0.0","0","0","0","0.0","104","67","770","4.2"
"101","Kenny Gainwell","RB","TB","10","168.1","15","11.20","8","37","111.9","0","0","0","0.0","0","138","589","4.1","52","43","319","1.9"
"102","Aaron Jones","RB","MIN","6","167.0","14","11.93","8","40","124.0","0","0","0","0.0","0","163","676","3.3","51","42","286","1.6"
"103","Chuba Hubbard","RB","CAR","5","166.9","14","11.92","8","28","77.0","0","0","0","0.0","0","200","767","5.9","36","30","187","1.1"
"104","Deshaun Watson","QB","CLV","11","166.2","12","13.85","9","77","999.0","391","242","2407","14.4","11","40","210","0.7","0","0","0","0.0"
"105","Kyle Pitts","TE","ATL","11","165.2","15","11.01","4","8","69.8","0","0","0","0.0","0","0","0","0.0","94","65","750","4.2"
"106","Jadarian Price","RB","SEA","11","163.9","15","10.93","8","26","67.9","0","0","0","0.0","0","211","939","6.6","21","18","118","0.5"
"107","Jordan Addison","WR","MIN","6","163.6","15","10.91","9","42","104.7","0","0","0","0.0","0","2","17","0.1","90","57","758","4.8"
"108","Sam LaPorta","TE","DET","6","163.5","14","11.68","4","5","59.6","0","0","0","0.0","0","0","0","0.0","81","63","697","5.1"
"109","Jayden Reed","WR","GB","11","161.4","15","10.76","9","45","112.9","0","0","0","0.0","0","12","77","0.4","81","56","689","4.4"
"110","Harold Fannin Jr.","TE","CLV","11","159.2","15","10.61","4","7","68.5","0","0","0","0.0","0","4","12","0.2","95","68","650","4.1"
"111","Travis Kelce","TE","KC","5","158.0","15","10.53","4","11","92.7","0","0","0","0.0","0","0","0","0.0","82","61","707","4.4"
"112","Chris Godwin Jr.","WR","TB","10","157.2","15","10.48","9","39","95.5","0","0","0","0.0","0","0","0","0.0","88","61","711","4.2"
"113","Dallas Goedert","TE","PHI","10","157.1","15","10.48","4","14","123.1","0","0","0","0.0","0","0","0","0.0","82","63","662","4.7"
"114","Jake Ferguson","TE","DAL","14","156.4","15","10.43","4","12","98.5","0","0","0","0.0","0","0","0","0.0","81","64","604","5.4"
"115","Marvin Harrison Jr.","WR","ARZ","14","155.5","15","10.37","17","33","75.8","0","0","0","0.0","0","0","0","0.0","102","60","692","4.4"
"116","Romeo Doubs","WR","NE","11","155.2","15","10.35","9","51","131.8","0","0","0","0.0","0","0","0","0.0","78","53","742","4.8"
"117","Fernando Mendoza","QB","LV","13","155.1","10","15.51","9","21","179.1","324","206","2230","13.2","7","33","146","1.3","0","0","0","0.0"
"118","George Kittle","TE","SF","8","152.0","13","11.69","4","10","89.4","0","0","0","0.0","0","1","2","0.0","72","56","645","5.3"
"119","Mark Andrews","TE","BLT","13","151.4","15","10.09","4","16","129.0","0","0","0","0.0","0","4","6","0.2","77","57","591","5.7"
"120","Juwan Johnson","TE","NO","8","150.1","15","10.01","5","23","187.1","0","0","0","0.0","0","0","0","0.0","83","63","665","3.5"
"121","Josh Downs","WR","IND","13","150.0","15","10.00","10","43","107.6","0","0","0","0.0","0","1","7","0.0","87","60","665","3.9"
"122","RJ Harvey","RB","DEN","10","149.7","15","9.98","9","29","79.5","0","0","0","0.0","0","124","485","3.6","54","45","260","1.6"
"123","Cooper Kupp","WR","SEA","11","148.6","15","9.90","10","77","220.5","0","0","0","0.0","0","0","1","0.0","78","54","738","3.5"
"124","Tucker Kraft","TE","GB","11","147.2","14.5","10.15","5","6","63.4","0","0","0","0.0","0","2","6","0.0","73","55","600","5.3"
"125","Deebo Samuel Sr.","WR","SF","8","147.2","15","9.81","10","53","137.4","0","0","0","0.0","0","14","68","0.6","73","51","646","3.6"
"126","Brenton Strange","TE","JAX","7","146.2","15","9.75","5","18","152.1","0","0","0","0.0","0","0","0","0.0","78","59","625","4.1"
"127","Michael Wilson","WR","ARZ","14","145.8","15","9.72","10","36","83.0","0","0","0","0.0","0","0","0","0.0","90","56","662","4.0"
"128","Xavier Worthy","WR","KC","5","144.3","15","9.62","10","54","140.4","0","0","0","0.0","0","13","75","0.4","81","50","602","4.0"
"129","Blake Corum","RB","LA","11","143.4","15","9.56","9","35","103.8","0","0","0","0.0","0","169","778","6.5","17","14","100","0.6"
"130","Jonathon Brooks","RB","CAR","5","141.4","15","9.43","9","36","106.1","0","0","0","0.0","0","162","688","4.8","30","25","149","0.9"
"131","Kyle Monangai","RB","CHI","10","140.0","15","9.33","9","34","99.8","0","0","0","0.0","0","155","668","4.9","27","21","184","0.9"
"132","Rachaad White","RB","WAS","7","137.7","15","9.18","9","41","131.3","0","0","0","0.0","0","130","526","4.1","36","32","221","1.2"
"133","Matthew Golden","WR","GB","11","137.2","15","9.15","10","50","127.9","0","0","0","0.0","0","7","36","0.1","68","44","649","4.1"
"134","Khalil Shakir","WR","BUF","7","136.9","15","9.13","10","55","143.6","0","0","0","0.0","0","1","4","0.0","75","56","615","3.2"
"135","Dalton Schultz","TE","HST","8","136.5","15","9.10","5","24","191.0","0","0","0","0.0","0","0","0","0.0","76","57","581","3.6"
"136","Keenan Allen","WR","IND","13","136.4","15","9.09","10","70","197.4","0","0","0","0.0","0","0","0","0.0","85","58","588","3.3"
"137","Jalen Coker","WR","CAR","5","136.0","14","9.72","10","56","145.8","0","0","0","0.0","0","0","0","0.0","74","50","664","3.3"
"138","Makai Lemon","WR","PHI","10","135.0","15","9.00","11","37","86.4","0","0","0","0.0","0","0","0","0.0","78","52","612","3.8"
"139","Dalton Kincaid","TE","BUF","7","133.4","14.5","9.20","6","9","87.4","0","0","0","0.0","0","0","0","0.0","69","52","566","4.2"
"140","Alec Pierce","WR","IND","13","133.4","13","10.26","11","41","101.7","0","0","0","0.0","0","0","0","0.0","74","43","671","3.9"
"141","Wan'Dale Robinson","WR","TEN","9","133.1","15","8.87","11","48","116.3","0","0","0","0.0","0","3","14","0.0","82","55","606","2.7"
"142","Tre Tucker","WR","LV","13","133.1","15","8.87","11","71","202.5","0","0","0","0.0","0","8","44","0.2","76","47","596","3.5"
"143","Hunter Henry","TE","NE","11","131.8","15","8.79","6","17","139.4","0","0","0","0.0","0","0","0","0.0","65","49","556","4.6"
"144","T.J. Hockenson","TE","MIN","6","131.3","15","8.75","6","20","164.0","0","0","0","0.0","0","0","0","0.0","75","57","519","3.7"
"145","Jerry Jeudy","WR","CLV","11","130.0","15","8.67","11","65","189.6","0","0","0","0.0","0","1","3","0.0","88","53","570","3.4"
"146","Jalen Nailor","WR","LV","13","130.0","15","8.67","11","64","182.4","0","0","0","0.0","0","2","12","0.0","75","47","599","3.6"
"147","Ryan Flournoy","WR","DAL","14","129.8","15","8.65","11","86","230.7","0","0","0","0.0","0","3","15","0.0","65","44","610","3.9"
"148","Jalen McMillan","WR","TB","10","129.7","14","9.27","11","72","209.2","0","0","0","0.0","0","2","13","0.0","69","44","594","4.2"
"149","Dontayvion Wicks","WR","PHI","10","128.2","15","8.55","11","296","999.0","0","0","0","0.0","0","0","0","0.0","64","41","653","3.7"
"150","Tua Tagovailoa","QB","ATL","11","127.3","9","14.14","10","32","236.5","295","193","2034","11.9","9","21","61","0.4","0","0","0","0.0"
"151","KC Concepcion","WR","CLV","11","127.1","15","8.47","11","49","121.3","0","0","0","0.0","0","0","0","0.0","80","50","575","3.4"
"152","Tyjae Spears","RB","TEN","9","126.8","14","9.06","10","49","165.8","0","0","0","0.0","0","120","508","2.8","39","33","206","0.9"
"153","Isaiah Likely","TE","NYG","8","125.6","15","8.38","6","13","109.5","0","0","0","0.0","0","0","0","0.0","68","51","554","3.4"
"154","Cade Otton","TE","TB","10","125.1","15","8.34","6","31","235.7","0","0","0","0.0","0","0","0","0.0","77","56","487","3.5"
"155","Rashid Shaheed","WR","SEA","11","124.2","15","8.28","11","57","147.0","0","0","0","0.0","0","7","40","0.2","69","44","567","3.1"
"156","Charlie Kolar","TE","LAC","7","123.5","15","8.23","6","158","999.0","0","0","0","0.0","0","0","0","0.0","60","45","561","3.8"
"157","Michael Penix Jr.","QB","ATL","11","118.5","8","14.81","10","29","227.9","260","160","1804","10.3","5","21","78","0.6","0","0","0","0.0"
"158","Adonai Mitchell","WR","NYJ","13","117.5","15","7.84","12","88","232.5","0","0","0","0.0","0","2","7","0.0","74","44","547","3.1"
"159","Keaton Mitchell","RB","LAC","7","115.3","14","8.23","10","53","181.1","0","0","0","0.0","0","103","467","2.7","34","27","205","0.9"
"160","Dylan Sampson","RB","CLV","11","114.0","15","7.60","10","55","188.2","0","0","0","0.0","0","74","260","1.7","50","41","291","1.4"
"161","AJ Barner","TE","SEA","11","114.0","15","7.60","7","21","183.1","0","0","0","0.0","0","6","10","0.5","53","41","462","3.9"
"162","Jauan Jennings","WR","MIN","6","113.4","15","7.56","12","69","196.3","0","0","0","0.0","0","0","0","0.0","64","42","526","3.2"
"163","J.K. Dobbins","RB","DEN","10","113.1","12","9.42","10","33","94.9","0","0","0","0.0","0","144","673","4.9","13","10","46","0.3"
"164","Denzel Boston","WR","CLV","11","112.9","15","7.53","12","59","166.0","0","0","0","0.0","0","0","0","0.0","69","43","520","3.1"
"165","Justice Hill","RB","BLT","13","112.6","15","7.51","10","153","999.0","0","0","0","0.0","0","74","350","2.3","39","32","242","1.4"
"166","Devaughn Vele","WR","NO","8","112.5","14","8.04","12","94","239.8","0","0","0","0.0","0","0","0","0.0","68","45","489","3.1"
"167","Caleb Douglas","WR","MIA","6","111.9","15","7.46","12","73","213.5","0","0","0","0.0","0","0","0","0.0","62","39","564","2.7"
"168","Kirk Cousins","QB","LV","13","111.7","7","15.95","11","86","999.0","241","158","1730","10.9","5","12","21","0.4","0","0","0","0.0"
"169","Rashod Bateman","WR","BLT","13","111.2","15","7.42","12","89","232.7","0","0","0","0.0","0","0","0","0.0","58","35","526","3.9"
"170","Chig Okonkwo","TE","WAS","7","111.1","15","7.40","7","22","185.5","0","0","0","0.0","0","0","0","0.0","56","42","513","2.9"
"171","Jacory Croskey-Merritt","RB","WAS","7","110.7","15","7.38","11","38","113.8","0","0","0","0.0","0","158","668","3.7","14","11","83","0.6"
"172","Calvin Ridley","WR","TEN","9","110.5","15","7.37","12","105","253.2","0","0","0","0.0","0","0","0","0.0","69","39","547","2.8"
"173","Pat Freiermuth","TE","PIT","9","108.2","15","7.21","7","32","239.9","0","0","0","0.0","0","0","0","0.0","57","43","453","3.4"
"174","Gunnar Helm","TE","TEN","9","105.9","15","7.06","7","30","233.1","0","0","0","0.0","0","0","0","0.0","58","45","431","3.0"
"175","Evan Engram","TE","DEN","10","105.9","15","7.06","7","141","999.0","0","0","0","0.0","0","1","3","0.0","66","46","441","2.6"
"176","Malik Washington","WR","MIA","6","105.3","15","7.02","12","62","173.2","0","0","0","0.0","0","9","54","0.3","64","47","379","2.3"
"177","Ty Johnson","RB","BUF","7","104.9","15","6.99","11","156","999.0","0","0","0","0.0","0","58","253","2.1","35","28","283","1.9"
"178","Kayshon Boutte","WR","HST","8","104.4","15","6.96","12","79","223.7","0","0","0","0.0","0","0","0","0.0","59","36","502","3.1"
"179","Jordyn Tyson","WR","NO","8","102.1","11","9.28","13","38","89.4","0","0","0","0.0","0","0","0","0.0","55","36","495","2.8"
"180","KaVontae Turpin","WR","DAL","14","102.0","15","6.80","13","282","999.0","0","0","0","0.0","0","16","90","0.4","44","31","431","2.9"
"181","Malachi Fields","WR","NYG","8","101.3","15","6.75","13","76","219.8","0","0","0","0.0","0","0","0","0.0","57","37","477","2.9"
"182","Jaylin Noel","WR","HST","8","101.2","14","7.23","13","74","213.7","0","0","0","0.0","0","2","13","0.0","53","35","464","3.0"
"183","Marvin Mims Jr.","WR","DEN","10","99.6","15","6.64","13","75","219.5","0","0","0","0.0","0","11","59","0.3","53","38","398","2.4"
"184","Tre Harris","WR","LAC","7","99.4","15","6.63","13","87","231.4","0","0","0","0.0","0","2","14","0.1","54","36","439","2.9"
"185","Omar Cooper Jr.","WR","NYJ","13","96.7","15","6.45","13","66","190.1","0","0","0","0.0","0","0","0","0.0","53","35","453","2.8"
"186","Greg Dulcich","TE","MIA","6","96.0","12","8.00","8","28","229.7","0","0","0","0.0","0","0","0","0.0","48","36","444","2.6"
"187","Michael Mayer","TE","LV","13","95.8","14","6.84","8","126","999.0","0","0","0","0.0","0","0","0","0.0","54","39","412","2.7"
"188","De'Zhaun Stribling","WR","SF","8","95.1","15","6.34","13","52","137.0","0","0","0","0.0","0","0","0","0.0","48","32","474","2.7"
"189","Samaje Perine","RB","CIN","6","94.4","15","6.30","12","136","999.0","0","0","0","0.0","0","94","404","2.7","23","20","145","0.7"
"190","Kenyon Sadiq","TE","NYJ","13","92.2","14","6.59","8","19","153.4","0","0","0","0.0","0","0","0","0.0","50","38","397","2.6"
"191","Kendrick Bourne","WR","ARZ","14","91.6","15","6.10","13","307","999.0","0","0","0","0.0","0","1","5","0.0","49","32","443","2.5"
"192","Woody Marks","RB","HST","8","91.3","15","6.09","12","46","160.8","0","0","0","0.0","0","82","321","2.0","31","23","174","1.2"
"193","Brian Robinson","RB","ATL","11","90.8","15","6.05","12","45","155.8","0","0","0","0.0","0","118","466","3.2","18","14","87","0.4"
"194","Pat Bryant","WR","DEN","10","89.4","15","5.96","13","","1165.0","0","0","0","0.0","0","0","0","0.0","50","33","418","2.5"
"195","Tyler Allgeier","RB","ARZ","14","89.3","15","5.95","12","43","146.1","0","0","0","0.0","0","118","501","3.8","10","8","71","0.2"
"196","Darnell Mooney","WR","NYG","8","89.0","15","5.93","13","102","249.2","0","0","0","0.0","0","0","0","0.0","55","33","418","2.3"
"197","Zach Charbonnet","RB","SEA","11","88.8","9","9.86","12","44","148.6","0","0","0","0.0","0","87","356","4.3","17","14","102","0.6"
"198","Mason Taylor","TE","NYJ","13","88.4","15","5.89","8","27","224.3","0","0","0","0.0","0","0","0","0.0","50","37","357","2.6"
"199","Xavier Legette","WR","CAR","5","88.2","15","5.88","13","","1190.0","0","0","0","0.0","0","3","13","0.0","58","35","369","2.5"
"200","Tank Dell","WR","HST","8","88.0","12","7.34","13","63","176.8","0","0","0","0.0","0","0","0","0.0","47","29","434","2.5"
"201","Isaac TeSlaa","WR","DET","6","87.5","15","5.84","13","80","224.5","0","0","0","0.0","0","0","0","0.0","47","29","411","2.9"
"202","Mike Gesicki","TE","CIN","6","86.5","15","5.77","8","137","999.0","0","0","0","0.0","0","0","0","0.0","49","36","344","2.8"
"203","Mike Washington Jr.","RB","LV","13","86.5","15","5.76","12","51","171.7","0","0","0","0.0","0","117","460","2.7","16","13","94","0.5"
"204","Isiah Pacheco","RB","DET","6","86.3","10","8.63","12","54","184.7","0","0","0","0.0","0","95","417","3.9","14","11","76","0.5"
"205","Ja'Kobi Lane","WR","BLT","13","85.8","15","5.72","14","58","157.3","0","0","0","0.0","0","0","0","0.0","46","30","422","2.3"
"206","Jaydon Blue","RB","DAL","14","84.9","15","5.66","12","67","229.7","0","0","0","0.0","0","88","381","2.3","22","18","115","0.8"
"207","Germie Bernard","WR","PIT","9","84.3","15","5.62","14","85","229.8","0","0","0","0.0","0","0","0","0.0","49","31","387","2.4"
"208","Chris Bell","WR","MIA","6","84.1","13","6.47","14","95","240.9","0","0","0","0.0","0","0","0","0.0","47","31","414","2.0"
"209","Jahan Dotson","WR","ATL","11","83.9","15","5.60","14","351","999.0","0","0","0","0.0","0","0","0","0.0","62","36","357","2.0"
"210","Colby Parkinson","TE","LA","11","83.7","15","5.58","8","37","251.4","0","0","0","0.0","0","0","0","0.0","41","31","331","3.3"
"211","Theo Johnson","TE","NYG","8","83.3","14","5.95","8","29","232.2","0","0","0","0.0","0","0","0","0.0","47","32","358","2.6"
"212","MarShawn Lloyd","RB","GB","11","82.6","11","7.50","12","56","197.4","0","0","0","0.0","0","85","364","2.3","22","18","115","0.6"
"213","Cole Kmet","TE","CHI","10","81.8","15","5.45","8","157","999.0","0","0","0","0.0","0","0","0","0.0","47","34","325","2.6"
"214","Tyquan Thornton","WR","KC","5","81.3","15","5.42","14","330","999.0","0","0","0","0.0","0","0","0","0.0","45","24","403","2.8"
"215","Darnell Washington","TE","PIT","9","80.8","15","5.39","9","198","999.0","0","0","0","0.0","0","0","0","0.0","43","33","342","2.4"
"216","Jack Bech","WR","LV","13","80.7","15","5.38","14","92","238.2","0","0","0","0.0","0","0","0","0.0","45","29","397","2.1"
"217","Jonah Coleman","RB","DEN","10","80.6","15","5.38","12","50","169.4","0","0","0","0.0","0","71","302","2.2","27","22","126","0.7"
"218","Terrance Ferguson","TE","LA","11","80.2","15","5.34","9","25","206.8","0","0","0","0.0","0","0","0","0.0","45","29","336","3.0"
"219","Andrei Iosivas","WR","CIN","6","78.7","15","5.25","14","","1290.0","0","0","0","0.0","0","1","5","0.0","50","31","321","2.5"
"220","Dawson Knox","TE","BUF","7","78.3","15","5.22","9","176","999.0","0","0","0","0.0","0","0","0","0.0","35","26","336","3.1"
"221","Keon Coleman","WR","BUF","7","77.5","15","5.16","14","90","234.8","0","0","0","0.0","0","0","0","0.0","44","27","367","2.3"
"222","Alvin Kamara","RB","NO","8","77.1","11","7.01","13","47","161.2","0","0","0","0.0","0","80","297","1.6","25","21","147","0.5"
"223","Kalif Raymond","WR","CHI","10","76.1","15","5.07","14","336","999.0","0","0","0","0.0","0","0","0","0.0","38","25","387","2.0"
"224","Cyrus Allen","WR","KC","5","75.2","15","5.01","14","61","172.2","0","0","0","0.0","0","0","0","0.0","41","27","349","2.3"
"225","Chris Rodriguez Jr.","RB","JAX","7","75.1","14","5.36","13","42","142.3","0","0","0","0.0","0","89","384","3.5","6","5","80","0.4"
"226","Tyrone Tracy Jr.","RB","NYG","8","73.9","13","5.69","13","48","163.8","0","0","0","0.0","0","64","274","1.2","23","19","157","0.8"
"227","Mack Hollins","WR","NE","11","71.8","15","4.79","14","308","999.0","0","0","0","0.0","0","0","0","0.0","37","25","353","2.0"
"228","Jordan Mason","RB","MIN","6","71.3","14","5.09","13","39","117.7","0","0","0","0.0","0","91","415","3.5","7","6","28","0.1"
"229","David Njoku","TE","LAC","7","69.6","14","4.97","9","26","207.6","0","0","0","0.0","0","0","0","0.0","38","28","283","2.2"
"230","Emmett Johnson","RB","KC","5","69.5","15","4.64","13","58","208.8","0","0","0","0.0","0","74","322","2.2","14","11","105","0.6"
"231","Shedeur Sanders","QB","CLV","11","68.9","5","13.77","12","31","236.1","157","94","1029","5.8","6","15","99","0.3","0","0","0","0.0"
"232","LeQuint Allen Jr.","RB","JAX","7","68.4","15","4.56","13","175","999.0","0","0","0","0.0","0","39","155","0.9","31","25","180","0.8"
"233","DeMario Douglas","WR","NE","11","68.4","15","4.56","15","277","999.0","0","0","0","0.0","0","4","19","0.0","33","23","335","1.7"
"234","Isaiah Davis","RB","NYJ","13","68.3","14","4.88","13","205","999.0","0","0","0","0.0","0","59","262","1.3","19","16","151","0.6"
"235","Olamide Zaccheaus","WR","ATL","11","66.6","15","4.44","15","319","999.0","0","0","0","0.0","0","0","0","0.0","45","29","259","2.0"
"236","Zachariah Branch","WR","ATL","11","65.9","15","4.39","15","67","191.3","0","0","0","0.0","0","4","23","0.2","36","23","318","1.3"
"237","Demond Claiborne","RB","MIN","6","65.4","15","4.36","13","73","242.0","0","0","0","0.0","0","73","310","1.9","14","11","103","0.4"
"238","Darren Waller","TE","CAR","5","65.1","11","5.92","10","134","999.0","0","0","0","0.0","0","0","0","0.0","37","27","273","1.8"
"239","Najee Harris","RB","NYG","8","64.1","12","5.35","13","63","217.8","0","0","0","0.0","0","83","299","1.5","17","14","88","0.4"
"240","Josh Palmer","WR","BUF","7","64.1","15","4.27","15","309","999.0","0","0","0","0.0","0","0","0","0.0","34","22","305","1.9"
"241","Colbie Young","WR","CIN","6","63.3","15","4.22","15","261","999.0","0","0","0","0.0","0","0","0","0.0","35","22","299","1.9"
"242","George Holani","RB","SEA","11","63.2","13","4.86","13","155","999.0","0","0","0","0.0","0","52","210","1.2","22","18","133","0.6"
"243","Tyler Higbee","TE","LA","11","62.6","14","4.47","10","143","999.0","0","0","0","0.0","0","0","0","0.0","35","26","246","2.1"
"244","Christian Kirk","WR","SF","8","62.4","13","4.80","15","97","241.7","0","0","0","0.0","0","0","0","0.0","32","21","308","1.8"
"245","Noah Gray","TE","KC","5","62.3","15","4.16","10","160","999.0","0","0","0","0.0","0","0","0","0.0","37","28","255","1.5"
"246","Noah Fant","TE","NO","8","61.7","15","4.11","10","177","999.0","0","0","0","0.0","0","0","0","0.0","33","26","267","1.5"
"247","Xavier Hutchinson","WR","HST","8","61.1","15","4.07","15","","1430.0","0","0","0","0.0","0","2","11","0.0","35","21","283","1.7"
"248","Antonio Williams","WR","WAS","7","60.9","15","4.06","15","91","236.6","0","0","0","0.0","0","0","0","0.0","36","24","279","1.6"
"249","Elic Ayomanor","WR","TEN","9","60.5","15","4.03","15","96","241.5","0","0","0","0.0","0","0","0","0.0","41","24","263","1.8"
"250","Roman Wilson","WR","PIT","9","60.2","14","4.30","15","357","999.0","0","0","0","0.0","0","0","0","0.0","37","22","269","1.8"
"251","Oronde Gadsden II","TE","LAC","7","60.0","15","4.00","10","15","128.7","0","0","0","0.0","0","0","0","0.0","31","23","267","1.8"
"252","Kaytron Allen","RB","WAS","7","59.3","15","3.95","14","71","239.1","0","0","0","0.0","0","72","305","1.8","12","10","60","0.4"
"253","Troy Franklin","WR","DEN","10","56.8","15","3.79","15","98","241.8","0","0","0","0.0","0","3","13","0.0","33","20","248","1.7"
"254","Elijah Arroyo","TE","SEA","11","56.8","15","3.79","10","195","999.0","0","0","0","0.0","0","0","0","0.0","32","24","239","1.5"
"255","Zavion Thomas","WR","CHI","10","56.2","15","3.75","15","260","999.0","0","0","0","0.0","0","12","68","0.2","25","16","239","1.4"
"256","John Metchie III","WR","CAR","5","56.1","14","4.01","15","326","999.0","0","0","0","0.0","0","0","0","0.0","34","23","244","1.5"
"257","Chris Brooks","RB","GB","11","55.9","15","3.72","14","207","999.0","0","0","0","0.0","0","57","244","1.3","15","12","89","0.4"
"258","Bryce Lance","WR","NO","8","55.8","15","3.72","15","262","999.0","0","0","0","0.0","0","0","0","0.0","37","23","241","1.5"
"259","Oscar Delp","TE","NO","8","55.8","15","3.72","10","221","999.0","0","0","0","0.0","0","0","0","0.0","33","24","231","1.4"
"260","Brashard Smith","RB","KC","5","55.6","15","3.71","14","66","226.3","0","0","0","0.0","0","33","126","0.7","24","19","154","0.8"
"261","Greg Dortch","WR","DET","6","55.0","14","3.93","15","321","999.0","0","0","0","0.0","0","3","16","0.0","34","24","214","1.3"
"262","Daniel Bellinger","TE","TEN","9","54.4","15","3.63","10","151","999.0","0","0","0","0.0","0","0","0","0.0","31","24","225","1.4"
"263","Tory Horton","WR","SEA","11","54.4","14","3.89","15","82","228.7","0","0","0","0.0","0","0","0","0.0","29","18","277","1.5"
"264","Isaiah Williams","WR","NYJ","13","54.1","14","3.87","15","","1515.0","0","0","0","0.0","0","2","9","0.0","32","24","217","1.3"
"265","Isaiah Bond","WR","CLV","11","53.6","15","3.57","15","","1520.0","0","0","0","0.0","0","4","24","0.0","31","18","259","1.2"
"266","Elijah Higgins","TE","ARZ","14","53.5","15","3.56","10","133","999.0","0","0","0","0.0","0","0","0","0.0","27","21","261","1.1"
"267","Ashton Dulin","WR","IND","13","52.8","15","3.52","16","318","999.0","0","0","0","0.0","0","4","24","0.0","26","16","271","1.2"
"268","Jake Tonges","TE","SF","8","52.4","15","3.49","10","33","241.4","0","0","0","0.0","0","0","0","0.0","26","19","209","2.0"
"269","Tank Bigsby","RB","PHI","10","51.4","15","3.42","14","52","177.7","0","0","0","0.0","0","61","277","2.1","8","6","40","0.2"
"270","Ted Hurst III","WR","TB","10","51.0","15","3.40","16","93","239.6","0","0","0","0.0","0","0","0","0.0","27","17","236","1.7"
"271","Jaylen Wright","RB","MIA","6","51.0","14","3.65","14","75","247.9","0","0","0","0.0","0","54","225","1.4","12","10","83","0.4"
"272","Ray Davis","RB","BUF","7","49.8","15","3.32","14","65","225.7","0","0","0","0.0","0","56","240","1.5","9","7","75","0.4"
"273","Austin Hooper","TE","ATL","11","49.6","15","3.31","11","46","430.0","0","0","0","0.0","0","0","0","0.0","27","20","215","1.3"
"274","Tez Johnson","WR","TB","10","49.5","15","3.30","16","","1565.0","0","0","0","0.0","0","7","32","0.1","27","18","189","1.5"
"275","Tanner Hudson","TE","CIN","6","48.2","15","3.21","11","178","999.0","0","0","0","0.0","0","0","0","0.0","24","18","210","1.5"
"276","Darius Slayton","WR","NYG","8","48.0","15","3.20","16","320","999.0","0","0","0","0.0","0","0","0","0.0","29","18","222","1.4"
"277","J.J. McCarthy","QB","MIN","6","47.5","3","15.84","13","26","224.2","93","58","652","4.1","3","12","59","0.4","0","0","0","0.0"
"278","Seth McGowan","RB","IND","13","47.5","15","3.17","14","163","999.0","0","0","0","0.0","0","57","241","1.6","9","7","56","0.2"
"279","Malik Benson","WR","LV","13","47.0","15","3.13","16","287","999.0","0","0","0","0.0","0","0","0","0.0","25","15","250","1.1"
"280","Travis Hunter","WR","JAX","7","47.0","14","3.36","16","60","167.0","0","0","0","0.0","0","2","13","0.1","25","16","208","1.4"
"281","Drew Sample","TE","CIN","6","46.7","15","3.11","11","173","999.0","0","0","0","0.0","0","0","0","0.0","27","22","178","1.2"
"282","Savion Williams","WR","GB","11","46.6","14","3.33","16","","1605.0","0","0","0","0.0","0","11","52","0.1","17","12","203","1.5"
"283","Braelon Allen","RB","NYJ","13","46.5","14","3.32","14","57","205.8","0","0","0","0.0","0","60","258","1.7","7","6","39","0.2"
"284","Chimere Dike","WR","TEN","9","44.8","15","2.98","16","84","229.4","0","0","0","0.0","0","0","0","0.0","28","18","193","1.2"
"285","James Conner","RB","ARZ","14","44.6","12","3.71","14","68","233.2","0","0","0","0.0","0","38","163","1.2","13","11","93","0.3"
"286","Jordan James","RB","SF","8","44.1","13","3.39","15","138","999.0","0","0","0","0.0","0","51","219","1.3","8","7","66","0.3"
"287","Eli Raridon","TE","NE","11","43.6","15","2.90","11","203","999.0","0","0","0","0.0","0","0","0","0.0","25","19","161","1.5"
"288","Jalen Tolbert","WR","MIA","6","43.5","14","3.11","16","352","999.0","0","0","0","0.0","0","0","0","0.0","25","16","210","1.1"
"289","Kaelon Black","RB","SF","8","43.0","15","2.87","15","61","215.1","0","0","0","0.0","0","50","211","1.1","9","7","72","0.3"
"290","Tommy Tremble","TE","CAR","5","42.3","14","3.02","11","161","999.0","0","0","0","0.0","0","0","0","0.0","24","18","166","1.2"
"291","Josh Oliver","TE","MIN","6","42.2","15","2.81","11","174","999.0","0","0","0","0.0","0","0","0","0.0","24","18","164","1.3"
"292","Will Kacmarek","TE","MIA","6","41.4","15","2.76","11","212","999.0","0","0","0","0.0","0","0","0","0.0","23","17","163","1.4"
"293","DJ Giddens","RB","IND","13","41.3","13","3.17","15","142","999.0","0","0","0","0.0","0","42","172","1.0","10","8","76","0.3"
"294","Kyle Juszczyk","RB","SF","8","41.2","15","2.75","15","","1665.0","0","0","0","0.0","0","4","12","0.1","21","17","168","0.9"
"295","Devontez Walker","WR","BLT","13","40.9","15","2.73","16","","1670.0","0","0","0","0.0","0","0","0","0.0","21","14","201","1.2"
"296","Jonnu Smith","TE","GB","11","40.7","14","2.91","11","113","999.0","0","0","0","0.0","0","0","0","0.0","25","18","161","1.1"
"297","Jameis Winston","QB","NYG","8","40.3","2.5","16.13","13","115","999.0","86","53","617","3.8","3","8","29","0.1","0","0","0","0.0"
"298","Nicholas Singleton","RB","TEN","9","40.3","15","2.69","15","59","209.0","0","0","0","0.0","0","38","155","0.8","12","9","85","0.4"
"299","Tahj Brooks","RB","CIN","6","40.2","15","2.68","15","174","999.0","0","0","0","0.0","0","47","190","1.3","7","6","60","0.3"
"300","Kevin Coleman Jr.","WR","MIA","6","40.0","13","3.07","16","285","999.0","0","0","0","0.0","0","0","0","0.0","23","15","186","1.1"
"301","Treylon Burks","WR","WAS","7","39.1","10","3.91","16","323","999.0","0","0","0","0.0","0","0","0","0.0","26","15","189","0.9"
"302","Emanuel Wilson","RB","SEA","11","39.0","13","3.00","15","76","250.3","0","0","0","0.0","0","45","178","1.1","9","8","56","0.3"
"303","Trevor Etienne","RB","CAR","5","38.9","15","2.60","15","173","999.0","0","0","0","0.0","0","31","130","0.7","14","12","75","0.5"
"304","Skyler Bell","WR","BUF","7","38.9","15","2.59","16","259","999.0","0","0","0","0.0","0","0","0","0.0","22","13","189","1.1"
"305","Joe Royer","TE","CLV","11","38.8","15","2.58","11","100","683.0","0","0","0","0.0","0","0","0","0.0","22","16","150","1.3"
"306","Cade Stover","TE","HST","8","38.2","15","2.55","11","116","999.0","0","0","0","0.0","0","0","0","0.0","26","20","127","1.0"
"307","Carson Beck","QB","ARZ","14","37.9","3","12.64","13","99","999.0","92","55","568","2.9","3","11","55","0.3","0","0","0","0.0"
"308","Ja'Tavion Sanders","TE","CAR","5","37.6","15","2.51","11","117","999.0","0","0","0","0.0","0","0","0","0.0","21","17","150","1.0"
"309","Jordan Whittington","WR","LA","11","36.5","15","2.43","17","","1740.0","0","0","0","0.0","0","3","13","0.1","20","15","153","0.8"
"310","Marcus Mariota","QB","WAS","7","36.2","2","18.08","13","116","999.0","63","39","466","2.9","2","10","59","0.4","0","0","0","0.0"
"311","Kimani Vidal","RB","LAC","7","36.1","14","2.58","15","70","237.8","0","0","0","0.0","0","35","111","0.8","14","11","72","0.4"
"312","Ollie Gordon II","RB","MIA","6","35.1","15","2.34","15","193","999.0","0","0","0","0.0","0","43","152","1.3","8","7","44","0.2"
"313","Kyle Williams","WR","NE","11","35.0","14","2.50","17","78","222.1","0","0","0","0.0","0","1","7","0.0","20","12","152","1.2"
"314","Adam Trautman","TE","DEN","10","34.7","15","2.32","11","99","682.8","0","0","0","0.0","0","0","0","0.0","18","13","151","1.1"
"315","Will Shipley","RB","PHI","10","34.6","15","2.31","15","201","999.0","0","0","0","0.0","0","25","103","0.5","13","11","87","0.4"
"316","Justin Fields","QB","KC","5","34.6","2","17.30","13","94","999.0","56","35","385","2.2","2","14","91","0.6","0","0","0","0.0"
"317","Luke Schoonmaker","TE","DAL","14","34.2","15","2.28","11","130","999.0","0","0","0","0.0","0","0","0","0.0","19","14","134","1.1"
"318","Mo Alie-Cox","TE","IND","13","34.2","15","2.28","11","57","527.6","0","0","0","0.0","0","0","0","0.0","20","14","132","1.2"
"319","Tyson Bagent","QB","CHI","10","33.3","2","16.67","13","127","999.0","64","42","444","2.7","1","9","46","0.3","0","0","0","0.0"
"320","Tanner McKee","QB","PHI","10","33.3","2","16.67","13","85","999.0","72","45","495","3.1","2","6","22","0.1","0","0","0","0.0"
"321","Konata Mumpfield","WR","LA","11","33.3","15","2.22","17","","1800.0","0","0","0","0.0","0","0","0","0.0","20","12","163","0.9"
"322","Brock Wright","TE","DET","6","33.3","15","2.22","11","104","690.8","0","0","0","0.0","0","0","0","0.0","19","15","121","1.1"
"323","Barion Brown","WR","NO","8","33.3","15","2.22","17","","1810.0","0","0","0","0.0","0","0","0","0.0","22","14","143","0.8"
"324","Devin Singletary","RB","NYG","8","33.2","10","3.32","15","159","999.0","0","0","0","0.0","0","40","149","0.9","9","7","48","0.2"
"325","Tai Felton","WR","MIN","6","33.2","15","2.21","17","237","692.7","0","0","0","0.0","0","0","0","0.0","19","13","149","1.0"
"326","Ben Sinnott","TE","WAS","7","33.1","15","2.21","11","119","999.0","0","0","0","0.0","0","0","0","0.0","18","13","125","1.2"
"327","Josh Johnson","QB","CIN","6","32.7","2","16.35","13","41","544.0","66","42","468","2.7","2","7","39","0.3","0","0","0","0.0"
"328","Joe Milton III","QB","DAL","14","32.5","2","16.24","14","129","999.0","59","38","426","2.4","2","10","57","0.4","0","0","0","0.0"
"329","Mac Jones","QB","SF","8","31.9","2","15.97","14","93","999.0","65","43","460","3.0","2","6","20","0.2","0","0","0","0.0"
"330","Tutu Atwell","WR","LA","11","31.5","14","2.25","17","304","999.0","0","0","0","0.0","0","1","5","0.1","18","10","162","0.7"
"331","Eli Stowers","TE","PHI","10","31.3","15","2.09","11","","1850.0","0","0","0","0.0","0","0","0","0.0","17","13","122","1.1"
"332","Marquise Brown","WR","PHI","10","30.7","14","2.20","17","299","999.0","0","0","0","0.0","0","0","0","0.0","16","10","165","0.7"
"333","Mitchell Evans","TE","CAR","5","30.7","15","2.04","11","200","999.0","0","0","0","0.0","0","0","0","0.0","18","13","128","0.8"
"334","Xavier Smith","WR","LA","11","30.6","14","2.19","17","145","551.0","0","0","0","0.0","0","0","0","0.0","18","12","146","0.7"
"335","Anthony Richardson","QB","IND","13","30.5","2","15.23","14","88","999.0","56","31","378","1.9","2","12","64","0.6","0","0","0","0.0"
"336","Tip Reiman","TE","ARZ","14","30.2","15","2.01","11","122","999.0","0","0","0","0.0","0","0","0","0.0","15","11","136","1.0"
"337","Jake Browning","QB","TB","10","30.1","2","15.06","14","119","999.0","64","42","453","2.9","2","6","25","0.1","0","0","0","0.0"
"338","Nate Boerkircher","TE","JAX","7","30.0","15","2.00","11","181","999.0","0","0","0","0.0","0","0","0","0.0","16","12","120","1.0"
"339","Tyrod Taylor","QB","GB","11","29.8","2","14.90","14","49","658.2","55","34","375","2.1","2","11","62","0.4","0","0","0","0.0"
"340","Matthew Hibner","TE","BLT","13","29.5","15","1.97","11","220","999.0","0","0","0","0.0","0","0","0","0.0","16","12","119","1.0"
"341","Joshua Dobbs","QB","DET","6","29.4","2","14.70","14","69","692.3","63","40","433","2.5","1","9","35","0.0","0","0","0","0.0"
"342","Mitchell Trubisky","QB","TEN","9","29.4","2","14.68","14","122","999.0","66","43","433","2.7","2","7","26","0.2","0","0","0","0.0"
"343","Nick Mullens","QB","JAX","7","29.3","2","14.65","14","51","660.0","64","42","466","2.8","3","4","13","0.2","0","0","0","0.0"
"344","Trey Lance","QB","LAC","7","29.3","2","14.64","14","112","999.0","58","34","373","1.8","2","13","71","0.3","0","0","0","0.0"
"345","Sean Tucker","RB","TB","10","29.3","14","2.09","15","74","243.9","0","0","0","0.0","0","35","147","1.2","5","4","26","0.2"
"346","John Bates","TE","WAS","7","29.2","15","1.95","11","162","999.0","0","0","0","0.0","0","0","0","0.0","16","12","111","1.0"
"347","Spencer Rattler","QB","NO","8","29.2","2","14.59","14","130","999.0","70","45","453","2.2","2","7","35","0.1","0","0","0","0.0"
"348","Zavier Scott","RB","MIN","6","29.1","13","2.24","15","131","693.0","0","0","0","0.0","0","27","109","0.5","9","7","63","0.3"
"349","Josh Whyle","TE","GB","11","29.0","15","1.94","11","107","695.5","0","0","0","0.0","0","0","0","0.0","16","12","113","1.0"
"350","Kendre Miller","RB","NO","8","29.0","10","2.90","16","64","224.8","0","0","0","0.0","0","37","150","0.7","5","4","43","0.2"
"351","Demarcus Robinson","WR","SF","8","28.9","13","2.23","17","337","999.0","0","0","0","0.0","0","0","0","0.0","15","9","152","0.8"
"352","Bam Knight","RB","ARZ","14","28.5","10","2.85","16","165","999.0","0","0","0","0.0","0","25","105","0.5","9","7","60","0.3"
"353","Reggie Virgil","WR","ARZ","14","28.1","15","1.88","17","293","999.0","0","0","0","0.0","0","0","0","0.0","18","11","126","0.7"
"354","Davis Mills","QB","HST","8","27.6","2","13.78","14","97","999.0","66","41","424","2.5","2","5","19","0.1","0","0","0","0.0"
"355","Jawhar Jordan","RB","HST","8","27.5","15","1.83","16","200","999.0","0","0","0","0.0","0","37","154","0.7","5","4","31","0.2"
"356","Jarrett Stidham","QB","DEN","10","27.5","2","13.75","14","117","999.0","59","36","387","2.1","2","9","42","0.3","0","0","0","0.0"
"357","Durham Smythe","TE","BLT","13","27.4","15","1.83","11","146","999.0","0","0","0","0.0","0","0","0","0.0","14","11","120","0.8"
"358","Nick Westbrook-Ikhine","WR","IND","13","27.3","15","1.82","17","298","999.0","0","0","0","0.0","0","0","0","0.0","18","11","118","0.8"
"359","Drew Lock","QB","SEA","11","27.3","2","13.63","14","71","692.7","62","39","438","2.3","2","5","24","0.1","0","0","0","0.0"
"360","Quinn Ewers","QB","MIA","6","27.0","2","13.52","14","76","999.0","61","40","437","2.4","2","5","18","0.1","0","0","0","0.0"
"361","Kenny Pickett","QB","CAR","5","27.0","2","13.49","14","123","999.0","62","40","402","2.4","2","6","26","0.1","0","0","0","0.0"
"362","Marlin Klein","TE","HST","8","27.0","15","1.80","11","192","999.0","0","0","0","0.0","0","0","0","0.0","18","13","92","0.8"
"363","Devin Neal","RB","NO","8","26.9","12","2.24","16","60","211.9","0","0","0","0.0","0","30","117","0.7","7","6","48","0.1"
"364","Erick All","TE","CIN","6","26.9","8","3.36","11","121","999.0","0","0","0","0.0","0","0","0","0.0","13","10","114","0.9"
"365","Bo Melton","WR","GB","11","26.8","13","2.06","17","240","695.0","0","0","0","0.0","0","5","31","0.0","18","10","95","0.7"
"366","Jimmy Horn Jr.","WR","CAR","5","26.7","14","1.91","17","","2025.0","0","0","0","0.0","0","6","38","0.0","14","9","100","0.6"
"367","Jacob Saylors","RB","DET","6","26.6","10","2.66","16","208","999.0","0","0","0","0.0","0","28","122","0.9","5","4","44","0.2"
"368","Elijah Sarratt","WR","BLT","13","26.6","10","2.66","17","83","229.2","0","0","0","0.0","0","0","0","0.0","13","9","136","0.7"
"369","Ty Simpson","QB","LA","11","26.4","2","13.21","14","33","241.8","60","37","398","2.3","2","4","27","0.1","0","0","0","0.0"
"370","Jeremy Ruckert","TE","NYJ","13","26.0","15","1.73","11","179","999.0","0","0","0","0.0","0","0","0","0.0","15","12","107","0.6"
"371","Brenen Thompson","WR","LAC","7","25.9","15","1.73","17","292","999.0","0","0","0","0.0","0","0","0","0.0","14","9","130","0.7"
"372","Adam Randall","RB","BLT","13","25.9","14","1.85","16","176","999.0","0","0","0","0.0","0","12","49","0.4","9","7","88","0.5"
"373","Mitchell Tinsley","WR","CIN","6","25.9","15","1.72","17","","2060.0","0","0","0","0.0","0","0","0","0.0","15","10","111","0.9"
"374","Will Howard","QB","PIT","9","25.7","2","12.85","15","79","999.0","60","37","394","2.2","2","6","27","0.1","0","0","0","0.0"
"375","Johnny Mundt","TE","PHI","10","25.5","15","1.70","11","38","277.0","0","0","0","0.0","0","1","4","0.0","15","12","88","0.7"
"376","Jalen Reagor","WR","MIA","6","25.2","13","1.94","17","120","442.0","0","0","0","0.0","0","0","0","0.0","15","10","124","0.5"
"377","Sam Roush","TE","CHI","10","25.2","15","1.68","11","219","999.0","0","0","0","0.0","0","0","0","0.0","16","12","91","0.8"
"378","Jalen Royals","WR","KC","5","25.0","15","1.67","17","","2085.0","0","0","0","0.0","0","0","0","0.0","14","9","111","0.8"
"379","Jarquez Hunter","RB","MIA","6","24.7","10","2.47","16","72","240.6","0","0","0","0.0","0","26","111","0.6","6","5","42","0.2"
"380","Josh Cuevas","TE","BLT","13","24.7","14","1.76","11","108","697.1","0","0","0","0.0","0","0","0","0.0","15","11","83","1.0"
"381","Kyle Allen","QB","BUF","7","24.2","2","12.09","15","57","665.6","62","38","388","2.2","2","4","13","0.1","0","0","0","0.0"
"382","Eli Heidenreich","RB","PIT","9","24.2","15","1.61","16","162","999.0","0","0","0","0.0","0","18","75","0.4","9","8","57","0.2"
"383","Tommy DeVito","QB","NE","11","24.1","2","12.04","15","128","999.0","52","33","333","1.6","1","9","43","0.3","0","0","0","0.0"
"384","Tyler Huntley","QB","BLT","13","23.3","2","11.66","15","96","999.0","45","29","294","1.3","1","11","59","0.3","0","0","0","0.0"
"385","Tyler Conklin","TE","DET","6","23.0","15","1.53","11","93","676.4","0","0","0","0.0","0","0","0","0.0","13","10","102","0.5"
"386","Darius Cooper","WR","PHI","10","22.7","14","1.62","17","275","999.0","0","0","0","0.0","0","0","0","0.0","13","9","110","0.5"
"387","Luke McCaffrey","WR","WAS","7","22.7","15","1.51","17","358","999.0","0","0","0","0.0","0","0","0","0.0","15","10","94","0.5"
"388","Seydou Traore","TE","MIA","6","22.7","15","1.51","11","88","668.6","0","0","0","0.0","0","0","0","0.0","11","8","97","0.8"
"389","Jaylin Lane","WR","WAS","7","22.6","15","1.51","17","","2140.0","0","0","0","0.0","0","0","0","0.0","13","8","108","0.6"
"390","Odell Beckham Jr.","WR","NYG","8","22.6","10","2.26","17","342","999.0","0","0","0","0.0","0","0","0","0.0","14","9","91","0.8"
"391","Sione Vaki","RB","DET","6","22.3","10","2.23","16","158","999.0","0","0","0","0.0","0","27","108","0.8","3","3","34","0.2"
"392","Hunter Luepke","RB","DAL","14","22.2","15","1.48","16","","2155.0","0","0","0","0.0","0","13","53","0.3","9","7","60","0.3"
"393","Dare Ogunbowale","RB","LV","13","21.9","7","3.13","16","150","999.0","0","0","0","0.0","0","13","47","0.2","11","9","54","0.3"
"394","Brady Cook","QB","NYJ","13","21.8","2","10.88","15","124","999.0","63","38","386","1.7","2","5","19","0.1","0","0","0","0.0"
"395","Max Klare","TE","LA","11","21.3","15","1.42","11","35","248.8","0","0","0","0.0","0","0","0","0.0","10","7","96","0.8"
"396","Dont'e Thornton Jr.","WR","LV","13","21.1","12","1.76","17","","2175.0","0","0","0","0.0","0","0","0","0.0","13","8","100","0.5"
"397","Brevyn Spann-Ford","TE","DAL","14","20.1","15","1.34","11","118","999.0","0","0","0","0.0","0","0","0","0.0","11","8","72","0.8"
"398","Riley Nowakowski","TE","PIT","9","19.4","15","1.29","11","79","643.4","0","0","0","0.0","0","0","0","0.0","9","7","88","0.6"
"399","Raheim Sanders","RB","CLV","11","19.2","10","1.92","16","145","999.0","0","0","0","0.0","0","24","93","0.6","4","3","27","0.1"
"400","KeAndre Lambert-Smith","WR","LAC","7","19.1","12","1.59","17","","2195.0","0","0","0","0.0","0","0","0","0.0","10","6","96","0.5"
"401","Van Jefferson","WR","WAS","7","19.0","15","1.27","17","144","550.0","0","0","0","0.0","0","0","0","0.0","12","7","88","0.5"
"402","Ben Sims","TE","MIA","6","18.7","15","1.24","11","49","468.0","0","0","0","0.0","0","0","0","0.0","11","8","74","0.5"
"403","Jackson Hawes","TE","BUF","7","18.5","14","1.32","11","69","613.5","0","0","0","0.0","0","0","0","0.0","8","6","79","0.8"
"404","Alec Ingold","RB","LAC","7","18.4","15","1.23","16","","2215.0","0","0","0","0.0","0","3","8","0.1","10","8","71","0.3"
"405","Xavier Weaver","WR","ARZ","14","18.1","15","1.21","17","189","647.0","0","0","0","0.0","0","0","0","0.0","8","5","98","0.6"
"406","Andrew Ogletree","TE","IND","13","18.0","15","1.20","11","223","999.0","0","0","0","0.0","0","0","0","0.0","9","6","74","0.7"
"407","Arian Smith","WR","NYJ","13","18.0","15","1.20","17","","2230.0","0","0","0","0.0","0","2","13","0.0","10","7","72","0.5"
"408","Ben Yurosek","TE","MIN","6","17.9","15","1.19","11","185","999.0","0","0","0","0.0","0","0","0","0.0","15","11","43","0.5"
"409","Charlie Woerner","TE","ATL","11","17.4","15","1.16","11","78","641.5","0","0","0","0.0","0","0","0","0.0","8","6","84","0.5"
"410","Luke Musgrave","TE","GB","11","17.3","8","2.16","11","131","999.0","0","0","0","0.0","0","0","0","0.0","11","8","71","0.4"
"411","Justin Joly","TE","DEN","10","17.0","15","1.13","11","217","999.0","0","0","0","0.0","0","0","0","0.0","10","7","68","0.5"
"412","Eric Saubert","TE","SEA","11","16.6","15","1.10","11","65","575.5","0","0","0","0.0","0","0","0","0.0","10","7","65","0.5"
"413","Salvon Ahmed","RB","CHI","10","16.0","10","1.60","16","108","640.0","0","0","0","0.0","0","21","89","0.5","2","2","15","0.1"
"414","Julian Hill","TE","NE","11","15.8","15","1.05","11","89","668.8","0","0","0","0.0","0","0","0","0.0","8","6","65","0.5"
"415","Davis Allen","TE","LA","11","15.3","15","1.02","11","83","660.7","0","0","0","0.0","0","0","0","0.0","9","6","54","0.6"
"416","Kylen Granson","TE","TEN","9","15.2","15","1.01","11","54","505.0","0","0","0","0.0","0","0","0","0.0","9","7","55","0.5"
"417","Max Bredeson","RB","MIN","6","15.0","15","1.00","16","87","667.3","0","0","0","0.0","0","7","24","0.1","7","6","52","0.2"
"418","Laquon Treadwell","WR","IND","13","15.0","10","1.50","17","184","643.3","0","0","0","0.0","0","0","0","0.0","8","5","78","0.3"
"419","Adam Prentice","RB","DEN","10","14.9","15","1.00","16","","2290.0","0","0","0","0.0","0","6","22","0.1","8","6","47","0.2"
"420","Luke Farrell","TE","SF","8","14.9","15","0.99","11","52","491.0","0","0","0","0.0","0","0","0","0.0","8","6","64","0.5"
"421","Jack Stoll","TE","CLV","11","14.7","15","0.98","11","71","621.3","0","0","0","0.0","0","0","0","0.0","8","6","57","0.6"
"422","Deion Burks","WR","IND","13","14.6","14","1.04","17","","2305.0","0","0","0","0.0","0","0","0","0.0","9","6","72","0.3"
"423","Dylan Laube","RB","LV","13","14.6","8","1.83","16","203","999.0","0","0","0","0.0","0","15","60","0.3","4","3","28","0.1"
"424","Emari Demercado","RB","KC","5","14.6","10","1.46","16","197","999.0","0","0","0","0.0","0","12","49","0.3","5","4","32","0.2"
"425","Emmanuel Henderson Jr.","WR","SEA","11","14.4","15","0.96","17","289","999.0","0","0","0","0.0","0","0","0","0.0","6","4","75","0.5"
"426","Ronnie Rivers","RB","LA","11","13.9","10","1.39","17","168","999.0","0","0","0","0.0","0","18","74","0.4","2","1","20","0.1"
"427","Riley Leonard","QB","IND","13","13.9","1","13.86","15","82","999.0","34","21","216","1.2","1","2","13","0.1","0","0","0","0.0"
"428","Phil Mafah","RB","DAL","14","13.6","13","1.05","17","187","999.0","0","0","0","0.0","0","16","67","0.4","3","2","14","0.1"
"429","Tanner Koziol","TE","JAX","7","13.5","15","0.90","11","216","999.0","0","0","0","0.0","0","0","0","0.0","7","5","54","0.5"
"430","Mason Tipton","WR","NO","8","13.5","12","1.13","17","131","490.0","0","0","0","0.0","0","2","10","0.0","7","5","56","0.4"
"431","Ian Thomas","TE","LV","13","13.1","14","0.94","11","136","999.0","0","0","0","0.0","0","0","0","0.0","9","7","46","0.2"
"432","Jonathan Mingo","WR","DAL","14","12.7","10","1.27","17","250","699.9","0","0","0","0.0","0","0","0","0.0","10","6","46","0.4"
"433","Marquez Valdes-Scantling","WR","DAL","14","12.5","6","2.08","17","168","629.8","0","0","0","0.0","0","1","5","0.0","7","4","50","0.4"
"434","Nate Adkins","TE","DEN","10","12.5","14","0.89","11","73","627.5","0","0","0","0.0","0","0","0","0.0","7","5","45","0.5"
"435","Elijah Moore","WR","PHI","10","12.4","10","1.24","17","251","700.0","0","0","0","0.0","0","0","0","0.0","9","5","44","0.4"
"436","Malik Davis","RB","DAL","14","12.1","10","1.21","17","189","999.0","0","0","0","0.0","0","15","63","0.4","2","2","15","0.1"
"437","Jahdae Walker","WR","CHI","10","11.8","14","0.84","17","278","999.0","0","0","0","0.0","0","0","0","0.0","6","4","62","0.3"
"438","Nate Carter","RB","ATL","11","11.8","5","2.36","17","133","699.0","0","0","0","0.0","0","14","64","0.4","2","2","14","0.1"
"439","CJ Daniels","WR","LA","11","11.8","14","0.84","17","267","999.0","0","0","0","0.0","0","0","0","0.0","7","4","57","0.3"
"440","Tylan Wallace","WR","CLV","11","11.7","14","0.84","17","212","669.8","0","0","0","0.0","0","0","0","0.0","7","4","55","0.3"
"441","Foster Moreau","TE","HST","8","11.6","14","0.83","11","77","638.3","0","0","0","0.0","0","0","0","0.0","7","5","42","0.3"
"442","Travis Homer","RB","PIT","9","11.3","14","0.81","17","132","695.2","0","0","0","0.0","0","14","45","0.1","4","3","25","0.1"
"443","Dareke Young","WR","LV","13","11.2","12","0.93","17","218","676.0","0","0","0","0.0","0","0","0","0.0","6","4","54","0.3"
"444","Austin Trammell","WR","JAX","7","11.1","10","1.11","17","200","658.0","0","0","0","0.0","0","0","0","0.0","7","4","51","0.3"
"445","Payne Durham","TE","TB","10","11.1","15","0.74","11","62","564.0","0","0","0","0.0","0","0","0","0.0","6","4","40","0.4"
"446","Michael Burton","RB","CLV","11","10.5","15","0.70","17","","2425.0","0","0","0","0.0","0","4","15","0.1","4","3","37","0.2"
"447","Tyrell Shavers","WR","BUF","7","10.5","5","2.09","17","194","651.4","0","0","0","0.0","0","0","0","0.0","5","3","53","0.3"
"448","Mecole Hardman","WR","BUF","7","10.5","10","1.05","17","192","649.3","0","0","0","0.0","0","2","14","0.0","5","4","40","0.2"
"449","Rasheen Ali","RB","BLT","13","10.3","5","2.06","17","204","999.0","0","0","0","0.0","0","6","24","0.1","4","3","31","0.2"
"450","Hunter Long","TE","JAX","7","10.2","14","0.73","11","165","999.0","0","0","0","0.0","0","0","0","0.0","5","4","36","0.4"
"451","Chris Blair","WR","ATL","11","10.1","10","1.01","17","172","634.5","0","0","0","0.0","0","0","0","0.0","6","4","50","0.3"
"452","Kameron Johnson","WR","TB","10","10.1","10","1.01","17","","2455.0","0","0","0","0.0","0","0","0","0.0","6","4","47","0.3"
"453","David Moore","WR","CAR","5","10.1","10","1.01","17","152","575.5","0","0","0","0.0","0","0","0","0.0","6","4","41","0.3"
"454","Derius Davis","WR","LAC","7","9.5","12","0.79","17","","2465.0","0","0","0","0.0","0","5","33","0.2","3","2","23","0.2"
"455","Ben Skowronek","WR","PIT","9","9.5","14","0.68","17","210","667.7","0","0","0","0.0","0","0","0","0.0","7","4","37","0.2"
"456","Jeremy McNichols","RB","WAS","7","9.4","5","1.88","17","147","999.0","0","0","0","0.0","0","3","14","0.1","5","4","27","0.1"
"457","Grant Calcaterra","TE","PHI","10","9.4","15","0.62","11","102","685.8","0","0","0","0.0","0","1","4","0.0","4","3","35","0.3"
"458","Andrew Beck","RB","NYJ","13","8.9","15","0.59","17","100","614.0","0","0","0","0.0","0","1","6","0.0","4","4","36","0.1"
"459","Trey Benson","RB","ARZ","14","8.8","5","1.76","17","77","255.2","0","0","0","0.0","0","7","29","0.2","3","3","20","0.1"
"460","British Brooks","RB","HST","8","8.7","15","0.58","17","151","999.0","0","0","0","0.0","0","15","63","0.3","1","0","3","0.0"
"461","Roschon Johnson","RB","CHI","10","8.7","5","1.75","17","209","999.0","0","0","0","0.0","0","11","48","0.3","1","1","9","0.0"
"462","Lil'Jordan Humphrey","WR","DEN","10","8.6","10","0.86","17","303","999.0","0","0","0","0.0","0","0","0","0.0","5","3","36","0.3"
"463","Will Mallory","TE","IND","13","8.6","7","1.22","11","109","698.5","0","0","0","0.0","0","0","0","0.0","5","3","39","0.2"
"464","LaJohntay Wester","WR","BLT","13","8.5","14","0.61","17","","2515.0","0","0","0","0.0","0","0","0","0.0","4","2","43","0.3"
"465","Tim Patrick","WR","NYJ","13","8.3","5","1.67","17","146","556.3","0","0","0","0.0","0","1","5","0.0","4","2","37","0.3"
"466","Teagan Quitoriano","TE","ARZ","14","8.3","10","0.83","11","152","999.0","0","0","0","0.0","0","0","0","0.0","5","3","33","0.3"
"467","Malachi Corley","WR","CLV","11","8.2","8","1.02","17","99","242.0","0","0","0","0.0","0","5","35","0.1","2","1","19","0.1"
"468","Jack Westover","TE","NE","11","7.9","15","0.53","11","50","472.7","0","0","0","0.0","0","0","0","0.0","5","4","20","0.4"
"469","Tim Jones","WR","JAX","7","7.7","10","0.77","17","181","642.0","0","0","0","0.0","0","0","0","0.0","5","3","35","0.2"
"470","DeeJay Dallas","RB","JAX","7","7.5","10","0.75","17","119","677.3","0","0","0","0.0","0","7","29","0.1","2","2","17","0.1"
"471","C.J. Williams","WR","JAX","7","7.2","15","0.48","17","265","999.0","0","0","0","0.0","0","0","0","0.0","4","2","34","0.2"
"472","Jam Miller","RB","NE","11","7.2","10","0.72","17","171","999.0","0","0","0","0.0","0","7","31","0.2","1","1","14","0.1"
"473","Jared Wiley","TE","KC","5","7.0","10","0.70","11","95","677.5","0","0","0","0.0","0","0","0","0.0","3","3","29","0.3"
"474","Myles Price","WR","MIN","6","6.9","14","0.49","17","279","999.0","0","0","0","0.0","0","0","0","0.0","4","3","27","0.2"
"475","Connor Heyward","RB","LV","13","6.6","15","0.44","17","98","682.0","0","0","0","0.0","0","7","18","0.4","1","1","10","0.1"
"476","Albert Okwuegbunam","TE","LV","13","6.6","5","1.32","11","170","999.0","0","0","0","0.0","0","0","0","0.0","4","3","28","0.2"
"477","Jalen Brooks","WR","ARZ","14","6.5","10","0.65","17","236","691.3","0","0","0","0.0","0","0","0","0.0","2","1","33","0.3"
"478","Kaleb Johnson","RB","PIT","9","6.4","6","1.06","17","62","217.5","0","0","0","0.0","0","8","32","0.1","2","1","10","0.0"
"479","Tyler Badie","RB","DEN","10","5.7","4","1.42","17","167","999.0","0","0","0","0.0","0","2","10","0.0","3","2","18","0.1"
"480","Jacob Cowing","WR","SF","8","5.4","13","0.42","17","","2595.0","0","0","0","0.0","0","2","10","0.0","1","1","28","0.1"
"481","Skyy Moore","WR","GB","11","5.4","7","0.77","17","228","685.4","0","0","0","0.0","0","0","0","0.0","2","2","30","0.2"
"482","Keleki Latu","TE","BUF","7","5.4","10","0.54","11","64","571.2","0","0","0","0.0","0","0","0","0.0","3","2","23","0.2"
"483","Colson Yankoff","TE","WAS","7","5.4","14","0.38","11","","2610.0","0","0","0","0.0","0","0","0","0.0","3","2","19","0.2"
"484","David Martin-Robinson","TE","TEN","9","5.2","15","0.35","11","214","999.0","0","0","0","0.0","0","0","0","0.0","3","3","15","0.2"
"485","Pierre Strong","RB","GB","11","5.1","5","1.03","17","121","682.0","0","0","0","0.0","0","5","23","0.1","1","1","8","0.0"
"486","AJ Dillon","RB","CAR","5","5.1","7","0.72","17","149","999.0","0","0","0","0.0","0","4","16","0.1","2","2","11","0.0"
"487","Kene Nwangwu","RB","NYJ","13","5.0","5","1.01","17","169","999.0","0","0","0","0.0","0","6","25","0.1","1","1","8","0.1"
"488","Patrick Ricard","RB","NYG","8","5.0","15","0.33","17","","2635.0","0","0","0","0.0","0","1","2","0.0","2","2","19","0.2"
"489","Jelani Woods","TE","NYJ","13","4.9","10","0.49","11","34","243.0","0","0","0","0.0","0","0","0","0.0","2","2","22","0.1"
"490","Joshua Simon","TE","ATL","11","4.9","10","0.49","11","45","415.0","0","0","0","0.0","0","0","0","0.0","2","1","27","0.2"
"491","Brady Russell","RB","SEA","11","4.8","15","0.32","17","76","636.0","0","0","0","0.0","0","1","2","0.0","3","2","15","0.1"
"492","Reggie Gilliam","RB","NE","11","4.7","15","0.31","17","170","999.0","0","0","0","0.0","0","1","3","0.0","2","2","18","0.1"
"493","Ty Chandler","RB","NO","8","4.5","10","0.45","17","194","999.0","0","0","0","0.0","0","8","30","0.1","1","0","2","0.0"
"494","Drake Dabney","TE","GB","11","4.4","7","0.63","11","44","409.3","0","0","0","0.0","0","0","0","0.0","3","2","16","0.2"
"495","Devin Duvernay","WR","ARZ","14","4.2","12","0.35","17","314","999.0","0","0","0","0.0","0","0","0","0.0","1","1","24","0.2"
"496","Josh Williams","RB","TB","10","4.2","5","0.83","17","96","581.4","0","0","0","0.0","0","7","26","0.1","1","0","4","0.0"
"497","Justin Watson","WR","HST","8","3.9","5","0.79","17","241","695.2","0","0","0","0.0","0","0","0","0.0","2","2","17","0.1"
"498","Nikko Remigio","WR","KC","5","3.9","10","0.39","17","","2685.0","0","0","0","0.0","0","0","0","0.0","3","2","17","0.1"
"499","Xavier Restrepo","WR","TEN","9","3.8","5","0.76","17","217","675.0","0","0","0","0.0","0","0","0","0.0","2","1","17","0.1"
"500","Thomas Fidone II","TE","NYG","8","3.6","5","0.72","11","194","999.0","0","0","0","0.0","0","0","0","0.0","1","1","17","0.1"
"501","Jason Brownlee","WR","KC","5","3.6","5","0.72","17","","2700.0","0","0","0","0.0","0","0","0","0.0","2","1","14","0.1"
"502","Jaret Patterson","RB","LAC","7","3.6","5","0.72","17","117","677.0","0","0","0","0.0","0","4","17","0.1","1","1","5","0.0"
"503","Kaden Wetjen","WR","PIT","9","3.5","10","0.35","17","257","999.0","0","0","0","0.0","0","0","0","0.0","2","1","15","0.2"
"504","Quintin Morris","TE","JAX","7","3.4","5","0.68","11","163","999.0","0","0","0","0.0","0","0","0","0.0","2","1","12","0.2"
"505","Michael Carter","RB","TEN","9","3.4","5","0.68","17","125","686.5","0","0","0","0.0","0","4","15","0.1","1","1","7","0.0"
"506","Isaac Guerendo","RB","SF","8","3.4","5","0.68","17","211","999.0","0","0","0","0.0","0","3","11","0.1","1","1","9","0.0"
"507","Lan Larison","RB","NE","11","3.4","5","0.68","17","152","999.0","0","0","0","0.0","0","4","15","0.1","1","1","6","0.0"
"508","Scott Miller","WR","CHI","10","3.3","5","0.67","17","245","697.5","0","0","0","0.0","0","0","0","0.0","2","1","16","0.1"
"509","Frank Gore Jr.","RB","BUF","7","3.3","7","0.47","17","202","999.0","0","0","0","0.0","0","3","13","0.1","1","1","6","0.0"
"510","Brittain Brown","RB","CHI","10","3.3","5","0.65","17","191","999.0","0","0","0","0.0","0","3","14","0.1","1","1","7","0.0"
"511","Chris Manhertz","TE","NYG","8","3.2","15","0.21","11","72","625.3","0","0","0","0.0","0","0","0","0.0","2","1","11","0.1"
"512","Gavin Bartholomew","TE","MIN","6","3.1","10","0.31","11","86","667.2","0","0","0","0.0","0","0","0","0.0","2","1","13","0.1"
"513","Dameon Pierce","RB","PHI","10","3.1","5","0.62","17","148","999.0","0","0","0","0.0","0","5","19","0.1","0","0","2","0.0"
"514","Kalel Mullings","RB","TEN","9","3.0","5","0.61","17","128","690.0","0","0","0","0.0","0","5","21","0.1","0","0","2","0.0"
"515","Dylan Drummond","WR","ATL","11","2.8","10","0.28","17","103","251.0","0","0","0","0.0","0","0","0","0.0","2","1","13","0.1"
"516","Cameron Latu","TE","PHI","10","2.8","15","0.18","11","","2775.0","0","0","0","0.0","0","1","4","0.0","1","1","8","0.1"
"517","Devin Culp","TE","TB","10","2.7","7","0.39","11","42","342.0","0","0","0","0.0","0","0","0","0.0","1","1","13","0.1"
"518","Damien Martinez","RB","GB","11","2.6","5","0.52","17","146","999.0","0","0","0","0.0","0","1","6","0.0","1","1","7","0.0"
"519","Jake Briningstool","TE","KC","5","2.6","5","0.52","11","180","999.0","0","0","0","0.0","0","0","0","0.0","2","1","9","0.1"
"520","Stephen Carlson","TE","CHI","10","2.5","10","0.25","11","171","999.0","0","0","0","0.0","0","0","0","0.0","1","1","12","0.1"
"521","CJ Dippre","TE","NE","11","2.5","5","0.50","11","67","603.4","0","0","0","0.0","0","0","0","0.0","1","1","9","0.1"
"522","Dominic Lovett","WR","DET","6","2.4","7","0.34","17","155","589.0","0","0","0","0.0","0","0","0","0.0","2","1","10","0.1"
"523","Cam Grandy","TE","CIN","6","2.3","5","0.46","11","128","999.0","0","0","0","0.0","0","0","0","0.0","1","1","9","0.1"
"524","Brayden Willis","TE","SF","8","2.3","5","0.45","11","125","999.0","0","0","0","0.0","0","0","0","0.0","2","1","8","0.1"
"525","Efton Chism III","WR","NE","11","2.1","5","0.42","17","","2820.0","0","0","0","0.0","0","0","0","0.0","1","1","11","0.1"
"526","JP Richardson","WR","CHI","10","1.8","5","0.36","17","203","662.5","0","0","0","0.0","0","0","0","0.0","1","1","8","0.0"
"527","Zaire Mitchell-Paden","TE","NO","8","1.7","7","0.25","11","197","999.0","0","0","0","0.0","0","0","0","0.0","1","1","6","0.1"
"528","Ke'Shawn Williams","WR","CIN","6","1.7","5","0.34","17","173","636.0","0","0","0","0.0","0","0","0","0.0","1","1","6","0.1"
"529","Ahmani Marshall","RB","CLV","11","1.7","5","0.33","17","182","999.0","0","0","0","0.0","0","2","9","0.0","0","0","2","0.0"
"530","Gary Brightwell","RB","CIN","6","1.6","5","0.32","17","93","558.5","0","0","0","0.0","0","0","0","0.0","1","1","7","0.0"
"531","Nick Kallerup","TE","SEA","11","1.5","10","0.15","11","184","999.0","0","0","0","0.0","0","0","0","0.0","1","1","7","0.1"
"532","Ulysses Bentley IV","RB","IND","13","1.5","5","0.30","17","92","554.5","0","0","0","0.0","0","2","8","0.0","0","0","2","0.0"
"533","Charlie Jones","WR","CIN","6","1.2","5","0.25","17","","2860.0","0","0","0","0.0","0","0","0","0.0","1","1","4","0.0"
"534","Dontae Fleming","WR","MIN","6","1.2","5","0.24","17","121","449.7","0","0","0","0.0","0","0","0","0.0","1","0","4","0.0"
"534","Jeshaun Jones","WR","MIN","6","1.2","5","0.24","17","106","271.0","0","0","0","0.0","0","0","0","0.0","1","0","4","0.0"
"536","Hayden Rucci","TE","SF","8","0.6","5","0.12","11","201","999.0","0","0","0","0.0","0","0","0","0.0","0","0","2","0.0"
"537","Ko Kieft","TE","TB","10","0.6","7","0.08","11","210","999.0","0","0","0","0.0","0","0","0","0.0","0","0","2","0.0"
"538","Jordan Watkins","WR","SF","8","0.0","0","0.00","17","","2885.0","0","0","0","0.0","0","0","0","0.0","0","0","0","0.0"
"538","Dillon Gabriel","QB","CLV","11","0.0","0","0.00","15","81","999.0","0","0","0","0.0","0","0","0","0.0","0","0","0","0.0"
"538","Stetson Bennett","QB","LA","11","0.0","0","0.00","15","125","999.0","0","0","0","0.0","0","0","0","0.0","0","0","0","0.0"
"538","Feleipe Franks","TE","CAR","5","0.0","0","0.00","11","164","999.0","0","0","0","0.0","0","0","0","0.0","0","0","0","0.0"
"538","Mason Rudolph","QB","PIT","9","0.0","0","0.00","15","91","999.0","0","0","0","0.0","0","0","0","0.0","0","0","0","0.0"
"538","Ameer Abdullah","RB","JAX","7","0.0","0","0.00","17","99","612.4","0","0","0","0.0","0","0","0","0.0","0","0","0","0.0"
"538","Ricky White III","WR","SEA","11","0.0","0","0.00","17","219","676.5","0","0","0","0.0","0","0","0","0.0","0","0","0","0.0"
"538","Jared Wayne","WR","HST","8","0.0","0","0.00","17","225","682.0","0","0","0","0.0","0","0","0","0.0","0","0","0","0.0"
"538","Moliki Matavao","TE","NO","8","0.0","0","0.00","11","199","999.0","0","0","0","0.0","0","0","0","0.0","0","0","0","0.0"
"538","Lucas Krull","TE","DEN","10","0.0","0","0.00","11","208","999.0","0","0","0","0.0","0","0","0","0.0","0","0","0","0.0"
"538","Michael Bandy","WR","DEN","10","0.0","0","0.00","17","340","999.0","0","0","0","0.0","0","0","0","0.0","0","0","0","0.0"
"538","Dayton Wade","WR","BLT","13","0.0","0","0.00","17","","2885.0","0","0","0","0.0","0","0","0","0.0","0","0","0","0.0"
"538","Bauer Sharp","TE","TB","10","0.0","0","0.00","11","222","999.0","0","0","0","0.0","0","0","0","0.0","0","0","0","0.0"
"538","Donovan Edwards","RB","MIA","6","0.0","0","0.00","17","109","641.8","0","0","0","0.0","0","0","0","0.0","0","0","0","0.0"
"538","Kevin Austin Jr.","WR","NO","8","0.0","0","0.00","17","331","999.0","0","0","0","0.0","0","0","0","0.0","0","0","0","0.0"
"538","Aidan O'Connell","QB","LV","13","0.0","0","0.00","15","54","662.3","0","0","0","0.0","0","0","0","0.0","0","0","0","0.0"
"538","Garrett Greene","WR","TB","10","0.0","0","0.00","17","70","692.3","0","0","0","0.0","0","0","0","0.0","0","0","0","0.0"
"538","Lawrence Cager","TE","WAS","7","0.0","0","0.00","11","166","999.0","0","0","0","0.0","0","0","0","0.0","0","0","0","0.0"
"538","Gardner Minshew","QB","ARZ","14","0.0","0","0.00","15","66","677.8","0","0","0","0.0","0","0","0","0.0","0","0","0","0.0"
"538","Ben VanSumeren","RB","BUF","7","0.0","0","0.00","17","","2885.0","0","0","0","0.0","0","0","0","0.0","0","0","0","0.0"
"538","Rivaldo Fairweather","TE","ARZ","14","0.0","0","0.00","11","101","683.3","0","0","0","0.0","0","0","0","0.0","0","0","0","0.0"
"538","Brevin Jordan","TE","HST","8","0.0","10","0.00","11","82","651.3","0","0","0","0.0","0","0","0","0.0","0","0","0","0.0"
"538","Isaiah Hodgins","WR","NYG","8","0.0","0","0.00","17","312","999.0","0","0","0","0.0","0","0","0","0.0","0","0","0","0.0"
"538","Jake Bobo","WR","SEA","11","0.0","14","0.00","17","","2885.0","0","0","0","0.0","0","0","0","0.0","0","0","0","0.0"
"538","Jalen Milroe","QB","SEA","11","0.0","0","0.00","15","78","999.0","0","0","0","0.0","0","0","0","0.0","0","0","0","0.0"
"538","Andy Dalton","QB","PHI","10","0.0","0","0.00","15","74","999.0","0","0","0","0.0","0","0","0","0.0","0","0","0","0.0"