"NAME","ID","POS","Team","ADP","OVERALL","POSITION"
"Jahmyr Gibbs","1214154","RB","DET","1.1","1","RB1"
"Bijan Robinson","1228244","RB","ATL","2.1","2","RB2"
"Ja'Marr Chase","1109979","WR","CIN","3.0","3","WR1"
"Puka Nacua","1162128","WR","LA","4.3","4","WR2"
"Jaxon Smith-Njigba","1214087","WR","SEA","5.4","5","WR3"
"Christian McCaffrey","830517","RB","SF","6.7","6","RB3"
"Jonathan Taylor","1065406","RB","IND","7.8","7","RB4"
"Amon-Ra St. Brown","1127106","WR","DET","7.0","8","WR4"
"James Cook","1131012","RB","BUF","9.0","9","RB5"
"Justin Jefferson","1069535","WR","MIN","10.5","10","WR5"
"CeeDee Lamb","1062020","WR","DAL","11.2","11","WR6"
"Saquon Barkley","883302","RB","PHI","13.7","12","RB6"
"Ashton Jeanty","1379646","RB","LV","12.8","13","RB7"
"De'Von Achane","1231820","RB","MIA","15.8","14","RB8"
"Kenneth Walker III","1164402","RB","KC","14.0","15","RB9"
"Chase Brown","1123379","RB","CIN","14.6","16","RB10"
"A.J. Brown","944826","WR","NE","18.4","17","WR7"
"Derrick Henry","732145","RB","BLT","19.0","18","RB11"
"Drake London","1178741","WR","ATL","21.7","19","WR8"
"Omarion Hampton","1398572","RB","LAC","17.8","20","RB12"
"Brock Bowers","1285917","TE","LV","19.5","21","TE1"
"Malik Nabers","1286059","WR","NYG","22.7","22","WR9"
"Nico Collins","1074698","WR","HST","25.9","23","WR10"
"George Pickens","1172053","WR","DAL","23.5","24","WR11"
"Rashee Rice","1173538","WR","KC","25.1","25","WR12"
"Chris Olave","1122592","WR","NO","26.7","26","WR13"
"DeVonta Smith","1060262","WR","PHI","29.8","27","WR14"
"Josh Allen","868199","QB","BUF","28.5","28","QB1"
"Trey McBride","1108161","TE","ARZ","26.8","29","TE2"
"Kyren Williams","1167361","RB","LA","29.1","30","RB13"
"Javonte Williams","1107881","RB","DAL","34.1","31","RB14"
"Zay Flowers","1177053","WR","BLT","32.0","32","WR15"
"Breece Hall","1162537","RB","NYJ","37.5","33","RB15"
"Tee Higgins","978579","WR","CIN","36.2","34","WR16"
"Jeremiyah Love","1451501","RB","ARZ","31.3","35","RB16"
"Ladd McConkey","1218643","WR","LAC","33.2","36","WR17"
"Garrett Wilson","1164889","WR","NYJ","38.6","37","WR18"
"Emeka Egbuka","1287825","WR","TB","34.7","38","WR19"
"Jaylen Waddle","1125749","WR","DEN","39.5","39","WR20"
"Josh Jacobs","944416","RB","GB","45.9","40","RB17"
"David Montgomery","946739","RB","HST","46.7","41","RB18"
"Tetairoa McMillan","1380576","WR","CAR","42.5","42","WR21"
"DJ Moore","877790","WR","BUF","42.7","43","WR22"
"Davante Adams","611417","WR","LA","49.9","44","WR23"
"Travis Etienne","978577","RB","NO","44.0","45","RB19"
"Colston Loveland","1378821","TE","CHI","39.9","46","TE3"
"Bhayshul Tuten","1327169","RB","JAX","50.8","47","RB20"
"Jameson Williams","1175184","WR","DET","53.1","48","WR24"
"Terry McLaurin","836116","WR","WAS","52.1","49","WR25"
"Cam Skattebo","1280316","RB","NYG","41.5","50","RB21"
"Mike Evans","593587","WR","SF","55.2","51","WR26"
"Quinshon Judkins","1383807","RB","CLV","53.7","52","RB22"
"D'Andre Swift","1069808","RB","CHI","46.6","53","RB23"
"Luther Burden III","1377732","WR","CHI","48.9","54","WR27"
"Lamar Jackson","877745","QB","BLT","56.3","55","QB2"
"Parker Washington","1229074","WR","JAX","52.0","56","WR28"
"Christian Watson","1067918","WR","GB","56.9","57","WR29"
"Rome Odunze","1213727","WR","CHI","58.1","58","WR30"
"Bucky Irving","1287923","RB","TB","57.0","59","RB24"
"Tyler Warren","1229083","TE","IND","58.4","60","TE4"
"Drake Maye","1286803","QB","NE","67.6","61","QB3"
"Carnell Tate","1441839","WR","TEN","64.9","62","WR31"
"Joe Burrow","878785","QB","CIN","62.4","63","QB4"
"Brian Thomas Jr.","1286064","WR","JAX","66.4","64","WR32"
"TreVeyon Henderson","1287837","RB","NE","61.7","65","RB25"
"Jayden Daniels","1161228","QB","WAS","73.8","66","QB5"
"Rhamondre Stevenson","1174682","RB","NE","68.6","67","RB26"
"Jadarian Price","1383791","RB","SEA","63.9","68","RB27"
"Jalen Hurts","913271","QB","PHI","78.1","69","QB6"
"Quentin Johnston","1213865","WR","LAC","74.2","70","WR33"
"Marvin Harrison Jr.","1287828","WR","ARZ","66.7","71","WR34"
"Jaylen Warren","1176443","RB","PIT","71.2","72","RB28"
"DK Metcalf","945633","WR","PIT","80.5","73","WR35"
"Dak Prescott","591816","QB","DAL","80.7","74","QB7"
"Tony Pollard","880398","RB","TEN","79.2","75","RB29"
"Courtland Sutton","838878","WR","DEN","83.7","76","WR36"
"Jonathon Brooks","1326601","RB","CAR","72.7","77","RB30"
"Michael Wilson","1123529","WR","ARZ","74.6","78","WR37"
"Caleb Williams","1286445","QB","CHI","72.0","79","QB8"
"Sam LaPorta","1168926","TE","DET","78.9","80","TE5"
"Stefon Diggs","694041","WR","WAS","86.9","81","WR38"
"Justin Herbert","910562","QB","LAC","86.2","82","QB9"
"Josh Downs","1215077","WR","IND","82.5","83","WR39"
"Trevor Lawrence","1110711","QB","JAX","87.9","84","QB10"
"Jayden Reed","1123398","WR","GB","90.8","85","WR40"
"Tucker Kraft","1181874","TE","GB","76.5","86","TE6"
"Chris Godwin Jr.","835127","WR","TB","80.6","87","WR41"
"Michael Pittman","911348","WR","PIT","101.7","88","WR42"
"Rico Dowdle","933480","RB","PIT","88.0","89","RB31"
"Kyle Pitts","1123026","TE","ATL","89.3","90","TE7"
"RJ Harvey","1172401","RB","DEN","83.6","91","RB32"
"Patrick Mahomes","839031","QB","KC","100.6","92","QB11"
"Kenny Gainwell","1130705","RB","TB","96.6","93","RB33"
"Jordyn Tyson","1394692","WR","NO","81.9","94","WR43"
"Jordan Addison","1214250","WR","MIN","102.7","95","WR44"
"Matthew Stafford","323205","QB","LA","93.6","96","QB12"
"Harold Fannin Jr.","1394752","TE","CLV","95.8","97","TE8"
"Jaxson Dart","1286260","QB","NYG","103.9","98","QB13"
"Blake Corum","1229540","RB","LA","91.2","99","RB34"
"Wan'Dale Robinson","1164875","WR","TEN","97.2","100","WR45"
"Brock Purdy","1121761","QB","SF","106.9","101","QB14"
"Makai Lemon","1441120","WR","PHI","105.4","102","WR46"
"Jakobi Meyers","880151","WR","JAX","120.1","103","WR47"
"Chuba Hubbard","1062047","RB","CAR","109.2","104","RB35"
"Jared Goff","727837","QB","DET","102.5","105","QB15"
"Alec Pierce","1107027","WR","IND","99.6","106","WR48"
"George Kittle","733672","TE","SF","114.9","107","TE9"
"Bo Nix","1161899","QB","DEN","108.9","108","QB16"
"Kyle Monangai","1250886","RB","CHI","108.1","109","RB36"
"Dallas Goedert","791365","TE","PHI","119.0","110","TE10"
"Deebo Samuel Sr.","835749","WR","SF","117.5","111","WR49"
"Jordan Love","912137","QB","GB","115.2","112","QB17"
"Kyler Murray","879799","QB","MIN","116.5","113","QB18"
"Romeo Doubs","1122653","WR","NE","122.2","114","WR50"
"Matthew Golden","1379267","WR","GB","109.0","115","WR51"
"Jacory Croskey-Merritt","1191186","RB","WAS","107.0","116","RB37"
"Aaron Jones","741314","RB","MIN","131.1","117","RB38"
"Tyler Shough","1110306","QB","NO","121.9","118","QB19"
"Dalton Kincaid","1135513","TE","BUF","106.8","119","TE11"
"J.K. Dobbins","976513","RB","DEN","111.9","120","RB39"
"Xavier Worthy","1326638","WR","KC","123.0","121","WR52"
"KC Concepcion","1441576","WR","CLV","124.4","122","WR53"
"Rachaad White","1229343","RB","WAS","118.5","123","RB40"
"Malik Willis","976323","QB","MIA","132.3","124","QB20"
"Isaiah Likely","1125111","TE","NYG","112.7","125","TE12"
"Travis Kelce","448240","TE","KC","124.4","126","TE13"
"Baker Mayfield","748070","QB","TB","124.9","127","QB21"
"Jake Ferguson","1065361","TE","DAL","129.8","128","TE14"
"Mark Andrews","820699","TE","BLT","137.0","129","TE15"
"Khalil Shakir","1130603","WR","BUF","125.7","130","WR54"
"Jalen Coker","1218753","WR","CAR","129.7","131","WR55"
"Sam Darnold","880026","QB","SEA","140.7","132","QB22"
"Juwan Johnson","884609","TE","NO","146.2","133","TE16"
"Jordan Mason","1116001","RB","MIN","100.2","134","RB41"
"Daniel Jones","879981","QB","IND","138.6","135","QB23"
"C.J. Stroud","1214084","QB","HST","147.0","136","QB24"
"Rashid Shaheed","923412","WR","SEA","138.6","137","WR56"
"Brenton Strange","1164940","TE","JAX","150.0","138","TE17"
"Keaton Mitchell","1222789","RB","LAC","134.3","139","RB42"
"Denzel Boston","1379904","WR","CLV","144.8","140","WR57"
"Chig Okonkwo","1106374","TE","WAS","144.6","141","TE18"
"Hunter Henry","744425","TE","NE","154.4","142","TE19"
"De'Zhaun Stribling","1286818","WR","SF","119.3","143","WR58"
"Jalen Nailor","1126817","WR","LV","146.4","144","WR59"
"Jalen McMillan","1213726","WR","TB","158.2","145","WR60"
"Dontayvion Wicks","1172428","WR","PHI","159.1","146","WR61"
"Tre Tucker","1164979","WR","LV","162.6","147","WR62"
"Cam Ward","1228691","QB","TEN","151.5","148","QB25"
"Isiah Pacheco","1106832","RB","DET","168.5","149","RB43"
"Tyler Allgeier","1131198","RB","ARZ","147.9","150","RB44"
"Chris Rodriguez Jr.","1113403","RB","JAX","135.0","151","RB45"
"MarShawn Lloyd","1213414","RB","GB","155.9","152","RB46"
"Woody Marks","1231652","RB","HST","142.7","153","RB47"
"Ryan Flournoy","1393832","WR","DAL","170.8","154","WR63"
"T.J. Hockenson","923915","TE","MIN","168.3","155","TE20"
"Tyrone Tracy Jr.","1109708","RB","NYG","134.4","156","RB48"
"Zach Charbonnet","1164530","RB","SEA","153.7","157","RB49"
"Dalton Schultz","830523","TE","HST","173.4","158","TE21"
"Tyjae Spears","1169430","RB","TEN","160.6","159","RB50"
"Bryce Young","1213257","QB","CAR","157.6","160","QB26"
"Tank Dell","1128222","WR","HST","180.4","161","WR64"
"Malik Washington","1173255","WR","MIA","150.6","162","WR65"
"Dylan Sampson","1399910","RB","CLV","174.0","163","RB51"
"Jonah Coleman","1380594","RB","DEN","157.7","164","RB52"
"Adonai Mitchell","1285908","WR","NYJ","176.6","165","WR66"
"Jauan Jennings","867009","WR","MIN","165.5","166","WR67"
"Jacoby Brissett","607047","QB","ARZ","166.3","167","QB27"
"Alvin Kamara","750846","RB","NO","147.7","168","RB53"
"AJ Barner","1229503","TE","SEA","186.1","169","TE22"
"Tre Harris","1214633","WR","LAC","173.6","170","WR68"
"Kenyon Sadiq","1444547","TE","NYJ","185.8","171","TE23"
"Caleb Douglas","1394798","WR","MIA","191.2","172","WR69"
"Ja'Kobi Lane","1458888","WR","BLT","168.9","173","WR70"
"Geno Smith","513856","QB","NYJ","190.8","174","QB28"
"Brian Robinson","973966","RB","ATL","185.5","175","RB54"
"Jaydon Blue","1378898","RB","DAL","170.2","176","RB55"
"Cooper Kupp","698227","WR","SEA","203.9","177","WR71"
"Tank Bigsby","1215035","RB","PHI","159.6","178","RB56"
"Jerry Jeudy","973935","WR","CLV","191.1","179","WR72"
"Cade Otton","1049263","TE","TB","193.5","180","TE24"
"Greg Dulcich","1128085","TE","MIA","178.6","181","TE25"
"Terrance Ferguson","1286179","TE","LA","171.7","182","TE26"
"Keenan Allen","557210","WR","IND","215.8","183","WR73"
"Oronde Gadsden II","1325624","TE","LAC","165.9","184","TE27"
"Gunnar Helm","1286438","TE","TEN","192.5","185","TE28"
"Aaron Rodgers","213957","QB","PIT","174.9","186","QB29"
"Travis Hunter","1399275","WR","JAX","163.4","187","WR74"
"Omar Cooper Jr.","1394825","WR","NYJ","174.5","188","WR75"
"Pat Bryant","1305866","WR","DEN","181.1","189","WR76"
"Pat Freiermuth","1116662","TE","PIT","200.7","190","TE29"
"Zachariah Branch","1441110","WR","ATL","194.2","191","WR77"
"Ray Davis","1165229","RB","BUF","188.1","192","RB57"
"Isaac TeSlaa","1441362","WR","DET","184.6","193","WR78"
"Germie Bernard","1380613","WR","PIT","208.5","194","WR79"
"Cyrus Allen","1382670","WR","KC","180.5","195","WR80"
"Mike Washington Jr.","1289428","RB","LV","187.8","196","RB58"
"Devaughn Vele","1164788","WR","NO","217.9","197","WR81"
"Fernando Mendoza","1400786","QB","LV","180.5","198","QB30"
"Justice Hill","923109","RB","BLT","209.3","199","RB59"
"Colby Parkinson","1060312","TE","LA","207.4","200","TE30"
"Rashod Bateman","1108208","WR","BLT","209.8","201","WR82"
"Jaylin Noel","1286370","WR","HST","228.9","202","WR83"
"Antonio Williams","1378290","WR","WAS","209.3","203","WR84"
"Malachi Fields","1319589","WR","NYG","203.0","204","WR85"
"Calvin Ridley","884013","WR","TEN","200.9","205","WR86"
"Chris Bell","1389700","WR","MIA","225.6","206","WR87"
"Evan Engram","749185","TE","DEN","217.4","207","TE31"
"Emmett Johnson","1379251","RB","KC","207.8","208","RB60"
"Deshaun Watson","828743","QB","CLV","221.7","209","QB31"
"Charlie Kolar","1058648","TE","LAC","225.2","210","TE32"
"Kayshon Boutte","1213362","WR","NE","198.1","211","WR88"
"George Holani","1180625","RB","SEA","206.3","212","RB61"
"Tyquan Thornton","1110301","WR","KC","221.0","213","WR89"
"Kimani Vidal","1214824","RB","LAC","196.7","214","RB62"
"Braelon Allen","1325231","RB","NYJ","191.4","215","RB63"
"Mike Gesicki","836152","TE","CIN","223.1","216","TE33"
"Michael Mayer","1232592","TE","LV","226.5","217","TE34"
"Ty Johnson","877784","RB","BUF","229.0","218","RB64"
"Christian Kirk","865801","WR","SF","224.7","219","WR90"
"Ted Hurst III","1521285","WR","TB","213.5","220","WR91"
"Sean Tucker","1228633","RB","TB","203.0","221","RB65"
"David Njoku","832098","TE","LAC","212.0","222","TE35"
"Xavier Legette","1180321","WR","CAR","230.2","223","WR92"
"Tua Tagovailoa","973947","QB","ATL","205.5","224","QB32"
"Darnell Mooney","912027","WR","NYG","217.2","225","WR93"
"Samaje Perine","820734","RB","CIN","223.4","226","RB66"
"Bryce Lance","1325016","WR","NO","229.0","227","WR94"
"Jahan Dotson","1121878","WR","ATL","230.3","228","WR95"
"Colbie Young","1406878","WR","CIN","229.3","229","WR96"
"Zavion Thomas","1398153","WR","CHI","230.2","230","WR97"
"Troy Franklin","1286176","WR","DEN","220.4","231","WR98"
"Andrei Iosivas","1124851","WR","CIN","229.9","232","WR99"
"Kaytron Allen","1379259","RB","WAS","219.3","233","RB67"
"James Conner","742390","RB","ARZ","225.1","234","RB68"
"Darius Slayton","880557","WR","NYG","229.2","235","WR100"
"Devontez Walker","1277914","WR","BLT","227.3","236","WR101"
"Tory Horton","1223393","WR","SEA","225.3","237","WR102"
"Kaelon Black","1215772","RB","SF","219.0","238","RB69"
"Kirk Cousins","403308","QB","LV","217.5","239","QB33"
"Najee Harris","973964","RB","NYG","227.6","240","RB70"
"Emanuel Wilson","1447759","RB","SEA","226.8","241","RB71"
"Elic Ayomanor","1395319","WR","TEN","230.5","242","WR103"
"Demond Claiborne","1390910","RB","MIN","222.9","243","RB72"
"Jordan James","1400657","RB","SF","226.8","244","RB73"
"Jack Bech","1286046","WR","LV","230.0","245","WR104"
"Michael Penix Jr.","1107478","QB","ATL","227.2","246","QB34"
"Chris Brooks","1127065","RB","GB","228.6","247","RB74"
"Malik Benson","1441191","WR","LV","229.2","248","WR105"