,Team Details,Team Details,Team Details,Splits,Splits,Splits,Splits,Team Details,Man/Zone,Man/Zone,Man/Zone,Man/Zone,Middle of Field Look (Closed/Open),Middle of Field Look (Closed/Open),Middle of Field Look (Closed/Open),Middle of Field Look (Closed/Open),Disguised Coverage,Disguised Coverage,Disguised Coverage,Coverages,Coverages,Coverages,Coverages,Coverages,Coverages,Coverages,Personnel & Press,Personnel & Press,Personnel & Press,Personnel & Press,Personnel & Press
Season,Rank,Name,G,WEEK,OPP,Team HC,DB %,DB,MAN %,FP/DB,ZONE %,FP/DB,1-HI/MOF C %,FP/DB,2-HI/MOF O %,FP/DB,DISGUISE %,TO 1-HI %,TO 2-HI %,COVER 0 %,COVER 1 %,COVER 2 %,COVER 2 MAN %,COVER 3 %,COVER 4 %,COVER 6 %,BASE %,NICKEL %,DIME %,PRESS % (ANY),PRESS % (TGT)
2022,,League Avg,,,,,,,25.8,0.5,69.5,0.34,53.6,0.4,46.4,0.43,27.6,19.9,7.5,2.9,20.4,13.6,1.8,32.3,14.4,9.2,15.9,68.4,14,0,0
2022,1,Tennessee Titans,1,9,KC,Mike Vrabel,10.554803788903925,78,32.1,0.72,61.5,0.31,41,0.65,59,0.27,28.2,25.6,2.6,1.3,29.5,14.1,1.3,11.5,34.6,1.3,2.6,60.3,34.6,0,0
2022,2,Miami Dolphins,1,3,BUF,Mike McDaniel,10.215827338129497,71,38,0.53,54.9,0.33,40.8,0.29,59.2,0.45,15.5,8.5,7,18.3,19.7,31,0,21.1,0,2.8,28.2,47.9,21.1,0,0
2022,3,Pittsburgh Steelers,1,1,CIN,Mike Tomlin,10.517799352750808,65,32.3,0.53,60,0.23,32.3,0.27,67.7,0.35,24.6,20,4.6,9.2,20,33.8,1.5,9.2,3.1,13.8,0,61.5,38.5,0,0
2022,4,Indianapolis Colts,1,15,MIN,Jeff Saturday,10.361842105263158,63,22.2,0.35,69.8,0.43,49.2,0.33,50.8,0.7,25.4,19,6.3,0,17.5,15.9,0,28.6,17.5,7.9,9.5,85.7,3.2,0,0
2022,5,Baltimore Ravens,1,1,NYJ,John Harbaugh,9.295352323838081,62,19.4,0.13,72.6,0.28,48.4,0.16,51.6,0.3,12.9,12.9,0,4.8,14.5,12.9,0,33.9,21,4.8,9.7,45.2,45.2,0,0
2022,6,Los Angeles Rams,1,3,ARZ,Sean McVay,10.016155088852988,62,17.7,0.2,82.3,0.22,56.5,0.22,43.5,0.21,30.6,29,1.6,0,17.7,3.2,0,38.7,27.4,12.9,1.6,77.4,21,0,0
2022,7,Denver Broncos,1,6,LAC,Nathaniel Hackett,9.145427286356822,61,13.1,0.11,82,0.17,59,0.16,41,0.15,52.5,50.8,1.6,4.9,8.2,0,0,50.8,13.1,18,11.5,85.2,1.6,0,0
2022,8,Minnesota Vikings,1,13,NYJ,Kevin O'Connell,8.645533141210375,60,25,0.12,66.7,0.27,38.3,0.23,61.7,0.22,21.7,16.7,5,1.7,21.7,6.7,1.7,16.7,18.3,25,10,81.7,8.3,0,0
2022,9,Los Angeles Rams,1,9,TB,Sean McVay,9.531502423263328,59,10.2,0.94,83.1,0.2,59.3,0.17,40.7,0.39,45.8,42.4,3.4,3.4,6.8,5.1,0,52.5,13.6,11.9,0,71.2,28.8,0,0
2022,10,Jacksonville Jaguars,1,6,IND,Doug Pederson,8.656716417910449,58,34.5,0.97,62.1,0.23,65.5,0.63,34.5,0.19,22.4,10.3,12.1,0,34.5,13.8,0,31,6.9,10.3,22.4,63.8,12.1,0,0
2022,11,Seattle Seahawks,1,7,LAC,Pete Carroll,9.134615384615383,57,7,1.24,86,0.22,42.1,0.32,57.9,0.37,14,14,0,0,5.3,15.8,1.8,35.1,3.5,31.6,7,68.4,24.6,0,0
2022,12,Buffalo Bills,1,5,PIT,Sean McDermott,8.763693270735525,56,23.2,0.15,76.8,0.26,26.8,0.26,73.2,0.22,62.5,12.5,50,0,10.7,44.6,10.7,16.1,10.7,5.4,0,100,0,0,0
2022,13,Buffalo Bills,1,10,MIN,Sean McDermott,8.763693270735525,56,26.8,0.6,66.1,0.23,28.6,0.46,71.4,0.26,51.8,23.2,28.6,5.4,12.5,26.8,7.1,14.3,19.6,5.4,3.6,96.4,0,0,0
2022,14,Cincinnati Bengals,1,3,NYJ,Zac Taylor,9.210526315789473,56,30.4,0.09,69.6,0.15,58.9,0.17,41.1,0.08,25,17.9,7.1,5.4,21.4,16.1,1.8,37.5,5.4,10.7,0,60.7,33.9,0,0
2022,15,Miami Dolphins,1,14,LAC,Mike McDaniel,8.057553956834532,56,28.6,0.3,67.9,0.28,71.4,0.3,28.6,0.48,17.9,10.7,5.4,7.1,19.6,10.7,1.8,51.8,3.6,1.8,37.5,41.1,21.4,0,0
2022,16,San Francisco 49ers,1,4,LA,Kyle Shanahan,8.446455505279035,56,35.7,0.14,58.9,0.18,69.6,0.16,30.4,0.15,25,21.4,3.6,0,35.7,5.4,0,33.9,14.3,5.4,0,96.4,3.6,0,0
2022,17,San Francisco 49ers,1,14,TB,Kyle Shanahan,8.446455505279035,56,8.9,0.02,89.3,0.16,33.9,0.1,66.1,0.28,23.2,23.2,0,0,7.1,28.6,0,26.8,12.5,21.4,7.1,91.1,1.8,0,0
2022,18,Minnesota Vikings,1,6,MIA,Kevin O'Connell,7.92507204610951,55,7.3,0.22,87.3,0.3,47.3,0.57,52.7,0.3,18.2,16.4,1.8,0,3.6,9.1,3.6,40,9.1,29.1,18.2,78.2,3.6,0,0
2022,19,New England Patriots,1,16,CIN,Bill Belichick,8.136094674556213,55,10.9,0.63,81.8,0.36,25.5,0.32,74.5,0.49,40,16.4,23.6,1.8,5.5,47.3,0,20,9.1,5.5,1.8,56.4,41.8,0,0
2022,20,New Orleans Saints,1,13,TB,Dennis Allen,9.01639344262295,55,32.7,0.39,61.8,0.17,36.4,0.12,63.6,0.43,21.8,20,1.8,1.8,25.5,29.1,5.5,10.9,18.2,3.6,7.3,56.4,34.5,0,0
2022,21,Philadelphia Eagles,1,3,WAS,Nick Sirianni,8.34597875569044,55,21.8,0.06,76.4,0.18,50.9,0.13,49.1,0.22,25.5,16.4,9.1,1.8,20,12.7,0,30.9,23.6,9.1,3.6,87.3,9.1,0,0
2022,22,Houston Texans,1,1,IND,Lovie Smith,9.137055837563452,54,7.4,0.28,85.2,0.37,53.7,0.42,46.3,0.24,29.6,22.2,5.6,0,7.4,22.2,0,46.3,14.8,1.9,20.4,77.8,1.9,0,0
2022,23,Las Vegas Raiders,1,13,LAC,Josh McDaniels,8.424336973478939,54,59.3,0.35,38.9,0.24,61.1,0.19,38.9,0.5,22.2,13,9.3,7.4,44.4,7.4,5.6,16.7,11.1,3.7,0,61.1,33.3,0,0
2022,24,Arizona Cardinals,1,12,LAC,Kliff Kingsbury,8.128834355828221,53,9.4,0.92,83,0.4,39.6,0.17,60.4,0.73,34,17,15.1,3.8,5.7,22.6,0,34,20.8,5.7,0,77.4,22.6,0,0
2022,25,Detroit Lions,1,2,WAS,Dan Campbell,8.268330733229329,53,32.1,0.67,64.2,0.44,37.7,0.46,62.3,0.53,15.1,9.4,5.7,7.5,20.8,32.1,3.8,15.1,7.5,9.4,3.8,86.8,7.5,0,0
2022,26,Kansas City Chiefs,1,4,TB,Andy Reid,7.433380084151472,53,28.3,0.54,62.3,0.4,30.2,0.59,69.8,0.46,18.9,7.5,11.3,7.5,13.2,13.2,7.5,13.2,24.5,11.3,3.8,26.4,66,0,0
2022,27,Kansas City Chiefs,1,14,DEN,Andy Reid,7.433380084151472,53,37.7,0.58,58.5,0.29,37.7,0.62,62.3,0.5,17,13.2,3.8,5.7,24.5,22.6,7.5,13.2,20.8,1.9,11.3,60.4,26.4,0,0
2022,28,Arizona Cardinals,1,7,NO,Kliff Kingsbury,7.975460122699387,52,25,1.55,69.2,0.31,34.6,0.22,65.4,0.81,36.5,19.2,17.3,7.7,3.8,17.3,11.5,26.9,7.7,17.3,42.3,57.7,0,0,0
2022,29,Atlanta Falcons,1,5,TB,Arthur Smith,8.652246256239602,52,42.3,0.22,48.1,0.31,63.5,0.29,36.5,0.45,15.4,5.8,9.6,0,40.4,19.2,1.9,23.1,3.8,1.9,7.7,86.5,5.8,0,0
2022,30,Kansas City Chiefs,1,7,SF,Andy Reid,7.293127629733521,52,38.5,0.56,61.5,0.27,25,0.7,75,0.28,19.2,13.5,5.8,7.7,15.4,28.8,13.5,9.6,9.6,13.5,9.6,44.2,46.2,0,0
2022,31,Las Vegas Raiders,1,2,ARZ,Josh McDaniels,8.11232449297972,52,38.5,0.48,59.6,0.22,42.3,0.54,57.7,0.29,23.1,11.5,11.5,3.8,28.8,36.5,0,13.5,5.8,3.8,5.8,80.8,11.5,0,0
2022,32,Minnesota Vikings,1,8,ARZ,Kevin O'Connell,7.492795389048991,52,23.1,0.89,73.1,0.4,32.7,0.7,67.3,0.4,15.4,15.4,0,1.9,19.2,0,0,13.5,17.3,42.3,0,100,0,0,0
2022,33,New England Patriots,1,14,ARZ,Bill Belichick,7.6923076923076925,52,15.4,0.1,84.6,0.23,67.3,0.2,32.7,0.23,42.3,32.7,9.6,1.9,7.7,13.5,0,59.6,11.5,0,0,57.7,40.4,0,0
2022,34,New York Giants,1,16,MIN,Brian Daboll,8.16326530612245,52,23.1,1.22,73.1,0.25,23.1,0.65,76.9,0.4,23.1,5.8,17.3,11.5,7.7,7.7,1.9,13.5,25,26.9,13.5,32.7,15.4,0,0
2022,35,Baltimore Ravens,1,2,MIA,John Harbaugh,7.646176911544228,51,29.4,1.05,62.7,0.64,45.1,0.71,54.9,0.87,21.6,21.6,0,2,19.6,7.8,3.9,25.5,13.7,15.7,17.6,45.1,35.3,0,0
2022,36,Buffalo Bills,1,14,NYJ,Sean McDermott,7.981220657276995,51,21.6,0.2,76.5,0.19,52.9,0.19,47.1,0.19,52.9,37.3,15.7,0,19.6,11.8,2,33.3,21.6,9.8,0,100,0,0,0
2022,37,Carolina Panthers,1,7,TB,Steve Wilks,7.993730407523511,51,11.8,0.05,82.4,0.27,45.1,0.19,54.9,0.26,19.6,5.9,13.7,2,9.8,19.6,0,35.3,21.6,5.9,15.7,84.3,0,0,0
2022,38,Philadelphia Eagles,1,8,PIT,Nick Sirianni,7.7389984825493165,51,7.8,0.25,86.3,0.18,62.7,0.31,37.3,0.17,35.3,25.5,9.8,0,7.8,9.8,0,51,11.8,13.7,7.8,90.2,2,0,0
2022,39,Detroit Lions,1,12,BUF,Dan Campbell,7.800312012480499,50,34,0.54,62,0.25,58,0.36,42,0.54,38,28,10,0,32,22,2,24,8,8,0,96,4,0,0
2022,40,Houston Texans,1,5,JAX,Lovie Smith,8.460236886632826,50,2,1.2,88,0.26,12,0.09,88,0.26,22,2,18,0,2,66,0,6,16,0,18,82,0,0,0
2022,41,Kansas City Chiefs,1,2,LAC,Andy Reid,7.012622720897616,50,26,0.3,66,0.37,20,0.68,80,0.44,8,6,2,8,14,34,0,6,16,10,20,70,8,0,0
2022,42,Minnesota Vikings,1,10,BUF,Kevin O'Connell,7.204610951008646,50,20,0.87,76,0.42,56,0.62,44,0.28,16,16,0,0,20,10,0,34,14,18,2,98,0,0,0
2022,43,Philadelphia Eagles,1,2,MIN,Nick Sirianni,7.587253414264036,50,18,0.34,76,0.23,32,0.43,68,0.15,18,6,12,4,10,8,4,18,36,14,2,88,10,0,0
2022,44,Seattle Seahawks,1,17,NYJ,Pete Carroll,8.012820512820513,50,18,0.15,78,0.16,54,0.13,46,0.14,22,22,0,0,18,12,0,36,2,28,14,42,42,0,0
2022,45,Buffalo Bills,1,1,LA,Sean McDermott,7.668231611893583,49,4.1,0.24,93.9,0.13,42.9,0.06,57.1,0.34,42.9,36.7,6.1,0,2,18.4,2,40.8,24.5,10.2,0,100,0,0,0
2022,46,Dallas Cowboys,1,3,NYG,Mike McCarthy,7.753164556962025,49,18.4,0.23,81.6,0.27,81.6,0.25,18.4,0.32,28.6,18.4,10.2,0,18.4,14.3,0,63.3,4.1,0,2,79.6,18.4,0,0
2022,47,Dallas Cowboys,1,5,LA,Mike McCarthy,7.753164556962025,49,22.4,0.63,73.5,0.18,59.2,0.32,40.8,0.23,28.6,10.2,18.4,0,20.4,28.6,0,38.8,6.1,0,4.1,55.1,38.8,0,0
2022,48,Jacksonville Jaguars,1,17,HST,Doug Pederson,7.313432835820896,49,30.6,0.09,67.3,0.28,65.3,0.24,34.7,0.17,32.7,14.3,18.4,0,28.6,26.5,2,36.7,4.1,0,6.1,81.6,12.2,0,0
2022,49,Kansas City Chiefs,1,18,LV,Andy Reid,6.872370266479663,49,22.4,0.18,71.4,0.27,18.4,0.21,81.6,0.35,18.4,8.2,10.2,4.1,4.1,24.5,14.3,12.2,12.2,22.4,18.4,42.9,38.8,0,0
2022,50,Miami Dolphins,1,7,PIT,Mike McDaniel,7.0503597122302155,49,30.6,0.44,67.3,0.2,65.3,0.27,34.7,0.28,20.4,8.2,12.2,0,14.3,16.3,16.3,51,0,0,22.4,44.9,32.7,0,0
2022,51,Minnesota Vikings,1,16,NYG,Kevin O'Connell,7.060518731988473,49,36.7,0.38,63.3,0.38,69.4,0.41,30.6,0.32,30.6,26.5,4.1,0,32.7,2,4.1,36.7,4.1,20.4,4.1,91.8,4.1,0,0
2022,52,New England Patriots,1,6,CLV,Bill Belichick,7.2485207100591715,49,55.1,0.32,44.9,0.14,81.6,0.29,18.4,-0.02,22.4,20.4,2,4.1,51,8.2,0,30.6,6.1,0,14.3,53.1,32.7,0,0
2022,53,New York Jets,1,6,GB,Robert Saleh,7.753164556962025,49,30.6,0.52,67.3,0.18,55.1,0.33,44.9,0.24,36.7,36.7,0,0,30.6,0,0,24.5,32.7,10.2,4.1,91.8,4.1,0,0
2022,54,San Francisco 49ers,1,11,ARZ,Kyle Shanahan,7.390648567119156,49,18.4,0.26,79.6,0.18,42.9,0.14,57.1,0.24,20.4,8.2,12.2,0,16.3,24.5,0,26.5,16.3,12.2,6.1,93.9,0,0,0
2022,55,Tampa Bay Buccaneers,1,16,ARZ,Todd Bowles,7.632398753894081,49,4.1,0,89.8,0.19,34.7,0.04,65.3,0.21,28.6,10.2,18.4,0,2,26.5,2,30.6,22.4,10.2,12.2,77.6,8.2,0,0
2022,56,Tennessee Titans,1,10,DEN,Mike Vrabel,6.630581867388363,49,24.5,0.07,75.5,0.39,55.1,0.17,44.9,0.49,40.8,38.8,0,2,22.4,18.4,0,32.7,24.5,0,6.1,69.4,24.5,0,0
2022,57,Arizona Cardinals,1,16,TB,Kliff Kingsbury,7.361963190184049,48,18.8,0.02,77.1,0.24,33.3,0.15,66.7,0.34,25,6.3,18.8,8.3,6.3,31.3,4.2,27.1,10.4,8.3,16.7,79.2,4.2,0,0
2022,58,Baltimore Ravens,1,8,TB,John Harbaugh,7.19640179910045,48,12.5,0.17,77.1,0.31,45.8,0.39,54.2,0.33,33.3,27.1,6.3,2.1,6.3,8.3,0,39.6,16.7,12.5,10.4,33.3,54.2,0,0
2022,59,Carolina Panthers,1,17,TB,Steve Wilks,7.523510971786834,48,16.7,0.13,81.3,0.7,43.8,0.25,56.3,0.85,8.3,4.2,2.1,0,14.6,20.8,0,29.2,20.8,10.4,20.8,77.1,0,0,0
2022,60,Cincinnati Bengals,1,14,CLV,Zac Taylor,7.894736842105263,48,27.1,0.2,58.3,0.47,50,0.23,50,0.43,22.9,16.7,6.3,4.2,18.8,14.6,0,27.1,16.7,0,4.2,72.9,22.9,0,0
2022,61,Cincinnati Bengals,1,18,BLT,Zac Taylor,7.894736842105263,48,18.8,0.2,72.9,0.15,77.1,0.2,22.9,0,35.4,31.3,4.2,2.1,16.7,6.3,0,58.3,6.3,2.1,25,58.3,16.7,0,0
2022,62,Cleveland Browns,1,2,NYJ,Kevin Stefanski,8.465608465608465,48,12.5,1,77.1,0.47,35.4,0.6,64.6,0.6,22.9,18.8,4.2,2.1,8.3,20.8,2.1,27.1,8.3,20.8,12.5,72.9,12.5,0,0
2022,63,Denver Broncos,1,5,IND,Nathaniel Hackett,7.19640179910045,48,18.8,0.38,79.2,0.12,70.8,0.17,29.2,0.17,60.4,60.4,0,0,18.8,0,0,52.1,10.4,16.7,4.2,50,45.8,0,0
2022,64,Detroit Lions,1,11,NYG,Dan Campbell,7.48829953198128,48,39.6,0.29,56.3,0.2,70.8,0.36,29.2,0.22,35.4,25,10.4,0,35.4,16.7,4.2,33.3,0,6.3,4.2,91.7,2.1,0,0
2022,65,Green Bay Packers,1,10,DAL,Matt LaFleur,8.98876404494382,48,18.8,0.24,68.8,0.32,62.5,0.33,37.5,0.6,29.2,20.8,8.3,0,14.6,6.3,4.2,45.8,12.5,4.2,12.5,79.2,8.3,0,0
2022,66,Houston Texans,1,12,MIA,Lovie Smith,8.121827411167512,48,16.7,0.06,68.8,0.36,33.3,0.28,66.7,0.38,16.7,8.3,8.3,2.1,14.6,33.3,0,16.7,8.3,10.4,22.9,75,2.1,0,0
2022,67,Kansas City Chiefs,1,10,JAX,Andy Reid,6.732117812061711,48,43.8,0.76,50,0.18,33.3,0.33,66.7,0.49,18.8,18.8,0,8.3,25,8.3,4.2,8.3,29.2,4.2,12.5,56.3,31.3,0,0
2022,68,Las Vegas Raiders,1,5,KC,Josh McDaniels,7.48829953198128,48,56.3,0.45,33.3,0.33,70.8,0.46,29.2,1.01,22.9,18.8,4.2,4.2,52.1,8.3,0,18.8,2.1,4.2,4.2,66.7,18.8,0,0
2022,69,New York Jets,1,7,DEN,Robert Saleh,7.59493670886076,48,31.3,0.27,68.8,0.14,45.8,0.23,54.2,0.14,14.6,12.5,2.1,0,29.2,0,0,16.7,35.4,16.7,18.8,66.7,14.6,0,0
2022,70,San Francisco 49ers,1,5,CAR,Kyle Shanahan,7.239819004524888,48,22.9,0.24,77.1,0.2,64.6,0.19,35.4,0.24,22.9,12.5,10.4,0,22.9,18.8,0,41.7,16.7,0,10.4,89.6,0,0,0
2022,71,San Francisco 49ers,1,15,SEA,Kyle Shanahan,7.239819004524888,48,14.6,0.14,83.3,0.22,56.3,0.26,43.8,0.35,20.8,14.6,6.3,0,14.6,6.3,0,41.7,27.1,8.3,25,75,0,0,0
2022,72,Tennessee Titans,1,3,LV,Mike Vrabel,6.495263870094722,48,27.1,0.59,58.3,0.35,8.3,0.4,91.7,0.44,6.3,0,6.3,0,6.3,29.2,2.1,2.1,10.4,16.7,12.5,60.4,27.1,0,0
2022,73,Tennessee Titans,1,7,IND,Mike Vrabel,6.495263870094722,48,37.5,0.05,60.4,0.2,62.5,0.14,37.5,0.37,54.2,39.6,14.6,2.1,35.4,20.8,0,27.1,10.4,2.1,0,64.6,35.4,0,0
2022,74,Buffalo Bills,1,6,KC,Sean McDermott,7.355242566510173,47,42.6,0.47,51.1,0.54,40.4,0.31,59.6,0.56,27.7,17,10.6,2.1,36.2,27.7,4.3,4.3,10.6,8.5,0,78.7,21.3,0,0
2022,75,Denver Broncos,1,13,BLT,Nathaniel Hackett,7.04647676161919,47,10.6,0.24,85.1,0.21,51.1,0.2,48.9,0.22,34,34,0,2.1,8.5,0,0,42.6,36.2,6.4,21.3,74.5,4.3,0,0
2022,76,Detroit Lions,1,9,GB,Dan Campbell,7.332293291731669,47,29.8,0.26,66,0.46,53.2,0.49,46.8,0.2,21.3,14.9,6.4,2.1,27.7,10.6,0,25.5,23.4,6.4,8.5,85.1,4.3,0,0
2022,77,Jacksonville Jaguars,1,3,LAC,Doug Pederson,7.014925373134329,47,19.1,0.52,74.5,0.28,46.8,0.2,53.2,0.41,38.3,19.1,19.1,0,17,23.4,2.1,25.5,10.6,14.9,19.1,80.9,0,0,0
2022,78,New York Giants,1,13,WAS,Brian Daboll,7.378335949764521,47,38.3,0.63,57.4,0.27,61.7,0.36,38.3,0.46,31.9,27.7,4.3,0,27.7,0,10.6,34,19.1,4.3,23.4,36.2,8.5,0,0
2022,79,Seattle Seahawks,1,6,ARZ,Pete Carroll,7.532051282051282,47,8.5,0,89.4,0.27,55.3,0.08,44.7,0.44,17,17,0,0,8.5,14.9,0,44.7,4.3,25.5,19.1,44.7,34,0,0
2022,80,Tampa Bay Buccaneers,1,2,NO,Todd Bowles,7.320872274143301,47,2.1,0,91.5,0.12,42.6,0.1,57.4,0.28,31.9,23.4,8.5,0,2.1,14.9,0,40.4,23.4,12.8,17,80.9,2.1,0,0
2022,81,Atlanta Falcons,1,3,SEA,Arthur Smith,7.653910149750416,46,23.9,0.68,76.1,0.36,41.3,0.49,58.7,0.4,19.6,6.5,13,2.2,19.6,32.6,2.2,21.7,6.5,15.2,43.5,56.5,0,0,0
2022,82,Carolina Panthers,1,16,DET,Steve Wilks,7.210031347962382,46,10.9,2.08,78.3,0.35,43.5,0.64,56.5,0.57,23.9,19.6,4.3,6.5,4.3,8.7,0,37,23.9,8.7,4.3,91.3,2.2,0,0
2022,83,Cincinnati Bengals,1,15,TB,Zac Taylor,7.565789473684211,46,26.1,0.27,63,0.2,56.5,0.19,43.5,0.84,34.8,21.7,13,0,23.9,10.9,2.2,32.6,13,6.5,10.9,63,21.7,0,0
2022,84,Cleveland Browns,1,12,TB,Kevin Stefanski,8.112874779541446,46,19.6,0.58,73.9,0.24,47.8,0.58,52.2,0.21,23.9,21.7,2.2,0,15.2,4.3,2.2,30.4,21.7,17.4,6.5,67.4,23.9,0,0
2022,85,Denver Broncos,1,18,LAC,Jerry Rosburg,6.896551724137931,46,15.2,1.5,82.6,0.34,56.5,0.53,43.5,0.48,50,50,0,0,15.2,0,0,41.3,6.5,34.8,15.2,84.8,0,0,0
2022,86,Houston Texans,1,15,KC,Lovie Smith,7.7834179357022,46,28.3,0.34,65.2,0.69,50,0.84,50,0.45,30.4,15.2,13,0,28.3,21.7,0,21.7,15.2,6.5,41.3,56.5,2.2,0,0
2022,87,Los Angeles Rams,1,12,KC,Sean McVay,7.431340872374798,46,15.2,1.01,78.3,0.34,69.6,0.25,30.4,0.82,32.6,32.6,0,0,13,0,2.2,52.2,15.2,10.9,6.5,73.9,19.6,0,0
2022,88,Miami Dolphins,1,12,HST,Mike McDaniel,6.618705035971223,46,23.9,0.55,76.1,0.13,71.7,0.23,28.3,0.22,28.3,17.4,10.9,4.3,19.6,23.9,0,52.2,0,0,26.1,39.1,34.8,0,0
2022,89,Tampa Bay Buccaneers,1,1,DAL,Todd Bowles,7.165109034267912,46,17.4,0.09,82.6,0.16,37,0.23,63,0.1,32.6,15.2,17.4,0,13,19.6,4.3,23.9,26.1,13,4.3,95.7,0,0,0
2022,90,Atlanta Falcons,1,7,CIN,Arthur Smith,7.487520798668886,45,17.8,1.12,77.8,0.63,62.2,0.68,37.8,0.71,24.4,11.1,13.3,0,15.6,22.2,0,46.7,8.9,0,8.9,84.4,6.7,0,0
2022,91,Baltimore Ravens,1,18,CIN,John Harbaugh,6.746626686656672,45,4.4,0.12,93.3,0.29,31.1,0.2,68.9,0.3,28.9,20,8.9,2.2,0,8.9,0,31.1,31.1,22.2,0,93.3,4.4,0,0
2022,92,Buffalo Bills,1,11,CLV,Sean McDermott,7.042253521126761,45,22.2,1.2,73.3,0.35,46.7,0.54,53.3,0.69,40,15.6,24.4,2.2,15.6,24.4,2.2,31.1,11.1,6.7,2.2,97.8,0,0,0
2022,93,Dallas Cowboys,1,2,CIN,Mike McCarthy,7.120253164556963,45,26.7,0.29,71.1,0.22,40,0.25,60,0.38,60,22.2,37.8,0,22.2,48.9,4.4,17.8,4.4,0,0,82.2,17.8,0,0
2022,94,Dallas Cowboys,1,4,WAS,Mike McCarthy,7.120253164556963,45,13.3,0.9,84.4,0.1,46.7,0.08,53.3,0.31,46.7,17.8,28.9,2.2,11.1,42.2,0,35.6,6.7,0,4.4,55.6,40,0,0
2022,95,Dallas Cowboys,1,15,JAX,Mike McCarthy,7.120253164556963,45,24.4,0.82,68.9,0.49,55.6,0.45,44.4,0.87,20,6.7,13.3,2.2,22.2,22.2,0,31.1,15.6,0,0,64.4,33.3,0,0
2022,96,Denver Broncos,1,17,KC,Jerry Rosburg,6.746626686656672,45,28.9,0.39,64.4,0.54,73.3,0.39,26.7,1.02,53.3,51.1,2.2,4.4,24.4,0,0,44.4,11.1,8.9,17.8,77.8,4.4,0,0
2022,97,Detroit Lions,1,14,MIN,Dan Campbell,7.020280811232449,45,48.9,0.57,40,0.58,42.2,0.75,57.8,0.33,24.4,17.8,6.7,2.2,31.1,17.8,8.9,11.1,2.2,8.9,6.7,68.9,22.2,0,0
2022,98,Green Bay Packers,1,3,TB,Matt LaFleur,8.426966292134832,45,28.9,0.59,71.1,0.16,31.1,0.27,68.9,0.29,15.6,13.3,2.2,4.4,22.2,2.2,2.2,8.9,35.6,24.4,8.9,86.7,4.4,0,0
2022,99,Indianapolis Colts,1,5,DEN,Frank Reich,7.401315789473683,45,15.6,0.23,84.4,0.26,66.7,0.3,33.3,0.16,28.9,20,8.9,2.2,13.3,15.6,0,53.3,15.6,0,15.6,82.2,2.2,0,0
2022,100,Jacksonville Jaguars,1,1,WAS,Doug Pederson,6.7164179104477615,45,24.4,0.57,71.1,0.54,40,0.79,60,0.51,8.9,6.7,2.2,0,20,28.9,4.4,20,6.7,15.6,28.9,71.1,0,0,0
2022,101,Miami Dolphins,1,13,SF,Mike McDaniel,6.474820143884892,45,35.6,0.44,57.8,0.25,66.7,0.26,33.3,0.66,6.7,0,6.7,15.6,20,11.1,0,46.7,0,0,44.4,44.4,8.9,0,0
2022,102,Seattle Seahawks,1,1,DEN,Pete Carroll,7.211538461538461,45,2.2,6.68,80,0.28,40,0.6,60,0.26,13.3,13.3,0,0,2.2,2.2,0,28.9,8.9,40,15.6,82.2,2.2,0,0
2022,103,Tennessee Titans,1,15,LAC,Mike Vrabel,6.089309878213803,45,26.7,0.25,68.9,0.24,46.7,0.32,53.3,0.16,33.3,26.7,6.7,2.2,24.4,31.1,0,22.2,11.1,4.4,6.7,48.9,44.4,0,0
2022,104,Washington Commanders,1,1,JAX,Ron Rivera,7.601351351351352,45,26.7,0.2,66.7,0.25,57.8,0.29,42.2,0.37,46.7,44.4,2.2,2.2,22.2,2.2,2.2,35.6,17.8,11.1,0,100,0,0,0
2022,105,Atlanta Falcons,1,9,LAC,Arthur Smith,7.321131447587355,44,18.2,0.31,72.7,0.2,68.2,0.2,31.8,0.51,36.4,22.7,13.6,0,18.2,18.2,0,47.7,0,6.8,22.7,77.3,0,0,0
2022,106,Atlanta Falcons,1,17,ARZ,Arthur Smith,7.321131447587355,44,31.8,0.51,68.2,0.22,52.3,0.24,47.7,0.38,18.2,11.4,6.8,6.8,25,22.7,0,27.3,11.4,6.8,20.5,79.5,0,0,0
2022,107,Chicago Bears,1,5,MIN,Matt Eberflus,8.270676691729323,44,20.5,0.77,77.3,0.27,27.3,0.83,72.7,0.2,22.7,6.8,15.9,4.5,13.6,43.2,2.3,13.6,4.5,15.9,11.4,88.6,0,0,0
2022,108,Cincinnati Bengals,1,11,PIT,Zac Taylor,7.236842105263158,44,22.7,0.63,75,0.24,36.4,0.54,63.6,0.21,34.1,11.4,22.7,2.3,15.9,38.6,4.5,20.5,6.8,9.1,6.8,61.4,31.8,0,0
2022,109,Denver Broncos,1,14,KC,Nathaniel Hackett,6.5967016491754125,44,45.5,0.54,45.5,0.19,52.3,0.53,47.7,0.51,50,50,0,0,45.5,2.3,0,6.8,31.8,4.5,22.7,70.5,6.8,0,0
2022,110,Detroit Lions,1,1,PHI,Dan Campbell,6.86427457098284,44,45.5,0.5,45.5,0.34,43.2,0.57,56.8,0.5,25,13.6,11.4,11.4,34.1,11.4,0,6.8,9.1,18.2,25,70.5,2.3,0,0
2022,111,Jacksonville Jaguars,1,14,TEN,Doug Pederson,6.567164179104477,44,15.9,0.61,81.8,0.22,34.1,0.08,65.9,0.54,6.8,4.5,2.3,2.3,9.1,27.3,4.5,25,20.5,9.1,20.5,75,0,0,0
2022,112,Kansas City Chiefs,1,1,ARZ,Andy Reid,6.171107994389901,44,18.2,0.6,81.8,0.4,31.8,0.47,68.2,0.42,20.5,15.9,4.5,4.5,11.4,25,0,20.5,31.8,4.5,2.3,86.4,11.4,0,0
2022,113,Kansas City Chiefs,1,6,BUF,Andy Reid,6.171107994389901,44,36.4,1.06,63.6,0.36,18.2,0.92,81.8,0.54,20.5,11.4,9.1,11.4,15.9,40.9,4.5,2.3,15.9,4.5,25,40.9,34.1,0,0
2022,114,Kansas City Chiefs,1,16,SEA,Andy Reid,6.171107994389901,44,50,0.33,40.9,0.26,20.5,0.31,79.5,0.29,20.5,11.4,9.1,0,13.6,11.4,11.4,6.8,13.6,9.1,13.6,31.8,54.5,0,0
2022,115,Los Angeles Rams,1,13,SEA,Sean McVay,7.1082390953150245,44,2.3,0,93.2,0.51,70.5,0.69,29.5,0.29,38.6,36.4,2.3,0,2.3,2.3,0,63.6,6.8,20.5,4.5,72.7,22.7,0,0
2022,116,New England Patriots,1,17,MIA,Bill Belichick,6.508875739644971,44,11.4,-0.11,88.6,0.47,47.7,0.49,52.3,0.32,36.4,25,11.4,2.3,9.1,38.6,0,38.6,4.5,6.8,4.5,36.4,59.1,0,0
2022,117,New York Giants,1,7,JAX,Brian Daboll,6.907378335949764,44,47.7,0.31,43.2,0.27,59.1,0.3,40.9,0.26,11.4,9.1,2.3,4.5,27.3,4.5,13.6,22.7,11.4,4.5,18.2,38.6,13.6,0,0
2022,118,New York Jets,1,8,NE,Robert Saleh,6.962025316455696,44,27.3,0.51,72.7,0.23,40.9,0.19,59.1,0.39,15.9,15.9,0,6.8,20.5,9.1,0,20.5,20.5,22.7,11.4,77.3,11.4,0,0
2022,119,Philadelphia Eagles,1,5,ARZ,Nick Sirianni,6.676783004552352,44,27.3,0.19,68.2,0.37,61.4,0.34,38.6,0.26,22.7,15.9,6.8,2.3,25,4.5,0,36.4,20.5,6.8,0,93.2,6.8,0,0
2022,120,Philadelphia Eagles,1,16,DAL,Nick Sirianni,6.676783004552352,44,25,0.17,63.6,0.59,56.8,0.4,43.2,0.93,29.5,27.3,2.3,2.3,22.7,2.3,0,31.8,15.9,13.6,13.6,81.8,4.5,0,0
2022,121,Philadelphia Eagles,1,18,NYG,Nick Sirianni,6.676783004552352,44,40.9,0.18,50,0.37,61.4,0.36,38.6,0.15,18.2,18.2,0,0,40.9,0,0,18.2,25,6.8,22.7,72.7,2.3,0,0
2022,122,Seattle Seahawks,1,9,ARZ,Pete Carroll,7.051282051282051,44,4.5,0,93.2,0.37,36.4,0.53,63.6,0.39,13.6,11.4,2.3,0,2.3,36.4,0,34.1,6.8,15.9,9.1,36.4,54.5,0,0
2022,123,Tennessee Titans,1,17,DAL,Mike Vrabel,5.953991880920163,44,31.8,0.22,65.9,0.37,56.8,0.32,43.2,0.55,25,22.7,2.3,2.3,29.5,4.5,0,27.3,25,9.1,9.1,68.2,22.7,0,0
2022,124,Carolina Panthers,1,2,NYG,Matt Rhule,6.739811912225706,43,9.3,0.35,88.4,0.32,46.5,0.49,53.5,0.16,27.9,14,11.6,0,7,25.6,2.3,39.5,18.6,4.7,4.7,95.3,0,0,0
2022,125,Jacksonville Jaguars,1,13,DET,Doug Pederson,6.4179104477611935,43,25.6,0.93,74.4,0.35,67.4,0.6,32.6,0.29,23.3,11.6,11.6,2.3,23.3,11.6,0,44.2,11.6,7,7,83.7,4.7,0,0
2022,126,Kansas City Chiefs,1,3,IND,Andy Reid,6.03085553997195,43,30.2,0.48,67.4,0.2,51.2,0.47,48.8,0.28,20.9,14,4.7,7,20.9,9.3,2.3,30.2,20.9,7,16.3,72.1,11.6,0,0
2022,127,Kansas City Chiefs,1,17,DEN,Andy Reid,6.03085553997195,43,18.6,0.24,81.4,0.44,44.2,0.41,55.8,0.4,20.9,16.3,4.7,0,14,4.7,4.7,30.2,34.9,11.6,27.9,48.8,23.3,0,0
2022,128,Los Angeles Chargers,1,1,LV,Brandon Staley,7.5438596491228065,43,23.3,1.15,72.1,0.17,48.8,0.49,51.2,0.29,37.2,32.6,4.7,0,14,16.3,0,34.9,7,14,14,65.1,20.9,0,0
2022,129,Miami Dolphins,1,15,BUF,Mike McDaniel,6.18705035971223,43,55.8,0.8,44.2,0.42,74.4,0.58,25.6,0.78,32.6,27.9,4.7,9.3,46.5,14,0,27.9,2.3,0,20.9,58.1,20.9,0,0
2022,130,Minnesota Vikings,1,1,GB,Kevin O'Connell,6.195965417867435,43,14,0.36,76.7,0.18,30.2,0.35,69.8,0.13,25.6,25.6,0,0,11.6,14,2.3,18.6,16.3,27.9,14,86,0,0,0
2022,131,Minnesota Vikings,1,3,DET,Kevin O'Connell,6.195965417867435,43,18.6,0.25,74.4,0.26,44.2,0.33,55.8,0.36,39.5,39.5,0,0,16.3,2.3,2.3,27.9,7,37.2,18.6,81.4,0,0,0
2022,132,New England Patriots,1,8,NYJ,Bill Belichick,6.3609467455621305,43,32.6,0.11,55.8,0.37,65.1,0.19,34.9,0.93,32.6,18.6,14,0,27.9,18.6,4.7,32.6,2.3,2.3,2.3,53.5,44.2,0,0
2022,133,New Orleans Saints,1,8,LV,Dennis Allen,7.049180327868852,43,16.3,0.23,79.1,0.12,39.5,0.11,60.5,0.15,34.9,20.9,14,0,11.6,27.9,4.7,25.6,20.9,4.7,7,48.8,44.2,0,0
2022,134,Philadelphia Eagles,1,14,NYG,Nick Sirianni,6.525037936267071,43,23.3,1.1,74.4,0.29,48.8,0.64,51.2,0.32,41.9,39.5,2.3,0,23.3,2.3,0,25.6,34.9,11.6,2.3,88.4,9.3,0,0
2022,135,San Francisco 49ers,1,10,LAC,Kyle Shanahan,6.485671191553545,43,11.6,0.68,81.4,0.26,46.5,0.51,53.5,0.11,16.3,14,2.3,0,11.6,14,0,34.9,27.9,4.7,9.3,90.7,0,0,0
2022,136,Tampa Bay Buccaneers,1,4,KC,Todd Bowles,6.697819314641744,43,16.3,0.23,67.4,0.45,51.2,0.14,48.8,0.98,39.5,14,25.6,0,14,20.9,2.3,30.2,14,2.3,20.9,69.8,7,0,0
2022,137,Tampa Bay Buccaneers,1,8,BLT,Todd Bowles,6.697819314641744,43,23.3,0.3,67.4,0.23,58.1,0.28,41.9,0.63,23.3,14,9.3,7,16.3,9.3,0,41.9,11.6,4.7,39.5,58.1,0,0,0
2022,138,Tampa Bay Buccaneers,1,12,CLV,Todd Bowles,6.697819314641744,43,14,0.5,79.1,0.2,37.2,0.23,62.8,0.38,16.3,9.3,7,0,11.6,9.3,0,25.6,34.9,9.3,11.6,88.4,0,0,0
2022,139,Tennessee Titans,1,5,WAS,Mike Vrabel,5.818673883626523,43,20.9,0.76,69.8,0.55,39.5,0.63,60.5,0.46,32.6,23.3,9.3,2.3,18.6,25.6,0,18.6,18.6,7,2.3,67.4,30.2,0,0
2022,140,Tennessee Titans,1,13,PHI,Mike Vrabel,5.818673883626523,43,18.6,0.91,79.1,0.56,30.2,0.32,69.8,0.78,20.9,18.6,2.3,2.3,16.3,25.6,0,14,37.2,2.3,2.3,83.7,14,0,0
2022,141,Tennessee Titans,1,14,JAX,Mike Vrabel,5.818673883626523,43,20.9,1.27,76.7,0.49,58.1,0.54,41.9,0.78,37.2,32.6,4.7,2.3,18.6,4.7,0,39.5,27.9,4.7,9.3,60.5,30.2,0,0
2022,142,Washington Commanders,1,9,MIN,Ron Rivera,7.263513513513513,43,27.9,0.34,60.5,0.18,39.5,0.13,60.5,0.59,30.2,27.9,2.3,7,14,16.3,7,25.6,9.3,9.3,2.3,51.2,46.5,0,0
2022,143,Arizona Cardinals,1,8,MIN,Kliff Kingsbury,6.441717791411043,42,33.3,1,61.9,0.23,35.7,0.78,64.3,0.46,21.4,9.5,11.9,9.5,11.9,23.8,9.5,23.8,7.1,7.1,9.5,64.3,23.8,0,0
2022,144,Atlanta Falcons,1,6,SF,Arthur Smith,6.988352745424292,42,7.1,3.01,92.9,0.24,57.1,0.65,42.9,0.16,26.2,23.8,2.4,0,7.1,23.8,0,50,11.9,7.1,19,78.6,0,0,0
2022,145,Baltimore Ravens,1,4,BUF,John Harbaugh,6.296851574212893,42,33.3,0.27,64.3,0.31,50,0.39,50,0.38,0,0,0,7.1,21.4,11.9,2.4,28.6,9.5,14.3,2.4,71.4,26.2,0,0
2022,146,Baltimore Ravens,1,12,JAX,John Harbaugh,6.296851574212893,42,16.7,0.94,78.6,0.39,35.7,0.24,64.3,0.75,42.9,28.6,14.3,4.8,11.9,14.3,0,23.8,23.8,16.7,9.5,90.5,0,0,0
2022,147,Buffalo Bills,1,18,NE,Sean McDermott,6.572769953051644,42,16.7,1.46,78.6,0.13,50,0.7,50,0.2,52.4,26.2,26.2,2.4,11.9,7.1,0,35.7,16.7,19,0,100,0,0,0
2022,148,Carolina Panthers,1,3,NO,Matt Rhule,6.583072100313479,42,7.1,0.07,83.3,0.36,47.6,0.27,52.4,0.49,11.9,9.5,2.4,0,7.1,9.5,0,40.5,23.8,9.5,26.2,73.8,0,0,0
2022,149,Carolina Panthers,1,14,SEA,Steve Wilks,6.583072100313479,42,16.7,0.31,73.8,0.38,61.9,0.14,38.1,1.18,11.9,4.8,7.1,2.4,14.3,4.8,0,45.2,19,4.8,7.1,92.9,0,0,0
2022,150,Chicago Bears,1,15,PHI,Matt Eberflus,7.894736842105263,42,28.6,0.56,71.4,0.15,66.7,0.26,33.3,0.29,31,16.7,14.3,7.1,21.4,11.9,0,45.2,7.1,7.1,11.9,88.1,0,0,0
2022,151,Dallas Cowboys,1,16,PHI,Mike McCarthy,6.645569620253164,42,35.7,0.98,61.9,0.23,50,0.39,50,0.59,50,16.7,33.3,4.8,28.6,33.3,2.4,21.4,7.1,0,0,52.4,47.6,0,0
2022,152,Dallas Cowboys,1,17,TEN,Mike McCarthy,6.645569620253164,42,14.3,1,81,0.17,47.6,0.25,52.4,0.32,40.5,11.9,28.6,2.4,11.9,42.9,0,33.3,4.8,0,2.4,66.7,31,0,0
2022,153,Detroit Lions,1,3,MIN,Dan Campbell,6.5522620904836195,42,69,0.49,23.8,0.34,50,0.28,50,0.59,26.2,16.7,9.5,9.5,40.5,14.3,19,4.8,0,4.8,21.4,61.9,16.7,0,0
2022,154,Houston Texans,1,14,DAL,Lovie Smith,7.1065989847715745,42,2.4,0.36,95.2,0.25,26.2,0.3,73.8,0.36,19,4.8,14.3,0,2.4,38.1,0,23.8,26.2,7.1,4.8,95.2,0,0,0
2022,155,Indianapolis Colts,1,18,HST,Jeff Saturday,6.907894736842106,42,31,0.77,66.7,0.31,69,0.56,31,0.52,28.6,14.3,14.3,2.4,28.6,19,0,40.5,7.1,0,4.8,92.9,2.4,0,0
2022,156,Los Angeles Rams,1,16,DEN,Sean McVay,6.78513731825525,42,9.5,0.46,83.3,0.13,61.9,0.27,38.1,0.3,54.8,54.8,0,0,9.5,2.4,0,50,16.7,14.3,7.1,33.3,57.1,0,0
2022,157,Las Vegas Raiders,1,7,HST,Josh McDaniels,6.5522620904836195,42,11.9,1.27,88.1,0.34,45.2,0.65,54.8,0.29,31,21.4,9.5,0,11.9,11.9,0,33.3,38.1,4.8,11.9,45.2,42.9,0,0
2022,158,Las Vegas Raiders,1,12,SEA,Josh McDaniels,6.5522620904836195,42,21.4,0.25,73.8,0.65,52.4,0.79,47.6,0.25,26.2,26.2,0,0,14.3,19,0,38.1,9.5,7.1,4.8,78.6,14.3,0,0
2022,159,Miami Dolphins,1,10,CLV,Mike McDaniel,6.043165467625899,42,52.4,0.34,45.2,0.25,61.9,0.23,38.1,0.63,26.2,23.8,2.4,0,28.6,9.5,23.8,33.3,2.4,0,28.6,35.7,33.3,0,0
2022,160,Miami Dolphins,1,16,GB,Mike McDaniel,6.043165467625899,42,54.8,0.2,40.5,0.36,54.8,0.31,45.2,0.38,21.4,16.7,4.8,16.7,35.7,11.9,0,19,9.5,0,59.5,16.7,21.4,0,0
2022,161,Minnesota Vikings,1,12,NE,Kevin O'Connell,6.051873198847262,42,9.5,0.28,81,0.62,40.5,0.28,59.5,0.74,26.2,21.4,4.8,0,9.5,16.7,0,28.6,7.1,28.6,0,100,0,0,0
2022,162,New England Patriots,1,9,IND,Bill Belichick,6.21301775147929,42,33.3,0.27,64.3,0.11,66.7,0.16,33.3,0.17,38.1,26.2,11.9,0,33.3,11.9,0,31,14.3,7.1,2.4,50,47.6,0,0
2022,163,New Orleans Saints,1,4,MIN,Dennis Allen,6.885245901639345,42,23.8,0.32,69,0.37,54.8,0.29,45.2,0.41,31,31,0,4.8,16.7,9.5,2.4,35.7,19,4.8,16.7,57.1,23.8,0,0
2022,164,New Orleans Saints,1,6,CIN,Dennis Allen,6.885245901639345,42,19,0.95,73.8,0.66,45.2,0.77,54.8,0.77,28.6,23.8,4.8,0,16.7,23.8,2.4,28.6,11.9,9.5,0,88.1,11.9,0,0
2022,165,New York Giants,1,18,PHI,Brian Daboll,6.593406593406594,42,26.2,0.17,71.4,0.29,52.4,0.35,47.6,0.1,7.1,2.4,4.8,11.9,14.3,9.5,0,38.1,7.1,16.7,11.9,85.7,2.4,0,0
2022,166,New York Jets,1,9,BUF,Robert Saleh,6.645569620253164,42,21.4,0.27,78.6,0.2,47.6,0.26,52.4,0.18,7.1,7.1,0,0,21.4,0,0,26.2,31,21.4,2.4,95.2,2.4,0,0
2022,167,Pittsburgh Steelers,1,6,TB,Mike Tomlin,6.796116504854369,42,23.8,0.1,73.8,0.41,54.8,0.2,45.2,0.48,45.2,31,14.3,0,23.8,33.3,0,31,2.4,7.1,9.5,76.2,11.9,0,0
2022,168,Pittsburgh Steelers,1,11,CIN,Mike Tomlin,6.796116504854369,42,61.9,0.56,35.7,0.63,52.4,0.43,47.6,0.95,42.9,26.2,16.7,2.4,47.6,21.4,11.9,4.8,2.4,7.1,2.4,57.1,40.5,0,0
2022,169,Seattle Seahawks,1,4,DET,Pete Carroll,6.730769230769231,42,45.2,0.77,38.1,0.38,59.5,0.54,40.5,0.93,19,19,0,0,42.9,2.4,2.4,11.9,4.8,19,2.4,57.1,35.7,0,0
2022,170,Tampa Bay Buccaneers,1,15,CIN,Todd Bowles,6.5420560747663545,42,21.4,1.33,73.8,0.25,59.5,0.29,40.5,0.98,28.6,16.7,11.9,7.1,14.3,11.9,0,45.2,11.9,4.8,7.1,90.5,2.4,0,0
2022,171,Tennessee Titans,1,2,BUF,Mike Vrabel,5.683355886332882,42,26.2,0.62,66.7,0.5,52.4,0.53,47.6,0.9,40.5,31,9.5,4.8,16.7,14.3,4.8,35.7,14.3,2.4,11.9,78.6,9.5,0,0
2022,172,Tennessee Titans,1,12,CIN,Mike Vrabel,5.683355886332882,42,21.4,0.34,78.6,0.47,50,0.39,50,0.48,47.6,42.9,4.8,0,21.4,16.7,0,28.6,26.2,7.1,2.4,78.6,19,0,0
2022,173,Washington Commanders,1,6,CHI,Ron Rivera,7.094594594594595,42,35.7,0.06,54.8,0.79,47.6,0.73,52.4,0.21,21.4,19,2.4,9.5,21.4,2.4,4.8,26.2,23.8,2.4,7.1,45.2,42.9,0,0
2022,174,Washington Commanders,1,18,DAL,Ron Rivera,7.094594594594595,42,0,,100,0.22,33.3,0.12,66.7,0.27,21.4,21.4,0,0,0,7.1,0,33.3,52.4,7.1,0,81,19,0,0
2022,175,Arizona Cardinals,1,1,KC,Kliff Kingsbury,6.288343558282208,41,36.6,1.33,58.5,0.55,70.7,0.79,29.3,0.91,36.6,22,7.3,4.9,22,2.4,4.9,48.8,4.9,2.4,73.2,22,2.4,0,0
2022,176,Arizona Cardinals,1,2,LV,Kliff Kingsbury,6.288343558282208,41,26.8,0.52,70.7,0.28,41.5,0.45,58.5,0.43,36.6,24.4,12.2,2.4,17.1,14.6,2.4,24.4,7.3,24.4,22,65.9,9.8,0,0
2022,177,Cincinnati Bengals,1,1,PIT,Zac Taylor,6.743421052631579,41,41.5,0.13,53.7,0.29,58.5,0.32,41.5,0.31,26.8,19.5,7.3,9.8,29.3,12.2,2.4,29.3,7.3,4.9,4.9,75.6,17.1,0,0
2022,178,Denver Broncos,1,2,HST,Nathaniel Hackett,6.146926536731634,41,17.1,0.05,78,0.21,75.6,0.15,24.4,0.23,48.8,46.3,2.4,0,17.1,0,0,56.1,12.2,9.8,17.1,53.7,29.3,0,0
2022,179,Houston Texans,1,18,IND,Lovie Smith,6.937394247038917,41,22,0.46,65.9,0.29,53.7,0.66,46.3,0.11,14.6,9.8,4.9,0,22,36.6,0,22,4.9,2.4,12.2,87.8,0,0,0
2022,180,Indianapolis Colts,1,1,HST,Frank Reich,6.743421052631579,41,12.2,0.22,87.8,0.45,75.6,0.53,24.4,0.07,17.1,14.6,2.4,0,12.2,2.4,0,63.4,19.5,2.4,41.5,56.1,2.4,0,0
2022,181,Indianapolis Colts,1,3,KC,Frank Reich,6.743421052631579,41,26.8,0.36,61,0.31,61,0.34,39,0.48,17.1,17.1,0,0,26.8,2.4,0,34.1,24.4,0,4.9,90.2,2.4,0,0
2022,182,Las Vegas Raiders,1,14,LA,Josh McDaniels,6.3962558502340086,41,51.2,0.48,43.9,0.23,70.7,0.43,29.3,0.17,34.1,24.4,9.8,7.3,43.9,12.2,0,26.8,4.9,0,12.2,31.7,51.2,0,0
2022,183,Minnesota Vikings,1,14,DET,Kevin O'Connell,5.9077809798270895,41,14.6,0.76,85.4,0.62,51.2,0.97,48.8,0.28,46.3,39,7.3,0,14.6,19.5,0,36.6,17.1,12.2,17.1,82.9,0,0,0
2022,184,New England Patriots,1,15,LV,Bill Belichick,6.06508875739645,41,24.4,1.04,75.6,0.32,65.9,0.46,34.1,0.56,26.8,14.6,12.2,0,24.4,19.5,0,41.5,9.8,4.9,14.6,31.7,51.2,0,0
2022,185,New York Giants,1,5,GB,Brian Daboll,6.436420722135009,41,53.7,0.31,43.9,0.32,51.2,0.26,48.8,0.57,22,12.2,9.8,17.1,31.7,2.4,4.9,19.5,19.5,2.4,9.8,65.9,4.9,0,0
2022,186,New York Giants,1,8,SEA,Brian Daboll,6.436420722135009,41,56.1,0.14,39,0.68,41.5,0.55,58.5,0.37,24.4,7.3,17.1,29.3,26.8,2.4,0,14.6,14.6,7.3,17.1,63.4,12.2,0,0
2022,187,New York Giants,1,10,HST,Brian Daboll,6.436420722135009,41,53.7,0.41,46.3,0.35,68.3,0.42,31.7,0.3,9.8,0,9.8,2.4,51.2,4.9,0,17.1,24.4,0,26.8,29.3,41.5,0,0
2022,188,Pittsburgh Steelers,1,18,CLV,Mike Tomlin,6.634304207119741,41,19.5,0.55,73.2,0.48,36.6,0.38,63.4,0.53,29.3,24.4,4.9,7.3,7.3,4.9,2.4,29.3,22,17.1,26.8,19.5,46.3,0,0
2022,189,Tampa Bay Buccaneers,1,17,CAR,Todd Bowles,6.386292834890965,41,19.5,0.77,73.2,0.62,61,0.69,39,0.53,17.1,9.8,7.3,2.4,17.1,12.2,0,41.5,12.2,7.3,24.4,63.4,7.3,0,0
2022,190,Tennessee Titans,1,4,IND,Mike Vrabel,5.548037889039242,41,31.7,0.48,65.9,0.37,63.4,0.6,36.6,0.33,31.7,31.7,0,0,31.7,0,0,29.3,29.3,7.3,9.8,80.5,9.8,0,0
2022,191,Washington Commanders,1,3,PHI,Ron Rivera,6.925675675675675,41,43.9,0.52,43.9,0.73,46.3,0.38,53.7,0.9,34.1,34.1,0,9.8,34.1,2.4,0,12.2,24.4,4.9,0,80.5,19.5,0,0
2022,192,Arizona Cardinals,1,5,PHI,Kliff Kingsbury,6.134969325153374,40,12.5,0.18,82.5,0.34,52.5,0.26,47.5,0.37,32.5,22.5,10,7.5,5,12.5,0,47.5,10,12.5,67.5,32.5,0,0,0
2022,193,Arizona Cardinals,1,10,LA,Kliff Kingsbury,6.134969325153374,40,5,2.06,92.5,0.17,52.5,0.17,47.5,0.36,37.5,25,12.5,2.5,2.5,25,0,50,15,2.5,60,37.5,2.5,0,0
2022,194,Atlanta Falcons,1,1,NO,Arthur Smith,6.655574043261231,40,35,0.53,57.5,0.3,60,0.25,40,0.79,27.5,17.5,10,5,27.5,20,2.5,32.5,5,0,20,77.5,2.5,0,0
2022,195,Baltimore Ravens,1,3,NE,John Harbaugh,5.997001499250374,40,37.5,0.41,50,0.25,65,0.37,35,0.59,27.5,25,2.5,5,30,2.5,2.5,32.5,10,5,25,40,27.5,0,0
2022,196,Carolina Panthers,1,12,DEN,Steve Wilks,6.269592476489027,40,17.5,0.59,77.5,0.16,32.5,0.15,67.5,0.28,15,10,5,5,7.5,5,5,25,35,12.5,2.5,95,2.5,0,0
2022,197,Cleveland Browns,1,8,CIN,Kevin Stefanski,7.054673721340388,40,25,0.03,75,0.5,40,0.14,60,0.54,47.5,35,12.5,0,20,32.5,5,20,17.5,5,2.5,72.5,25,0,0
2022,198,Dallas Cowboys,1,13,IND,Mike McCarthy,6.329113924050633,40,15,0.16,85,0.33,40,0.42,60,0.24,22.5,10,12.5,0,10,30,2.5,30,22.5,2.5,2.5,57.5,40,0,0
2022,199,Denver Broncos,1,15,ARZ,Nathaniel Hackett,5.997001499250374,40,7.5,-0.33,92.5,0.14,47.5,0.1,52.5,0.1,37.5,37.5,0,0,7.5,2.5,0,40,12.5,37.5,17.5,67.5,15,0,0
2022,200,Detroit Lions,1,8,MIA,Dan Campbell,6.240249609984399,40,17.5,1.4,72.5,0.33,62.5,0.62,37.5,0.86,35,15,20,2.5,10,22.5,2.5,50,0,0,5,82.5,12.5,0,0
2022,201,Detroit Lions,1,15,NYJ,Dan Campbell,6.240249609984399,40,52.5,0.45,45,0.59,65,0.46,35,0.57,35,25,10,5,37.5,0,10,25,17.5,2.5,2.5,90,7.5,0,0
2022,202,Houston Texans,1,4,LAC,Lovie Smith,6.768189509306261,40,40,0.78,57.5,0.4,47.5,0.9,52.5,0.21,30,5,25,0,40,30,0,7.5,7.5,12.5,10,90,0,0,0
2022,203,Indianapolis Colts,1,10,LV,Jeff Saturday,6.578947368421052,40,25,0.25,70,0.39,30,0.26,70,0.53,20,20,0,2.5,17.5,0,0,12.5,37.5,20,7.5,92.5,0,0,0
2022,204,Jacksonville Jaguars,1,10,KC,Doug Pederson,5.970149253731343,40,17.5,0.67,77.5,0.61,25,0.92,75,0.77,45,12.5,32.5,0,12.5,35,5,12.5,20,10,17.5,82.5,0,0,0
2022,205,Jacksonville Jaguars,1,16,NYJ,Doug Pederson,5.970149253731343,40,22.5,0.06,75,0.29,55,0.14,45,0.29,25,10,12.5,0,22.5,15,0,30,22.5,7.5,25,70,5,0,0
2022,206,Los Angeles Rams,1,10,ARZ,Sean McVay,6.462035541195476,40,10,0.35,80,0.24,67.5,0.25,32.5,0.53,47.5,37.5,10,2.5,7.5,7.5,0,55,10,7.5,7.5,87.5,5,0,0
2022,207,Los Angeles Chargers,1,3,JAX,Brandon Staley,7.017543859649122,40,57.5,0.46,30,0.26,72.5,0.39,27.5,1.07,27.5,27.5,0,7.5,50,5,0,17.5,5,2.5,12.5,82.5,5,0,0
2022,208,Las Vegas Raiders,1,16,PIT,Josh McDaniels,6.240249609984399,40,22.5,0.8,77.5,0.2,52.5,0.24,47.5,0.43,50,22.5,27.5,0,17.5,32.5,2.5,35,5,5,7.5,62.5,30,0,0
2022,209,New Orleans Saints,1,10,PIT,Dennis Allen,6.557377049180328,40,27.5,0.47,60,0.29,55,0.35,45,0.26,27.5,20,7.5,5,15,17.5,7.5,35,7.5,0,25,52.5,20,0,0
2022,210,Pittsburgh Steelers,1,4,NYJ,Mike Tomlin,6.472491909385113,40,42.5,0.39,55,0.31,75,0.45,25,0.42,42.5,35,7.5,0,42.5,22.5,0,30,0,2.5,25,67.5,7.5,0,0
2022,211,San Francisco 49ers,1,3,DEN,Kyle Shanahan,6.033182503770739,40,7.5,0.67,92.5,0.2,27.5,0.35,72.5,0.19,17.5,7.5,10,0,7.5,35,0,20,22.5,15,32.5,65,2.5,0,0
2022,212,Tampa Bay Buccaneers,1,10,SEA,Todd Bowles,6.230529595015576,40,10,1.21,87.5,0.44,62.5,0.6,37.5,0.35,37.5,35,2.5,0,7.5,12.5,0,55,15,5,12.5,85,2.5,0,0
2022,213,Tennessee Titans,1,11,GB,Mike Vrabel,5.412719891745602,40,27.5,0.23,67.5,0.38,45,0.31,55,0.52,32.5,25,7.5,0,27.5,25,0,17.5,22.5,2.5,7.5,47.5,45,0,0
2022,214,Washington Commanders,1,11,HST,Ron Rivera,6.756756756756757,40,20,0.24,72.5,0.11,35,0.02,65,0.44,22.5,20,2.5,2.5,10,12.5,5,25,32.5,2.5,0,82.5,17.5,0,0
2022,215,Washington Commanders,1,13,NYG,Ron Rivera,6.756756756756757,40,7.5,0.75,85,0.31,32.5,0.6,67.5,0.34,25,17.5,7.5,2.5,5,25,0,27.5,32.5,0,10,55,35,0,0
2022,216,Baltimore Ravens,1,11,CAR,John Harbaugh,5.847076461769116,39,7.7,0,92.3,0.17,76.9,0.11,23.1,0.32,30.8,25.6,5.1,0,7.7,2.6,0,69.2,15.4,5.1,7.7,92.3,0,0,0
2022,217,Buffalo Bills,1,12,DET,Sean McDermott,6.103286384976526,39,48.7,0.61,51.3,0.3,59,0.47,41,0.42,25.6,15.4,10.3,7.7,41,2.6,0,17.9,25.6,5.1,10.3,84.6,2.6,0,0
2022,218,Cincinnati Bengals,1,4,MIA,Zac Taylor,6.4144736842105265,39,17.9,0.08,74.4,0.35,33.3,0.39,66.7,0.39,25.6,12.8,12.8,0,15.4,25.6,2.6,15.4,17.9,15.4,5.1,64.1,28.2,0,0
2022,219,Cleveland Browns,1,13,HST,Kevin Stefanski,6.878306878306878,39,20.5,0.73,74.4,0.15,51.3,0.1,48.7,0.42,38.5,38.5,0,5.1,12.8,2.6,2.6,38.5,15.4,17.9,35.9,41,20.5,0,0
2022,220,Dallas Cowboys,1,12,NYG,Mike McCarthy,6.170886075949367,39,17.9,0.91,74.4,0.26,56.4,0.33,43.6,0.4,12.8,5.1,7.7,2.6,12.8,23.1,2.6,43.6,7.7,0,0,69.2,30.8,0,0
2022,221,Denver Broncos,1,4,LV,Nathaniel Hackett,5.847076461769116,39,20.5,0.48,74.4,0.25,53.8,0.28,46.2,0.29,33.3,33.3,0,5.1,10.3,0,5.1,41,15.4,17.9,15.4,66.7,17.9,0,0
2022,222,Detroit Lions,1,13,JAX,Dan Campbell,6.084243369734789,39,30.8,0.21,64.1,0.28,64.1,0.26,35.9,0.51,30.8,28.2,2.6,0,30.8,2.6,0,33.3,7.7,20.5,10.3,74.4,15.4,0,0
2022,223,Green Bay Packers,1,17,MIN,Matt LaFleur,7.303370786516854,39,20.5,0.06,71.8,0.47,28.2,0.48,71.8,0.46,15.4,12.8,0,0,17.9,12.8,2.6,7.7,20.5,30.8,7.7,76.9,15.4,0,0
2022,224,Los Angeles Chargers,1,4,HST,Brandon Staley,6.842105263157896,39,35.9,0.19,59,0.39,43.6,0.51,56.4,0.33,17.9,7.7,10.3,2.6,17.9,15.4,15.4,23.1,2.6,17.9,38.5,41,20.5,0,0
2022,225,Miami Dolphins,1,8,DET,Mike McDaniel,5.611510791366906,39,28.2,0.3,64.1,0.37,82.1,0.29,17.9,1.1,17.9,7.7,10.3,5.1,23.1,7.7,0,56.4,0,0,35.9,38.5,15.4,0,0
2022,226,New England Patriots,1,5,DET,Bill Belichick,5.769230769230769,39,56.4,0.21,35.9,0.23,66.7,0.26,33.3,0.1,25.6,17.9,7.7,5.1,51.3,7.7,0,12.8,12.8,2.6,0,74.4,23.1,0,0
2022,227,New England Patriots,1,12,MIN,Bill Belichick,5.769230769230769,39,35.9,0.52,56.4,0.35,71.8,0.57,28.2,0.67,41,28.2,7.7,2.6,25.6,10.3,5.1,41,5.1,0,2.6,64.1,28.2,0,0
2022,228,New York Jets,1,3,CIN,Robert Saleh,6.170886075949367,39,25.6,1.2,64.1,0.22,35.9,0.76,64.1,0.47,17.9,7.7,10.3,5.1,17.9,2.6,0,17.9,30.8,12.8,5.1,92.3,2.6,0,0
2022,229,New York Jets,1,13,MIN,Robert Saleh,6.170886075949367,39,35.9,0.15,64.1,0.43,46.2,0.45,53.8,0.23,20.5,17.9,2.6,0,35.9,0,0,10.3,38.5,15.4,7.7,84.6,7.7,0,0
2022,230,Philadelphia Eagles,1,1,DET,Nick Sirianni,5.918057663125948,39,25.6,1,74.4,0.23,46.2,0.71,53.8,0.18,35.9,20.5,15.4,7.7,17.9,0,0,28.2,46.2,0,5.1,94.9,0,0,0
2022,231,Pittsburgh Steelers,1,5,BUF,Mike Tomlin,6.310679611650485,39,46.2,0.85,53.8,0.96,61.5,0.5,38.5,1.57,33.3,15.4,17.9,2.6,35.9,20.5,2.6,25.6,0,7.7,17.9,64.1,17.9,0,0
2022,232,Pittsburgh Steelers,1,12,IND,Mike Tomlin,6.310679611650485,39,35.9,0.41,59,0.3,59,0.37,41,0.28,53.8,35.9,17.9,0,23.1,10.3,10.3,35.9,2.6,10.3,17.9,41,41,0,0
2022,233,Seattle Seahawks,1,8,NYG,Pete Carroll,6.25,39,10.3,0.46,89.7,0.19,46.2,0.18,53.8,0.24,12.8,12.8,0,0,7.7,0,2.6,38.5,2.6,48.7,20.5,46.2,33.3,0,0
2022,234,Seattle Seahawks,1,12,LV,Pete Carroll,6.25,39,28.2,0.65,69.2,0.57,33.3,0.97,66.7,0.39,20.5,20.5,0,0,17.9,10.3,5.1,15.4,10.3,33.3,20.5,61.5,17.9,0,0
2022,235,Arizona Cardinals,1,4,CAR,Kliff Kingsbury,5.828220858895705,38,7.9,-0.25,92.1,0.3,60.5,0.13,39.5,0.46,36.8,23.7,13.2,0,5.3,13.2,2.6,55.3,13.2,10.5,57.9,42.1,0,0,0
2022,236,Arizona Cardinals,1,6,SEA,Kliff Kingsbury,5.828220858895705,38,7.9,0.57,86.8,0.28,50,0.24,50,0.35,31.6,15.8,15.8,2.6,2.6,10.5,2.6,47.4,13.2,15.8,50,47.4,2.6,0,0
2022,237,Arizona Cardinals,1,9,SEA,Kliff Kingsbury,5.828220858895705,38,15.8,0.09,73.7,0.36,55.3,0.3,44.7,0.82,23.7,13.2,10.5,5.3,7.9,13.2,2.6,47.4,7.9,5.3,55.3,42.1,0,0,0
2022,238,Atlanta Falcons,1,4,CLV,Arthur Smith,6.322795341098169,38,26.3,0.32,57.9,0.19,52.6,0.33,47.4,0.41,23.7,7.9,15.8,0,26.3,18.4,0,26.3,10.5,2.6,52.6,44.7,2.6,0,0
2022,239,Atlanta Falcons,1,8,CAR,Arthur Smith,6.322795341098169,38,26.3,0.43,71.1,0.42,55.3,0.58,44.7,0.32,34.2,21.1,10.5,5.3,21.1,15.8,0,34.2,21.1,0,18.4,68.4,10.5,0,0
2022,240,Baltimore Ravens,1,5,CIN,John Harbaugh,5.697151424287856,38,23.7,0.23,76.3,0.33,28.9,0.31,71.1,0.31,44.7,26.3,18.4,7.9,13.2,10.5,2.6,15.8,28.9,21.1,5.3,63.2,28.9,0,0
2022,241,Buffalo Bills,1,4,BLT,Sean McDermott,5.94679186228482,38,18.4,0.67,73.7,0.31,26.3,0.18,73.7,0.39,2.6,0,0,2.6,13.2,10.5,2.6,13.2,31.6,18.4,0,100,0,0,0
2022,242,Buffalo Bills,1,13,NE,Sean McDermott,5.94679186228482,38,5.3,0.22,89.5,0.35,42.1,0.48,57.9,0.21,52.6,34.2,18.4,0,2.6,10.5,2.6,39.5,28.9,10.5,0,100,0,0,0
2022,243,Carolina Panthers,1,1,CLV,Matt Rhule,5.956112852664576,38,28.9,0.52,60.5,0.22,57.9,0.21,42.1,0.37,15.8,13.2,2.6,2.6,26.3,2.6,0,31.6,23.7,2.6,5.3,81.6,10.5,0,0
2022,244,Cleveland Browns,1,5,LAC,Kevin Stefanski,6.701940035273369,38,28.9,0.22,57.9,0.55,55.3,0.44,44.7,0.31,15.8,10.5,5.3,2.6,23.7,2.6,2.6,28.9,23.7,2.6,28.9,65.8,5.3,0,0
2022,245,Denver Broncos,1,10,TEN,Nathaniel Hackett,5.697151424287856,38,28.9,0.59,68.4,0.49,63.2,0.53,36.8,0.47,44.7,44.7,0,5.3,23.7,2.6,0,39.5,5.3,21.1,7.9,63.2,28.9,0,0
2022,246,Denver Broncos,1,11,LV,Nathaniel Hackett,5.697151424287856,38,21.1,0.55,71.1,0.59,65.8,0.44,34.2,0.71,52.6,52.6,0,0,18.4,2.6,2.6,44.7,13.2,10.5,13.2,76.3,10.5,0,0
2022,247,Indianapolis Colts,1,8,WAS,Frank Reich,6.25,38,21.1,0.53,73.7,0.3,52.6,0.39,47.4,0.51,31.6,7.9,23.7,0,18.4,18.4,2.6,34.2,21.1,0,5.3,92.1,2.6,0,0
2022,248,Jacksonville Jaguars,1,9,LV,Doug Pederson,5.6716417910447765,38,15.8,0.21,84.2,0.53,50,0.7,50,0.27,28.9,18.4,10.5,0,13.2,21.1,2.6,36.8,13.2,13.2,15.8,78.9,5.3,0,0
2022,249,Los Angeles Rams,1,1,BUF,Sean McVay,6.138933764135703,38,10.5,0.38,81.6,0.63,71.1,0.49,28.9,1.7,50,50,0,0,10.5,2.6,0,60.5,5.3,13.2,15.8,78.9,5.3,0,0
2022,250,Los Angeles Rams,1,18,SEA,Sean McVay,6.138933764135703,38,21.1,0.45,76.3,0.41,65.8,0.19,34.2,0.84,42.1,42.1,0,0,21.1,5.3,0,44.7,13.2,13.2,18.4,63.2,18.4,0,0
2022,251,Los Angeles Chargers,1,11,KC,Brandon Staley,6.666666666666667,38,52.6,0.71,44.7,0.48,65.8,0.61,34.2,0.87,34.2,31.6,2.6,0,42.1,2.6,10.5,23.7,5.3,13.2,5.3,63.2,26.3,0,0
2022,252,Minnesota Vikings,1,2,PHI,Kevin O'Connell,5.475504322766571,38,7.9,0.13,92.1,0.51,18.4,0.08,81.6,0.57,10.5,7.9,2.6,0,7.9,5.3,0,10.5,42.1,34.2,0,97.4,0,0,0
2022,253,New Orleans Saints,1,1,ATL,Dennis Allen,6.229508196721312,38,13.2,0.33,78.9,0.33,26.3,0.44,73.7,0.25,28.9,10.5,18.4,0,10.5,26.3,2.6,15.8,31.6,5.3,13.2,65.8,13.2,0,0
2022,254,New Orleans Saints,1,12,SF,Dennis Allen,6.229508196721312,38,39.5,0.23,47.4,0.29,55.3,0.46,44.7,0.18,36.8,23.7,13.2,2.6,36.8,21.1,0,10.5,13.2,2.6,28.9,42.1,26.3,0,0
2022,255,New Orleans Saints,1,17,PHI,Dennis Allen,6.229508196721312,38,26.3,0.25,68.4,0.4,39.5,0.67,60.5,0.17,15.8,15.8,0,0,18.4,23.7,7.9,15.8,28.9,0,18.4,44.7,36.8,0,0
2022,256,New York Jets,1,15,DET,Robert Saleh,6.012658227848101,38,21.1,1.1,78.9,0.17,52.6,0.57,47.4,0.15,31.6,26.3,5.3,0,21.1,0,0,31.6,42.1,5.3,13.2,73.7,13.2,0,0
2022,257,Philadelphia Eagles,1,6,DAL,Nick Sirianni,5.7663125948406675,38,39.5,0.15,57.9,0.27,68.4,0.26,31.6,0.11,10.5,10.5,0,2.6,34.2,0,0,34.2,18.4,5.3,18.4,76.3,5.3,0,0
2022,258,Pittsburgh Steelers,1,2,NE,Mike Tomlin,6.148867313915858,38,52.6,0.51,47.4,0.22,63.2,0.48,36.8,0.19,28.9,23.7,5.3,2.6,47.4,26.3,2.6,15.8,0,5.3,0,92.1,7.9,0,0
2022,259,Pittsburgh Steelers,1,7,MIA,Mike Tomlin,6.148867313915858,38,28.9,0.29,65.8,0.34,57.9,0.25,42.1,0.66,31.6,23.7,5.3,0,28.9,34.2,0,26.3,2.6,2.6,39.5,42.1,18.4,0,0
2022,260,San Francisco 49ers,1,17,LV,Kyle Shanahan,5.731523378582202,38,23.7,0.76,57.9,0.87,57.9,0.77,42.1,0.66,23.7,10.5,13.2,0,23.7,10.5,0,34.2,7.9,5.3,23.7,76.3,0,0,0
2022,261,Arizona Cardinals,1,14,NE,Kliff Kingsbury,5.674846625766871,37,2.7,0,91.9,0.24,62.2,0.23,37.8,0.23,35.1,21.6,13.5,0,2.7,18.9,0,56.8,5.4,10.8,78.4,21.6,0,0,0
2022,262,Atlanta Falcons,1,2,LA,Arthur Smith,6.156405990016639,37,21.6,0.55,62.2,0.3,56.8,0.32,43.2,0.82,13.5,13.5,0,8.1,13.5,5.4,0,43.2,13.5,0,18.9,78.4,2.7,0,0
2022,263,Baltimore Ravens,1,16,ATL,John Harbaugh,5.547226386806597,37,27,0.17,67.6,0.25,45.9,0.32,54.1,0.14,16.2,5.4,10.8,16.2,10.8,21.6,0,35.1,5.4,5.4,13.5,86.5,0,0,0
2022,264,Carolina Panthers,1,10,ATL,Steve Wilks,5.799373040752351,37,16.2,0.87,81.1,0.44,56.8,0.42,43.2,0.59,8.1,2.7,2.7,2.7,13.5,5.4,0,43.2,32.4,0,16.2,83.8,0,0,0
2022,265,Carolina Panthers,1,11,BLT,Steve Wilks,5.799373040752351,37,2.7,0.08,97.3,0.2,62.2,0.11,37.8,0.33,13.5,10.8,2.7,0,2.7,5.4,0,59.5,29.7,2.7,35.1,64.9,0,0,0
2022,266,Cincinnati Bengals,1,6,NO,Zac Taylor,6.0855263157894735,37,21.6,0.83,78.4,0.15,48.6,0.45,51.4,0.16,13.5,8.1,5.4,5.4,16.2,10.8,0,32.4,18.9,16.2,10.8,62.2,27,0,0
2022,267,Cincinnati Bengals,1,12,TEN,Zac Taylor,6.0855263157894735,37,21.6,0.11,75.7,0.42,48.6,0.5,51.4,0.19,21.6,5.4,16.2,8.1,10.8,27,2.7,37.8,5.4,5.4,21.6,59.5,16.2,0,0
2022,268,Cincinnati Bengals,1,16,NE,Zac Taylor,6.0855263157894735,37,18.9,0.31,75.7,0.4,73,0.39,27,0.72,27,16.2,10.8,0,16.2,18.9,2.7,56.8,0,0,8.1,75.7,16.2,0,0
2022,269,Cleveland Browns,1,14,CIN,Kevin Stefanski,6.525573192239858,37,13.5,0.43,86.5,0.48,37.8,0.65,62.2,0.37,35.1,29.7,5.4,0,10.8,18.9,0,27,13.5,27,5.4,70.3,24.3,0,0
2022,270,Dallas Cowboys,1,11,MIN,Mike McCarthy,5.8544303797468356,37,24.3,0.1,75.7,0.16,32.4,0.2,67.6,0.12,29.7,5.4,24.3,2.7,13.5,43.2,2.7,18.9,10.8,2.7,5.4,64.9,29.7,0,0
2022,271,Jacksonville Jaguars,1,12,BLT,Doug Pederson,5.522388059701493,37,18.9,1.22,70.3,0.37,70.3,0.52,29.7,0.43,10.8,10.8,0,0,18.9,13.5,0,43.2,10.8,2.7,2.7,70.3,0,0,0
2022,272,Kansas City Chiefs,1,11,LAC,Andy Reid,5.189340813464235,37,29.7,0.12,62.2,0.56,32.4,0.29,67.6,0.6,21.6,13.5,8.1,5.4,16.2,24.3,5.4,13.5,18.9,5.4,10.8,70.3,18.9,0,0
2022,273,Miami Dolphins,1,9,CHI,Mike McDaniel,5.323741007194244,37,43.2,1.19,56.8,0.71,83.8,0.79,16.2,1.57,5.4,0,5.4,10.8,32.4,5.4,0,51.4,0,0,35.1,62.2,0,0,0
2022,274,Minnesota Vikings,1,15,IND,Kevin O'Connell,5.3314121037463975,37,35.1,0.42,64.9,0.25,59.5,0.17,40.5,0.51,51.4,43.2,8.1,5.4,27,2.7,2.7,32.4,8.1,21.6,5.4,89.2,5.4,0,0
2022,275,New England Patriots,1,2,PIT,Bill Belichick,5.473372781065089,37,43.2,0.12,51.4,0.22,70.3,0.19,29.7,0.5,21.6,13.5,8.1,2.7,40.5,10.8,0,29.7,10.8,0,5.4,62.2,29.7,0,0
2022,276,New England Patriots,1,4,GB,Bill Belichick,5.473372781065089,37,51.4,0.1,45.9,0.82,75.7,0.22,24.3,1.12,21.6,16.2,5.4,0,51.4,13.5,0,24.3,8.1,0,13.5,54.1,18.9,0,0
2022,277,New England Patriots,1,13,BUF,Bill Belichick,5.473372781065089,37,43.2,0.56,54.1,0.2,64.9,0.4,35.1,0.59,59.5,37.8,13.5,5.4,37.8,18.9,0,27,2.7,5.4,2.7,32.4,54.1,0,0
2022,278,San Francisco 49ers,1,7,KC,Kyle Shanahan,5.580693815987934,37,29.7,0.7,62.2,0.68,45.9,0.67,54.1,0.83,13.5,10.8,2.7,5.4,24.3,8.1,0,21.6,27,5.4,0,97.3,2.7,0,0
2022,279,San Francisco 49ers,1,13,MIA,Kyle Shanahan,5.580693815987934,37,5.4,0.36,94.6,0.43,32.4,0.59,67.6,0.35,24.3,24.3,0,0,5.4,13.5,0,27,40.5,13.5,24.3,75.7,0,0,0
2022,280,Washington Commanders,1,2,DET,Ron Rivera,6.25,37,21.6,0.86,70.3,0.41,62.2,0.73,37.8,0.68,16.2,13.5,2.7,8.1,13.5,0,0,48.6,16.2,5.4,18.9,81.1,0,0,0
2022,281,Cleveland Browns,1,6,NE,Kevin Stefanski,6.349206349206349,36,41.7,0.93,50,0.3,80.6,0.48,19.4,0.76,38.9,38.9,0,2.8,38.9,0,0,41.7,2.8,5.6,25,55.6,16.7,0,0
2022,282,Green Bay Packers,1,18,DET,Matt LaFleur,6.741573033707865,36,11.1,0.21,88.9,0.27,52.8,0.26,47.2,0.27,25,19.4,5.6,0,11.1,19.4,0,41.7,13.9,13.9,22.2,63.9,13.9,0,0
2022,283,Indianapolis Colts,1,16,LAC,Jeff Saturday,5.921052631578947,36,8.3,0.29,83.3,0.22,52.8,0.23,47.2,0.19,27.8,13.9,13.9,0,8.3,16.7,0,41.7,16.7,8.3,5.6,94.4,0,0,0
2022,284,Jacksonville Jaguars,1,7,NYG,Doug Pederson,5.3731343283582085,36,38.9,0.41,61.1,0.52,69.4,0.55,30.6,0.29,25,13.9,11.1,8.3,27.8,13.9,2.8,41.7,5.6,0,25,69.4,0,0,0
2022,285,Kansas City Chiefs,1,13,CIN,Andy Reid,5.049088359046284,36,33.3,0.72,61.1,0.39,27.8,0.76,72.2,0.54,27.8,13.9,13.9,2.8,13.9,16.7,0,13.9,22.2,8.3,2.8,83.3,13.9,0,0
2022,286,Los Angeles Chargers,1,2,KC,Brandon Staley,6.315789473684211,36,52.8,0.68,47.2,0.27,72.2,0.65,27.8,0.06,44.4,41.7,2.8,8.3,44.4,0,0,27.8,5.6,13.9,11.1,77.8,11.1,0,0
2022,287,Los Angeles Chargers,1,5,CLV,Brandon Staley,6.315789473684211,36,47.2,0.29,47.2,0.4,63.9,0.35,36.1,0.54,33.3,33.3,0,2.8,44.4,0,0,19.4,8.3,19.4,27.8,61.1,11.1,0,0
2022,288,Los Angeles Chargers,1,16,IND,Brandon Staley,6.315789473684211,36,22.2,0.09,77.8,0.07,44.4,-0.03,55.6,0.16,30.6,27.8,2.8,0,22.2,19.4,0,22.2,11.1,25,8.3,80.6,11.1,0,0
2022,289,Miami Dolphins,1,17,NE,Mike McDaniel,5.179856115107913,36,50,0.48,47.2,0.21,72.2,0.43,27.8,0.49,25,13.9,11.1,13.9,36.1,8.3,0,36.1,2.8,0,36.1,41.7,19.4,0,0
2022,290,New England Patriots,1,1,MIA,Bill Belichick,5.325443786982249,36,30.6,0.9,69.4,0.2,77.8,0.5,22.2,0.09,16.7,8.3,8.3,2.8,27.8,8.3,0,50,11.1,0,2.8,66.7,30.6,0,0
2022,291,New England Patriots,1,18,BUF,Bill Belichick,5.325443786982249,36,30.6,0.56,69.4,0.66,55.6,0.78,44.4,0.44,47.2,36.1,11.1,5.6,22.2,22.2,0,33.3,8.3,5.6,2.8,55.6,41.7,0,0
2022,292,New Orleans Saints,1,11,LA,Dennis Allen,5.901639344262295,36,30.6,0.17,66.7,0.7,50,0.42,50,0.61,25,22.2,2.8,0,25,19.4,5.6,25,22.2,0,2.8,61.1,36.1,0,0
2022,293,New York Giants,1,2,CAR,Brian Daboll,5.651491365777081,36,44.4,0.57,55.6,0.13,58.3,0.42,41.7,0.2,25,2.8,22.2,8.3,36.1,5.6,0,22.2,13.9,13.9,5.6,58.3,22.2,0,0
2022,294,New York Giants,1,6,BLT,Brian Daboll,5.651491365777081,36,52.8,0.42,44.4,0.32,66.7,0.51,33.3,0.08,19.4,11.1,8.3,5.6,47.2,2.8,0,19.4,22.2,0,22.2,61.1,16.7,0,0
2022,295,New York Giants,1,14,PHI,Brian Daboll,5.651491365777081,36,61.1,0.68,38.9,0.19,72.2,0.62,27.8,0.14,16.7,13.9,2.8,19.4,38.9,0,2.8,33.3,2.8,2.8,19.4,52.8,11.1,0,0
2022,296,New York Jets,1,5,MIA,Robert Saleh,5.69620253164557,36,8.3,-0.01,88.9,0.14,36.1,0.09,63.9,0.15,13.9,8.3,2.8,0,8.3,2.8,0,27.8,41.7,16.7,2.8,88.9,8.3,0,0
2022,297,New York Jets,1,16,JAX,Robert Saleh,5.69620253164557,36,22.2,0.21,77.8,0.38,36.1,0.35,63.9,0.34,16.7,13.9,2.8,0,22.2,0,0,13.9,44.4,19.4,2.8,94.4,2.8,0,0
2022,298,Philadelphia Eagles,1,11,IND,Nick Sirianni,5.462822458270106,36,36.1,0.26,58.3,0.24,50,0.28,50,0.2,27.8,22.2,5.6,0,30.6,8.3,2.8,19.4,25,5.6,11.1,83.3,5.6,0,0
2022,299,San Francisco 49ers,1,8,LA,Kyle Shanahan,5.429864253393665,36,30.6,0.16,66.7,0.41,66.7,0.68,33.3,0.1,27.8,22.2,5.6,8.3,22.2,16.7,0,41.7,5.6,2.8,0,100,0,0,0
2022,300,San Francisco 49ers,1,16,WAS,Kyle Shanahan,5.429864253393665,36,16.7,0.94,77.8,0.27,41.7,0.59,58.3,0.61,11.1,5.6,5.6,0,16.7,30.6,0,25,22.2,0,22.2,75,2.8,0,0
2022,301,Tampa Bay Buccaneers,1,3,GB,Todd Bowles,5.607476635514018,36,25,0.68,75,0.37,50,0.66,50,0.24,22.2,11.1,11.1,0,13.9,16.7,11.1,36.1,8.3,13.9,36.1,61.1,2.8,0,0
2022,302,Baltimore Ravens,1,9,NO,John Harbaugh,5.247376311844078,35,25.7,0.19,65.7,0.44,60,0.18,40,0.6,34.3,28.6,5.7,0,20,8.6,5.7,34.3,11.4,11.4,8.6,60,25.7,0,0
2022,303,Baltimore Ravens,1,14,PIT,John Harbaugh,5.247376311844078,35,22.9,0.17,71.4,0.32,51.4,0.33,48.6,0.45,40,28.6,11.4,2.9,17.1,2.9,2.9,34.3,20,14.3,8.6,80,11.4,0,0
2022,304,Carolina Panthers,1,4,ARZ,Matt Rhule,5.4858934169279,35,20,1.54,80,0.22,51.4,0.5,48.6,0.47,17.1,14.3,2.9,2.9,17.1,2.9,0,34.3,42.9,0,25.7,74.3,0,0,0
2022,305,Cincinnati Bengals,1,5,BLT,Zac Taylor,5.756578947368421,35,40,0.11,54.3,0.23,57.1,0.46,42.9,0.08,22.9,20,2.9,17.1,20,0,0,34.3,17.1,2.9,37.1,40,20,0,0
2022,306,Cleveland Browns,1,15,BLT,Kevin Stefanski,6.172839506172839,35,17.1,0.19,82.9,0.12,65.7,0.13,34.3,0.15,42.9,42.9,0,0,17.1,0,0,48.6,25.7,8.6,14.3,45.7,40,0,0
2022,307,Denver Broncos,1,8,JAX,Nathaniel Hackett,5.247376311844078,35,11.4,0.22,85.7,0.25,62.9,0.3,37.1,0.16,54.3,54.3,0,2.9,8.6,0,0,51.4,25.7,8.6,14.3,85.7,0,0,0
2022,308,Green Bay Packers,1,7,WAS,Matt LaFleur,6.5543071161048685,35,48.6,0.48,48.6,0.44,42.9,0.74,57.1,0.23,28.6,25.7,2.9,22.9,22.9,5.7,2.9,20,14.3,8.6,22.9,71.4,5.7,0,0
2022,309,Green Bay Packers,1,12,PHI,Matt LaFleur,6.5543071161048685,35,34.3,0.69,62.9,0.42,88.6,0.56,11.4,1.11,28.6,25.7,2.9,5.7,28.6,0,0,60,0,2.9,11.4,82.9,5.7,0,0
2022,310,Houston Texans,1,2,DEN,Lovie Smith,5.922165820642978,35,37.1,0.62,62.9,0.18,74.3,0.4,25.7,0.2,11.4,8.6,0,0,37.1,20,0,37.1,2.9,2.9,48.6,51.4,0,0,0
2022,311,Jacksonville Jaguars,1,2,IND,Doug Pederson,5.223880597014925,35,22.9,0.08,62.9,0.19,37.1,0.24,62.9,0.07,25.7,17.1,8.6,0,14.3,11.4,8.6,22.9,8.6,20,25.7,74.3,0,0,0
2022,312,Jacksonville Jaguars,1,8,DEN,Doug Pederson,5.223880597014925,35,20,0.37,68.6,0.32,62.9,0.61,37.1,0.09,34.3,25.7,8.6,0,17.1,14.3,2.9,42.9,2.9,8.6,17.1,77.1,0,0,0
2022,313,Jacksonville Jaguars,1,18,TEN,Doug Pederson,5.223880597014925,35,34.3,0.11,65.7,0.41,82.9,0.33,17.1,0.18,42.9,37.1,5.7,2.9,28.6,5.7,2.9,54.3,2.9,2.9,25.7,71.4,2.9,0,0
2022,314,Las Vegas Raiders,1,1,LAC,Josh McDaniels,5.46021840873635,35,28.6,1.13,60,0.56,45.7,0.95,54.3,0.43,28.6,11.4,17.1,0,28.6,25.7,0,17.1,11.4,5.7,20,68.6,2.9,0,0
2022,315,Las Vegas Raiders,1,11,DEN,Josh McDaniels,5.46021840873635,35,40,0.32,57.1,0.31,77.1,0.29,22.9,0.35,28.6,25.7,2.9,0,34.3,11.4,5.7,40,2.9,2.9,2.9,57.1,25.7,0,0
2022,316,Las Vegas Raiders,1,17,SF,Josh McDaniels,5.46021840873635,35,34.3,0.66,60,0.3,71.4,0.37,28.6,0.92,14.3,5.7,8.6,5.7,28.6,11.4,0,42.9,0,5.7,25.7,40,31.4,0,0
2022,317,Miami Dolphins,1,4,CIN,Mike McDaniel,5.0359712230215825,35,54.3,0.62,42.9,0.36,60,0.3,40,1.08,28.6,14.3,14.3,2.9,42.9,22.9,0,17.1,0,2.9,11.4,68.6,17.1,0,0
2022,318,New Orleans Saints,1,2,TB,Dennis Allen,5.737704918032787,35,34.3,0.64,65.7,0.17,42.9,0.56,57.1,0.16,22.9,22.9,0,2.9,17.1,8.6,11.4,25.7,25.7,5.7,8.6,57.1,34.3,0,0
2022,319,New Orleans Saints,1,15,ATL,Dennis Allen,5.737704918032787,35,31.4,0.19,62.9,0.11,45.7,0.19,54.3,0.18,31.4,20,11.4,5.7,22.9,8.6,2.9,22.9,22.9,8.6,34.3,25.7,40,0,0
2022,320,New York Giants,1,1,TEN,Brian Daboll,5.4945054945054945,35,42.9,0.62,48.6,0.54,74.3,0.68,25.7,0.22,31.4,20,11.4,2.9,37.1,0,2.9,37.1,5.7,5.7,34.3,37.1,25.7,0,0
2022,321,New York Giants,1,4,CHI,Brian Daboll,5.4945054945054945,35,51.4,0.23,48.6,0.41,94.3,0.3,5.7,0.6,11.4,8.6,2.9,0,51.4,2.9,0,42.9,0,2.9,37.1,62.9,0,0,0
2022,322,New York Jets,1,17,SEA,Robert Saleh,5.537974683544303,35,25.7,0.81,68.6,0.17,40,0.59,60,0.36,17.1,8.6,8.6,2.9,22.9,31.4,0,14.3,11.4,11.4,22.9,74.3,2.9,0,0
2022,323,Philadelphia Eagles,1,13,TEN,Nick Sirianni,5.311077389984825,35,5.7,2.68,94.3,0.25,40,0.49,60,0.33,25.7,25.7,0,0,5.7,0,0,34.3,48.6,11.4,17.1,77.1,5.7,0,0
2022,324,Pittsburgh Steelers,1,16,LV,Mike Tomlin,5.6634304207119746,35,37.1,0.11,62.9,0.35,62.9,0.17,37.1,0.42,45.7,34.3,11.4,0,25.7,20,0,37.1,2.9,2.9,11.4,37.1,40,0,0
2022,325,Seattle Seahawks,1,13,LA,Pete Carroll,5.6089743589743595,35,11.4,0.29,82.9,0.24,65.7,0.26,34.3,0.1,8.6,8.6,0,0,11.4,0,0,51.4,2.9,28.6,5.7,80,14.3,0,0
2022,326,San Francisco 49ers,1,12,NO,Kyle Shanahan,5.279034690799397,35,34.3,0.29,54.3,0.35,54.3,0.3,45.7,0.22,28.6,20,8.6,2.9,28.6,14.3,2.9,25.7,14.3,0,25.7,68.6,2.9,0,0
2022,327,Tennessee Titans,1,8,HST,Mike Vrabel,4.7361299052774015,35,20,0.03,71.4,0.22,31.4,-0.06,68.6,0.44,34.3,22.9,11.4,0,14.3,17.1,5.7,17.1,37.1,0,22.9,40,37.1,0,0
2022,328,Tennessee Titans,1,16,HST,Mike Vrabel,4.7361299052774015,35,31.4,0.52,51.4,0.13,48.6,0.36,51.4,0.36,20,17.1,2.9,2.9,28.6,5.7,0,17.1,25.7,2.9,5.7,68.6,25.7,0,0
2022,329,Washington Commanders,1,7,GB,Ron Rivera,5.912162162162162,35,34.3,0.21,57.1,0.43,20,0.29,80,0.49,8.6,5.7,2.9,0,20,5.7,14.3,0,42.9,8.6,0,60,40,0,0
2022,330,Atlanta Falcons,1,18,TB,Arthur Smith,5.657237936772046,34,38.2,0.78,58.8,0.1,67.6,0.13,32.4,0.86,29.4,23.5,5.9,11.8,23.5,8.8,0,44.1,2.9,2.9,11.8,76.5,11.8,0,0
2022,331,Baltimore Ravens,1,7,CLV,John Harbaugh,5.097451274362818,34,41.2,0.35,55.9,0.28,67.6,0.36,32.4,0.15,38.2,32.4,5.9,8.8,32.4,8.8,0,35.3,5.9,5.9,14.7,47.1,29.4,0,0
2022,332,Carolina Panthers,1,6,LA,Steve Wilks,5.329153605015674,34,17.6,0.94,73.5,0.28,55.9,0.39,44.1,0.38,17.6,2.9,14.7,2.9,11.8,11.8,0,44.1,14.7,2.9,2.9,97.1,0,0,0
2022,333,Chicago Bears,1,1,SF,Matt Eberflus,6.390977443609022,34,14.7,0.15,82.4,0.23,55.9,0.2,44.1,0.21,29.4,23.5,5.9,0,14.7,29.4,0,38.2,5.9,8.8,5.9,91.2,2.9,0,0
2022,334,Chicago Bears,1,18,MIN,Matt Eberflus,6.390977443609022,34,11.8,0.17,79.4,0.44,32.4,0.51,67.6,0.5,26.5,17.6,8.8,2.9,8.8,35.3,0,23.5,8.8,11.8,26.5,73.5,0,0,0
2022,335,Cleveland Browns,1,10,MIA,Kevin Stefanski,5.996472663139329,34,8.8,1.39,91.2,0.64,44.1,0.96,55.9,0.51,20.6,14.7,5.9,5.9,2.9,5.9,0,41.2,38.2,5.9,20.6,61.8,17.6,0,0
2022,336,Indianapolis Colts,1,9,NE,Frank Reich,5.592105263157895,34,14.7,0.19,76.5,0.14,52.9,0.16,47.1,0.38,41.2,26.5,14.7,0,14.7,11.8,0,38.2,14.7,11.8,0,100,0,0,0
2022,337,Indianapolis Colts,1,12,PIT,Jeff Saturday,5.592105263157895,34,41.2,0.27,55.9,0.28,58.8,0.25,41.2,0.29,52.9,44.1,8.8,2.9,35.3,11.8,2.9,23.5,8.8,11.8,2.9,97.1,0,0,0
2022,338,Jacksonville Jaguars,1,15,DAL,Doug Pederson,5.074626865671641,34,32.4,0.47,61.8,0.65,67.6,0.3,32.4,1.21,29.4,17.6,11.8,5.9,23.5,5.9,2.9,41.2,14.7,0,17.6,73.5,2.9,0,0
2022,339,Los Angeles Chargers,1,6,DEN,Brandon Staley,5.964912280701754,34,23.5,0.2,76.5,0.42,58.8,0.4,41.2,0.33,38.2,29.4,8.8,0,23.5,8.8,0,35.3,14.7,17.6,20.6,70.6,8.8,0,0
2022,340,Minnesota Vikings,1,9,WAS,Kevin O'Connell,4.899135446685879,34,26.5,0.53,70.6,0.4,44.1,0.38,55.9,0.48,23.5,20.6,2.9,0,23.5,0,2.9,20.6,11.8,38.2,20.6,76.5,2.9,0,0
2022,341,New England Patriots,1,3,BLT,Bill Belichick,5.029585798816568,34,52.9,0.93,44.1,0.18,79.4,0.36,20.6,1.98,8.8,2.9,5.9,8.8,44.1,0,0,35.3,5.9,2.9,2.9,79.4,14.7,0,0
2022,342,New York Jets,1,1,BLT,Robert Saleh,5.379746835443038,34,17.6,1.08,82.4,0.5,58.8,0.48,41.2,0.77,11.8,11.8,0,2.9,14.7,2.9,0,44.1,29.4,5.9,52.9,35.3,11.8,0,0
2022,343,Pittsburgh Steelers,1,8,PHI,Mike Tomlin,5.501618122977346,34,55.9,1.02,44.1,0.61,73.5,0.82,26.5,0.89,23.5,17.6,5.9,2.9,52.9,17.6,0,20.6,0,5.9,29.4,67.6,2.9,0,0
2022,344,Tampa Bay Buccaneers,1,5,ATL,Todd Bowles,5.29595015576324,34,29.4,0.2,70.6,0.46,55.9,0.18,44.1,0.65,26.5,14.7,11.8,0,20.6,14.7,8.8,35.3,17.6,2.9,35.3,50,14.7,0,0
2022,345,Tampa Bay Buccaneers,1,6,PIT,Todd Bowles,5.29595015576324,34,23.5,0.84,73.5,0.45,47.1,0.69,52.9,0.39,32.4,11.8,20.6,0,14.7,20.6,0,32.4,11.8,8.8,11.8,88.2,0,0,0
2022,346,Tampa Bay Buccaneers,1,18,ATL,Todd Bowles,5.29595015576324,34,5.9,-0.06,85.3,0.44,76.5,0.4,23.5,0.81,8.8,2.9,5.9,0,5.9,8.8,0,67.6,2.9,5.9,58.8,35.3,2.9,0,0
2022,347,Washington Commanders,1,15,NYG,Ron Rivera,5.743243243243244,34,11.8,0.18,88.2,0.25,52.9,0.24,47.1,0.24,50,32.4,17.6,0,8.8,26.5,2.9,44.1,14.7,2.9,5.9,76.5,17.6,0,0
2022,348,Arizona Cardinals,1,15,DEN,Kliff Kingsbury,5.061349693251533,33,0,,100,0.3,66.7,0.38,33.3,0.14,36.4,27.3,9.1,0,0,21.2,0,66.7,3,9.1,78.8,21.2,0,0,0
2022,349,Buffalo Bills,1,8,GB,Sean McDermott,5.164319248826291,33,24.2,0.86,75.8,0.37,30.3,0.68,69.7,0.41,21.2,12.1,9.1,0,21.2,33.3,3,9.1,18.2,15.2,0,97,3,0,0
2022,350,Buffalo Bills,1,15,MIA,Sean McDermott,5.164319248826291,33,39.4,0.46,54.5,0.67,63.6,0.74,36.4,0.21,33.3,18.2,15.2,3,36.4,15.2,0,21.2,9.1,9.1,0,100,0,0,0
2022,351,Buffalo Bills,1,16,CHI,Sean McDermott,5.164319248826291,33,12.1,0.21,75.8,0.22,36.4,0.18,63.6,0.37,21.2,18.2,3,0,12.1,9.1,0,24.2,30.3,12.1,6.1,81.8,12.1,0,0
2022,352,Carolina Panthers,1,9,CIN,Steve Wilks,5.172413793103448,33,39.4,0.26,51.5,0.31,39.4,0.3,60.6,0.46,12.1,6.1,6.1,12.1,27.3,12.1,0,12.1,21.2,6.1,6.1,90.9,3,0,0
2022,353,Chicago Bears,1,3,HST,Matt Eberflus,6.203007518796992,33,45.5,0.23,45.5,0.33,66.7,0.29,33.3,0.49,12.1,9.1,3,0,45.5,15.2,0,21.2,9.1,0,39.4,60.6,0,0,0
2022,354,Cincinnati Bengals,1,2,DAL,Zac Taylor,5.427631578947369,33,33.3,0.76,63.6,0.2,66.7,0.35,33.3,0.45,36.4,33.3,3,3,30.3,6.1,0,36.4,9.1,12.1,15.2,54.5,24.2,0,0
2022,355,Cleveland Browns,1,3,PIT,Kevin Stefanski,5.82010582010582,33,24.2,0.13,72.7,0.3,48.5,0.2,51.5,0.24,33.3,27.3,3,0,18.2,6.1,6.1,30.3,30.3,6.1,9.1,69.7,18.2,0,0
2022,356,Denver Broncos,1,3,SF,Nathaniel Hackett,4.94752623688156,33,30.3,0.05,66.7,0.26,72.7,0.11,27.3,0.88,39.4,39.4,0,0,30.3,0,0,42.4,6.1,18.2,27.3,51.5,18.2,0,0
2022,357,Green Bay Packers,1,1,MIN,Matt LaFleur,6.179775280898876,33,18.2,0.21,75.8,0.71,48.5,0.56,51.5,0.59,21.2,21.2,0,0,12.1,0,3,36.4,30.3,9.1,24.2,72.7,3,0,0
2022,358,Houston Texans,1,9,PHI,Lovie Smith,5.583756345177665,33,33.3,0.6,63.6,0.53,63.6,0.41,36.4,0.78,24.2,12.1,12.1,3,30.3,27.3,0,33.3,3,0,15.2,84.8,0,0,0
2022,359,Kansas City Chiefs,1,5,LV,Andy Reid,4.628330995792426,33,15.2,1.34,78.8,0.19,18.2,0.15,81.8,0.63,15.2,9.1,6.1,6.1,3,30.3,0,15.2,27.3,6.1,21.2,42.4,33.3,0,0
2022,360,Kansas City Chiefs,1,15,HST,Andy Reid,4.628330995792426,33,36.4,0.46,51.5,0.62,48.5,0.03,51.5,1.18,27.3,18.2,9.1,3,24.2,18.2,0,18.2,12.1,3,36.4,51.5,12.1,0,0
2022,361,Los Angeles Rams,1,15,GB,Sean McVay,5.3311793214862675,33,15.2,0.29,72.7,0.43,48.5,0.45,51.5,0.29,42.4,39.4,3,3,12.1,12.1,0,33.3,12.1,15.2,24.2,60.6,12.1,0,0
2022,362,Los Angeles Chargers,1,12,ARZ,Brandon Staley,5.7894736842105265,33,48.5,0.17,39.4,0.73,45.5,0.21,54.5,1.09,27.3,21.2,6.1,6.1,36.4,9.1,6.1,3,15.2,12.1,12.1,72.7,9.1,0,0
2022,363,Los Angeles Chargers,1,14,MIA,Brandon Staley,5.7894736842105265,33,15.2,0.28,84.8,0.4,45.5,0.62,54.5,0.18,24.2,21.2,3,0,12.1,21.2,3,33.3,3,27.3,6.1,90.9,3,0,0
2022,364,Las Vegas Raiders,1,9,JAX,Josh McDaniels,5.14820592823713,33,15.2,1.06,81.8,0.45,51.5,0.4,48.5,0.66,36.4,21.2,15.2,3,12.1,21.2,0,39.4,15.2,6.1,6.1,72.7,21.2,0,0
2022,365,Las Vegas Raiders,1,15,NE,Josh McDaniels,5.14820592823713,33,48.5,0.09,51.5,0.24,69.7,0.19,30.3,0.12,27.3,24.2,3,9.1,39.4,9.1,0,30.3,6.1,6.1,3,63.6,21.2,0,0
2022,366,Miami Dolphins,1,1,NE,Mike McDaniel,4.748201438848921,33,24.2,0.18,66.7,0.18,78.8,0.18,21.2,0.73,21.2,18.2,3,0,24.2,6.1,0,54.5,6.1,0,30.3,57.6,12.1,0,0
2022,367,Miami Dolphins,1,6,MIN,Mike McDaniel,4.748201438848921,33,54.5,0.47,36.4,0.19,60.6,0.27,39.4,0.74,21.2,12.1,9.1,12.1,33.3,6.1,9.1,27.3,3,0,69.7,12.1,18.2,0,0
2022,368,Miami Dolphins,1,18,NYJ,Mike McDaniel,4.748201438848921,33,45.5,0.12,51.5,0.29,72.7,0.23,27.3,0.05,24.2,15.2,9.1,3,36.4,15.2,0,36.4,0,0,39.4,51.5,0,0,0
2022,369,New Orleans Saints,1,16,CLV,Dennis Allen,5.409836065573771,33,21.2,0.07,75.8,0.16,51.5,0.22,48.5,0.04,24.2,18.2,6.1,6.1,15.2,6.1,0,36.4,33.3,0,15.2,54.5,30.3,0,0
2022,370,New York Giants,1,15,WAS,Brian Daboll,5.180533751962323,33,24.2,0.8,69.7,0.32,39.4,0.75,60.6,0.16,12.1,6.1,6.1,0,18.2,0,0,21.2,12.1,36.4,21.2,24.2,18.2,0,0
2022,371,New York Jets,1,4,PIT,Robert Saleh,5.2215189873417724,33,21.2,0.35,69.7,0.12,33.3,0.41,66.7,0.31,15.2,9.1,6.1,3,15.2,0,3,18.2,45.5,6.1,27.3,63.6,9.1,0,0
2022,372,New York Jets,1,11,NE,Robert Saleh,5.2215189873417724,33,15.2,0.51,84.8,0.26,45.5,0.29,54.5,0.3,21.2,15.2,6.1,0,15.2,3,0,30.3,21.2,30.3,24.2,72.7,3,0,0
2022,373,New York Jets,1,14,BUF,Robert Saleh,5.2215189873417724,33,33.3,0.22,66.7,0.48,57.6,0.26,42.4,0.58,27.3,27.3,0,0,33.3,0,0,24.2,39.4,3,9.1,81.8,9.1,0,0
2022,374,New York Jets,1,18,MIA,Robert Saleh,5.2215189873417724,33,18.2,0.17,81.8,0.2,27.3,0.15,72.7,0.2,21.2,18.2,3,0,18.2,3,0,9.1,57.6,12.1,18.2,75.8,6.1,0,0
2022,375,Philadelphia Eagles,1,10,WAS,Nick Sirianni,5.007587253414264,33,36.4,0.04,54.5,0.36,48.5,0.28,51.5,0.15,33.3,18.2,15.2,3,30.3,6.1,3,18.2,24.2,6.1,15.2,69.7,15.2,0,0
2022,376,Philadelphia Eagles,1,15,CHI,Nick Sirianni,5.007587253414264,33,15.2,1.05,84.8,0.55,66.7,0.44,33.3,1.01,39.4,24.2,15.2,3,12.1,9.1,0,54.5,15.2,6.1,21.2,75.8,3,0,0
2022,377,Pittsburgh Steelers,1,3,CLV,Mike Tomlin,5.339805825242718,33,18.2,0.83,81.8,0.44,63.6,0.67,36.4,0.22,15.2,3,12.1,0,12.1,27.3,3,51.5,0,3,45.5,42.4,6.1,0,0
2022,378,San Francisco 49ers,1,2,SEA,Kyle Shanahan,4.97737556561086,33,6.1,0,87.9,0.21,39.4,0.36,60.6,0.06,3,0,3,0,6.1,12.1,0,30.3,42.4,3,27.3,69.7,3,0,0
2022,379,Tennessee Titans,1,18,JAX,Mike Vrabel,4.465493910690121,33,24.2,0.89,69.7,0.23,63.6,0.44,36.4,0.27,48.5,45.5,3,0,21.2,18.2,0,42.4,3,6.1,3,72.7,24.2,0,0
2022,380,Baltimore Ravens,1,6,NYG,John Harbaugh,4.7976011994003,32,25,0.67,59.4,0.3,46.9,0.53,53.1,0.37,21.9,18.8,3.1,12.5,12.5,9.4,0,34.4,6.3,9.4,25,43.8,25,0,0
2022,381,Baltimore Ravens,1,15,CLV,John Harbaugh,4.7976011994003,32,18.8,0.37,71.9,0.25,46.9,0.41,53.1,0.35,21.9,18.8,3.1,9.4,9.4,6.3,0,37.5,12.5,15.6,25,59.4,15.6,0,0
2022,382,Carolina Panthers,1,5,SF,Matt Rhule,5.015673981191222,32,25,0.49,62.5,0.23,59.4,0.2,40.6,1.03,18.8,12.5,6.3,6.3,18.8,12.5,0,37.5,6.3,6.3,43.8,56.3,0,0,0
2022,383,Chicago Bears,1,7,NE,Matt Eberflus,6.015037593984962,32,21.9,0.75,78.1,0.24,43.8,0.46,56.3,0.27,28.1,28.1,0,0,21.9,18.8,0,21.9,18.8,18.8,6.3,90.6,3.1,0,0
2022,384,Chicago Bears,1,13,GB,Matt Eberflus,6.015037593984962,32,18.8,0.13,78.1,0.42,40.6,0.25,59.4,0.45,31.3,28.1,3.1,3.1,12.5,31.3,0,25,15.6,6.3,12.5,84.4,3.1,0,0
2022,385,Cleveland Browns,1,1,CAR,Kevin Stefanski,5.64373897707231,32,15.6,0.14,81.3,0.45,62.5,0.29,37.5,1.11,18.8,9.4,6.3,3.1,12.5,6.3,0,50,12.5,12.5,12.5,68.8,18.8,0,0
2022,386,Cleveland Browns,1,17,WAS,Kevin Stefanski,5.64373897707231,32,12.5,-0.15,87.5,0.13,56.3,0.05,43.8,0.16,40.6,40.6,0,0,6.3,12.5,6.3,50,18.8,6.3,15.6,62.5,21.9,0,0
2022,387,Dallas Cowboys,1,7,DET,Mike McCarthy,5.063291139240507,32,21.9,0.17,78.1,0.17,65.6,0.21,34.4,0.1,31.3,12.5,15.6,0,21.9,25,0,43.8,6.3,3.1,15.6,56.3,28.1,0,0
2022,388,Denver Broncos,1,7,NYJ,Nathaniel Hackett,4.7976011994003,32,21.9,0.37,78.1,0.19,71.9,0.27,28.1,0.12,68.8,65.6,3.1,0,21.9,0,0,50,15.6,12.5,21.9,75,3.1,0,0
2022,389,Detroit Lions,1,4,SEA,Dan Campbell,4.99219968798752,32,46.9,1.03,53.1,0.5,56.3,0.64,43.8,0.87,12.5,3.1,9.4,12.5,31.3,6.3,0,25,3.1,18.8,34.4,62.5,3.1,0,0
2022,390,Detroit Lions,1,17,CHI,Dan Campbell,4.99219968798752,32,37.5,0.51,62.5,0.33,71.9,0.58,28.1,-0.07,34.4,21.9,12.5,3.1,34.4,21.9,0,37.5,0,3.1,18.8,65.6,12.5,0,0
2022,391,Green Bay Packers,1,11,TEN,Matt LaFleur,5.992509363295881,32,15.6,0.89,78.1,0.63,71.9,0.72,28.1,0.87,21.9,18.8,3.1,3.1,12.5,3.1,0,59.4,9.4,6.3,31.3,65.6,3.1,0,0
2022,392,Los Angeles Rams,1,2,ATL,Sean McVay,5.169628432956381,32,12.5,1.52,71.9,0.2,59.4,0.25,40.6,0.75,21.9,18.8,3.1,3.1,9.4,6.3,0,50,9.4,6.3,25,56.3,15.6,0,0
2022,393,Los Angeles Rams,1,11,NO,Sean McVay,5.169628432956381,32,18.8,1.34,71.9,0.27,68.8,0.79,31.3,0.56,43.8,37.5,6.3,3.1,15.6,6.3,0,46.9,6.3,12.5,34.4,65.6,0,0,0
2022,394,Los Angeles Chargers,1,15,TEN,Brandon Staley,5.614035087719298,32,12.5,0.3,87.5,0.22,46.9,0.3,53.1,0.17,43.8,43.8,0,6.3,6.3,0,0,40.6,21.9,25,28.1,71.9,0,0,0
2022,395,Minnesota Vikings,1,11,DAL,Kevin O'Connell,4.610951008645533,32,0,,87.5,0.73,31.3,0.34,68.8,0.79,25,21.9,3.1,0,0,0,0,31.3,6.3,50,34.4,62.5,0,0,0
2022,396,New Orleans Saints,1,7,ARZ,Dennis Allen,5.245901639344262,32,34.4,0.17,53.1,0.41,46.9,0.25,53.1,0.56,18.8,18.8,0,0,34.4,12.5,0,12.5,28.1,0,0,81.3,18.8,0,0
2022,397,New York Jets,1,2,CLV,Robert Saleh,5.063291139240507,32,25,0.08,75,0.66,59.4,0.62,40.6,0.35,0,0,0,3.1,18.8,3.1,3.1,40.6,25,6.3,50,43.8,6.3,0,0
2022,398,Seattle Seahawks,1,18,LA,Pete Carroll,5.128205128205128,32,25,0.2,75,0.18,71.9,0.19,28.1,0.17,28.1,18.8,9.4,0,25,3.1,0,46.9,6.3,18.8,12.5,68.8,18.8,0,0
2022,399,Tampa Bay Buccaneers,1,13,NO,Todd Bowles,4.984423676012461,32,37.5,0.33,59.4,0.53,59.4,0.6,40.6,0.21,31.3,18.8,12.5,0,31.3,12.5,0,25,6.3,15.6,21.9,75,3.1,0,0
2022,400,Atlanta Falcons,1,11,CHI,Arthur Smith,5.158069883527454,31,9.7,1.68,90.3,0.28,67.7,0.42,32.3,0.4,25.8,19.4,6.5,0,9.7,6.5,0,58.1,25.8,0,22.6,77.4,0,0,0
2022,401,Atlanta Falcons,1,13,PIT,Arthur Smith,5.158069883527454,31,29,0.12,71,0.58,64.5,0.28,35.5,0.75,25.8,16.1,9.7,6.5,19.4,16.1,3.2,45.2,6.5,3.2,45.2,51.6,3.2,0,0
2022,402,Carolina Panthers,1,8,ATL,Steve Wilks,4.858934169278997,31,16.1,2.11,77.4,0.41,64.5,0.46,35.5,1.03,22.6,16.1,3.2,6.5,9.7,3.2,0,54.8,19.4,0,22.6,77.4,0,0,0
2022,403,Chicago Bears,1,9,MIA,Matt Eberflus,5.827067669172932,31,12.9,0.57,77.4,0.57,51.6,0.95,48.4,0.62,19.4,9.7,9.7,0,12.9,41.9,0,32.3,3.2,0,29,54.8,16.1,0,0
2022,404,Chicago Bears,1,16,BUF,Matt Eberflus,5.827067669172932,31,22.6,1.76,77.4,0.4,71,0.4,29,1.45,32.3,32.3,0,0,19.4,16.1,0,51.6,3.2,6.5,25.8,74.2,0,0,0
2022,405,Chicago Bears,1,17,DET,Matt Eberflus,5.827067669172932,31,41.9,1.37,58.1,0.24,77.4,0.65,22.6,0.95,22.6,19.4,3.2,3.2,38.7,16.1,0,38.7,3.2,0,22.6,74.2,0,0,0
2022,406,Cincinnati Bengals,1,9,CAR,Zac Taylor,5.098684210526316,31,22.6,0.74,74.2,0.35,38.7,0.27,61.3,0.52,32.3,9.7,22.6,3.2,12.9,38.7,0,22.6,12.9,0,3.2,90.3,3.2,0,0
2022,407,Cincinnati Bengals,1,13,KC,Zac Taylor,5.098684210526316,31,25.8,1.06,58.1,0.22,45.2,1.05,54.8,0.24,22.6,12.9,9.7,6.5,19.4,16.1,0,19.4,19.4,3.2,3.2,77.4,12.9,0,0
2022,408,Cleveland Browns,1,18,PIT,Kevin Stefanski,5.467372134038801,31,35.5,0.66,61.3,0.24,45.2,0.19,54.8,0.55,41.9,29,12.9,16.1,19.4,9.7,0,25.8,22.6,3.2,35.5,38.7,22.6,0,0
2022,409,Dallas Cowboys,1,8,CHI,Mike McCarthy,4.90506329113924,31,22.6,0.93,77.4,0.44,77.4,0.47,22.6,0.83,19.4,16.1,3.2,3.2,19.4,12.9,0,58.1,6.5,0,9.7,71,19.4,0,0
2022,410,Denver Broncos,1,1,SEA,Nathaniel Hackett,4.6476761619190405,31,9.7,0.61,83.9,0.54,45.2,0.93,54.8,0.19,32.3,32.3,0,0,6.5,3.2,3.2,38.7,9.7,32.3,41.9,45.2,12.9,0,0
2022,411,Detroit Lions,1,18,GB,Dan Campbell,4.83619344773791,31,32.3,0.5,64.5,0.3,51.6,0.52,48.4,0.18,16.1,9.7,6.5,3.2,25.8,32.3,3.2,25.8,3.2,3.2,32.3,64.5,3.2,0,0
2022,412,Green Bay Packers,1,5,NYG,Matt LaFleur,5.805243445692884,31,16.1,0.27,74.2,0.4,74.2,0.37,25.8,0.34,29,29,0,0,16.1,6.5,0,51.6,16.1,0,29,71,0,0,0
2022,413,Houston Texans,1,17,JAX,Lovie Smith,5.245346869712352,31,29,0.44,67.7,0.06,54.8,0.26,45.2,0.06,3.2,3.2,0,0,29,22.6,0,25.8,9.7,9.7,22.6,71,6.5,0,0
2022,414,Indianapolis Colts,1,13,DAL,Jeff Saturday,5.098684210526316,31,16.1,1.99,80.6,0.13,74.2,0.52,25.8,0.73,35.5,32.3,3.2,0,16.1,3.2,0,58.1,19.4,0,9.7,90.3,0,0,0
2022,415,Los Angeles Rams,1,17,LAC,Sean McVay,5.008077544426494,31,16.1,1.18,80.6,0.3,74.2,0.7,25.8,0.2,61.3,61.3,0,3.2,12.9,0,0,58.1,3.2,19.4,12.9,77.4,9.7,0,0
2022,416,Las Vegas Raiders,1,4,DEN,Josh McDaniels,4.83619344773791,31,9.7,0.86,87.1,0.49,29,0.85,71,0.56,12.9,6.5,6.5,0,6.5,45.2,3.2,22.6,16.1,3.2,3.2,71,19.4,0,0
2022,417,Las Vegas Raiders,1,8,NO,Josh McDaniels,4.83619344773791,31,25.8,0.93,74.2,0.43,45.2,0.58,54.8,0.54,25.8,12.9,12.9,3.2,22.6,16.1,0,22.6,25.8,9.7,38.7,48.4,12.9,0,0
2022,418,Las Vegas Raiders,1,18,KC,Josh McDaniels,4.83619344773791,31,41.9,0.22,48.4,0.51,45.2,0.13,54.8,0.77,22.6,12.9,9.7,6.5,29,6.5,6.5,16.1,12.9,12.9,0,67.7,29,0,0
2022,419,Miami Dolphins,1,2,BLT,Mike McDaniel,4.460431654676259,31,48.4,1.12,41.9,0.48,54.8,0.85,45.2,0.94,12.9,6.5,6.5,16.1,32.3,3.2,0,19.4,19.4,0,51.6,9.7,19.4,0,0
2022,420,New York Giants,1,3,DAL,Brian Daboll,4.866562009419153,31,32.3,0.18,58.1,0.37,71,0.31,29,0.63,12.9,9.7,3.2,3.2,25.8,3.2,3.2,45.2,3.2,6.5,32.3,45.2,16.1,0,0
2022,421,New York Giants,1,12,DAL,Brian Daboll,4.866562009419153,31,54.8,0.56,41.9,0.57,51.6,0.38,48.4,0.73,19.4,3.2,16.1,16.1,32.3,0,0,19.4,22.6,0,19.4,71,6.5,0,0
2022,422,Philadelphia Eagles,1,17,NO,Nick Sirianni,4.704097116843703,31,35.5,0.25,64.5,0.27,54.8,0.36,45.2,0.15,35.5,35.5,0,0,29,0,6.5,25.8,35.5,3.2,19.4,71,9.7,0,0
2022,423,Pittsburgh Steelers,1,10,NO,Mike Tomlin,5.016181229773463,31,29,-0.11,71,0.46,48.4,0.13,51.6,0.45,38.7,25.8,12.9,0,12.9,12.9,16.1,35.5,3.2,19.4,12.9,77.4,9.7,0,0
2022,424,Seattle Seahawks,1,16,KC,Pete Carroll,4.967948717948718,31,22.6,0.84,74.2,0.59,58.1,0.98,41.9,0.47,22.6,19.4,3.2,0,22.6,0,0,35.5,25.8,12.9,22.6,71,3.2,0,0
2022,425,San Francisco 49ers,1,18,ARZ,Kyle Shanahan,4.675716440422323,31,29,0.2,71,0.34,87.1,0.39,12.9,-0.3,32.3,29,3.2,0,29,6.5,0,58.1,6.5,0,12.9,87.1,0,0,0
2022,426,Tampa Bay Buccaneers,1,9,LA,Todd Bowles,4.8286604361370715,31,19.4,0.06,80.6,0.41,93.5,0.36,6.5,0.12,35.5,29,3.2,0,19.4,3.2,0,74.2,3.2,0,0,83.9,16.1,0,0
2022,427,Washington Commanders,1,5,TEN,Ron Rivera,5.236486486486487,31,22.6,0.25,67.7,0.43,41.9,0.52,58.1,0.26,22.6,19.4,3.2,0,22.6,6.5,0,19.4,22.6,19.4,3.2,83.9,12.9,0,0
2022,428,Chicago Bears,1,10,DET,Matt Eberflus,5.639097744360902,30,36.7,0.8,56.7,0.36,63.3,0.35,36.7,0.76,40,30,10,3.3,30,20,3.3,30,3.3,3.3,30,53.3,16.7,0,0
2022,429,Chicago Bears,1,12,NYJ,Matt Eberflus,5.639097744360902,30,20,1.59,70,0.51,66.7,0.79,33.3,0.89,26.7,16.7,10,3.3,13.3,16.7,3.3,50,3.3,0,36.7,50,10,0,0
2022,430,Cleveland Browns,1,11,BUF,Kevin Stefanski,5.291005291005291,30,36.7,0.24,56.7,0.33,60,0.27,40,0.63,26.7,23.3,3.3,0,36.7,3.3,0,23.3,20,10,30,56.7,13.3,0,0
2022,431,Dallas Cowboys,1,6,PHI,Mike McCarthy,4.746835443037975,30,23.3,0.26,73.3,0.39,63.3,0.45,36.7,0.57,26.7,13.3,13.3,3.3,20,20,0,40,10,3.3,3.3,70,26.7,0,0
2022,432,Green Bay Packers,1,8,BUF,Matt LaFleur,5.617977528089887,30,23.3,0.85,70,0.66,70,0.28,30,1.43,60,53.3,6.7,6.7,16.7,0,0,50,13.3,6.7,10,76.7,13.3,0,0
2022,433,Indianapolis Colts,1,2,JAX,Frank Reich,4.934210526315789,30,16.7,0.3,76.7,0.32,70,0.37,30,1.08,23.3,16.7,6.7,0,16.7,0,0,53.3,20,3.3,6.7,93.3,0,0,0
2022,434,Indianapolis Colts,1,11,PHI,Jeff Saturday,4.934210526315789,30,70,0.43,26.7,0.36,73.3,0.41,26.7,0.44,56.7,43.3,13.3,0,70,3.3,0,3.3,20,0,0,96.7,3.3,0,0
2022,435,Kansas City Chiefs,1,12,LA,Andy Reid,4.207573632538569,30,33.3,0.4,63.3,0.25,43.3,0.09,56.7,0.46,20,13.3,6.7,10,23.3,3.3,0,20,20,20,0,86.7,10,0,0
2022,436,Los Angeles Chargers,1,7,SEA,Brandon Staley,5.263157894736842,30,26.7,1.52,63.3,0.21,66.7,0.68,33.3,0.26,20,13.3,6.7,0,26.7,6.7,0,40,10,6.7,20,76.7,3.3,0,0
2022,437,Los Angeles Chargers,1,10,SF,Brandon Staley,5.263157894736842,30,16.7,0.55,73.3,0.28,43.3,0.34,56.7,0.25,30,23.3,6.7,3.3,6.7,3.3,6.7,36.7,23.3,10,23.3,53.3,23.3,0,0
2022,438,Los Angeles Chargers,1,13,LV,Brandon Staley,5.263157894736842,30,63.3,0.22,36.7,1.08,60,0.13,40,1.14,26.7,26.7,0,6.7,43.3,6.7,10,16.7,3.3,10,16.7,73.3,10,0,0
2022,439,Las Vegas Raiders,1,10,IND,Josh McDaniels,4.6801872074882995,30,53.3,0.68,43.3,0.37,66.7,0.66,33.3,0.27,16.7,13.3,3.3,0,46.7,13.3,6.7,20,3.3,6.7,16.7,63.3,20,0,0
2022,440,Minnesota Vikings,1,4,NO,Kevin O'Connell,4.322766570605188,30,10,0.39,80,0.28,43.3,0.33,56.7,0.48,30,26.7,3.3,0,10,13.3,0,30,6.7,30,10,80,3.3,0,0
2022,441,Minnesota Vikings,1,18,CHI,Kevin O'Connell,4.322766570605188,30,23.3,0.16,73.3,0.14,60,0.46,40,0.02,36.7,33.3,3.3,0,23.3,10,0,33.3,3.3,26.7,16.7,70,13.3,0,0
2022,442,New Orleans Saints,1,5,SEA,Dennis Allen,4.918032786885246,30,43.3,0.72,56.7,0.81,50,0.64,50,0.9,16.7,16.7,0,3.3,33.3,10,6.7,16.7,26.7,3.3,40,40,20,0,0
2022,443,New York Giants,1,17,IND,Brian Daboll,4.709576138147567,30,20,0.83,73.3,0.19,50,0.45,50,0.18,26.7,23.3,3.3,0,16.7,0,3.3,33.3,23.3,16.7,3.3,40,56.7,0,0
2022,444,Seattle Seahawks,1,10,TB,Pete Carroll,4.807692307692308,30,0,,96.7,0.42,40,1.07,60,0.19,23.3,23.3,0,0,0,3.3,0,36.7,16.7,40,10,83.3,6.7,0,0
2022,445,Tennessee Titans,1,1,NYG,Mike Vrabel,4.059539918809202,30,30,0.61,70,0.47,43.3,0.1,56.7,0.83,23.3,13.3,10,10,16.7,16.7,0,26.7,23.3,3.3,10,56.7,26.7,0,0
2022,446,Arizona Cardinals,1,11,SF,Kliff Kingsbury,4.447852760736196,29,24.1,1.53,72.4,0.66,65.5,0.98,34.5,0.64,10.3,3.4,6.9,3.4,20.7,10.3,0,44.8,17.2,0,75.9,24.1,0,0,0
2022,447,Arizona Cardinals,1,17,ATL,Kliff Kingsbury,4.447852760736196,29,10.3,0,79.3,0.33,69,0.29,31,0.23,10.3,10.3,0,0,6.9,3.4,3.4,62.1,6.9,6.9,20.7,0,0,0,0
2022,448,Baltimore Ravens,1,17,PIT,John Harbaugh,4.3478260869565215,29,17.2,0,75.9,0.29,48.3,0.23,51.7,0.5,27.6,20.7,6.9,3.4,13.8,17.2,0,34.5,10.3,13.8,17.2,82.8,0,0,0
2022,449,Buffalo Bills,1,9,NYJ,Sean McDermott,4.538341158059469,29,62.1,0.22,31,0.31,79.3,0.2,20.7,1.07,27.6,20.7,6.9,0,58.6,0,3.4,20.7,6.9,3.4,3.4,93.1,3.4,0,0
2022,450,Chicago Bears,1,2,GB,Matt Eberflus,5.451127819548872,29,37.9,1.21,62.1,0.27,62.1,0.8,37.9,0.34,27.6,27.6,0,0,34.5,20.7,3.4,27.6,6.9,6.9,20.7,79.3,0,0,0
2022,451,Dallas Cowboys,1,1,TB,Mike McCarthy,4.588607594936709,29,41.4,0.59,51.7,0.3,58.6,0.5,41.4,0.24,37.9,17.2,20.7,3.4,37.9,17.2,0,17.2,17.2,0,3.4,72.4,24.1,0,0
2022,452,Dallas Cowboys,1,14,HST,Mike McCarthy,4.588607594936709,29,27.6,0.2,65.5,0.64,69,0.52,31,0.26,31,17.2,13.8,0,27.6,20.7,0,37.9,3.4,3.4,6.9,51.7,37.9,0,0
2022,453,Denver Broncos,1,16,LA,Nathaniel Hackett,4.3478260869565215,29,17.2,0.99,75.9,0.35,75.9,0.47,24.1,0.99,62.1,62.1,0,3.4,13.8,0,0,58.6,6.9,10.3,34.5,65.5,0,0,0
2022,454,Jacksonville Jaguars,1,4,PHI,Doug Pederson,4.328358208955224,29,13.8,1.71,86.2,0.28,72.4,0.5,27.6,0.42,20.7,17.2,3.4,0,13.8,6.9,0,58.6,10.3,10.3,34.5,65.5,0,0,0
2022,455,Los Angeles Rams,1,8,SF,Sean McVay,4.68497576736672,29,3.4,4.28,86.2,0.56,48.3,0.58,51.7,0.97,31,24.1,6.9,3.4,0,13.8,0,41.4,17.2,13.8,41.4,48.3,10.3,0,0
2022,456,Los Angeles Chargers,1,18,DEN,Brandon Staley,5.087719298245614,29,20.7,0.99,75.9,0.6,37.9,0.26,62.1,1.13,37.9,34.5,3.4,3.4,17.2,3.4,0,20.7,13.8,37.9,34.5,55.2,6.9,0,0
2022,457,Minnesota Vikings,1,5,CHI,Kevin O'Connell,4.178674351585014,29,20.7,0.27,72.4,0.47,31,0.49,69,0.57,20.7,17.2,3.4,6.9,13.8,17.2,0,13.8,17.2,24.1,13.8,69,17.2,0,0
2022,458,Minnesota Vikings,1,17,GB,Kevin O'Connell,4.178674351585014,29,27.6,0.06,69,0.82,69,0.71,31,0.3,41.4,41.4,0,3.4,24.1,0,0,44.8,10.3,13.8,13.8,72.4,10.3,0,0
2022,459,New England Patriots,1,11,NYJ,Bill Belichick,4.289940828402367,29,34.5,0.25,65.5,0.17,79.3,0.21,20.7,0.13,34.5,34.5,0,0,34.5,10.3,0,44.8,10.3,0,0,58.6,37.9,0,0
2022,460,Washington Commanders,1,4,DAL,Ron Rivera,4.898648648648648,29,24.1,0.44,69,0.5,37.9,0.81,62.1,0.48,10.3,6.9,3.4,0,24.1,3.4,0,13.8,20.7,31,3.4,72.4,24.1,0,0
2022,461,Buffalo Bills,1,2,TEN,Sean McDermott,4.381846635367762,28,10.7,0,85.7,0.18,32.1,0.12,67.9,0.17,25,17.9,7.1,0,10.7,10.7,0,21.4,25,28.6,7.1,92.9,0,0,0
2022,462,Chicago Bears,1,8,DAL,Matt Eberflus,5.263157894736842,28,32.1,0.25,64.3,0.59,50,0.68,50,0.53,25,10.7,14.3,0,32.1,17.9,0,17.9,7.1,21.4,28.6,67.9,3.6,0,0
2022,463,Detroit Lions,1,7,DAL,Dan Campbell,4.368174726989079,28,21.4,0.4,71.4,0.24,60.7,0.26,39.3,0.64,35.7,10.7,25,0,21.4,14.3,0,39.3,3.6,14.3,14.3,78.6,3.6,0,0
2022,464,Green Bay Packers,1,13,CHI,Matt LaFleur,5.2434456928838955,28,0,,100,0.28,57.1,0.16,42.9,0.45,32.1,28.6,3.6,0,0,10.7,0,57.1,17.9,14.3,14.3,85.7,0,0,0
2022,465,Houston Texans,1,7,LV,Lovie Smith,4.737732656514383,28,3.6,0.56,96.4,0.48,50,0.43,50,0.55,10.7,3.6,7.1,0,3.6,28.6,0,46.4,14.3,7.1,17.9,78.6,3.6,0,0
2022,466,Houston Texans,1,11,WAS,Lovie Smith,4.737732656514383,28,14.3,0.19,71.4,0.36,50,0.35,50,0.23,32.1,14.3,17.9,0,14.3,35.7,0,35.7,0,0,17.9,82.1,0,0,0
2022,467,Houston Texans,1,16,TEN,Lovie Smith,4.737732656514383,28,32.1,0.02,64.3,0.22,57.1,0.04,42.9,0.21,14.3,14.3,0,0,32.1,42.9,0,21.4,0,0,17.9,78.6,3.6,0,0
2022,468,Indianapolis Colts,1,17,NYG,Jeff Saturday,4.605263157894736,28,35.7,0.42,57.1,0.25,57.1,0.3,42.9,0.99,50,32.1,17.9,0,35.7,3.6,0,21.4,32.1,0,0,100,0,0,0
2022,469,Los Angeles Rams,1,4,SF,Sean McVay,4.523424878836833,28,17.9,1.49,75,0.29,67.9,0.62,32.1,0.24,53.6,53.6,0,0,17.9,3.6,0,50,7.1,14.3,21.4,46.4,32.1,0,0
2022,470,Las Vegas Raiders,1,3,TEN,Josh McDaniels,4.368174726989079,28,39.3,0.47,57.1,0.51,67.9,0.41,32.1,0.64,32.1,17.9,14.3,3.6,32.1,14.3,3.6,35.7,7.1,0,17.9,60.7,17.9,0,0
2022,471,New Orleans Saints,1,3,CAR,Dennis Allen,4.590163934426229,28,50,0.56,50,0.21,82.1,0.45,17.9,0.1,25,25,0,3.6,46.4,7.1,0,35.7,3.6,3.6,25,71.4,3.6,0,0
2022,472,New York Jets,1,12,CHI,Robert Saleh,4.430379746835443,28,21.4,0.84,75,0.32,60.7,0.31,39.3,0.49,25,21.4,3.6,3.6,17.9,3.6,0,42.9,3.6,25,17.9,71.4,10.7,0,0
2022,473,Philadelphia Eagles,1,9,HST,Nick Sirianni,4.24886191198786,28,10.7,0.43,75,0.41,46.4,0.42,53.6,0.57,21.4,17.9,3.6,0,10.7,0,0,35.7,39.3,0,25,57.1,14.3,0,0
2022,474,Philadelphia Eagles,1,12,GB,Nick Sirianni,4.24886191198786,28,14.3,2.79,85.7,0.37,64.3,0.98,35.7,0.25,17.9,17.9,0,0,14.3,10.7,0,50,17.9,7.1,28.6,71.4,0,0,0
2022,475,Pittsburgh Steelers,1,15,CAR,Mike Tomlin,4.53074433656958,28,28.6,0.35,60.7,0.37,89.3,0.51,10.7,0.19,35.7,28.6,7.1,0,28.6,7.1,0,53.6,0,0,21.4,28.6,42.9,0,0
2022,476,Seattle Seahawks,1,14,CAR,Pete Carroll,4.487179487179487,28,10.7,0.1,85.7,0.48,85.7,0.37,14.3,0.71,14.3,7.1,7.1,3.6,7.1,0,0,75,3.6,7.1,35.7,64.3,0,0,0
2022,477,Seattle Seahawks,1,15,SF,Pete Carroll,4.487179487179487,28,28.6,0.13,71.4,0.79,53.6,0.59,46.4,0.61,7.1,7.1,0,0,28.6,7.1,0,25,3.6,35.7,39.3,28.6,32.1,0,0
2022,478,Washington Commanders,1,8,IND,Ron Rivera,4.72972972972973,28,39.3,0.38,60.7,0.24,42.9,0.38,57.1,0.23,35.7,14.3,21.4,3.6,17.9,17.9,17.9,25,17.9,0,0,78.6,10.7,0,0
2022,479,Washington Commanders,1,10,PHI,Ron Rivera,4.72972972972973,28,32.1,0.66,60.7,0.14,39.3,0.06,60.7,0.61,25,21.4,3.6,10.7,21.4,21.4,0,17.9,14.3,7.1,0,78.6,17.9,0,0
2022,480,Arizona Cardinals,1,3,LA,Kliff Kingsbury,4.141104294478527,27,22.2,0.41,74.1,0.4,66.7,0.42,33.3,0.31,33.3,22.2,7.4,0,22.2,3.7,0,44.4,11.1,14.8,3.7,85.2,11.1,0,0
2022,481,Green Bay Packers,1,15,LA,Matt LaFleur,5.056179775280898,27,11.1,0.2,88.9,0.29,37,0.18,63,0.34,25.9,14.8,11.1,0,11.1,18.5,0,25.9,11.1,33.3,0,96.3,3.7,0,0
2022,482,Green Bay Packers,1,16,MIA,Matt LaFleur,5.056179775280898,27,3.7,0.4,92.6,0.52,18.5,1.42,81.5,0.29,14.8,14.8,0,0,0,18.5,3.7,18.5,25.9,29.6,37,48.1,14.8,0,0
2022,483,Indianapolis Colts,1,6,JAX,Frank Reich,4.440789473684211,27,7.4,0.3,85.2,0.31,70.4,0.54,29.6,0.2,33.3,25.9,7.4,0,7.4,7.4,0,59.3,18.5,0,7.4,92.6,0,0,0
2022,484,Los Angeles Chargers,1,9,ATL,Brandon Staley,4.736842105263158,27,14.8,0.09,74.1,0.27,33.3,0.15,66.7,0.21,11.1,11.1,0,3.7,11.1,11.1,0,22.2,25.9,14.8,25.9,70.4,3.7,0,0
2022,485,Philadelphia Eagles,1,4,JAX,Nick Sirianni,4.09711684370258,27,29.6,0.81,70.4,0.24,59.3,0.34,40.7,0.51,22.2,11.1,11.1,7.4,22.2,7.4,0,37,14.8,11.1,7.4,88.9,3.7,0,0
2022,486,Seattle Seahawks,1,5,NO,Pete Carroll,4.326923076923077,27,55.6,0.5,44.4,0.62,77.8,0.45,22.2,0.91,0,0,0,0,55.6,0,0,22.2,7.4,14.8,37,29.6,33.3,0,0
2022,487,Arizona Cardinals,1,18,SF,Kliff Kingsbury,3.9877300613496933,26,23.1,2.32,73.1,0.34,84.6,0.74,15.4,1.06,15.4,11.5,3.8,3.8,19.2,3.8,0,65.4,0,3.8,53.8,42.3,0,0,0
2022,488,Baltimore Ravens,1,13,DEN,John Harbaugh,3.8980509745127434,26,26.9,0.56,69.2,0.3,61.5,0.46,38.5,0.23,34.6,23.1,11.5,7.7,19.2,7.7,0,38.5,11.5,11.5,26.9,57.7,15.4,0,0
2022,489,Carolina Panthers,1,18,NO,Steve Wilks,4.075235109717868,26,15.4,0.04,84.6,0.44,57.7,0.59,42.3,0.09,7.7,3.8,3.8,0,15.4,3.8,0,42.3,34.6,3.8,23.1,76.9,0,0,0
2022,490,Cincinnati Bengals,1,8,CLV,Zac Taylor,4.276315789473684,26,42.3,1.43,53.8,0.27,50,0.8,50,0.69,19.2,7.7,11.5,7.7,34.6,30.8,0,15.4,7.7,0,15.4,53.8,23.1,0,0
2022,491,Detroit Lions,1,10,CHI,Dan Campbell,4.05616224648986,26,26.9,1.58,73.1,0.53,80.8,0.99,19.2,0.07,38.5,23.1,15.4,0,26.9,7.7,0,53.8,7.7,3.8,19.2,80.8,0,0,0
2022,492,Green Bay Packers,1,9,DET,Matt LaFleur,4.868913857677903,26,19.2,0.94,80.8,0.37,76.9,0.4,23.1,0.75,34.6,30.8,3.8,15.4,3.8,0,0,73.1,3.8,3.8,15.4,84.6,0,0,0
2022,493,Indianapolis Colts,1,4,TEN,Frank Reich,4.276315789473684,26,19.2,0.09,73.1,0.3,69.2,0.46,30.8,0.8,11.5,0,11.5,0,19.2,19.2,0,46.2,7.7,0,23.1,76.9,0,0,0
2022,494,New England Patriots,1,7,CHI,Bill Belichick,3.8461538461538463,26,26.9,1.18,73.1,0.21,73.1,0.28,26.9,0.98,34.6,15.4,19.2,3.8,23.1,7.7,0,50,15.4,0,26.9,50,7.7,0,0
2022,495,New York Giants,1,11,DET,Brian Daboll,4.081632653061225,26,53.8,0.1,46.2,0.44,65.4,0.26,34.6,0.24,15.4,3.8,11.5,19.2,34.6,0,0,30.8,11.5,3.8,38.5,50,11.5,0,0
2022,496,Washington Commanders,1,12,ATL,Ron Rivera,4.391891891891892,26,3.8,0,88.5,0.3,38.5,0.26,61.5,0.46,23.1,15.4,7.7,0,3.8,19.2,0,34.6,30.8,3.8,11.5,80.8,7.7,0,0
2022,497,Washington Commanders,1,16,SF,Ron Rivera,4.391891891891892,26,11.5,0.67,76.9,0.71,61.5,0.61,38.5,0.72,26.9,19.2,7.7,0,11.5,15.4,0,50,11.5,0,26.9,69.2,3.8,0,0
2022,498,Chicago Bears,1,6,WAS,Matt Eberflus,4.6992481203007515,25,32,0.09,64,0.2,64,0.21,36,0.07,28,16,12,8,24,16,0,40,0,8,0,100,0,0,0
2022,499,Dallas Cowboys,1,18,WAS,Mike McCarthy,3.9556962025316458,25,16,0.33,84,0.53,72,0.57,28,0.33,12,4,8,4,12,12,0,60,4,8,0,68,28,0,0
2022,500,Green Bay Packers,1,4,NE,Matt LaFleur,4.681647940074907,25,52,0.25,48,0.43,76,0.47,24,-0.07,40,40,0,0,52,4,0,24,8,12,28,68,4,0,0
2022,501,Houston Texans,1,3,CHI,Lovie Smith,4.230118443316413,25,20,0.62,80,0.17,72,0.41,28,-0.15,20,16,4,0,20,20,0,52,0,8,28,72,0,0,0
2022,502,Jacksonville Jaguars,1,5,HST,Doug Pederson,3.731343283582089,25,28,0.26,72,0.21,64,0.21,36,0.24,32,20,12,0,24,16,4,40,4,12,44,48,0,0,0
2022,503,New Orleans Saints,1,9,BLT,Dennis Allen,4.098360655737705,25,44,0.17,52,0.54,52,0.24,48,0.51,32,32,0,0,28,4,12,24,24,0,16,56,28,0,0
2022,504,Pittsburgh Steelers,1,13,ATL,Mike Tomlin,4.0453074433656955,25,24,1.06,72,0.18,68,0.58,32,-0.03,20,16,4,0,24,20,0,44,4,4,32,52,16,0,0
2022,505,Pittsburgh Steelers,1,17,BLT,Mike Tomlin,4.0453074433656955,25,24,1,72,0.22,84,0.39,16,0.45,40,36,4,0,24,4,0,60,4,4,12,16,52,0,0
2022,506,Seattle Seahawks,1,2,SF,Pete Carroll,4.006410256410256,25,44,0.27,56,0.6,72,0.57,28,0.17,8,8,0,0,40,4,4,32,4,16,8,92,0,0,0
2022,507,Seattle Seahawks,1,3,ATL,Pete Carroll,4.006410256410256,25,0,,100,0.52,72,0.64,28,0.2,20,16,0,0,0,0,0,72,4,24,20,80,0,0,0
2022,508,Washington Commanders,1,17,CLV,Ron Rivera,4.222972972972973,25,4,0,88,0.89,44,1.15,56,0.49,36,28,8,0,4,8,0,40,20,20,0,92,8,0,0
2022,509,Chicago Bears,1,11,ATL,Matt Eberflus,4.511278195488721,24,4.2,0,83.3,0.29,79.2,0.47,20.8,0.22,37.5,29.2,8.3,0,4.2,12.5,0,70.8,0,0,25,62.5,12.5,0,0
2022,510,Houston Texans,1,13,CLV,Lovie Smith,4.060913705583756,24,16.7,0,79.2,0.28,54.2,0.1,45.8,0.28,25,20.8,4.2,0,12.5,8.3,4.2,37.5,25,8.3,16.7,83.3,0,0,0
2022,511,Los Angeles Chargers,1,17,LA,Brandon Staley,4.2105263157894735,24,37.5,0.34,58.3,0.15,79.2,0.26,20.8,0.06,66.7,66.7,0,4.2,25,0,8.3,50,4.2,4.2,25,70.8,4.2,0,0
2022,512,Miami Dolphins,1,5,NYJ,Mike McDaniel,3.4532374100719423,24,50,0.43,45.8,0.29,75,0.41,25,1.24,16.7,4.2,8.3,4.2,45.8,16.7,0,29.2,0,0,37.5,41.7,16.7,0,0
2022,513,Tampa Bay Buccaneers,1,14,SF,Todd Bowles,3.7383177570093453,24,20.8,1.06,79.2,0.88,54.2,1.03,45.8,0.79,50,20.8,29.2,8.3,8.3,25,4.2,45.8,0,8.3,50,41.7,8.3,0,0
2022,514,Atlanta Falcons,1,12,WAS,Arthur Smith,3.826955074875208,23,4.3,0.68,95.7,0.54,73.9,0.42,26.1,0.9,30.4,21.7,8.7,0,4.3,17.4,0,69.6,8.7,0,39.1,60.9,0,0,0
2022,515,Carolina Panthers,1,15,PIT,Steve Wilks,3.605015673981191,23,30.4,0.61,69.6,0.18,60.9,0.38,39.1,0.21,17.4,4.3,13,4.3,26.1,4.3,0,34.8,26.1,4.3,17.4,82.6,0,0,0
2022,516,Dallas Cowboys,1,10,GB,Mike McCarthy,3.6392405063291138,23,69.6,0.89,30.4,0.92,87,0.77,13,1.78,13,8.7,4.3,4.3,65.2,8.7,0,21.7,0,0,0,82.6,17.4,0,0
2022,517,Houston Texans,1,10,NYG,Lovie Smith,3.8917089678511,23,39.1,1.37,60.9,0.41,73.9,0.9,26.1,0.46,30.4,21.7,8.7,0,39.1,26.1,0,34.8,0,0,17.4,82.6,0,0,0
2022,518,Los Angeles Rams,1,6,CAR,Sean McVay,3.715670436187399,23,4.3,0,82.6,0.24,69.6,0.16,30.4,0.17,52.2,47.8,4.3,0,4.3,13,0,52.2,8.7,8.7,13,87,0,0,0
2022,519,Los Angeles Rams,1,14,LV,Sean McVay,3.715670436187399,23,17.4,0.45,78.3,0.14,56.5,0.13,43.5,0.26,17.4,17.4,0,4.3,13,0,0,43.5,13,21.7,13,73.9,13,0,0
2022,520,Pittsburgh Steelers,1,14,BLT,Mike Tomlin,3.7216828478964405,23,30.4,0.16,69.6,0.35,87,0.26,13,0.51,34.8,34.8,0,0,30.4,0,0,56.5,0,13,26.1,43.5,26.1,0,0
2022,521,San Francisco 49ers,1,1,CHI,Kyle Shanahan,3.469079939668175,23,8.7,2.36,91.3,0.47,73.9,0.77,26.1,0.25,17.4,13,4.3,0,8.7,0,0,65.2,8.7,17.4,43.5,56.5,0,0,0
2022,522,Tampa Bay Buccaneers,1,7,CAR,Todd Bowles,3.582554517133956,23,21.7,0.11,78.3,0.81,43.5,0.64,56.5,0.67,34.8,8.7,26.1,0,17.4,26.1,4.3,26.1,4.3,21.7,34.8,60.9,4.3,0,0
2022,523,Buffalo Bills,1,3,MIA,Sean McDermott,3.4428794992175273,22,9.1,0,86.4,0.59,13.6,0.29,86.4,0.56,27.3,0,27.3,0,9.1,36.4,0,4.5,27.3,18.2,4.5,95.5,0,0,0
2022,524,Chicago Bears,1,4,NYG,Matt Eberflus,4.135338345864661,22,54.5,1.38,45.5,0.3,86.4,0.97,13.6,0.36,22.7,22.7,0,0,50,9.1,4.5,36.4,0,0,50,45.5,4.5,0,0
2022,525,Detroit Lions,1,5,NE,Dan Campbell,3.43213728549142,22,63.6,0.24,36.4,0.95,72.7,0.27,27.3,1.11,31.8,13.6,18.2,0,63.6,22.7,0,9.1,4.5,0,4.5,90.9,4.5,0,0
2022,526,Detroit Lions,1,16,CAR,Dan Campbell,3.43213728549142,22,45.5,0.51,45.5,0.47,63.6,0.5,36.4,0.87,18.2,9.1,9.1,9.1,36.4,9.1,0,27.3,0,9.1,9.1,81.8,9.1,0,0
2022,527,Indianapolis Colts,1,7,TEN,Frank Reich,3.618421052631579,22,31.8,0.09,54.5,0.37,63.6,0.24,36.4,0.24,22.7,13.6,9.1,0,31.8,13.6,0,31.8,0,9.1,18.2,81.8,0,0,0
2022,528,Atlanta Falcons,1,15,NO,Arthur Smith,3.494176372712146,21,23.8,1.15,76.2,0.97,61.9,0.96,38.1,1.1,14.3,14.3,0,0,23.8,4.8,0,38.1,28.6,4.8,28.6,71.4,0,0,0
2022,529,Cleveland Browns,1,7,BLT,Kevin Stefanski,3.7037037037037033,21,19,0.05,76.2,0.38,52.4,0.31,47.6,0.31,38.1,38.1,0,14.3,4.8,0,0,42.9,33.3,0,28.6,57.1,14.3,0,0
2022,530,Green Bay Packers,1,6,NYJ,Matt LaFleur,3.932584269662921,21,42.9,0.16,57.1,0.28,61.9,0.16,38.1,0.33,28.6,19,9.5,0,42.9,9.5,0,19,14.3,14.3,14.3,76.2,9.5,0,0
2022,531,Kansas City Chiefs,1,9,TEN,Andy Reid,2.9453015427769986,21,42.9,0.36,57.1,0.04,38.1,0.41,61.9,0.04,19,9.5,9.5,9.5,33.3,28.6,0,4.8,14.3,9.5,33.3,33.3,33.3,0,0
2022,532,Cleveland Browns,1,4,ATL,Kevin Stefanski,3.527336860670194,20,35,0.05,60,0.35,85,0.22,15,0.27,40,40,0,5,25,0,5,55,5,0,65,15,20,0,0
2022,533,Denver Broncos,1,12,CAR,Nathaniel Hackett,2.998500749625187,20,10,0.46,85,0.33,85,0.24,15,2.24,70,70,0,0,10,0,0,75,0,10,20,80,0,0,0
2022,534,New Orleans Saints,1,18,CAR,Dennis Allen,3.278688524590164,20,45,0.29,50,-0.02,65,0.05,35,0.26,15,15,0,0,40,5,5,20,25,0,5,80,10,0,0
2022,535,Cincinnati Bengals,1,7,ATL,Zac Taylor,3.125,19,31.6,0.09,63.2,0.84,57.9,0.21,42.1,1.05,15.8,5.3,10.5,0,31.6,26.3,0,26.3,5.3,5.3,21.1,68.4,10.5,0,0
2022,536,Los Angeles Rams,1,5,DAL,Sean McVay,3.0694668820678515,19,10.5,0.18,89.5,0.22,94.7,0.23,5.3,0,47.4,47.4,0,0,10.5,0,0,84.2,5.3,0,5.3,94.7,0,0,0
2022,537,Atlanta Falcons,1,16,BLT,Arthur Smith,2.995008319467554,18,27.8,1.14,66.7,0.31,55.6,0.83,44.4,0.12,22.2,22.2,0,5.6,22.2,5.6,0,33.3,16.7,11.1,61.1,38.9,0,0,0
2022,538,Atlanta Falcons,1,10,CAR,Arthur Smith,2.828618968386023,17,17.6,0.39,82.4,0.23,70.6,0.33,29.4,0.06,23.5,17.6,5.9,0,17.6,23.5,0,52.9,5.9,0,29.4,64.7,5.9,0,0
2022,539,San Francisco 49ers,1,6,ATL,Kyle Shanahan,2.564102564102564,17,35.3,1.89,64.7,0.3,64.7,0.4,35.3,1.71,29.4,29.4,0,17.6,17.6,0,0,47.1,11.8,5.9,52.9,41.2,0,0,0
2022,540,Green Bay Packers,1,2,CHI,Matt LaFleur,2.9962546816479403,16,18.8,0.66,81.3,0.05,50,0.25,50,0.08,25,18.8,6.3,0,18.8,12.5,0,31.3,25,12.5,18.8,81.3,0,0,0
2022,541,Cleveland Browns,1,16,NO,Kevin Stefanski,2.6455026455026456,15,66.7,0.09,33.3,0.35,100,0.18,0,,40,40,0,0,66.7,0,0,33.3,0,0,20,53.3,26.7,0,0
2022,542,Houston Texans,1,8,TEN,Lovie Smith,2.5380710659898478,15,20,-0.12,80,0.2,66.7,0.1,33.3,0.2,6.7,6.7,0,0,20,33.3,0,46.7,0,0,26.7,73.3,0,0,0
Exported from Data Suite 2.0 by michaelgingrave (user 380) on 2026-09-09 23:36 UTC,,,,,,,,,,,,,,,,,,,,,,,,,,,,,,,