,Team Details,Team Details,Team Details,Splits,Splits,Splits,Team Details,Man/Zone,Man/Zone,Man/Zone,Man/Zone,Middle of Field Look (Closed/Open),Middle of Field Look (Closed/Open),Middle of Field Look (Closed/Open),Middle of Field Look (Closed/Open),Disguised Coverage,Disguised Coverage,Disguised Coverage,Coverages,Coverages,Coverages,Coverages,Coverages,Coverages,Coverages,Personnel & Press,Personnel & Press,Personnel & Press,Personnel & Press,Personnel & Press
Season,Rank,Name,G,WEEK,OPP,DB %,DB,MAN %,FP/DB,ZONE %,FP/DB,1-HI/MOF C %,FP/DB,2-HI/MOF O %,FP/DB,DISGUISE %,TO 1-HI %,TO 2-HI %,COVER 0 %,COVER 1 %,COVER 2 %,COVER 2 MAN %,COVER 3 %,COVER 4 %,COVER 6 %,BASE %,NICKEL %,DIME %,PRESS % (ANY),PRESS % (TGT)
2025,,League Avg,,,,,,25.2,0.56,70.5,0.36,50.7,0.42,49.3,0.46,32.3,21.9,10.2,3.8,18.8,14.4,1.7,31.2,15.5,9.5,19,67.8,12.3,24.6,6.3
2025,1,Indianapolis Colts,1,7,LAC,8.764367816091955,61,26.2,0.35,67.2,0.47,34.4,0.32,65.6,0.56,18,11.5,6.6,1.6,19.7,16.4,0,14.8,9.8,26.2,6.6,68.9,24.6,44.3,11.5
2025,2,Tampa Bay Buccaneers,1,8,NO,9.45736434108527,61,14.8,0.09,83.6,0.15,34.4,0.09,65.6,0.17,36.1,14.8,21.3,3.3,6.6,24.6,4.9,27.9,26.2,4.9,11.5,88.5,0,39.3,6.6
2025,3,Arizona Cardinals,1,2,CAR,9.424920127795527,59,10.2,1.74,79.7,0.17,47.5,0.34,52.5,0.45,37.3,25.4,10.2,3.4,6.8,13.6,0,39,27.1,0,6.8,50.8,42.4,22,10.2
2025,4,Jacksonville Jaguars,1,12,ARZ,8.404558404558404,59,20.3,0.6,79.7,0.24,44.1,0.29,55.9,0.34,37.3,23.7,13.6,3.4,11.9,8.5,0,32.2,18.6,20.3,13.6,59.3,27.1,33.9,6.8
2025,5,Pittsburgh Steelers,1,6,CLV,8.430232558139535,58,41.4,0.15,58.6,0.16,63.8,0.15,36.2,0.16,32.8,29.3,3.4,3.4,34.5,5.2,3.4,29.3,13.8,10.3,19,79.3,1.7,44.8,12.1
2025,6,Los Angeles Rams,1,7,JAX,8.610271903323262,57,17.5,0.64,75.4,0.25,54.4,0.47,45.6,0.12,35.1,24.6,10.5,0,17.5,21.1,0,36.8,7,10.5,5.3,56.1,38.6,14,0
2025,7,New York Giants,1,2,DAL,9.134615384615383,57,47.4,0.4,49.1,0.29,57.9,0.33,42.1,0.52,14,14,0,0,31.6,21.1,12.3,24.6,1.8,1.8,15.8,42.1,40.4,24.6,8.8
2025,8,Pittsburgh Steelers,1,16,DET,8.284883720930232,57,31.6,0.67,61.4,0.4,49.1,0.68,50.9,0.26,36.8,29.8,7,7,21.1,15.8,3.5,28.1,12.3,5.3,12.3,86,0,7,1.8
2025,9,San Francisco 49ers,1,11,ARZ,8.990536277602523,57,10.5,0.65,82.5,0.33,50.9,0.35,49.1,0.46,28.1,28.1,0,1.8,7,3.5,0,43.9,35.1,0,5.3,84.2,10.5,10.5,1.8
2025,10,Cleveland Browns,1,12,LV,9.929078014184398,56,28.6,0.13,71.4,0.34,58.9,0.34,41.1,0.19,23.2,12.5,10.7,3.6,25,28.6,0,33.9,7.1,1.8,16.1,60.7,23.2,33.9,7.1
2025,11,Pittsburgh Steelers,1,9,IND,8.13953488372093,56,28.6,0.3,69.6,0.2,51.8,0.22,48.2,0.23,25,23.2,1.8,1.8,25,12.5,1.8,26.8,12.5,17.9,12.5,85.7,0,21.4,5.4
2025,12,Denver Broncos,1,13,WAS,7.8796561604584525,55,38.2,0.5,60,0.33,45.5,0.36,54.5,0.42,14.5,5.5,9.1,10.9,18.2,16.4,0,27.3,3.6,12.7,16.4,56.4,23.6,14.5,5.5
2025,13,New York Jets,1,16,NO,9.515570934256056,55,16.4,0.87,80,0.34,50.9,0.54,49.1,0.28,29.1,10.9,18.2,3.6,12.7,21.8,0,36.4,20,1.8,29.1,69.1,1.8,30.9,7.3
2025,14,Dallas Cowboys,1,5,NYJ,8.530805687203792,54,14.8,1.29,81.5,0.26,31.5,0.24,68.5,0.48,18.5,14.8,3.7,5.6,9.3,38.9,0,22.2,3.7,16.7,14.8,81.5,3.7,42.6,1.9
2025,15,Detroit Lions,1,7,TB,8.503937007874015,54,53.7,0.25,46.3,0.16,51.9,0.14,48.1,0.27,46.3,22.2,24.1,3.7,33.3,18.5,11.1,18.5,7.4,1.9,20.4,79.6,0,53.7,16.7
2025,16,Detroit Lions,1,14,DAL,8.503937007874015,54,44.4,0.61,55.6,0.09,40.7,0.56,59.3,0.16,20.4,20.4,0,5.6,18.5,11.1,5.6,22.2,16.7,5.6,27.8,70.4,0,46.3,18.5
2025,17,Indianapolis Colts,1,12,KC,7.758620689655173,54,37,0.25,55.6,0.35,63,0.27,37,0.34,20.4,16.7,3.7,1.9,35.2,11.1,0,24.1,11.1,9.3,7.4,77.8,14.8,38.9,13
2025,18,Pittsburgh Steelers,1,4,MIN,7.848837209302325,54,40.7,0.17,55.6,0.45,55.6,0.21,44.4,0.62,33.3,22.2,11.1,1.9,24.1,13,14.8,31.5,9.3,1.9,9.3,90.7,0,38.9,3.7
2025,19,Seattle Seahawks,1,7,HST,7.82608695652174,54,13,0.13,79.6,0.22,24.1,0.21,75.9,0.29,24.1,22.2,1.9,3.7,9.3,16.7,0,14.8,16.7,31.5,5.6,94.4,0,22.2,7.4
2025,20,Seattle Seahawks,1,10,ARZ,7.82608695652174,54,24.1,0.54,64.8,0.34,51.9,0.11,48.1,0.63,46.3,42.6,3.7,1.9,13,1.9,0,31.5,13,18.5,3.7,70.4,25.9,16.7,3.7
2025,21,Denver Broncos,1,3,LAC,7.593123209169055,53,45.3,0.25,52.8,0.33,58.5,0.33,41.5,0.24,18.9,18.9,0,7.5,37.7,7.5,0,18.9,20.8,5.7,11.3,69.8,17,39.6,3.8
2025,22,Denver Broncos,1,18,LAC,7.593123209169055,53,22.6,0.24,66,0.19,43.4,0.26,56.6,0.11,24.5,5.7,18.9,7.5,13.2,18.9,1.9,26.4,15.1,5.7,11.3,71.7,17,17,5.7
2025,23,Las Vegas Raiders,1,1,NE,8.937605396290051,53,9.4,0.9,90.6,0.22,45.3,0.26,54.7,0.31,41.5,22.6,18.9,7.5,1.9,24.5,0,43.4,20.8,1.9,17,79.2,1.9,18.9,3.8
2025,24,New York Giants,1,7,DEN,8.493589743589745,53,34,0.76,58.5,0.24,52.8,0.27,47.2,0.55,15.1,9.4,5.7,5.7,28.3,5.7,0,20.8,26.4,5.7,13.2,73.6,11.3,9.4,1.9
2025,25,Atlanta Falcons,1,12,NO,8.30670926517572,52,15.4,0.15,84.6,0.2,32.7,0.25,67.3,0.16,15.4,15.4,0,3.8,9.6,0,1.9,23.1,50,11.5,3.8,92.3,0,13.5,1.9
2025,26,Baltimore Ravens,1,1,BUF,7.492795389048991,52,38.5,0.42,55.8,0.76,53.8,0.51,46.2,0.76,48.1,40.4,7.7,7.7,30.8,11.5,0,21.2,7.7,15.4,7.7,51.9,38.5,7.7,0
2025,27,Green Bay Packers,1,2,WAS,8.469055374592834,52,25,0.39,73.1,0.33,44.2,0.1,55.8,0.53,25,11.5,7.7,1.9,23.1,28.8,0,21.2,5.8,17.3,7.7,92.3,0,13.5,3.8
2025,28,Baltimore Ravens,1,2,CLV,7.348703170028818,51,37.3,0.33,60.8,0.16,62.7,0.21,37.3,0.45,52.9,43.1,9.8,0,37.3,13.7,0,25.5,9.8,11.8,2,90.2,7.8,13.7,2
2025,29,Baltimore Ravens,1,16,NE,7.348703170028818,51,25.5,0.32,70.6,0.39,54.9,0.38,45.1,0.51,41.2,29.4,11.8,5.9,19.6,7.8,0,35.3,5.9,21.6,3.9,54.9,35.3,13.7,5.9
2025,30,Seattle Seahawks,1,4,ARZ,7.391304347826087,51,15.7,-0.07,78.4,0.32,31.4,0.24,68.6,0.37,41.2,25.5,15.7,3.9,11.8,17.6,0,19.6,23.5,17.6,0,96.1,0,23.5,7.8
2025,31,Seattle Seahawks,1,16,LA,7.391304347826087,51,13.7,0.61,80.4,0.54,35.3,0.56,64.7,0.63,35.3,33.3,2,5.9,7.8,9.8,0,27.5,29.4,13.7,9.8,70.6,19.6,39.2,17.6
2025,32,Atlanta Falcons,1,11,CAR,7.987220447284344,50,12,0.28,76,0.51,56,0.4,44,0.85,30,30,0,2,10,2,0,42,32,0,20,78,2,14,8
2025,33,Baltimore Ravens,1,18,PIT,7.204610951008646,50,34,0.29,60,0.42,66,0.25,34,0.56,52,36,14,4,30,10,0,32,8,10,12,34,50,26,6
2025,34,Chicago Bears,1,9,CIN,8.403361344537815,50,34,0.58,56,0.68,24,0.66,76,0.63,24,12,12,2,12,38,14,6,8,4,6,84,4,22,12
2025,35,Los Angeles Rams,1,5,SF,7.552870090634441,50,12,1.07,82,0.37,54,0.52,46,0.33,42,36,6,2,10,10,0,42,28,2,20,20,58,28,8
2025,36,Los Angeles Rams,1,14,ARZ,7.552870090634441,50,14,0.41,80,0.42,34,0.24,66,0.47,28,12,16,0,10,16,2,24,26,14,8,52,38,12,2
2025,37,Miami Dolphins,1,17,TB,8.445945945945946,50,20,0.74,76,0.23,64,0.4,36,0.43,44,30,14,0,20,22,0,44,6,4,10,88,2,18,2
2025,38,Seattle Seahawks,1,6,JAX,7.246376811594203,50,10,0.11,90,0.41,48,0.49,52,0.28,54,46,8,0,4,16,0,44,14,16,2,96,2,36,6
2025,39,Seattle Seahawks,1,12,TEN,7.246376811594203,50,22,0.67,78,0.25,56,0.4,44,0.27,30,28,2,0,22,16,0,34,10,18,6,50,44,26,2
2025,40,Arizona Cardinals,1,1,NO,7.827476038338658,49,24.5,0.2,67.3,0.25,40.8,0.32,59.2,0.15,42.9,24.5,18.4,2,16.3,10.2,6.1,24.5,32.7,0,12.2,28.6,53.1,10.2,4.1
2025,41,Dallas Cowboys,1,11,LV,7.740916271721959,49,8.2,0.22,89.8,0.2,51,0.32,49,0.26,14.3,8.2,6.1,0,8.2,14.3,0,42.9,22.4,10.2,28.6,69.4,2,4.1,2
2025,42,Denver Broncos,1,11,KC,7.020057306590258,49,34.7,0.12,61.2,0.4,49,0.16,51,0.42,8.2,2,6.1,4.1,20.4,14.3,6.1,26.5,8.2,12.2,14.3,67.3,12.2,12.2,4.1
2025,43,Jacksonville Jaguars,1,10,HST,6.98005698005698,49,16.3,-0.03,73.5,0.44,32.7,0.49,67.3,0.57,22.4,12.2,10.2,10.2,6.1,14.3,0,22.4,10.2,26.5,16.3,83.7,0,16.3,6.1
2025,44,Jacksonville Jaguars,1,16,DEN,6.98005698005698,49,6.1,1.75,87.8,0.28,36.7,0.32,63.3,0.38,32.7,18.4,14.3,2,4.1,14.3,0,30.6,16.3,26.5,4.1,65.3,30.6,8.2,2
2025,45,Pittsburgh Steelers,1,7,CIN,7.122093023255814,49,38.8,0.52,57.1,0.41,57.1,0.4,42.9,0.69,32.7,22.4,10.2,2,28.6,14.3,4.1,26.5,12.2,4.1,14.3,85.7,0,26.5,10.2
2025,46,Arizona Cardinals,1,9,DAL,7.667731629392971,48,4.2,2.3,85.4,0.23,31.3,0.34,68.8,0.28,22.9,8.3,14.6,2.1,2.1,16.7,0,29.2,25,14.6,12.5,77.1,8.3,12.5,0
2025,47,Baltimore Ravens,1,13,CIN,6.9164265129683,48,45.8,0.38,52.1,0.42,66.7,0.49,33.3,0.18,27.1,18.8,8.3,2.1,37.5,12.5,0,29.2,2.1,8.3,2.1,56.3,41.7,37.5,20.8
2025,48,Cincinnati Bengals,1,1,CLV,7.894736842105263,48,39.6,0.38,58.3,0.21,54.2,0.24,45.8,0.36,43.8,39.6,4.2,0,35.4,2.1,2.1,16.7,6.3,33.3,8.3,68.8,22.9,56.3,8.3
2025,49,Jacksonville Jaguars,1,2,CIN,6.837606837606838,48,18.8,1.2,77.1,0.16,29.2,0.44,70.8,0.46,33.3,10.4,22.9,2.1,12.5,14.6,2.1,16.7,22.9,22.9,2.1,66.7,31.3,29.2,4.2
2025,50,Los Angeles Chargers,1,2,LV,8.149405772495756,48,16.7,0.24,83.3,0.1,27.1,0.14,72.9,0.11,22.9,12.5,10.4,0,14.6,33.3,0,12.5,29.2,8.3,2.1,60.4,37.5,4.2,0
2025,51,San Francisco 49ers,1,5,LA,7.570977917981073,48,20.8,1.14,75,0.45,52.1,0.67,47.9,0.47,43.8,43.8,0,2.1,16.7,2.1,0,35.4,22.9,14.6,2.1,95.8,2.1,27.1,2.1
2025,52,Washington Commanders,1,13,DEN,7.779578606158834,48,8.3,0.71,85.4,0.25,31.3,0.42,68.8,0.34,31.3,8.3,22.9,0,8.3,22.9,0,22.9,29.2,10.4,20.8,56.3,22.9,14.6,8.3
2025,53,Baltimore Ravens,1,10,MIN,6.772334293948126,47,21.3,0.17,68.1,0.29,53.2,0.38,46.8,0.28,51.1,29.8,21.3,4.3,17,21.3,0,34,0,12.8,2.1,46.8,48.9,40.4,6.4
2025,54,Chicago Bears,1,3,DAL,7.899159663865546,47,31.9,0.43,63.8,0.2,34,0.48,66,0.16,23.4,14.9,8.5,6.4,14.9,25.5,10.6,19.1,6.4,12.8,6.4,91.5,0,27.7,12.8
2025,55,Denver Broncos,1,9,HST,6.73352435530086,47,27.7,0.19,68.1,0.22,38.3,0.29,61.7,0.18,31.9,6.4,25.5,0,14.9,17,8.5,19.1,17,14.9,19.1,68.1,12.8,53.2,10.6
2025,56,Indianapolis Colts,1,6,ARZ,6.752873563218391,47,38.3,0.51,57.4,0.29,55.3,0.4,44.7,0.5,14.9,8.5,6.4,4.3,27.7,12.8,4.3,27.7,14.9,2.1,21.3,48.9,27.7,55.3,17
2025,57,Los Angeles Chargers,1,1,KC,7.979626485568761,47,21.3,1.09,66,0.49,51.1,0.9,48.9,0.19,40.4,40.4,0,0,14.9,2.1,6.4,36.2,21.3,6.4,2.1,57.4,36.2,34,10.6
2025,58,Pittsburgh Steelers,1,3,NE,6.831395348837209,47,29.8,0.73,70.2,0.32,74.5,0.27,25.5,0.95,31.9,19.1,12.8,2.1,25.5,14.9,2.1,48.9,2.1,4.3,34,63.8,0,27.7,8.5
2025,59,Tampa Bay Buccaneers,1,1,ATL,7.286821705426356,47,29.8,0.36,61.7,0.43,51.1,0.46,48.9,0.57,19.1,14.9,2.1,6.4,17,4.3,4.3,31.9,17,8.5,21.3,78.7,0,59.6,14.9
2025,60,Tampa Bay Buccaneers,1,3,NYJ,7.286821705426356,47,19.1,0.18,70.2,0.38,51.1,0.44,48.9,0.36,29.8,4.3,25.5,4.3,14.9,14.9,0,36.2,17,2.1,17,83,0,31.9,6.4
2025,61,Tampa Bay Buccaneers,1,6,SF,7.286821705426356,47,17,0.04,78.7,0.33,34,0.28,66,0.26,42.6,12.8,27.7,0,4.3,21.3,6.4,27.7,21.3,8.5,34,66,0,23.4,6.4
2025,62,Tennessee Titans,1,11,HST,7.885906040268456,47,29.8,0.27,61.7,0.28,51.1,0.32,48.9,0.38,42.6,40.4,2.1,4.3,25.5,4.3,0,25.5,12.8,19.1,19.1,72.3,8.5,44.7,17
2025,63,Tennessee Titans,1,14,CLV,7.885906040268456,47,25.5,0.69,68.1,0.45,38.3,0.69,61.7,0.73,29.8,19.1,10.6,2.1,17,10.6,6.4,21.3,31.9,4.3,6.4,91.5,2.1,40.4,14.9
2025,64,Dallas Cowboys,1,4,GB,7.266982622432859,46,13,1.89,84.8,0.41,41.3,0.63,58.7,0.57,30.4,28.3,2.2,4.3,8.7,19.6,0,32.6,23.9,8.7,13,84.8,0,4.3,4.3
2025,65,Denver Broncos,1,15,GB,6.59025787965616,46,34.8,0.2,60.9,0.45,56.5,0.25,43.5,0.47,26.1,4.3,17.4,6.5,26.1,6.5,0,26.1,19.6,8.7,17.4,58.7,19.6,8.7,2.2
2025,66,Green Bay Packers,1,6,CIN,7.491856677524431,46,21.7,0.55,69.6,0.21,45.7,0.36,54.3,0.37,26.1,17.4,8.7,0,21.7,21.7,0,23.9,13,10.9,4.3,95.7,0,32.6,10.9
2025,67,Green Bay Packers,1,7,ARZ,7.491856677524431,46,17.4,0.19,73.9,0.43,52.2,0.27,47.8,0.65,39.1,30.4,8.7,0,13,15.2,2.2,37,13,8.7,26.1,71.7,2.2,43.5,15.2
2025,68,Jacksonville Jaguars,1,5,KC,6.552706552706552,46,21.7,0.57,78.3,0.42,50,0.42,50,0.49,19.6,10.9,8.7,6.5,13,6.5,2.2,37,15.2,19.6,15.2,69.6,4.3,23.9,10.9
2025,69,Miami Dolphins,1,10,BUF,7.77027027027027,46,17.4,-0.02,80.4,0.57,56.5,0.31,43.5,0.65,23.9,15.2,8.7,4.3,13,23.9,0,43.5,6.5,6.5,28.3,67.4,4.3,45.7,15.2
2025,70,New Orleans Saints,1,5,NYG,8.070175438596491,46,19.6,0.09,76.1,0.33,50,0.42,50,0.3,39.1,39.1,0,0,19.6,4.3,0,30.4,30.4,10.9,19.6,80.4,0,21.7,10.9
2025,71,New Orleans Saints,1,17,TEN,8.070175438596491,46,17.4,0.86,78.3,0.31,73.9,0.26,26.1,0.75,43.5,39.1,4.3,0,17.4,4.3,0,56.5,8.7,8.7,21.7,67.4,8.7,15.2,0
2025,72,Philadelphia Eagles,1,7,MIN,7.2784810126582276,46,28.3,0.29,60.9,0.34,32.6,0.29,67.4,0.29,23.9,23.9,0,2.2,15.2,6.5,8.7,17.4,10.9,26.1,30.4,67.4,2.2,45.7,17.4
2025,73,San Francisco 49ers,1,17,CHI,7.255520504731862,46,28.3,0.3,63,0.65,65.2,0.5,34.8,0.49,47.8,43.5,2.2,8.7,19.6,6.5,0,45.7,10.9,0,21.7,76.1,0,15.2,4.3
2025,74,Carolina Panthers,1,3,ATL,7.964601769911504,45,20,-0.06,80,0.21,55.6,0.13,44.4,0.19,53.3,51.1,2.2,2.2,17.8,22.2,0,37.8,8.9,11.1,4.4,42.2,53.3,4.4,0
2025,75,Chicago Bears,1,18,DET,7.563025210084033,45,53.3,0.5,37.8,0.25,64.4,0.42,35.6,0.26,31.1,24.4,6.7,6.7,42.2,20,4.4,15.6,2.2,0,15.6,80,4.4,33.3,6.7
2025,76,Dallas Cowboys,1,2,NYG,7.109004739336493,45,4.4,0,91.1,0.74,31.1,0.49,68.9,0.76,31.1,15.6,15.6,0,0,37.8,0,28.9,15.6,8.9,17.8,80,2.2,6.7,0
2025,77,Denver Broncos,1,5,PHI,6.446991404011461,45,44.4,0.75,53.3,0.19,60,0.55,40,0.27,17.8,6.7,11.1,2.2,35.6,8.9,6.7,24.4,8.9,11.1,22.2,62.2,15.6,37.8,15.6
2025,78,Detroit Lions,1,5,CIN,7.086614173228346,45,33.3,0.55,66.7,0.45,55.6,0.5,44.4,0.47,46.7,37.8,8.9,2.2,22.2,13.3,4.4,33.3,17.8,2.2,46.7,51.1,2.2,35.6,20
2025,79,Detroit Lions,1,16,PIT,7.086614173228346,45,13.3,1.12,82.2,0.23,33.3,0.56,66.7,0.2,20,17.8,2.2,0,8.9,11.1,4.4,24.4,42.2,4.4,46.7,51.1,2.2,24.4,6.7
2025,80,Houston Texans,1,2,TB,7.258064516129033,45,15.6,0.96,84.4,0.35,40,0.55,60,0.37,13.3,13.3,0,0,15.6,17.8,0,24.4,28.9,13.3,15.6,82.2,2.2,6.7,0
2025,81,Houston Texans,1,12,BUF,7.258064516129033,45,31.1,-0.08,68.9,0.32,77.8,0.2,22.2,0.2,13.3,13.3,0,0,31.1,4.4,0,46.7,13.3,4.4,15.6,84.4,0,28.9,2.2
2025,82,Indianapolis Colts,1,3,TEN,6.4655172413793105,45,22.2,0.15,73.3,0.21,55.6,0.21,44.4,0.38,37.8,24.4,11.1,2.2,17.8,17.8,0,35.6,13.3,6.7,0,95.6,4.4,46.7,13.3
2025,83,Indianapolis Colts,1,4,LA,6.4655172413793105,45,22.2,1.43,73.3,0.27,40,0.92,60,0.41,22.2,15.6,6.7,2.2,20,13.3,0,20,22.2,17.8,0,77.8,22.2,15.6,6.7
2025,84,Los Angeles Rams,1,11,SEA,6.797583081570997,45,22.2,0.1,66.7,0.21,51.1,0.25,48.9,0.1,46.7,35.6,11.1,0,20,11.1,0,28.9,15.6,11.1,15.6,35.6,48.9,8.9,0
2025,85,Miami Dolphins,1,13,NO,7.601351351351352,45,17.8,0.71,82.2,0.31,33.3,0.47,66.7,0.34,24.4,6.7,17.8,2.2,11.1,26.7,4.4,22.2,15.6,17.8,4.4,93.3,2.2,22.2,0
2025,86,New England Patriots,1,10,TB,7.614213197969544,45,22.2,0.1,71.1,0.41,51.1,0.23,48.9,0.8,33.3,17.8,15.6,2.2,20,17.8,0,31.1,22.2,0,11.1,88.9,0,17.8,2.2
2025,87,New York Giants,1,12,DET,7.211538461538461,45,15.6,0.63,77.8,0.27,66.7,0.31,33.3,0.59,26.7,20,6.7,0,15.6,11.1,0,51.1,11.1,4.4,20,80,0,4.4,0
2025,88,Seattle Seahawks,1,3,NO,6.521739130434782,45,15.6,0.11,84.4,0.31,57.8,0.14,42.2,0.47,42.2,37.8,4.4,6.7,8.9,20,0,48.9,15.6,0,0,97.8,2.2,53.3,11.1
2025,89,Tampa Bay Buccaneers,1,13,ARZ,6.976744186046512,45,13.3,0.1,84.4,0.53,55.6,0.56,44.4,0.33,28.9,11.1,17.8,0,13.3,15.6,0,42.2,20,6.7,22.2,77.8,0,44.4,15.6
2025,90,Tampa Bay Buccaneers,1,15,ATL,6.976744186046512,45,24.4,0.53,71.1,0.49,46.7,0.7,53.3,0.47,15.6,4.4,11.1,6.7,13.3,15.6,2.2,33.3,15.6,6.7,17.8,77.8,4.4,13.3,4.4
2025,91,Washington Commanders,1,1,NYG,7.293354943273905,45,42.2,0.37,42.2,0.15,51.1,0.3,48.9,0.18,37.8,22.2,13.3,2.2,33.3,6.7,0,13.3,11.1,11.1,4.4,75.6,17.8,24.4,4.4
2025,92,Washington Commanders,1,17,DAL,7.293354943273905,45,15.6,0.29,84.4,0.53,20,0.66,80,0.45,33.3,11.1,22.2,4.4,6.7,17.8,2.2,13.3,33.3,20,44.4,37.8,17.8,4.4,0
2025,93,Washington Commanders,1,18,PHI,7.293354943273905,45,26.7,0.2,68.9,0.33,44.4,0.23,55.6,0.33,11.1,11.1,0,0,26.7,0,0,15.6,37.8,15.6,37.8,48.9,13.3,15.6,0
2025,94,Baltimore Ravens,1,15,CIN,6.340057636887608,44,15.9,-0.27,79.5,0.26,61.4,0.2,38.6,0.13,54.5,31.8,22.7,2.3,13.6,22.7,0,45.5,4.5,6.8,0,47.7,47.7,29.5,6.8
2025,95,Carolina Panthers,1,7,NYJ,7.787610619469026,44,9.1,0,90.9,0.17,45.5,0.15,54.5,0.15,45.5,38.6,6.8,2.3,6.8,11.4,0,38.6,18.2,22.7,15.9,56.8,27.3,6.8,0
2025,96,Cincinnati Bengals,1,2,JAX,7.236842105263158,44,25,1.49,72.7,0.15,68.2,0.5,31.8,0.44,34.1,31.8,2.3,2.3,18.2,11.4,4.5,47.7,2.3,11.4,6.8,84.1,9.1,15.9,2.3
2025,97,Cincinnati Bengals,1,4,DEN,7.236842105263158,44,22.7,1.19,72.7,0.26,43.2,0.61,56.8,0.62,13.6,6.8,6.8,9.1,11.4,11.4,2.3,31.8,6.8,22.7,9.1,84.1,6.8,20.5,11.4
2025,98,Cincinnati Bengals,1,9,CHI,7.236842105263158,44,20.5,0.54,75,0.73,52.3,0.7,47.7,0.82,22.7,22.7,0,4.5,15.9,9.1,0,36.4,4.5,25,15.9,75,9.1,11.4,0
2025,99,Kansas City Chiefs,1,17,DEN,7.573149741824441,44,11.4,0.89,79.5,0.26,25,0.23,75,0.55,25,9.1,15.9,2.3,2.3,15.9,6.8,22.7,20.5,20.5,13.6,81.8,4.5,31.8,11.4
2025,100,Las Vegas Raiders,1,6,TEN,7.419898819561552,44,18.2,0.07,70.5,0.16,25,0.01,75,0.3,18.2,6.8,11.4,2.3,13.6,20.5,2.3,11.4,18.2,20.5,31.8,59.1,6.8,34.1,9.1
2025,101,New Orleans Saints,1,16,NYJ,7.719298245614035,44,4.5,-0.4,95.5,0.16,52.3,0,47.7,0.27,31.8,18.2,13.6,0,4.5,6.8,0,47.7,22.7,18.2,13.6,84.1,2.3,11.4,2.3
2025,102,New York Giants,1,4,LAC,7.051282051282051,44,45.5,0.31,50,0.25,65.9,0.28,34.1,0.3,36.4,31.8,4.5,0,45.5,6.8,0,20.5,11.4,11.4,13.6,61.4,25,22.7,6.8
2025,103,Philadelphia Eagles,1,4,TB,6.962025316455696,44,25,0.12,68.2,0.65,68.2,0.2,31.8,0.99,65.9,65.9,0,0,25,2.3,0,43.2,13.6,9.1,4.5,88.6,4.5,38.6,13.6
2025,104,Washington Commanders,1,15,NYG,7.13128038897893,44,40.9,0.54,56.8,0.52,68.2,0.57,31.8,0.41,50,29.5,18.2,0,40.9,11.4,0,27.3,11.4,6.8,11.4,77.3,11.4,43.2,11.4
2025,105,Baltimore Ravens,1,9,MIA,6.195965417867435,43,27.9,0.17,65.1,0.23,55.8,0.24,44.2,0.15,39.5,20.9,18.6,7,18.6,16.3,0,32.6,4.7,11.6,0,55.8,44.2,4.7,2.3
2025,106,Chicago Bears,1,10,NYG,7.226890756302522,43,44.2,0.25,55.8,0.34,58.1,0.33,41.9,0.27,41.9,23.3,18.6,9.3,32.6,18.6,0,25.6,11.6,0,0,76.7,20.9,11.6,0
2025,107,Dallas Cowboys,1,12,PHI,6.79304897314376,43,16.3,0.19,81.4,0.41,41.9,0.62,58.1,0.22,34.9,23.3,11.6,4.7,11.6,25.6,0,30.2,14,11.6,25.6,74.4,0,32.6,9.3
2025,108,Denver Broncos,1,16,JAX,6.160458452722064,43,32.6,0.98,65.1,0.4,51.2,0.57,48.8,0.58,16.3,4.7,11.6,9.3,23.3,4.7,0,25.6,23.3,11.6,25.6,53.5,18.6,9.3,4.7
2025,109,Green Bay Packers,1,1,DET,7.0032573289902285,43,9.3,0.25,90.7,0.28,55.8,0.31,44.2,0.24,44.2,32.6,11.6,0,9.3,27.9,0,46.5,4.7,11.6,20.9,79.1,0,14,4.7
2025,110,Houston Texans,1,3,JAX,6.935483870967742,43,18.6,0.44,79.1,0.16,51.2,0.1,48.8,0.31,25.6,16.3,9.3,2.3,16.3,7,0,34.9,27.9,9.3,14,86,0,30.2,2.3
2025,111,Houston Texans,1,11,TEN,6.935483870967742,43,18.6,0.15,76.7,0.26,37.2,0.17,62.8,0.42,27.9,14,11.6,0,18.6,14,0,18.6,14,30.2,23.3,76.7,0,32.6,4.7
2025,112,Houston Texans,1,15,ARZ,6.935483870967742,43,18.6,0.81,79.1,0.44,48.8,0.49,51.2,0.5,11.6,9.3,2.3,2.3,16.3,0,0,32.6,34.9,11.6,51.2,46.5,0,20.9,4.7
2025,113,Indianapolis Colts,1,8,TEN,6.17816091954023,43,23.3,0.52,69.8,0.3,46.5,0.24,53.5,0.41,37.2,18.6,18.6,7,11.6,14,4.7,34.9,18.6,2.3,7,79.1,11.6,32.6,2.3
2025,114,Indianapolis Colts,1,17,JAX,6.17816091954023,43,30.2,0.79,67.4,0.22,30.2,0.26,69.8,0.45,32.6,11.6,20.9,11.6,11.6,23.3,4.7,18.6,18.6,7,2.3,88.4,9.3,32.6,11.6
2025,115,Jacksonville Jaguars,1,3,HST,6.1253561253561255,43,20.9,0.33,74.4,0.27,67.4,0.35,32.6,0.1,46.5,32.6,14,0,20.9,9.3,0,46.5,2.3,16.3,23.3,48.8,27.9,18.6,4.7
2025,116,Jacksonville Jaguars,1,9,LV,6.1253561253561255,43,32.6,1.23,60.5,0.22,60.5,0.42,39.5,0.94,25.6,14,11.6,4.7,25.6,7,0,32.6,9.3,11.6,23.3,65.1,9.3,60.5,14
2025,117,Los Angeles Chargers,1,14,PHI,7.30050933786078,43,25.6,-0.03,72.1,0.19,48.8,0.28,51.2,-0.01,27.9,23.3,4.7,9.3,9.3,11.6,4.7,39.5,14,7,7,62.8,27.9,16.3,4.7
2025,118,Las Vegas Raiders,1,14,DEN,7.251264755480608,43,4.7,0.22,81.4,0.24,55.8,0.21,44.2,0.57,39.5,27.9,9.3,2.3,2.3,16.3,0,53.5,7,4.7,46.5,41.9,9.3,27.9,9.3
2025,119,Minnesota Vikings,1,1,CHI,8.17490494296578,43,11.6,1.28,83.7,0.28,32.6,0.23,67.4,0.69,23.3,16.3,7,2.3,7,27.9,2.3,25.6,11.6,18.6,39.5,41.9,16.3,9.3,0
2025,120,New Orleans Saints,1,2,SF,7.5438596491228065,43,11.6,-0.08,79.1,0.44,46.5,0.25,53.5,0.8,27.9,20.9,7,0,11.6,9.3,0,34.9,23.3,11.6,30.2,65.1,4.7,20.9,4.7
2025,121,New York Jets,1,10,CLV,7.439446366782007,43,48.8,0.31,48.8,0.44,44.2,0.43,55.8,0.5,14,11.6,2.3,2.3,27.9,7,14,16.3,18.6,7,7,74.4,18.6,25.6,4.7
2025,122,Philadelphia Eagles,1,5,DEN,6.80379746835443,43,14,0.35,81.4,0.26,55.8,0.32,44.2,0.42,39.5,37.2,2.3,0,14,4.7,0,41.9,16.3,18.6,7,93,0,32.6,11.6
2025,123,Tennessee Titans,1,1,DEN,7.2147651006711415,43,9.3,0.13,90.7,0.23,41.9,0.09,58.1,0.32,30.2,20.9,9.3,2.3,7,30.2,0,34.9,20.9,4.7,18.6,62.8,18.6,14,4.7
2025,124,Arizona Cardinals,1,3,SF,6.7092651757188495,42,21.4,0.68,76.2,0.26,38.1,0.53,61.9,0.23,31,19,11.9,2.4,19,14.3,0,19,26.2,16.7,28.6,61.9,9.5,19,7.1
2025,125,Arizona Cardinals,1,5,TEN,6.7092651757188495,42,16.7,0.06,83.3,0.24,35.7,0.09,64.3,0.28,38.1,16.7,21.4,0,14.3,33.3,2.4,21.4,21.4,7.1,33.3,28.6,38.1,26.2,7.1
2025,126,Arizona Cardinals,1,18,LA,6.7092651757188495,42,14.3,0.71,76.2,0.57,45.2,0.45,54.8,0.79,40.5,19,21.4,2.4,11.9,0,0,31,40.5,4.8,42.9,54.8,2.4,11.9,4.8
2025,127,Atlanta Falcons,1,18,NO,6.7092651757188495,42,11.9,0.76,81,0.35,50,0.59,50,0.44,31,28.6,2.4,0,11.9,0,0,31,38.1,11.9,9.5,90.5,0,19,0
2025,128,Chicago Bears,1,15,CLV,7.0588235294117645,42,26.2,0.47,64.3,0.04,45.2,0.06,54.8,0.23,31,11.9,19,4.8,19,21.4,2.4,26.2,16.7,0,7.1,57.1,35.7,2.4,0
2025,129,Cleveland Browns,1,17,PIT,7.446808510638298,42,33.3,0.11,61.9,0.22,45.2,0.1,54.8,0.24,9.5,4.8,4.8,0,28.6,21.4,4.8,16.7,16.7,7.1,11.9,52.4,35.7,26.2,9.5
2025,130,Cleveland Browns,1,18,CIN,7.446808510638298,42,19,1.24,78.6,0.34,33.3,0.85,66.7,0.3,38.1,7.1,31,4.8,11.9,35.7,0,21.4,11.9,9.5,7.1,90.5,2.4,66.7,19
2025,131,Denver Broncos,1,8,DAL,6.017191977077363,42,42.9,0.25,57.1,0.44,35.7,0.59,64.3,0.22,28.6,4.8,23.8,9.5,28.6,11.9,4.8,7.1,19,19,26.2,61.9,11.9,42.9,19
2025,132,Houston Texans,1,14,KC,6.774193548387098,42,31,0.09,61.9,0.29,71.4,0.29,28.6,0.06,16.7,11.9,4.8,0,28.6,2.4,2.4,42.9,7.1,9.5,28.6,71.4,0,21.4,2.4
2025,133,Houston Texans,1,17,LAC,6.774193548387098,42,21.4,0.53,66.7,0.28,52.4,0.46,47.6,0.32,14.3,11.9,2.4,0,21.4,0,0,23.8,31,11.9,14.3,83.3,0,14.3,4.8
2025,134,Jacksonville Jaguars,1,13,TEN,5.982905982905983,42,9.5,0.15,90.5,0.12,50,0.15,50,0.11,42.9,28.6,14.3,0,9.5,19,0,40.5,11.9,19,9.5,85.7,4.8,2.4,0
2025,135,Los Angeles Rams,1,12,TB,6.3444108761329305,42,26.2,0.23,71.4,0.24,59.5,0.35,40.5,-0.01,57.1,40.5,16.7,0,26.2,11.9,0,33.3,14.3,11.9,0,64.3,35.7,23.8,4.8
2025,136,Los Angeles Rams,1,15,DET,6.3444108761329305,42,19,0.7,76.2,0.6,38.1,0.28,61.9,0.81,42.9,23.8,19,7.1,11.9,16.7,0,23.8,35.7,0,16.7,38.1,42.9,16.7,9.5
2025,137,Minnesota Vikings,1,9,DET,7.984790874524715,42,23.8,0.79,73.8,0.37,28.6,0.61,71.4,0.4,28.6,9.5,19,9.5,11.9,21.4,2.4,16.7,16.7,19,40.5,38.1,19,7.1,4.8
2025,138,Philadelphia Eagles,1,10,GB,6.645569620253164,42,9.5,0.04,83.3,0.23,42.9,0.14,57.1,0.25,38.1,38.1,0,0,9.5,2.4,0,28.6,7.1,45.2,2.4,95.2,0,14.3,2.4
2025,139,Philadelphia Eagles,1,17,BUF,6.645569620253164,42,26.2,0.28,71.4,0.22,59.5,0.2,40.5,0.32,38.1,38.1,0,4.8,21.4,4.8,0,35.7,11.9,19,9.5,85.7,4.8,28.6,0
2025,140,Pittsburgh Steelers,1,14,BLT,6.104651162790697,42,31,1.1,57.1,0.26,42.9,0.42,57.1,0.55,28.6,7.1,21.4,9.5,21.4,26.2,0,21.4,9.5,0,38.1,59.5,0,26.2,7.1
2025,141,San Francisco 49ers,1,7,ATL,6.624605678233439,42,28.6,0.3,69,0.18,59.5,0.24,40.5,0.43,42.9,40.5,2.4,0,28.6,14.3,0,31,7.1,16.7,7.1,92.9,0,33.3,9.5
2025,142,San Francisco 49ers,1,8,HST,6.624605678233439,42,21.4,0.93,76.2,0.29,61.9,0.53,38.1,0.53,52.4,50,2.4,0,21.4,7.1,0,40.5,11.9,16.7,19,81,0,33.3,4.8
2025,143,Arizona Cardinals,1,17,CIN,6.549520766773163,41,9.8,0.18,85.4,0.48,58.5,0.5,41.5,0.59,43.9,29.3,14.6,0,9.8,9.8,0,48.8,17.1,9.8,7.3,80.5,12.2,24.4,4.9
2025,144,Atlanta Falcons,1,13,NYJ,6.549520766773163,41,24.4,0.27,70.7,0.4,61,0.54,39,0.49,46.3,46.3,0,0,24.4,2.4,0,31.7,29.3,7.3,26.8,73.2,0,17.1,0
2025,145,Atlanta Falcons,1,17,LA,6.549520766773163,41,19.5,0.03,73.2,0.52,46.3,0.36,53.7,0.41,34.1,29.3,4.9,0,14.6,2.4,4.9,29.3,34.1,7.3,24.4,70.7,4.9,22,12.2
2025,146,Baltimore Ravens,1,8,CHI,5.9077809798270895,41,39,0.38,58.5,0.28,63.4,0.42,36.6,0.13,56.1,39,17.1,7.3,31.7,12.2,0,31.7,7.3,7.3,2.4,65.9,31.7,29.3,7.3
2025,147,Carolina Panthers,1,15,NO,7.256637168141593,41,19.5,0.79,75.6,0.33,53.7,0.33,46.3,0.5,51.2,39,12.2,4.9,14.6,7.3,0,39,19.5,9.8,14.6,51.2,34.1,4.9,0
2025,148,Cincinnati Bengals,1,17,ARZ,6.743421052631579,41,43.9,0.36,56.1,0.44,65.9,0.14,34.1,0.91,36.6,29.3,7.3,2.4,39,7.3,0,26.8,4.9,17.1,7.3,75.6,17.1,41.5,12.2
2025,149,Cleveland Browns,1,5,MIN,7.2695035460992905,41,39,0.48,58.5,0.33,61,0.22,39,0.91,14.6,7.3,7.3,2.4,36.6,19.5,0,24.4,2.4,12.2,26.8,58.5,14.6,29.3,9.8
2025,150,Detroit Lions,1,15,LA,6.456692913385827,41,48.8,0.5,51.2,0.57,51.2,0.86,48.8,0.19,24.4,4.9,19.5,7.3,29.3,22,9.8,22,4.9,2.4,51.2,39,0,39,7.3
2025,151,Green Bay Packers,1,4,DAL,6.677524429967427,41,12.2,0.08,82.9,0.72,58.5,0.85,41.5,0.26,39,24.4,14.6,0,12.2,17.1,0,46.3,4.9,14.6,19.5,80.5,0,9.8,4.9
2025,152,Indianapolis Colts,1,5,LV,5.890804597701149,41,43.9,0.17,53.7,0.25,51.2,0.27,48.8,0.1,24.4,14.6,9.8,7.3,34.1,19.5,2.4,17.1,17.1,0,9.8,78,12.2,31.7,7.3
2025,153,Jacksonville Jaguars,1,15,NYJ,5.84045584045584,41,17.1,0.23,78,0.21,46.3,0.23,53.7,0.33,26.8,14.6,12.2,0,14.6,9.8,2.4,31.7,14.6,22,19.5,70.7,9.8,31.7,9.8
2025,154,Kansas City Chiefs,1,1,LAC,7.056798623063683,41,34.1,0.85,63.4,0.63,48.8,0.59,51.2,0.78,56.1,34.1,22,12.2,19.5,22,0,29.3,7.3,4.9,12.2,82.9,4.9,70.7,22
2025,155,Kansas City Chiefs,1,11,DEN,7.056798623063683,41,14.6,0.19,80.5,0.35,41.5,0.32,58.5,0.3,41.5,31.7,9.8,7.3,4.9,19.5,2.4,34.1,19.5,7.3,14.6,78,7.3,19.5,7.3
2025,156,Los Angeles Rams,1,2,TEN,6.193353474320242,41,19.5,-0.06,73.2,0.23,70.7,0.17,29.3,0.48,65.9,56.1,9.8,0,19.5,12.2,0,51.2,7.3,2.4,7.3,43.9,48.8,39,2.4
2025,157,Las Vegas Raiders,1,4,CHI,6.913996627318718,41,4.9,0.32,95.1,0.33,56.1,0.15,43.9,0.55,41.5,39,2.4,2.4,2.4,9.8,0,53.7,17.1,14.6,56.1,39,4.9,7.3,2.4
2025,158,New York Giants,1,3,KC,6.570512820512821,41,61,0.37,36.6,0.28,63.4,0.22,36.6,0.52,19.5,19.5,0,4.9,56.1,2.4,0,7.3,17.1,9.8,7.3,58.5,34.1,26.8,4.9
2025,159,New York Giants,1,10,CHI,6.570512820512821,41,26.8,1.43,68.3,0.33,61,0.61,39,0.62,14.6,14.6,0,2.4,24.4,9.8,0,36.6,14.6,7.3,31.7,53.7,14.6,14.6,2.4
2025,160,Philadelphia Eagles,1,14,LAC,6.487341772151899,41,19.5,0.9,80.5,0.15,51.2,0.23,48.8,0.36,34.1,34.1,0,2.4,17.1,0,0,34.1,19.5,26.8,7.3,92.7,0,17.1,2.4
2025,161,Pittsburgh Steelers,1,11,CIN,5.959302325581396,41,14.6,0.05,82.9,0.28,29.3,0.04,70.7,0.33,31.7,17.1,14.6,0,7.3,31.7,2.4,22,14.6,14.6,14.6,82.9,2.4,39,9.8
2025,162,Atlanta Falcons,1,9,NE,6.3897763578274756,40,20,0.37,77.5,0.51,80,0.35,20,0.92,17.5,17.5,0,0,20,2.5,0,60,12.5,2.5,42.5,57.5,0,22.5,2.5
2025,163,Atlanta Falcons,1,15,TB,6.3897763578274756,40,27.5,0.16,62.5,0.32,62.5,0.56,37.5,0.27,50,47.5,2.5,0,25,0,2.5,32.5,17.5,12.5,2.5,92.5,2.5,25,7.5
2025,164,Baltimore Ravens,1,4,KC,5.763688760806916,40,55,0.67,40,0.54,57.5,0.45,42.5,1,25,17.5,7.5,12.5,42.5,5,0,15,10,10,5,90,5,42.5,10
2025,165,Carolina Panthers,1,5,MIA,7.079646017699115,40,17.5,0.19,77.5,0.42,47.5,0.16,52.5,0.94,42.5,37.5,5,0,17.5,10,0,30,17.5,20,15,52.5,32.5,7.5,2.5
2025,166,Dallas Cowboys,1,7,WAS,6.31911532385466,40,50,0.21,47.5,0.29,82.5,0.23,17.5,0.93,22.5,20,2.5,5,45,7.5,0,37.5,2.5,0,7.5,82.5,10,17.5,7.5
2025,167,Dallas Cowboys,1,13,KC,6.31911532385466,40,35,0.73,57.5,0.47,57.5,0.4,42.5,1.19,20,15,5,5,30,7.5,0,27.5,20,2.5,17.5,80,2.5,25,2.5
2025,168,Dallas Cowboys,1,18,NYG,6.31911532385466,40,40,0.47,55,0.47,65,0.61,35,0.16,27.5,12.5,15,2.5,37.5,25,0,25,5,0,12.5,87.5,0,57.5,20
2025,169,Detroit Lions,1,2,CHI,6.299212598425196,40,32.5,0.26,65,0.6,67.5,0.55,32.5,0.32,27.5,22.5,5,0,32.5,7.5,0,35,17.5,5,47.5,52.5,0,32.5,12.5
2025,170,Jacksonville Jaguars,1,1,CAR,5.698005698005698,40,15,0.05,82.5,0.33,47.5,0.19,52.5,0.36,37.5,30,7.5,0,12.5,10,2.5,35,20,17.5,12.5,40,47.5,20,5
2025,171,Jacksonville Jaguars,1,4,SF,5.698005698005698,40,12.5,0.65,80,0.31,37.5,0.5,62.5,0.4,15,7.5,7.5,0,12.5,10,0,25,5,40,42.5,50,7.5,5,2.5
2025,172,Kansas City Chiefs,1,4,BLT,6.884681583476763,40,37.5,0.07,60,0.36,40,0.12,60,0.5,45,30,15,10,22.5,12.5,5,17.5,25,5,17.5,57.5,25,50,10
2025,173,Los Angeles Rams,1,6,BLT,6.042296072507553,40,10,-0.12,87.5,0.19,52.5,0.21,47.5,0.09,47.5,32.5,15,2.5,7.5,20,0,45,10,12.5,17.5,35,47.5,10,2.5
2025,174,Los Angeles Rams,1,16,SEA,6.042296072507553,40,15,0.59,77.5,0.41,45,0.48,55,0.35,42.5,30,12.5,5,10,17.5,0,35,15,10,40,42.5,17.5,22.5,2.5
2025,175,Los Angeles Rams,1,18,ARZ,6.042296072507553,40,22.5,0.07,70,0.46,27.5,0.21,72.5,0.58,47.5,20,27.5,2.5,12.5,35,7.5,15,17.5,2.5,12.5,42.5,42.5,15,2.5
2025,176,Los Angeles Chargers,1,15,KC,6.791171477079796,40,27.5,0.03,67.5,0.24,47.5,0.14,52.5,0.54,27.5,27.5,0,5,15,2.5,5,32.5,10,22.5,0,62.5,37.5,17.5,2.5
2025,177,Las Vegas Raiders,1,7,KC,6.745362563237774,40,25,1.31,70,0.47,45,0.51,55,0.77,32.5,32.5,0,7.5,15,15,2.5,30,17.5,7.5,60,35,5,25,7.5
2025,178,Las Vegas Raiders,1,18,KC,6.745362563237774,40,32.5,0.09,65,0.16,45,0.03,55,0.21,35,17.5,17.5,5,25,27.5,2.5,20,17.5,0,22.5,67.5,10,45,5
2025,179,Miami Dolphins,1,14,NYJ,6.756756756756757,40,10,-0.25,85,0.17,30,0.13,70,0.08,37.5,10,27.5,0,7.5,50,0,22.5,5,7.5,20,77.5,2.5,47.5,10
2025,180,Minnesota Vikings,1,15,DAL,7.604562737642586,40,17.5,0.2,77.5,0.33,15,0.31,85,0.29,32.5,5,27.5,17.5,0,50,0,15,5,7.5,22.5,77.5,0,20,7.5
2025,181,New England Patriots,1,9,ATL,6.768189509306261,40,25,1.34,70,0.32,45,0.28,55,0.81,27.5,20,7.5,10,15,20,0,30,20,0,10,87.5,2.5,30,10
2025,182,Philadelphia Eagles,1,12,DAL,6.329113924050633,40,22.5,1.17,70,0.48,35,1.01,65,0.54,25,25,0,2.5,15,5,2.5,17.5,12.5,35,17.5,80,0,50,10
2025,183,Philadelphia Eagles,1,13,CHI,6.329113924050633,40,40,0.17,57.5,0.32,45,0.39,55,0.14,45,40,5,20,20,2.5,0,25,5,25,25,72.5,2.5,2.5,0
2025,184,Pittsburgh Steelers,1,10,LAC,5.813953488372093,40,47.5,0.54,52.5,0.2,72.5,0.41,27.5,0.23,22.5,17.5,5,0,45,12.5,2.5,27.5,10,2.5,20,77.5,0,27.5,7.5
2025,185,San Francisco 49ers,1,2,NO,6.309148264984227,40,22.5,1.3,75,0.16,55,0.5,45,0.53,47.5,47.5,0,2.5,20,10,0,35,15,15,5,92.5,2.5,15,2.5
2025,186,San Francisco 49ers,1,3,ARZ,6.309148264984227,40,12.5,0.99,82.5,0.25,45,0.28,55,0.36,47.5,40,7.5,2.5,10,10,0,35,25,12.5,10,87.5,2.5,12.5,5
2025,187,Washington Commanders,1,5,LAC,6.482982171799027,40,27.5,0.55,57.5,0.24,50,0.42,50,0.36,27.5,17.5,10,2.5,25,27.5,0,17.5,7.5,5,7.5,65,27.5,20,2.5
2025,188,Washington Commanders,1,8,KC,6.482982171799027,40,22.5,0.05,67.5,0.59,50,0.53,50,0.72,10,5,5,0,20,5,2.5,30,25,7.5,22.5,52.5,25,27.5,10
2025,189,Atlanta Falcons,1,10,IND,6.230031948881789,39,23.1,0.32,76.9,0.48,59,0.28,41,0.68,43.6,38.5,5.1,0,23.1,5.1,0,35.9,25.6,10.3,12.8,87.2,0,15.4,2.6
2025,190,Cincinnati Bengals,1,12,NE,6.4144736842105265,39,41,0.34,53.8,0.53,61.5,0.53,38.5,0.29,46.2,38.5,7.7,10.3,28.2,10.3,0,33.3,0,10.3,20.5,61.5,15.4,35.9,15.4
2025,191,Detroit Lions,1,12,NYG,6.141732283464567,39,59,0.6,38.5,0.65,82.1,0.68,17.9,0.9,33.3,33.3,0,0,56.4,5.1,2.6,25.6,5.1,2.6,46.2,51.3,0,41,15.4
2025,192,Green Bay Packers,1,8,PIT,6.351791530944626,39,7.7,0.6,92.3,0.39,38.5,0.55,61.5,0.31,25.6,20.5,5.1,0,7.7,20.5,0,30.8,20.5,20.5,25.6,71.8,2.6,25.6,7.7
2025,193,Green Bay Packers,1,14,CHI,6.351791530944626,39,10.3,0.89,87.2,0.24,28.2,0.25,71.8,0.46,33.3,20.5,12.8,10.3,0,20.5,0,28.2,23.1,15.4,43.6,51.3,0,10.3,0
2025,194,Houston Texans,1,9,DEN,6.290322580645161,39,10.3,0.26,89.7,0.44,53.8,0.38,46.2,0.47,28.2,17.9,10.3,0,10.3,7.7,0,43.6,17.9,20.5,12.8,87.2,0,28.2,7.7
2025,195,Indianapolis Colts,1,9,PIT,5.603448275862069,39,28.2,0.21,51.3,0.17,38.5,0.17,61.5,0.36,5.1,2.6,2.6,5.1,12.8,5.1,5.1,23.1,7.7,15.4,35.9,53.8,7.7,43.6,7.7
2025,196,Indianapolis Colts,1,15,SEA,5.603448275862069,39,7.7,0,82.1,0.35,46.2,0.31,53.8,0.27,30.8,7.7,23.1,2.6,5.1,17.9,0,41,15.4,7.7,20.5,66.7,12.8,5.1,2.6
2025,197,Jacksonville Jaguars,1,14,IND,5.555555555555555,39,10.3,0.18,89.7,0.36,48.7,0.49,51.3,0.19,25.6,12.8,12.8,5.1,5.1,5.1,0,43.6,10.3,30.8,12.8,84.6,2.6,0,0
2025,198,Kansas City Chiefs,1,13,DAL,6.712564543889846,39,28.2,0.29,66.7,0.48,30.8,0.28,69.2,0.61,30.8,12.8,17.9,7.7,20.5,5.1,0,10.3,48.7,2.6,28.2,56.4,15.4,30.8,7.7
2025,199,Los Angeles Rams,1,10,SF,5.8912386706948645,39,17.9,0.97,79.5,0.37,38.5,0.61,61.5,0.57,46.2,28.2,17.9,2.6,15.4,28.2,0,23.1,17.9,10.3,30.8,43.6,25.6,33.3,5.1
2025,200,Las Vegas Raiders,1,9,JAX,6.57672849915683,39,15.4,0.1,82.1,0.26,66.7,0.27,33.3,0.14,38.5,33.3,5.1,2.6,12.8,10.3,0,53.8,12.8,5.1,12.8,56.4,30.8,41,15.4
2025,201,Miami Dolphins,1,6,LAC,6.587837837837837,39,35.9,0.31,61.5,0.37,48.7,0.58,51.3,0.33,41,12.8,28.2,2.6,28.2,23.1,0,20.5,15.4,2.6,17.9,76.9,2.6,30.8,10.3
2025,202,New England Patriots,1,1,LV,6.598984771573605,39,46.2,0.57,51.3,0.42,74.4,0.33,25.6,0.91,20.5,17.9,2.6,5.1,38.5,5.1,0,35.9,7.7,2.6,15.4,76.9,7.7,23.1,0
2025,203,New England Patriots,1,5,BUF,6.598984771573605,39,38.5,0.98,56.4,0.27,64.1,0.54,35.9,0.55,25.6,20.5,5.1,2.6,35.9,5.1,0,28.2,20.5,2.6,10.3,84.6,0,38.5,10.3
2025,204,New England Patriots,1,7,TEN,6.598984771573605,39,12.8,1.38,87.2,0.16,46.2,0.52,53.8,0.14,38.5,23.1,10.3,0,12.8,35.9,0,33.3,12.8,5.1,12.8,84.6,2.6,23.1,7.7
2025,205,New England Patriots,1,12,CIN,6.598984771573605,39,25.6,0.55,71.8,0.19,41,0.49,59,0.13,30.8,17.9,12.8,5.1,20.5,30.8,0,20.5,20.5,0,2.6,64.1,30.8,25.6,5.1
2025,206,Philadelphia Eagles,1,11,DET,6.170886075949367,39,23.1,0.81,74.4,0.2,56.4,0.33,43.6,0.34,46.2,46.2,0,0,20.5,2.6,2.6,35.9,7.7,28.2,0,97.4,2.6,10.3,5.1
2025,207,Seattle Seahawks,1,1,SF,5.6521739130434785,39,15.4,1.01,74.4,0.29,33.3,0.75,66.7,0.36,33.3,25.6,7.7,2.6,12.8,2.6,0,20.5,35.9,15.4,5.1,87.2,7.7,33.3,10.3
2025,208,Seattle Seahawks,1,2,PIT,5.6521739130434785,39,30.8,0.27,66.7,0.29,28.2,0.54,71.8,0.18,28.2,20.5,7.7,0,15.4,12.8,7.7,12.8,20.5,20.5,7.7,69.2,17.9,53.8,12.8
2025,209,San Francisco 49ers,1,9,NYG,6.151419558359621,39,10.3,0.14,89.7,0.55,56.4,0.68,43.6,0.27,43.6,43.6,0,0,10.3,5.1,0,46.2,15.4,23.1,2.6,89.7,7.7,23.1,2.6
2025,210,Tennessee Titans,1,9,LAC,6.543624161073826,39,25.6,1.1,66.7,0.47,48.7,0.44,51.3,0.97,46.2,35.9,10.3,7.7,15.4,5.1,2.6,33.3,7.7,20.5,23.1,66.7,10.3,25.6,5.1
2025,211,Buffalo Bills,1,9,KC,7.169811320754717,38,28.9,0.33,60.5,0.23,47.4,0.24,52.6,0.26,39.5,36.8,2.6,0,26.3,2.6,2.6,18.4,18.4,21.1,0,36.8,63.2,39.5,10.5
2025,212,Carolina Panthers,1,9,GB,6.725663716814159,38,13.2,0.32,81.6,0.26,50,0.22,50,0.3,36.8,31.6,2.6,0,13.2,5.3,0,36.8,15.8,23.7,15.8,52.6,31.6,7.9,2.6
2025,213,Chicago Bears,1,17,SF,6.386554621848739,38,13.2,0.26,76.3,0.73,52.6,0.59,47.4,1.07,26.3,7.9,18.4,0,13.2,26.3,0,39.5,10.5,0,13.2,81.6,2.6,23.7,2.6
2025,214,Cincinnati Bengals,1,8,NYJ,6.25,38,26.3,1.07,68.4,0.33,57.9,0.32,42.1,0.78,10.5,7.9,2.6,13.2,13.2,18.4,0,42.1,2.6,5.3,15.8,78.9,5.3,2.6,2.6
2025,215,Cincinnati Bengals,1,13,BLT,6.25,38,42.1,0.31,57.9,0.08,47.4,0.32,52.6,0.04,18.4,15.8,2.6,13.2,28.9,2.6,0,18.4,7.9,28.9,18.4,65.8,15.8,10.5,5.3
2025,216,Denver Broncos,1,2,IND,5.444126074498568,38,55.3,0.35,42.1,0.6,71.1,0.6,28.9,0.1,21.1,13.2,7.9,5.3,47.4,5.3,0,21.1,10.5,5.3,34.2,65.8,0,13.2,7.9
2025,217,Denver Broncos,1,14,LV,5.444126074498568,38,31.6,0.25,60.5,0.59,47.4,0.53,52.6,0.4,10.5,2.6,7.9,5.3,15.8,0,10.5,28.9,18.4,13.2,15.8,63.2,15.8,34.2,5.3
2025,218,Detroit Lions,1,3,BLT,5.984251968503937,38,36.8,0.94,60.5,0.53,55.3,0.7,44.7,0.64,36.8,23.7,13.2,5.3,21.1,18.4,10.5,34.2,5.3,2.6,42.1,50,2.6,44.7,10.5
2025,219,Detroit Lions,1,4,CLV,5.984251968503937,38,47.4,0.13,52.6,0.1,68.4,0.11,31.6,0.13,21.1,21.1,0,0,44.7,5.3,2.6,23.7,21.1,2.6,65.8,34.2,0,39.5,7.9
2025,220,Detroit Lions,1,6,KC,5.984251968503937,38,23.7,1.5,71.1,0.43,39.5,0.78,60.5,0.61,28.9,18.4,10.5,2.6,18.4,10.5,2.6,21.1,36.8,2.6,73.7,26.3,0,13.2,2.6
2025,221,Green Bay Packers,1,3,CLV,6.188925081433225,38,28.9,0.07,65.8,0.16,68.4,0.12,31.6,0.12,47.4,44.7,2.6,0,28.9,7.9,0,39.5,5.3,13.2,26.3,71.1,0,10.5,0
2025,222,Houston Texans,1,18,IND,6.129032258064516,38,18.4,0.36,68.4,0.47,50,0.56,50,0.41,21.1,13.2,7.9,0,18.4,23.7,0,23.7,13.2,7.9,18.4,78.9,0,23.7,2.6
2025,223,Kansas City Chiefs,1,3,NYG,6.540447504302927,38,13.2,-0.41,78.9,0.3,13.2,-0.01,86.8,0.22,21.1,7.9,13.2,5.3,5.3,50,0,7.9,10.5,10.5,10.5,60.5,28.9,7.9,0
2025,224,New England Patriots,1,4,CAR,6.429780033840947,38,36.8,0.81,63.2,0.22,63.2,0.57,36.8,0.21,31.6,23.7,7.9,0,36.8,10.5,0,26.3,23.7,2.6,10.5,81.6,7.9,15.8,2.6
2025,225,New England Patriots,1,8,CLV,6.429780033840947,38,13.2,1.08,78.9,0.28,31.6,0.77,68.4,0.18,42.1,21.1,21.1,0,13.2,34.2,0,18.4,21.1,5.3,21.1,73.7,2.6,28.9,0
2025,226,New York Giants,1,6,PHI,6.089743589743589,38,36.8,0.47,60.5,0.33,47.4,0.41,52.6,0.36,28.9,18.4,10.5,10.5,26.3,15.8,0,21.1,23.7,0,10.5,52.6,36.8,23.7,2.6
2025,227,Philadelphia Eagles,1,2,KC,6.012658227848101,38,28.9,0.85,71.1,0.51,60.5,0.93,39.5,0.12,47.4,47.4,0,2.6,26.3,2.6,0,34.2,23.7,10.5,10.5,81.6,7.9,47.4,10.5
2025,228,Pittsburgh Steelers,1,12,CHI,5.523255813953488,38,23.7,1.2,73.7,0.4,57.9,0.66,42.1,0.47,10.5,5.3,0,5.3,18.4,13.2,0,39.5,13.2,7.9,34.2,63.2,0,7.9,2.6
2025,229,Seattle Seahawks,1,5,TB,5.507246376811594,38,15.8,1.08,84.2,0.57,44.7,0.61,55.3,0.68,52.6,39.5,13.2,0,10.5,26.3,2.6,34.2,10.5,13.2,2.6,86.8,10.5,36.8,10.5
2025,230,San Francisco 49ers,1,16,IND,5.993690851735016,38,26.3,0.26,71.1,0.56,68.4,0.21,31.6,1.05,52.6,50,2.6,0,23.7,0,2.6,44.7,15.8,10.5,5.3,89.5,5.3,18.4,7.9
2025,231,Atlanta Falcons,1,1,TB,5.9105431309904155,37,18.9,0.34,78.4,0.55,67.6,0.44,32.4,0.98,32.4,27,5.4,0,18.9,2.7,0,48.6,24.3,2.7,10.8,89.2,0,54.1,13.5
2025,232,Buffalo Bills,1,14,CIN,6.981132075471698,37,35.1,0.86,64.9,0.59,24.3,0.68,75.7,0.69,32.4,18.9,13.5,8.1,2.7,13.5,16.2,21.6,13.5,16.2,0,70.3,29.7,16.2,2.7
2025,233,Buffalo Bills,1,16,CLV,6.981132075471698,37,24.3,0.44,70.3,0.36,35.1,0.7,64.9,0.17,48.6,24.3,24.3,0,16.2,27,8.1,18.9,16.2,8.1,18.9,75.7,2.7,10.8,0
2025,234,Chicago Bears,1,7,NO,6.218487394957983,37,5.4,2.38,94.6,0.26,56.8,0.33,43.2,0.45,29.7,16.2,13.5,0,2.7,29.7,0,54.1,10.8,0,10.8,86.5,2.7,5.4,2.7
2025,235,Dallas Cowboys,1,9,ARZ,5.845181674565561,37,24.3,0.65,75.7,0.46,75.7,0.45,24.3,0.69,18.9,13.5,2.7,5.4,18.9,18.9,0,56.8,0,0,35.1,64.9,0,8.1,2.7
2025,236,Denver Broncos,1,7,NYG,5.300859598853868,37,37.8,0.53,62.2,0.65,64.9,0.9,35.1,0.05,21.6,8.1,13.5,10.8,27,10.8,0,37.8,5.4,8.1,32.4,45.9,18.9,27,2.7
2025,237,Green Bay Packers,1,16,CHI,6.026058631921824,37,10.8,1.06,83.8,0.53,40.5,0.39,59.5,0.69,27,16.2,10.8,5.4,5.4,16.2,0,35.1,16.2,16.2,35.1,64.9,0,2.7,0
2025,238,Indianapolis Colts,1,13,HST,5.316091954022988,37,32.4,0.41,59.5,0.22,56.8,0.24,43.2,0.31,27,16.2,10.8,8.1,21.6,10.8,0,35.1,10.8,2.7,10.8,62.2,24.3,10.8,5.4
2025,239,Los Angeles Rams,1,3,PHI,5.589123867069486,37,24.3,1.16,75.7,0.35,48.6,0.26,51.4,0.82,24.3,21.6,2.7,8.1,13.5,27,0,35.1,13.5,0,2.7,86.5,10.8,10.8,5.4
2025,240,New England Patriots,1,2,MIA,6.260575296108291,37,10.8,1.48,89.2,0.41,18.9,0.53,81.1,0.53,32.4,10.8,21.6,0,2.7,40.5,8.1,16.2,27,5.4,0,91.9,8.1,2.7,0
2025,241,New Orleans Saints,1,1,ARZ,6.491228070175438,37,27,0.86,73,0.32,59.5,0.55,40.5,0.35,29.7,24.3,5.4,5.4,21.6,10.8,0,37.8,16.2,8.1,37.8,62.2,0,48.6,8.1
2025,242,New Orleans Saints,1,18,ATL,6.491228070175438,37,21.6,0.17,75.7,0.32,62.2,0.36,37.8,0.15,29.7,24.3,5.4,2.7,16.2,2.7,2.7,45.9,13.5,13.5,10.8,81.1,5.4,21.6,8.1
2025,243,New York Giants,1,1,WAS,5.929487179487179,37,37.8,0.43,56.8,0.32,64.9,0.37,35.1,0.62,24.3,21.6,2.7,2.7,32.4,16.2,0,29.7,10.8,0,0,75.7,21.6,16.2,0
2025,244,New York Jets,1,11,NE,6.401384083044983,37,18.9,0.3,73,0.35,40.5,0.4,59.5,0.44,29.7,10.8,18.9,2.7,13.5,29.7,2.7,27,13.5,2.7,5.4,91.9,2.7,43.2,8.1
2025,245,Pittsburgh Steelers,1,8,GB,5.377906976744186,37,45.9,1.25,51.4,0.27,70.3,0.61,29.7,0.97,29.7,24.3,5.4,8.1,37.8,5.4,0,32.4,10.8,2.7,21.6,75.7,0,24.3,8.1
2025,246,San Francisco 49ers,1,10,LA,5.83596214511041,37,24.3,1.14,75.7,0.61,56.8,0.72,43.2,0.75,45.9,45.9,0,5.4,18.9,2.7,0,37.8,27,8.1,32.4,62.2,5.4,37.8,10.8
2025,247,Tennessee Titans,1,5,ARZ,6.208053691275168,37,2.7,0.16,91.9,0.26,24.3,0.33,75.7,0.48,32.4,18.9,13.5,0,2.7,8.1,0,21.6,45.9,16.2,8.1,70.3,18.9,35.1,13.5
2025,248,Tennessee Titans,1,15,SF,6.208053691275168,37,8.1,1.48,89.2,0.55,62.2,0.35,37.8,1.34,37.8,37.8,0,2.7,5.4,0,0,56.8,21.6,10.8,45.9,51.4,2.7,21.6,5.4
2025,249,Washington Commanders,1,16,PHI,5.9967585089141,37,16.2,0.88,81.1,0.47,35.1,0.83,64.9,0.36,27,16.2,10.8,0,16.2,10.8,0,16.2,35.1,18.9,40.5,48.6,8.1,2.7,0
2025,250,Arizona Cardinals,1,16,ATL,5.7507987220447285,36,27.8,0.53,63.9,0.22,50,0.42,50,0.41,27.8,8.3,19.4,5.6,22.2,5.6,0,27.8,27.8,2.8,41.7,55.6,0,22.2,8.3
2025,251,Buffalo Bills,1,5,NE,6.7924528301886795,36,27.8,0.27,69.4,0.34,33.3,0.43,66.7,0.25,66.7,16.7,47.2,2.8,13.9,33.3,8.3,19.4,5.6,11.1,16.7,72.2,8.3,38.9,13.9
2025,252,Cincinnati Bengals,1,14,BUF,5.921052631578947,36,30.6,1.31,58.3,0.43,44.4,0.92,55.6,1.08,38.9,25,13.9,13.9,16.7,8.3,0,22.2,11.1,16.7,22.2,63.9,13.9,22.2,2.8
2025,253,Cleveland Browns,1,7,MIA,6.382978723404255,36,5.6,0.28,94.4,0.09,61.1,-0.02,38.9,0.3,33.3,19.4,13.9,0,5.6,25,0,55.6,11.1,2.8,8.3,75,16.7,8.3,0
2025,254,Green Bay Packers,1,15,DEN,5.863192182410423,36,13.9,0.34,86.1,0.86,47.2,0.86,52.8,0.73,33.3,16.7,13.9,0,13.9,16.7,0,33.3,25,11.1,27.8,72.2,0,8.3,2.8
2025,255,Houston Texans,1,8,SF,5.806451612903226,36,5.6,0,86.1,0.4,13.9,0.1,86.1,0.53,19.4,8.3,11.1,2.8,2.8,11.1,0,11.1,50,13.9,0,97.2,0,8.3,0
2025,256,Indianapolis Colts,1,1,MIA,5.172413793103448,36,22.2,0.63,77.8,0.1,47.2,-0.02,52.8,0.43,36.1,25,11.1,5.6,13.9,33.3,2.8,33.3,8.3,2.8,5.6,83.3,11.1,27.8,0
2025,257,Indianapolis Colts,1,16,SF,5.172413793103448,36,30.6,1.05,58.3,0.74,55.6,0.71,44.4,1.09,19.4,16.7,2.8,5.6,19.4,8.3,5.6,33.3,16.7,0,38.9,50,8.3,13.9,0
2025,258,Los Angeles Chargers,1,6,MIA,6.112054329371817,36,2.8,0,88.9,0.21,38.9,0.23,61.1,0.3,38.9,33.3,5.6,0,2.8,22.2,0,36.1,22.2,8.3,11.1,47.2,38.9,5.6,0
2025,259,Los Angeles Chargers,1,7,IND,6.112054329371817,36,16.7,0.89,77.8,0.38,36.1,0.5,63.9,0.6,25,16.7,8.3,11.1,2.8,5.6,2.8,33.3,30.6,8.3,25,50,25,8.3,2.8
2025,260,Los Angeles Chargers,1,8,MIN,6.112054329371817,36,11.1,0.27,83.3,0.13,25,0.12,75,0.31,30.6,19.4,11.1,0,0,16.7,5.6,25,30.6,11.1,8.3,86.1,5.6,8.3,0
2025,261,Los Angeles Chargers,1,16,DAL,6.112054329371817,36,16.7,0.28,77.8,0.47,27.8,0.28,72.2,0.63,30.6,25,5.6,0,11.1,27.8,0,16.7,16.7,16.7,8.3,61.1,30.6,8.3,5.6
2025,262,Las Vegas Raiders,1,16,HST,6.070826306913997,36,22.2,0.17,75,0.23,38.9,0.23,61.1,0.39,30.6,19.4,11.1,2.8,11.1,8.3,8.3,27.8,38.9,0,19.4,61.1,16.7,27.8,8.3
2025,263,Miami Dolphins,1,16,CIN,6.081081081081082,36,27.8,1.35,69.4,0.45,25,1.37,75,0.62,47.2,13.9,33.3,2.8,11.1,44.4,8.3,13.9,5.6,5.6,11.1,88.9,0,38.9,8.3
2025,264,Minnesota Vikings,1,5,CLV,6.844106463878327,36,38.9,0.76,52.8,0.25,38.9,0.23,61.1,0.6,33.3,8.3,25,11.1,16.7,30.6,8.3,19.4,2.8,0,25,36.1,36.1,30.6,5.6
2025,265,Minnesota Vikings,1,11,CHI,6.844106463878327,36,13.9,0,83.3,0.32,38.9,0.15,61.1,0.36,13.9,11.1,0,0,13.9,25,0,22.2,25,11.1,63.9,19.4,16.7,44.4,5.6
2025,266,New York Giants,1,13,NE,5.769230769230769,36,30.6,0.57,61.1,0.59,41.7,0.99,58.3,0.26,19.4,16.7,2.8,13.9,16.7,5.6,0,25,30.6,0,11.1,69.4,19.4,8.3,5.6
2025,267,New York Jets,1,7,CAR,6.228373702422145,36,33.3,0.27,63.9,0.24,55.6,0.26,44.4,0.48,27.8,11.1,16.7,2.8,30.6,30.6,0,25,8.3,0,13.9,80.6,5.6,11.1,2.8
2025,268,New York Jets,1,8,CIN,6.228373702422145,36,47.2,0.77,47.2,0.31,30.6,0.83,69.4,0.36,13.9,2.8,11.1,0,13.9,25,5.6,16.7,0,5.6,2.8,91.7,5.6,30.6,11.1
2025,269,New York Jets,1,15,JAX,6.228373702422145,36,36.1,1.12,50,1.35,44.4,0.87,55.6,1.5,25,11.1,13.9,5.6,27.8,16.7,2.8,16.7,13.9,2.8,8.3,91.7,0,75,13.9
2025,270,Tampa Bay Buccaneers,1,10,NE,5.5813953488372094,36,25,1.32,75,0.27,52.8,0.58,47.2,0.48,19.4,5.6,13.9,5.6,13.9,13.9,5.6,38.9,22.2,0,41.7,47.2,8.3,19.4,2.8
2025,271,Tampa Bay Buccaneers,1,12,LA,5.5813953488372094,36,30.6,1.03,69.4,0.46,69.4,0.49,30.6,0.96,25,16.7,8.3,2.8,16.7,2.8,2.8,52.8,11.1,2.8,27.8,72.2,0,33.3,13.9
2025,272,Tampa Bay Buccaneers,1,16,CAR,5.5813953488372094,36,36.1,0.87,63.9,0.24,38.9,0.56,61.1,0.41,30.6,11.1,19.4,8.3,27.8,36.1,0,11.1,16.7,0,22.2,77.8,0,8.3,2.8
2025,273,Tennessee Titans,1,7,NE,6.0402684563758395,36,19.4,0.59,77.8,0.69,47.2,0.67,52.8,0.64,33.3,30.6,2.8,0,19.4,13.9,0,27.8,16.7,19.4,22.2,77.8,0,38.9,5.6
2025,274,Tennessee Titans,1,18,JAX,6.0402684563758395,36,22.2,0.7,75,0.52,47.2,0.3,52.8,0.99,50,38.9,11.1,2.8,19.4,22.2,0,27.8,25,0,33.3,61.1,2.8,25,5.6
2025,275,Arizona Cardinals,1,12,JAX,5.5910543130990416,35,34.3,0.64,65.7,0.56,48.6,0.56,51.4,0.61,34.3,11.4,22.9,17.1,17.1,8.6,0,31.4,22.9,2.9,34.3,42.9,17.1,28.6,17.1
2025,276,Baltimore Ravens,1,5,HST,5.043227665706052,35,34.3,1.78,65.7,0.38,80,0.72,20,1.43,20,17.1,2.9,5.7,25.7,5.7,0,54.3,2.9,2.9,20,77.1,2.9,5.7,0
2025,277,Baltimore Ravens,1,14,PIT,5.043227665706052,35,37.1,1.28,51.4,0.25,51.4,0.47,48.6,0.77,25.7,8.6,17.1,17.1,20,14.3,0,31.4,2.9,2.9,14.3,57.1,28.6,37.1,11.4
2025,278,Buffalo Bills,1,3,MIA,6.60377358490566,35,20,1.27,68.6,0.16,31.4,0.14,68.6,0.5,54.3,22.9,31.4,5.7,2.9,22.9,11.4,28.6,5.7,11.4,20,45.7,34.3,31.4,8.6
2025,279,Buffalo Bills,1,4,NO,6.60377358490566,35,25.7,0.45,68.6,0.33,45.7,0.27,54.3,0.42,48.6,20,28.6,5.7,14.3,14.3,5.7,31.4,20,2.9,0,85.7,14.3,40,5.7
2025,280,Buffalo Bills,1,6,ATL,6.60377358490566,35,17.1,0,80,0.37,62.9,0.39,37.1,0.47,28.6,14.3,14.3,2.9,8.6,8.6,5.7,54.3,11.4,5.7,17.1,54.3,28.6,17.1,8.6
2025,281,Chicago Bears,1,6,WAS,5.88235294117647,35,28.6,0.83,68.6,0.51,77.1,0.67,22.9,0.86,11.4,2.9,5.7,2.9,25.7,11.4,0,51.4,5.7,0,20,71.4,8.6,31.4,8.6
2025,282,Cincinnati Bengals,1,7,PIT,5.756578947368421,35,14.3,0.86,74.3,0.59,34.3,0.02,65.7,1.06,20,20,0,8.6,5.7,11.4,0,22.9,5.7,34.3,37.1,51.4,11.4,11.4,2.9
2025,283,Dallas Cowboys,1,14,DET,5.529225908372828,35,11.4,0.55,82.9,0.33,57.1,0.38,42.9,0.58,17.1,17.1,0,0,11.4,5.7,0,45.7,31.4,0,11.4,85.7,2.9,14.3,5.7
2025,284,Denver Broncos,1,10,LV,5.014326647564469,35,22.9,0.24,77.1,0.13,34.3,0.16,65.7,0.15,22.9,8.6,14.3,5.7,5.7,2.9,2.9,28.6,25.7,20,0,88.6,11.4,20,2.9
2025,285,Detroit Lions,1,18,CHI,5.511811023622047,35,8.6,0.25,85.7,0.36,45.7,0.17,54.3,0.67,45.7,31.4,11.4,0,8.6,31.4,0,37.1,17.1,0,60,37.1,0,11.4,5.7
2025,286,Houston Texans,1,7,SEA,5.64516129032258,35,17.1,1.08,77.1,0.09,45.7,0.44,54.3,0.09,20,17.1,2.9,0,14.3,8.6,0,31.4,31.4,5.7,17.1,80,0,28.6,8.6
2025,287,Jacksonville Jaguars,1,18,TEN,4.985754985754986,35,25.7,0.19,74.3,0.1,48.6,0.19,51.4,0.06,31.4,17.1,14.3,5.7,20,11.4,0,28.6,20,14.3,20,62.9,17.1,11.4,0
2025,288,Kansas City Chiefs,1,8,WAS,6.024096385542169,35,31.4,0.26,62.9,0.19,51.4,0.3,48.6,0.36,28.6,17.1,11.4,8.6,14.3,8.6,5.7,37.1,14.3,2.9,17.1,68.6,14.3,31.4,2.9
2025,289,Kansas City Chiefs,1,14,HST,6.024096385542169,35,45.7,0.49,51.4,0.26,37.1,0.68,62.9,0.16,31.4,25.7,5.7,8.6,20,14.3,14.3,17.1,17.1,2.9,8.6,62.9,22.9,42.9,11.4
2025,290,Los Angeles Rams,1,4,IND,5.287009063444108,35,14.3,1.06,85.7,0.21,45.7,0.41,54.3,0.26,31.4,31.4,0,2.9,11.4,14.3,0,34.3,14.3,22.9,14.3,60,25.7,5.7,0
2025,291,Las Vegas Raiders,1,17,NYG,5.902192242833052,35,8.6,2.23,82.9,0.34,37.1,0.44,62.9,0.48,34.3,25.7,8.6,5.7,2.9,5.7,0,34.3,25.7,17.1,34.3,62.9,2.9,28.6,5.7
2025,292,Miami Dolphins,1,4,NYJ,5.912162162162162,35,11.4,3.56,88.6,0.37,37.1,0.3,62.9,1,42.9,14.3,28.6,5.7,2.9,34.3,2.9,34.3,8.6,11.4,17.1,80,2.9,5.7,0
2025,293,New England Patriots,1,17,NYJ,5.922165820642978,35,28.6,0.01,68.6,0.21,42.9,0.12,57.1,0.17,22.9,5.7,17.1,8.6,20,22.9,0,22.9,22.9,0,17.1,74.3,5.7,20,0
2025,294,New Orleans Saints,1,14,TB,6.140350877192982,35,40,0.24,54.3,0.44,80,0.17,20,1.01,31.4,31.4,0,0,37.1,2.9,2.9,40,5.7,5.7,2.9,82.9,8.6,42.9,5.7
2025,295,New York Giants,1,17,LV,5.6089743589743595,35,25.7,0.21,65.7,0.2,57.1,0.3,42.9,0.25,31.4,22.9,8.6,2.9,22.9,11.4,0,34.3,17.1,2.9,11.4,82.9,5.7,20,0
2025,296,New York Jets,1,13,ATL,6.055363321799308,35,51.4,0.34,42.9,0.19,45.7,0.41,54.3,0.35,11.4,2.9,8.6,5.7,28.6,11.4,14.3,17.1,14.3,0,37.1,62.9,0,37.1,5.7
2025,297,Philadelphia Eagles,1,1,DAL,5.537974683544303,35,14.3,0.23,80,0.24,42.9,0.32,57.1,0.15,34.3,34.3,0,0,11.4,11.4,2.9,31.4,14.3,22.9,8.6,80,11.4,31.4,5.7
2025,298,Philadelphia Eagles,1,3,LA,5.537974683544303,35,45.7,0.16,45.7,0.49,42.9,0.2,57.1,0.59,28.6,25.7,2.9,5.7,37.1,2.9,2.9,5.7,25.7,11.4,11.4,80,5.7,28.6,11.4
2025,299,Pittsburgh Steelers,1,2,SEA,5.087209302325581,35,42.9,0.23,51.4,0.56,51.4,0.47,48.6,0.55,31.4,22.9,8.6,5.7,25.7,2.9,5.7,22.9,22.9,2.9,34.3,48.6,5.7,31.4,8.6
2025,300,Seattle Seahawks,1,9,WAS,5.072463768115942,35,8.6,0.29,88.6,0.3,51.4,0.25,48.6,0.33,40,37.1,2.9,2.9,5.7,0,0,42.9,2.9,42.9,0,91.4,8.6,11.4,0
2025,301,Tampa Bay Buccaneers,1,18,CAR,5.426356589147287,35,17.1,0.71,74.3,0.46,65.7,0.39,34.3,0.63,28.6,14.3,14.3,2.9,11.4,17.1,0,48.6,8.6,0,22.9,68.6,8.6,2.9,0
2025,302,Tennessee Titans,1,8,IND,5.87248322147651,35,14.3,0.34,77.1,0.63,40,0.26,60,0.93,25.7,17.1,8.6,0,14.3,8.6,0,22.9,25.7,20,11.4,71.4,17.1,14.3,2.9
2025,303,Washington Commanders,1,10,DET,5.6726094003241485,35,25.7,0.76,71.4,0.54,51.4,0.9,48.6,0.51,17.1,8.6,8.6,5.7,20,14.3,0,31.4,20,5.7,34.3,62.9,2.9,20,2.9
2025,304,Atlanta Falcons,1,6,BUF,5.431309904153355,34,14.7,0.32,85.3,0.55,85.3,0.46,14.7,0.8,58.8,55.9,0,0,14.7,0,0,70.6,11.8,2.9,14.7,85.3,0,14.7,0
2025,305,Atlanta Falcons,1,14,SEA,5.431309904153355,34,52.9,0.76,41.2,0.37,44.1,0.97,55.9,0.44,23.5,23.5,0,0,38.2,0,8.8,5.9,23.5,11.8,23.5,70.6,2.9,41.2,8.8
2025,306,Baltimore Ravens,1,12,NYJ,4.899135446685879,34,29.4,0.7,70.6,0.27,64.7,0.31,35.3,0.57,52.9,35.3,17.6,8.8,20.6,11.8,0,44.1,0,14.7,5.9,52.9,41.2,11.8,2.9
2025,307,Carolina Panthers,1,6,DAL,6.017699115044247,34,32.4,1.36,55.9,0.38,50,0.97,50,0.35,35.3,32.4,2.9,5.9,23.5,2.9,0,26.5,5.9,20.6,17.6,61.8,17.6,14.7,0
2025,308,Chicago Bears,1,12,PIT,5.714285714285714,34,20.6,0.22,73.5,0.13,50,0.07,50,0.46,20.6,14.7,5.9,2.9,14.7,26.5,2.9,35.3,8.8,2.9,0,67.6,32.4,23.5,0
2025,309,Chicago Bears,1,13,PHI,5.714285714285714,34,29.4,0.55,64.7,0.49,50,0.68,50,0.27,23.5,23.5,0,17.6,11.8,20.6,0,38.2,5.9,0,0,35.3,64.7,11.8,5.9
2025,310,Cleveland Browns,1,8,NE,6.028368794326241,34,55.9,0.85,44.1,0.76,88.2,0.66,11.8,1.97,8.8,5.9,2.9,0,55.9,5.9,0,32.4,2.9,2.9,38.2,47.1,14.7,38.2,8.8
2025,311,Denver Broncos,1,1,TEN,4.871060171919771,34,38.2,0.05,61.8,0.14,52.9,0.12,47.1,0.08,11.8,0,8.8,8.8,23.5,14.7,5.9,29.4,14.7,2.9,14.7,55.9,29.4,17.6,2.9
2025,312,Green Bay Packers,1,18,MIN,5.537459283387622,34,17.6,0.27,76.5,0.33,47.1,0.36,52.9,0.19,41.2,17.6,23.5,2.9,14.7,29.4,0,32.4,8.8,5.9,26.5,73.5,0,23.5,0
2025,313,Indianapolis Colts,1,18,HST,4.885057471264368,34,17.6,0.31,70.6,0.3,55.9,0.58,44.1,0.18,26.5,5.9,20.6,5.9,11.8,20.6,0,35.3,8.8,5.9,11.8,61.8,26.5,26.5,2.9
2025,314,Jacksonville Jaguars,1,7,LA,4.843304843304843,34,41.2,1.35,55.9,0.24,67.6,0.55,32.4,1.35,32.4,26.5,5.9,5.9,35.3,11.8,0,32.4,2.9,8.8,26.5,61.8,11.8,23.5,11.8
2025,315,Kansas City Chiefs,1,5,JAX,5.851979345955249,34,20.6,0.09,67.6,0.48,61.8,0.32,38.2,1.69,41.2,38.2,2.9,0,20.6,11.8,0,41.2,11.8,2.9,17.6,73.5,8.8,23.5,5.9
2025,316,Los Angeles Rams,1,1,HST,5.13595166163142,34,35.3,0.32,64.7,0.21,70.6,0.26,29.4,0.22,52.9,35.3,17.6,0,35.3,23.5,0,35.3,2.9,2.9,0,58.8,41.2,35.3,2.9
2025,317,Los Angeles Chargers,1,10,PIT,5.772495755517826,34,35.3,0.47,61.8,0.14,23.5,0.06,76.5,0.3,17.6,14.7,2.9,0,8.8,8.8,14.7,14.7,32.4,5.9,11.8,41.2,47.1,32.4,11.8
2025,318,Las Vegas Raiders,1,11,DAL,5.733558178752108,34,11.8,1.51,85.3,0.53,55.9,0.91,44.1,0.57,26.5,17.6,8.8,2.9,5.9,20.6,2.9,50,8.8,5.9,38.2,55.9,5.9,5.9,2.9
2025,319,Miami Dolphins,1,5,CAR,5.743243243243244,34,26.5,0.66,64.7,0.17,38.2,0.39,61.8,0.44,44.1,17.6,26.5,0,17.6,23.5,2.9,20.6,11.8,8.8,14.7,76.5,5.9,17.6,5.9
2025,320,Minnesota Vikings,1,8,LAC,6.4638783269961975,34,32.4,1.01,61.8,0.49,35.3,0.65,64.7,0.84,35.3,17.6,17.6,0,26.5,17.6,2.9,8.8,23.5,11.8,23.5,41.2,29.4,17.6,5.9
2025,321,Minnesota Vikings,1,17,DET,6.4638783269961975,34,35.3,0.09,58.8,0.17,14.7,0.34,85.3,0.25,32.4,0,32.4,35.3,0,32.4,0,14.7,5.9,5.9,41.2,55.9,0,2.9,0
2025,322,New Orleans Saints,1,9,LA,5.964912280701754,34,32.4,1.73,67.6,0.36,52.9,0.66,47.1,0.96,23.5,17.6,5.9,17.6,14.7,8.8,0,38.2,17.6,2.9,38.2,52.9,8.8,11.8,5.9
2025,323,New York Jets,1,1,PIT,5.88235294117647,34,50,0.89,50,0.62,61.8,0.67,38.2,0.9,41.2,32.4,8.8,5.9,38.2,14.7,5.9,23.5,11.8,0,17.6,79.4,2.9,38.2,11.8
2025,324,Seattle Seahawks,1,13,MIN,4.9275362318840585,34,8.8,0.07,85.3,-0.05,52.9,-0.1,47.1,0.05,38.2,32.4,5.9,0,8.8,17.6,0,44.1,14.7,8.8,0,64.7,35.3,14.7,0
2025,325,San Francisco 49ers,1,12,CAR,5.3627760252365935,34,20.6,0.02,70.6,0.45,50,0.16,50,0.44,23.5,17.6,5.9,2.9,17.6,2.9,0,32.4,26.5,8.8,0,97.1,0,17.6,5.9
2025,326,Tampa Bay Buccaneers,1,5,SEA,5.271317829457364,34,20.6,0.99,76.5,0.67,29.4,1.3,70.6,0.65,29.4,5.9,23.5,2.9,5.9,17.6,8.8,23.5,32.4,2.9,32.4,64.7,0,17.6,11.8
2025,327,Tampa Bay Buccaneers,1,7,DET,5.271317829457364,34,32.4,0.52,67.6,0.28,61.8,0.46,38.2,0.19,29.4,11.8,17.6,5.9,26.5,14.7,0,35.3,11.8,5.9,41.2,58.8,0,11.8,11.8
2025,328,Tennessee Titans,1,2,LA,5.704697986577181,34,47.1,0.85,47.1,0.32,55.9,0.4,44.1,0.75,47.1,29.4,17.6,17.6,29.4,8.8,0,26.5,8.8,2.9,11.8,79.4,8.8,58.8,32.4
2025,329,Washington Commanders,1,2,GB,5.510534846029174,34,47.1,0.51,44.1,0.58,73.5,0.72,26.5,0.35,35.3,26.5,8.8,2.9,44.1,5.9,0,23.5,8.8,5.9,17.6,82.4,0,52.9,8.8
2025,330,Washington Commanders,1,3,LV,5.510534846029174,34,20.6,0.02,79.4,0.87,47.1,0.53,52.9,0.84,44.1,26.5,14.7,0,11.8,14.7,8.8,35.3,20.6,8.8,2.9,88.2,8.8,17.6,2.9
2025,331,Arizona Cardinals,1,6,IND,5.271565495207668,33,18.2,2.56,78.8,0.3,33.3,0.63,66.7,0.75,36.4,15.2,21.2,9.1,9.1,15.2,0,24.2,33.3,6.1,42.4,51.5,6.1,24.2,0
2025,332,Arizona Cardinals,1,7,GB,5.271565495207668,33,21.2,0.38,72.7,0.23,60.6,0.33,39.4,0.54,51.5,42.4,3,0,21.2,3,0,36.4,24.2,9.1,51.5,33.3,15.2,36.4,9.1
2025,333,Arizona Cardinals,1,13,TB,5.271565495207668,33,30.3,0.98,60.6,0.24,36.4,0.48,63.6,0.43,42.4,18.2,24.2,6.1,24.2,15.2,0,12.1,30.3,3,21.2,51.5,27.3,39.4,6.1
2025,334,Atlanta Falcons,1,16,ARZ,5.271565495207668,33,12.1,0.2,84.8,0.37,39.4,0.2,60.6,0.43,33.3,21.2,12.1,0,12.1,12.1,0,27.3,45.5,0,51.5,48.5,0,15.2,3
2025,335,Baltimore Ravens,1,11,CLV,4.755043227665706,33,30.3,0.07,66.7,0.21,66.7,0.25,33.3,-0.02,45.5,27.3,18.2,12.1,18.2,15.2,0,48.5,3,0,0,66.7,33.3,0,0
2025,336,Buffalo Bills,1,11,TB,6.226415094339623,33,27.3,1.39,66.7,0.21,45.5,0.91,54.5,0.22,39.4,30.3,9.1,3,24.2,6.1,0,21.2,27.3,12.1,6.1,51.5,42.4,9.1,3
2025,337,Carolina Panthers,1,1,JAX,5.84070796460177,33,12.1,0.45,84.8,0.35,66.7,0.49,33.3,0.07,60.6,54.5,6.1,0,12.1,12.1,0,54.5,15.2,3,9.1,72.7,18.2,3,0
2025,338,Carolina Panthers,1,12,SF,5.84070796460177,33,12.1,0.14,84.8,0.16,57.6,0.15,42.4,0.49,45.5,42.4,3,0,12.1,9.1,0,45.5,12.1,18.2,24.2,54.5,21.2,0,0
2025,339,Cincinnati Bengals,1,11,PIT,5.427631578947369,33,42.4,0.53,45.5,0.36,75.8,0.44,24.2,0.93,27.3,27.3,0,6.1,33.3,3,3,33.3,3,6.1,39.4,39.4,21.2,33.3,3
2025,340,Cleveland Browns,1,2,BLT,5.851063829787234,33,66.7,1.11,30.3,0.17,72.7,0.89,27.3,0.54,27.3,15.2,12.1,6.1,60.6,18.2,0,12.1,0,0,30.3,39.4,27.3,27.3,6.1
2025,341,Dallas Cowboys,1,1,PHI,5.213270142180095,33,0,,93.9,0.36,42.4,0.36,57.6,1.02,42.4,33.3,9.1,0,0,27.3,0,42.4,21.2,3,36.4,63.6,0,3,0
2025,342,Dallas Cowboys,1,16,LAC,5.213270142180095,33,45.5,0.86,51.5,0.65,72.7,0.64,27.3,0.98,24.2,12.1,12.1,0,45.5,24.2,0,27.3,0,0,24.2,75.8,0,36.4,18.2
2025,343,Indianapolis Colts,1,14,JAX,4.741379310344827,33,42.4,0.65,51.5,0.54,51.5,0.59,48.5,0.56,15.2,9.1,6.1,27.3,12.1,9.1,0,36.4,3,3,15.2,78.8,6.1,9.1,3
2025,344,Jacksonville Jaguars,1,17,IND,4.700854700854701,33,27.3,0.42,66.7,0.21,48.5,0.17,51.5,0.3,27.3,18.2,9.1,9.1,12.1,9.1,6.1,36.4,3,18.2,12.1,63.6,24.2,3,3
2025,345,Kansas City Chiefs,1,12,IND,5.679862306368331,33,21.2,0.37,66.7,0.46,42.4,0.41,57.6,0.59,36.4,30.3,6.1,6.1,15.2,12.1,0,24.2,24.2,6.1,33.3,63.6,3,39.4,3
2025,346,Kansas City Chiefs,1,15,LAC,5.679862306368331,33,57.6,0.1,42.4,0.68,48.5,0.19,51.5,0.49,42.4,33.3,9.1,6.1,33.3,9.1,9.1,15.2,15.2,3,30.3,57.6,12.1,36.4,3
2025,347,Los Angeles Chargers,1,18,DEN,5.602716468590832,33,24.2,0.3,66.7,0.37,39.4,0.47,60.6,0.23,36.4,18.2,18.2,15.2,9.1,27.3,0,30.3,9.1,0,15.2,81.8,3,12.1,0
2025,348,Miami Dolphins,1,1,IND,5.574324324324325,33,24.2,0.51,69.7,0.54,33.3,0.42,66.7,0.56,36.4,18.2,18.2,6.1,18.2,36.4,0,15.2,18.2,0,42.4,57.6,0,30.3,15.2
2025,349,Minnesota Vikings,1,10,BLT,6.273764258555133,33,24.2,0.14,66.7,0.52,33.3,0.62,66.7,0.26,24.2,9.1,15.2,15.2,9.1,18.2,0,24.2,18.2,6.1,51.5,39.4,0,30.3,0
2025,350,New England Patriots,1,11,NYJ,5.583756345177665,33,45.5,0.5,54.5,0.29,66.7,0.25,33.3,0.65,42.4,21.2,18.2,3,42.4,21.2,0,24.2,6.1,3,24.2,60.6,15.2,15.2,3
2025,351,New England Patriots,1,15,BUF,5.583756345177665,33,42.4,0.51,57.6,0.74,66.7,0.4,33.3,1.13,27.3,12.1,15.2,12.1,30.3,15.2,0,36.4,6.1,0,15.2,78.8,3,21.2,0
2025,352,New York Jets,1,3,TB,5.709342560553633,33,24.2,1.08,72.7,0.38,33.3,0.87,66.7,0.37,27.3,9.1,18.2,0,21.2,27.3,0,12.1,33.3,0,9.1,90.9,0,54.5,27.3
2025,353,New York Jets,1,5,DAL,5.709342560553633,33,36.4,0.96,63.6,0.79,57.6,0.76,42.4,0.98,42.4,33.3,9.1,12.1,21.2,12.1,3,36.4,15.2,0,6.1,81.8,9.1,63.6,9.1
2025,354,New York Jets,1,6,DEN,5.709342560553633,33,30.3,0.16,66.7,0.47,48.5,0.16,51.5,0.55,21.2,9.1,9.1,0,30.3,30.3,0,18.2,12.1,6.1,15.2,66.7,18.2,30.3,0
2025,355,Philadelphia Eagles,1,6,NYG,5.2215189873417724,33,63.6,0.91,36.4,0.23,63.6,0.98,36.4,0.12,42.4,42.4,0,15.2,48.5,0,0,15.2,12.1,9.1,33.3,66.7,0,39.4,6.1
2025,356,Pittsburgh Steelers,1,15,MIA,4.796511627906977,33,15.2,0.07,81.8,0.47,27.3,0.31,72.7,0.6,36.4,24.2,12.1,3,3,24.2,9.1,24.2,24.2,9.1,45.5,54.5,0,6.1,3
2025,357,Washington Commanders,1,6,CHI,5.348460291734198,33,30.3,0.9,66.7,0.25,57.6,0.34,42.4,0.57,30.3,9.1,21.2,12.1,18.2,15.2,0,39.4,9.1,3,6.1,81.8,12.1,33.3,12.1
2025,358,Washington Commanders,1,7,DAL,5.348460291734198,33,39.4,0.57,54.5,0.62,54.5,0.46,45.5,1,24.2,9.1,15.2,3,30.3,9.1,6.1,24.2,21.2,0,18.2,57.6,24.2,21.2,9.1
2025,359,Arizona Cardinals,1,15,HST,5.111821086261981,32,12.5,0.31,59.4,0.67,21.9,1.09,78.1,0.62,34.4,6.3,28.1,0,9.4,18.8,0,9.4,21.9,9.4,25,68.8,3.1,9.4,0
2025,360,Baltimore Ravens,1,17,GB,4.610951008645533,32,12.5,0.81,78.1,0.57,50,0.9,50,0.65,43.8,31.3,9.4,3.1,9.4,6.3,0,37.5,15.6,18.8,3.1,56.3,40.6,12.5,3.1
2025,361,Buffalo Bills,1,8,CAR,6.037735849056604,32,31.3,0.3,59.4,0.05,40.6,0.3,59.4,0.01,43.8,25,15.6,3.1,15.6,12.5,12.5,25,9.4,12.5,6.3,62.5,31.3,18.8,6.3
2025,362,Chicago Bears,1,11,MIN,5.378151260504202,32,21.9,0.22,78.1,0.26,53.1,0.12,46.9,0.4,28.1,12.5,15.6,6.3,12.5,15.6,0,40.6,15.6,6.3,0,87.5,9.4,56.3,12.5
2025,363,Cincinnati Bengals,1,6,GB,5.263157894736842,32,25,0.39,75,0.53,53.1,0.54,46.9,0.43,25,6.3,18.8,3.1,15.6,15.6,6.3,37.5,6.3,15.6,12.5,71.9,15.6,25,12.5
2025,364,Cleveland Browns,1,13,SF,5.673758865248227,32,65.6,0.35,34.4,0.32,87.5,0.37,12.5,0.17,25,21.9,3.1,6.3,59.4,3.1,0,28.1,3.1,0,37.5,43.8,18.8,40.6,12.5
2025,365,Cleveland Browns,1,15,CHI,5.673758865248227,32,46.9,0.61,50,0.58,81.3,0.38,18.8,1.54,12.5,12.5,0,6.3,40.6,3.1,0,37.5,9.4,0,40.6,31.3,15.6,12.5,6.3
2025,366,Detroit Lions,1,13,GB,5.039370078740157,32,56.3,0.89,40.6,0.76,71.9,0.43,28.1,1.79,15.6,9.4,6.3,9.4,40.6,3.1,6.3,31.3,6.3,0,59.4,37.5,0,31.3,15.6
2025,367,Houston Texans,1,1,LA,5.161290322580645,32,28.1,0.3,68.8,0.52,71.9,0.46,28.1,0.24,18.8,12.5,6.3,0,28.1,9.4,0,43.8,9.4,6.3,3.1,96.9,0,18.8,9.4
2025,368,Houston Texans,1,10,JAX,5.161290322580645,32,40.6,0.34,50,0.25,78.1,0.29,21.9,0.61,53.1,53.1,0,0,40.6,0,0,37.5,12.5,0,28.1,68.8,3.1,34.4,3.1
2025,369,Indianapolis Colts,1,2,DEN,4.597701149425287,32,31.3,1.01,59.4,0.3,62.5,0.76,37.5,0.51,15.6,9.4,6.3,9.4,21.9,9.4,0,34.4,15.6,0,15.6,59.4,25,12.5,3.1
2025,370,Jacksonville Jaguars,1,11,LAC,4.5584045584045585,32,9.4,0,90.6,0.2,34.4,0.03,65.6,0.26,18.8,12.5,6.3,3.1,3.1,6.3,0,31.3,50,3.1,3.1,81.3,15.6,15.6,6.3
2025,371,Los Angeles Chargers,1,3,DEN,5.432937181663837,32,0,,96.9,0.45,59.4,0.26,40.6,0.69,43.8,40.6,3.1,0,0,3.1,0,59.4,31.3,3.1,6.3,28.1,65.6,9.4,0
2025,372,Los Angeles Chargers,1,5,WAS,5.432937181663837,32,28.1,0.7,68.8,0.5,56.3,0.34,43.8,0.79,50,43.8,6.3,3.1,21.9,6.3,0,34.4,18.8,9.4,12.5,56.3,31.3,18.8,3.1
2025,373,Las Vegas Raiders,1,2,LAC,5.396290050590219,32,3.1,0,96.9,0.65,65.6,0.8,34.4,0.32,21.9,21.9,0,3.1,0,6.3,0,65.6,18.8,6.3,59.4,34.4,6.3,6.3,3.1
2025,374,Las Vegas Raiders,1,5,IND,5.396290050590219,32,18.8,0.89,75,0.47,56.3,0.78,43.8,0.21,25,21.9,3.1,3.1,15.6,9.4,0,40.6,25,0,71.9,18.8,9.4,12.5,6.3
2025,375,Miami Dolphins,1,3,BUF,5.405405405405405,32,40.6,0.93,59.4,0.56,46.9,0.64,53.1,0.78,46.9,25,21.9,15.6,25,28.1,0,21.9,6.3,3.1,25,71.9,3.1,37.5,3.1
2025,376,Miami Dolphins,1,8,ATL,5.405405405405405,32,28.1,0.1,71.9,0.26,40.6,0.26,59.4,0.19,46.9,21.9,25,3.1,25,37.5,0,15.6,12.5,6.3,6.3,93.8,0,21.9,6.3
2025,377,Miami Dolphins,1,11,WAS,5.405405405405405,32,34.4,0.15,65.6,0.68,62.5,0.18,37.5,1.02,40.6,21.9,18.8,6.3,25,21.9,3.1,37.5,6.3,0,12.5,87.5,0,43.8,9.4
2025,378,Minnesota Vikings,1,14,WAS,6.083650190114068,32,9.4,0.08,81.3,0.13,28.1,0.33,71.9,0.03,34.4,18.8,15.6,9.4,0,25,0,28.1,21.9,6.3,34.4,62.5,3.1,9.4,0
2025,379,New York Giants,1,5,NO,5.128205128205128,32,37.5,0.22,62.5,0.55,34.4,0.25,65.6,0.52,12.5,12.5,0,0,18.8,15.6,3.1,15.6,28.1,3.1,9.4,43.8,46.9,37.5,9.4
2025,380,Seattle Seahawks,1,18,SF,4.63768115942029,32,31.3,0.2,65.6,0.25,40.6,0.13,59.4,0.23,37.5,28.1,9.4,0,28.1,12.5,0,12.5,18.8,21.9,3.1,65.6,31.3,34.4,6.3
2025,381,San Francisco 49ers,1,4,JAX,5.047318611987381,32,21.9,0.17,68.8,0.26,46.9,0.19,53.1,0.49,43.8,40.6,3.1,0,21.9,3.1,0,25,31.3,9.4,21.9,78.1,0,15.6,9.4
2025,382,Tampa Bay Buccaneers,1,11,BUF,4.961240310077519,32,43.8,0.42,56.3,1.04,78.1,0.68,21.9,1.09,34.4,15.6,18.8,0,43.8,18.8,0,34.4,0,3.1,21.9,71.9,6.3,12.5,6.3
2025,383,Tennessee Titans,1,4,HST,5.369127516778524,32,21.9,0.89,75,0.3,53.1,0.55,46.9,0.58,43.8,25,18.8,0,21.9,18.8,0,31.3,12.5,12.5,6.3,78.1,15.6,37.5,9.4
2025,384,Tennessee Titans,1,13,JAX,5.369127516778524,32,31.3,0.24,65.6,0.62,59.4,0.22,40.6,1.18,56.3,43.8,12.5,0,28.1,12.5,0,31.3,0,21.9,12.5,68.8,18.8,9.4,3.1
2025,385,Arizona Cardinals,1,14,LA,4.952076677316294,31,19.4,0.27,71,0.79,45.2,0.66,54.8,0.83,45.2,9.7,35.5,0,19.4,25.8,0,25.8,12.9,6.5,22.6,45.2,32.3,6.5,0
2025,386,Buffalo Bills,1,2,NYJ,5.849056603773585,31,12.9,0.72,87.1,0.31,38.7,0.33,61.3,0.38,45.2,22.6,19.4,0,9.7,29,3.2,29,22.6,6.5,3.2,87.1,9.7,0,0
2025,387,Buffalo Bills,1,12,HST,5.849056603773585,31,29,0.1,64.5,0.49,48.4,0.47,51.6,0.5,41.9,25.8,16.1,0,25.8,9.7,0,22.6,16.1,16.1,16.1,48.4,35.5,29,12.9
2025,388,Carolina Panthers,1,10,NO,5.486725663716814,31,16.1,0.32,83.9,0.69,54.8,0.58,45.2,0.69,38.7,29,9.7,0,16.1,9.7,0,38.7,16.1,19.4,16.1,71,12.9,6.5,6.5
2025,389,Carolina Panthers,1,11,ATL,5.486725663716814,31,32.3,0.16,67.7,0.39,54.8,0.3,45.2,0.34,61.3,48.4,12.9,3.2,29,16.1,0,25.8,6.5,19.4,9.7,71,19.4,9.7,6.5
2025,390,Carolina Panthers,1,17,SEA,5.486725663716814,31,16.1,0.33,80.6,0.25,45.2,0.36,54.8,0.19,35.5,22.6,12.9,6.5,9.7,12.9,0,35.5,9.7,22.6,41.9,45.2,12.9,12.9,3.2
2025,391,Chicago Bears,1,16,GB,5.2100840336134455,31,12.9,1.4,77.4,0.4,48.4,0.58,51.6,0.42,16.1,6.5,9.7,3.2,9.7,16.1,0,35.5,22.6,3.2,0,100,0,6.5,0
2025,392,Cincinnati Bengals,1,16,MIA,5.098684210526316,31,19.4,0.24,80.6,0.26,71,0.23,29,0.31,41.9,32.3,9.7,0,19.4,16.1,0,51.6,12.9,0,29,58.1,12.9,12.9,9.7
2025,393,Cleveland Browns,1,3,GB,5.49645390070922,31,29,0.24,71,0.39,48.4,0.39,51.6,0.3,25.8,12.9,12.9,0,29,25.8,0,19.4,9.7,16.1,22.6,61.3,16.1,32.3,9.7
2025,394,Cleveland Browns,1,6,PIT,5.49645390070922,31,38.7,0.35,58.1,0.49,61.3,0.3,38.7,0.99,19.4,16.1,3.2,0,32.3,6.5,6.5,29,16.1,6.5,41.9,35.5,22.6,58.1,25.8
2025,395,Cleveland Browns,1,11,BLT,5.49645390070922,31,45.2,0.18,54.8,0.26,58.1,0.3,41.9,0.13,32.3,6.5,25.8,9.7,35.5,25.8,0,22.6,6.5,0,35.5,54.8,6.5,29,12.9
2025,396,Detroit Lions,1,9,MIN,4.881889763779528,31,51.6,0.8,38.7,0.22,67.7,0.86,32.3,0.15,19.4,12.9,6.5,3.2,41.9,3.2,3.2,19.4,12.9,3.2,58.1,38.7,0,41.9,19.4
2025,397,Detroit Lions,1,11,PHI,4.881889763779528,31,25.8,0.07,71,0.25,71,0.16,29,0.29,35.5,29,6.5,0,22.6,3.2,0,48.4,19.4,0,54.8,45.2,0,35.5,22.6
2025,398,Green Bay Packers,1,11,NYG,5.048859934853421,31,22.6,0.15,74.2,0.26,67.7,0.21,32.3,0.17,32.3,29,3.2,0,22.6,6.5,0,41.9,9.7,16.1,19.4,77.4,3.2,25.8,3.2
2025,399,Green Bay Packers,1,13,DET,5.048859934853421,31,19.4,1.07,80.6,0.57,45.2,0.32,54.8,0.95,29,19.4,9.7,9.7,9.7,9.7,0,35.5,16.1,19.4,19.4,80.6,0,3.2,0
2025,400,Indianapolis Colts,1,10,ATL,4.454022988505748,31,41.9,0.06,58.1,0.51,67.7,0.36,32.3,0.26,9.7,9.7,0,3.2,38.7,19.4,0,29,6.5,3.2,22.6,64.5,12.9,38.7,9.7
2025,401,Kansas City Chiefs,1,6,DET,5.335628227194492,31,25.8,0.18,71,0.69,54.8,0.72,45.2,0.33,48.4,32.3,16.1,3.2,19.4,9.7,0,35.5,19.4,6.5,29,54.8,16.1,25.8,3.2
2025,402,Kansas City Chiefs,1,16,TEN,5.335628227194492,31,29,0.32,64.5,0.56,51.6,0.5,48.4,0.68,45.2,35.5,9.7,9.7,16.1,3.2,3.2,35.5,9.7,16.1,35.5,61.3,3.2,29,3.2
2025,403,Kansas City Chiefs,1,18,LV,5.335628227194492,31,35.5,0.18,64.5,0.14,48.4,0.25,51.6,0.06,32.3,22.6,9.7,6.5,22.6,25.8,6.5,25.8,6.5,6.5,25.8,35.5,38.7,64.5,22.6
2025,404,Minnesota Vikings,1,3,CIN,5.893536121673003,31,6.5,0.04,90.3,0.05,12.9,0.16,87.1,0.18,35.5,9.7,25.8,3.2,0,48.4,3.2,12.9,6.5,22.6,48.4,29,22.6,22.6,3.2
2025,405,New Orleans Saints,1,6,NE,5.43859649122807,31,25.8,1.8,71,0.5,61.3,1.17,38.7,0.27,35.5,35.5,0,0,22.6,3.2,3.2,38.7,19.4,9.7,6.5,87.1,6.5,22.6,6.5
2025,406,New Orleans Saints,1,15,CAR,5.43859649122807,31,6.5,0.3,90.3,0.54,51.6,0.15,48.4,0.78,35.5,29,6.5,0,6.5,0,0,41.9,29,19.4,16.1,80.6,3.2,16.1,3.2
2025,407,New York Jets,1,2,BUF,5.3633217993079585,31,29,0.82,67.7,0.24,58.1,0.57,41.9,0.17,22.6,16.1,6.5,3.2,25.8,16.1,0,32.3,19.4,0,32.3,64.5,3.2,35.5,16.1
2025,408,Philadelphia Eagles,1,8,NYG,4.90506329113924,31,25.8,0.1,71,0.54,54.8,0.3,45.2,0.53,41.9,41.9,0,0,25.8,3.2,0,29,19.4,19.4,6.5,90.3,3.2,19.4,3.2
2025,409,Seattle Seahawks,1,14,ATL,4.492753623188406,31,12.9,0.38,83.9,0.11,48.4,0.29,51.6,0.01,54.8,38.7,16.1,3.2,9.7,16.1,0,38.7,9.7,19.4,0,77.4,22.6,25.8,6.5
2025,410,Seattle Seahawks,1,17,CAR,4.492753623188406,31,12.9,-0.02,77.4,0.15,45.2,0.01,54.8,0.61,32.3,29,3.2,3.2,9.7,6.5,0,35.5,19.4,16.1,3.2,80.6,9.7,61.3,6.5
2025,411,Tampa Bay Buccaneers,1,4,PHI,4.8062015503875966,31,25.8,1.68,74.2,0.19,45.2,0.45,54.8,0.69,41.9,12.9,29,12.9,12.9,22.6,0,32.3,16.1,3.2,32.3,64.5,0,32.3,9.7
2025,412,Tennessee Titans,1,16,KC,5.201342281879195,31,6.5,0,90.3,0.23,45.2,0.26,54.8,0.17,32.3,29,3.2,3.2,3.2,3.2,0,38.7,41.9,6.5,9.7,90.3,0,19.4,0
2025,413,Tennessee Titans,1,17,NO,5.201342281879195,31,19.4,0.33,80.6,0.77,41.9,0.63,58.1,0.72,29,19.4,9.7,0,16.1,12.9,3.2,25.8,35.5,6.5,9.7,87.1,3.2,19.4,3.2
2025,414,Arizona Cardinals,1,4,SEA,4.792332268370607,30,33.3,0.9,63.3,0.37,53.3,0.67,46.7,0.38,33.3,13.3,20,3.3,26.7,6.7,3.3,26.7,26.7,3.3,36.7,43.3,13.3,23.3,3.3
2025,415,Atlanta Falcons,1,2,MIN,4.792332268370607,30,33.3,-0.02,60,0.33,60,0.04,40,0.42,26.7,23.3,3.3,0,33.3,3.3,0,23.3,13.3,20,3.3,90,6.7,16.7,3.3
2025,416,Atlanta Falcons,1,4,WAS,4.792332268370607,30,16.7,0.09,76.7,0.47,73.3,0.62,26.7,0.22,40,40,0,0,16.7,3.3,0,53.3,20,0,0,100,0,16.7,0
2025,417,Carolina Panthers,1,13,LA,5.3097345132743365,30,10,0.59,80,0.41,70,0.44,30,0.6,43.3,33.3,10,0,10,3.3,0,60,3.3,13.3,13.3,80,6.7,13.3,0
2025,418,Carolina Panthers,1,16,TB,5.3097345132743365,30,26.7,1.1,73.3,0.22,60,0.33,40,0.64,43.3,33.3,10,6.7,20,20,0,40,10,3.3,0,46.7,46.7,10,3.3
2025,419,Cincinnati Bengals,1,18,CLV,4.934210526315789,30,26.7,0.03,73.3,0.25,60,0.11,40,0.3,33.3,16.7,16.7,3.3,20,13.3,0,40,0,20,16.7,66.7,16.7,50,13.3
2025,420,Houston Texans,1,4,TEN,4.838709677419355,30,16.7,0.22,80,0.18,53.3,0.3,46.7,0.05,23.3,16.7,6.7,0,16.7,6.7,0,36.7,13.3,23.3,13.3,86.7,0,43.3,6.7
2025,421,Kansas City Chiefs,1,9,BUF,5.163511187607573,30,23.3,0.92,76.7,0.39,56.7,0.64,43.3,0.36,43.3,33.3,10,6.7,16.7,10,0,40,16.7,10,10,76.7,13.3,40,6.7
2025,422,Los Angeles Chargers,1,4,NYG,5.093378607809847,30,23.3,0.89,70,0.23,56.7,0.24,43.3,0.54,50,46.7,3.3,6.7,10,6.7,3.3,46.7,13.3,3.3,3.3,73.3,23.3,10,3.3
2025,423,Las Vegas Raiders,1,10,DEN,5.059021922428331,30,13.3,0.84,86.7,0.18,73.3,0.12,26.7,0.67,53.3,46.7,6.7,0,10,6.7,0,63.3,3.3,13.3,13.3,70,16.7,16.7,3.3
2025,424,Miami Dolphins,1,2,NE,5.0675675675675675,30,33.3,1.49,60,0.36,43.3,0.41,56.7,1.22,50,20,30,10,20,23.3,3.3,23.3,6.7,6.7,36.7,63.3,0,3.3,0
2025,425,Miami Dolphins,1,15,PIT,5.0675675675675675,30,16.7,1.2,83.3,0.44,56.7,0.77,43.3,0.3,43.3,30,13.3,0,16.7,40,0,40,0,3.3,20,80,0,6.7,0
2025,426,Minnesota Vikings,1,13,SEA,5.7034220532319395,30,10,0.24,86.7,0.13,36.7,0.18,63.3,0.11,23.3,16.7,6.7,0,3.3,13.3,6.7,33.3,23.3,16.7,46.7,46.7,0,20,0
2025,427,New England Patriots,1,6,NO,5.0761421319796955,30,30,0.25,70,0.33,56.7,0.34,43.3,0.25,40,26.7,13.3,0,30,13.3,0,26.7,30,0,16.7,83.3,0,13.3,3.3
2025,428,New England Patriots,1,13,NYG,5.0761421319796955,30,23.3,0.17,76.7,0.45,46.7,0.22,53.3,0.53,20,16.7,3.3,3.3,20,43.3,0,26.7,6.7,0,13.3,76.7,10,20,6.7
2025,429,New England Patriots,1,18,MIA,5.0761421319796955,30,16.7,0.32,76.7,0.16,56.7,0.28,43.3,0.36,36.7,23.3,13.3,0,16.7,13.3,0,40,20,3.3,50,43.3,6.7,16.7,3.3
2025,430,New York Jets,1,18,BUF,5.190311418685121,30,30,1.53,66.7,0.67,66.7,1.1,33.3,0.53,16.7,3.3,13.3,10,20,16.7,0,46.7,0,3.3,23.3,76.7,0,56.7,13.3
2025,431,Philadelphia Eagles,1,15,LV,4.746835443037975,30,36.7,0.13,63.3,0.05,80,0.07,20,0.12,80,80,0,0,36.7,0,0,43.3,20,0,3.3,96.7,0,33.3,6.7
2025,432,San Francisco 49ers,1,13,CLV,4.73186119873817,30,6.7,0.36,93.3,0.35,53.3,0.17,46.7,0.57,30,23.3,6.7,0,6.7,0,0,46.7,36.7,10,6.7,93.3,0,13.3,0
2025,433,San Francisco 49ers,1,18,SEA,4.73186119873817,30,16.7,0.4,80,0.29,56.7,0.33,43.3,0.27,30,30,0,3.3,13.3,10,0,43.3,16.7,10,26.7,70,0,33.3,3.3
2025,434,Tampa Bay Buccaneers,1,2,HST,4.651162790697675,30,36.7,0.31,60,0.64,56.7,0.69,43.3,0.25,13.3,3.3,10,10,13.3,3.3,13.3,43.3,10,3.3,30,70,0,13.3,3.3
2025,435,Baltimore Ravens,1,3,DET,4.178674351585014,29,37.9,0.64,55.2,0.34,58.6,0.53,41.4,0.3,31,27.6,3.4,3.4,34.5,13.8,0,24.1,6.9,10.3,0,86.2,10.3,24.1,3.4
2025,436,Baltimore Ravens,1,6,LA,4.178674351585014,29,34.5,0.61,62.1,0.25,55.2,0.29,44.8,0.45,31,20.7,10.3,10.3,24.1,17.2,0,31,3.4,10.3,10.3,86.2,3.4,13.8,3.4
2025,437,Buffalo Bills,1,15,NE,5.471698113207547,29,34.5,0.43,65.5,0.55,31,0.58,69,0.47,27.6,10.3,17.2,0,20.7,31,13.8,10.3,10.3,13.8,6.9,82.8,10.3,44.8,10.3
2025,438,Buffalo Bills,1,17,PHI,5.471698113207547,29,37.9,0.52,62.1,0.17,37.9,0.14,62.1,0.4,27.6,17.2,10.3,6.9,24.1,17.2,3.4,13.8,27.6,3.4,17.2,72.4,10.3,65.5,31
2025,439,Carolina Panthers,1,2,ARZ,5.132743362831858,29,0,,89.7,0.45,44.8,0.51,55.2,0.54,37.9,31,6.9,0,0,13.8,0,44.8,17.2,13.8,24.1,24.1,51.7,6.9,3.4
2025,440,Chicago Bears,1,2,DET,4.873949579831933,29,10.3,0.37,86.2,1.15,34.5,1.77,65.5,0.86,13.8,10.3,3.4,0,6.9,34.5,3.4,27.6,20.7,3.4,27.6,58.6,13.8,24.1,17.2
2025,441,Cincinnati Bengals,1,3,MIN,4.769736842105264,29,31,0.12,65.5,0.59,69,0.54,31,0.62,58.6,48.3,10.3,0,27.6,10.3,3.4,41.4,3.4,10.3,3.4,82.8,13.8,37.9,17.2
2025,442,Cleveland Browns,1,14,TEN,5.141843971631205,29,41.4,0.51,58.6,0.32,82.8,0.5,17.2,-0.06,17.2,6.9,10.3,0,37.9,13.8,3.4,44.8,0,0,20.7,62.1,13.8,34.5,10.3
2025,443,Dallas Cowboys,1,3,CHI,4.581358609794629,29,10.3,2.43,79.3,0.71,72.4,1.11,27.6,0.6,24.1,20.7,3.4,3.4,6.9,6.9,0,65.5,3.4,3.4,10.3,89.7,0,6.9,6.9
2025,444,Dallas Cowboys,1,8,DEN,4.581358609794629,29,31,1.19,65.5,0.75,55.2,1.05,44.8,0.62,6.9,6.9,0,6.9,24.1,20.7,0,31,6.9,6.9,10.3,86.2,3.4,17.2,3.4
2025,445,Denver Broncos,1,4,CIN,4.154727793696275,29,37.9,0.18,62.1,0.18,34.5,0.15,65.5,0.2,20.7,3.4,13.8,3.4,20.7,34.5,10.3,13.8,0,13.8,0,51.7,48.3,44.8,17.2
2025,446,Denver Broncos,1,6,NYJ,4.154727793696275,29,41.4,0.04,58.6,0.18,69,0.15,31,0.04,27.6,13.8,13.8,10.3,31,13.8,0,37.9,6.9,0,20.7,65.5,13.8,20.7,3.4
2025,447,Green Bay Packers,1,10,PHI,4.723127035830619,29,17.2,0.45,82.8,0.44,48.3,0.61,51.7,0.28,17.2,10.3,3.4,0,17.2,6.9,0,31,13.8,31,31,65.5,0,6.9,0
2025,448,Jacksonville Jaguars,1,6,SEA,4.131054131054131,29,10.3,1.48,89.7,0.61,44.8,0.51,55.2,0.86,31,13.8,17.2,3.4,6.9,3.4,0,37.9,17.2,31,41.4,27.6,31,10.3,3.4
2025,449,New Orleans Saints,1,13,MIA,5.087719298245614,29,0,,89.7,0.23,55.2,0.3,44.8,0.09,24.1,17.2,6.9,0,0,0,0,55.2,17.2,17.2,24.1,72.4,3.4,6.9,3.4
2025,450,New York Giants,1,11,GB,4.647435897435898,29,58.6,0.84,41.4,0.44,48.3,0.54,51.7,0.81,10.3,3.4,6.9,6.9,41.4,6.9,10.3,6.9,27.6,0,37.9,62.1,0,48.3,13.8
2025,451,New York Giants,1,16,MIN,4.647435897435898,29,17.2,-0.14,72.4,0.28,51.7,0.18,48.3,0.7,24.1,20.7,3.4,0,17.2,17.2,0,34.5,17.2,3.4,13.8,55.2,31,20.7,3.4
2025,452,New York Jets,1,12,BLT,5.017301038062284,29,24.1,0.17,72.4,0.3,34.5,0.33,65.5,0.22,13.8,0,13.8,10.3,13.8,31,0,20.7,20.7,0,20.7,72.4,3.4,48.3,10.3
2025,453,San Francisco 49ers,1,15,TEN,4.574132492113565,29,17.2,0.02,75.9,0.49,37.9,0.63,62.1,0.44,13.8,6.9,6.9,3.4,13.8,6.9,0,20.7,31,17.2,0,96.6,0,10.3,3.4
2025,454,Washington Commanders,1,14,MIN,4.700162074554295,29,10.3,1.41,86.2,0.5,24.1,1.42,75.9,0.49,31,13.8,17.2,0,10.3,10.3,0,13.8,37.9,24.1,37.9,55.2,6.9,10.3,3.4
2025,455,Atlanta Falcons,1,7,SF,4.472843450479233,28,25,0.21,75,0.21,75,0.24,25,0.13,35.7,25,10.7,0,25,7.1,0,50,7.1,10.7,32.1,64.3,3.6,17.9,0
2025,456,Atlanta Falcons,1,8,MIA,4.472843450479233,28,14.3,1.18,82.1,0.66,67.9,0.93,32.1,0.72,42.9,32.1,10.7,0,14.3,7.1,0,53.6,10.7,10.7,46.4,53.6,0,14.3,0
2025,457,Carolina Panthers,1,18,TB,4.95575221238938,28,17.9,0.54,78.6,0.52,60.7,0.68,39.3,0.24,53.6,32.1,21.4,3.6,14.3,28.6,0,42.9,0,7.1,7.1,53.6,39.3,7.1,0
2025,458,Cincinnati Bengals,1,5,DET,4.605263157894736,28,10.7,2.13,82.1,0.46,50,0.63,50,1.19,25,14.3,10.7,0,10.7,28.6,0,39.3,0,14.3,39.3,50,10.7,0,0
2025,459,Cleveland Browns,1,1,CIN,4.964539007092199,28,28.6,0.14,67.9,0.19,53.6,0.17,46.4,0.49,28.6,14.3,14.3,0,28.6,25,0,25,7.1,10.7,21.4,46.4,28.6,46.4,10.7
2025,460,Houston Texans,1,13,IND,4.516129032258064,28,28.6,1.22,71.4,0.31,53.6,0.9,46.4,0.19,25,10.7,14.3,10.7,17.9,3.6,0,35.7,10.7,21.4,3.6,96.4,0,21.4,3.6
2025,461,Los Angeles Chargers,1,13,LV,4.753820033955857,28,28.6,0.73,67.9,0.18,53.6,0.22,46.4,0.8,28.6,25,3.6,10.7,14.3,3.6,0,39.3,17.9,7.1,7.1,78.6,14.3,17.9,0
2025,462,Los Angeles Chargers,1,17,HST,4.753820033955857,28,28.6,-0.05,71.4,0.81,35.7,0.24,64.3,0.74,32.1,14.3,17.9,10.7,17.9,21.4,0,17.9,25,7.1,14.3,57.1,28.6,7.1,0
2025,463,Las Vegas Raiders,1,13,LAC,4.721753794266442,28,14.3,0.12,82.1,0.42,67.9,0.66,32.1,0.22,35.7,25,10.7,0,14.3,7.1,0,50,14.3,10.7,25,60.7,14.3,17.9,7.1
2025,464,Miami Dolphins,1,18,NE,4.72972972972973,28,21.4,1.13,71.4,0.46,60.7,0.71,39.3,0.43,39.3,21.4,17.9,3.6,14.3,25,0,46.4,0,0,35.7,57.1,3.6,21.4,3.6
2025,465,New Orleans Saints,1,4,BUF,4.912280701754386,28,39.3,0.17,57.1,1.39,67.9,0.86,32.1,0.93,14.3,14.3,0,7.1,32.1,3.6,0,35.7,10.7,7.1,14.3,82.1,3.6,35.7,3.6
2025,466,New York Giants,1,9,SF,4.487179487179487,28,32.1,1.06,60.7,0.41,82.1,0.71,17.9,0.08,35.7,32.1,3.6,0,32.1,0,0,50,10.7,0,53.6,46.4,0,39.3,21.4
2025,467,New York Jets,1,17,NE,4.844290657439446,28,32.1,2.27,64.3,0.5,46.4,1.73,53.6,0.73,25,7.1,17.9,3.6,28.6,28.6,0,17.9,17.9,0,21.4,75,0,35.7,10.7
2025,468,Philadelphia Eagles,1,18,WAS,4.430379746835443,28,25,1.7,67.9,0.32,35.7,0.33,64.3,0.85,14.3,14.3,0,7.1,17.9,0,0,17.9,28.6,21.4,21.4,78.6,0,21.4,7.1
2025,469,Pittsburgh Steelers,1,17,CLV,4.069767441860465,28,25,0.46,75,0.4,57.1,0.25,42.9,0.63,35.7,21.4,14.3,0,25,21.4,0,32.1,17.9,3.6,42.9,57.1,0,21.4,10.7
2025,470,Seattle Seahawks,1,11,LA,4.057971014492753,28,39.3,0.86,60.7,0.16,67.9,0.39,32.1,0.53,50,50,0,10.7,28.6,7.1,0,39.3,7.1,7.1,7.1,50,35.7,25,7.1
2025,471,Seattle Seahawks,1,15,IND,4.057971014492753,28,42.9,0.47,57.1,0.14,46.4,0.19,53.6,0.36,53.6,42.9,10.7,3.6,32.1,10.7,0,14.3,14.3,17.9,0,46.4,53.6,17.9,0
2025,472,Washington Commanders,1,4,ATL,4.538087520259319,28,14.3,1.38,85.7,0.6,64.3,0.9,35.7,0.38,25,17.9,7.1,0,14.3,21.4,0,50,7.1,7.1,3.6,89.3,7.1,25,7.1
2025,473,Arizona Cardinals,1,11,SF,4.313099041533546,27,22.2,2.29,66.7,0.32,55.6,1.12,44.4,0.27,22.2,7.4,14.8,3.7,18.5,11.1,0,25.9,25.9,3.7,25.9,59.3,14.8,25.9,0
2025,474,Atlanta Falcons,1,3,CAR,4.313099041533546,27,22.2,0.35,77.8,0.45,74.1,0.49,25.9,0.25,44.4,33.3,11.1,0,22.2,0,0,51.9,22.2,3.7,14.8,81.5,3.7,7.4,0
2025,475,Cleveland Browns,1,4,DET,4.787234042553192,27,33.3,1.11,66.7,0.21,70.4,0.35,29.6,0.89,11.1,7.4,3.7,3.7,29.6,11.1,0,40.7,7.4,7.4,14.8,77.8,7.4,22.2,7.4
2025,476,Dallas Cowboys,1,6,CAR,4.265402843601896,27,14.8,1.25,85.2,0.64,44.4,0.66,55.6,0.79,29.6,11.1,18.5,3.7,11.1,40.7,0,33.3,7.4,3.7,37,59.3,3.7,7.4,0
2025,477,Dallas Cowboys,1,17,WAS,4.265402843601896,27,29.6,0.54,66.7,0.26,55.6,0.43,44.4,0.2,18.5,14.8,3.7,0,25.9,22.2,0,29.6,7.4,7.4,7.4,92.6,0,14.8,3.7
2025,478,Miami Dolphins,1,9,BLT,4.5608108108108105,27,18.5,2.92,70.4,0.36,40.7,1.34,59.3,0.69,44.4,18.5,25.9,3.7,14.8,33.3,0,25.9,7.4,3.7,40.7,59.3,0,18.5,7.4
2025,479,New Orleans Saints,1,7,CHI,4.736842105263158,27,22.2,0.44,77.8,0.15,66.7,0.2,33.3,0.26,33.3,22.2,11.1,7.4,14.8,11.1,0,51.9,7.4,7.4,11.1,88.9,0,18.5,0
2025,480,New Orleans Saints,1,8,TB,4.736842105263158,27,29.6,0.12,66.7,0.23,63,0.07,37,0.38,55.6,48.1,3.7,3.7,22.2,11.1,0,40.7,7.4,7.4,29.6,63,7.4,55.6,11.1
2025,481,New Orleans Saints,1,10,CAR,4.736842105263158,27,22.2,0.11,77.8,0.16,59.3,0.19,40.7,0.08,33.3,33.3,0,0,22.2,3.7,0,37,33.3,3.7,11.1,85.2,3.7,14.8,0
2025,482,New Orleans Saints,1,12,ATL,4.736842105263158,27,11.1,0.21,81.5,0.48,40.7,0.23,59.3,0.82,37,25.9,11.1,0,7.4,18.5,3.7,33.3,29.6,0,33.3,63,3.7,7.4,0
2025,483,New York Giants,1,8,PHI,4.326923076923077,27,51.9,1.55,48.1,0.26,70.4,0.74,29.6,1.4,22.2,11.1,11.1,11.1,40.7,11.1,0,29.6,7.4,0,25.9,66.7,7.4,33.3,0
2025,484,New York Jets,1,4,MIA,4.671280276816609,27,37,1.16,59.3,0.25,37,0.43,63,0.67,22.2,3.7,18.5,11.1,18.5,29.6,7.4,18.5,7.4,3.7,3.7,77.8,18.5,55.6,14.8
2025,485,Pittsburgh Steelers,1,13,BUF,3.9244186046511627,27,25.9,0.73,70.4,0.26,70.4,0.38,29.6,0.37,37,29.6,7.4,3.7,18.5,3.7,0,51.9,14.8,0,40.7,48.1,3.7,40.7,14.8
2025,486,Tennessee Titans,1,3,IND,4.530201342281879,27,3.7,1.16,96.3,0.53,33.3,0.5,66.7,0.58,37,25.9,11.1,0,3.7,25.9,0,29.6,22.2,18.5,22.2,70.4,7.4,44.4,7.4
2025,487,Tennessee Titans,1,12,SEA,4.530201342281879,27,22.2,1.27,66.7,0.55,63,0.95,37,0.16,25.9,18.5,7.4,0,18.5,3.7,3.7,44.4,14.8,3.7,25.9,70.4,3.7,37,14.8
2025,488,Chicago Bears,1,14,GB,4.369747899159663,26,46.2,1.09,53.8,0.52,46.2,0.74,53.8,0.82,11.5,11.5,0,3.8,38.5,23.1,0,7.7,11.5,11.5,0,84.6,15.4,30.8,0
2025,489,Dallas Cowboys,1,15,MIN,4.107424960505529,26,42.3,1.05,50,0.53,46.2,0.66,53.8,0.75,26.9,7.7,19.2,7.7,30.8,23.1,0,15.4,7.7,3.8,23.1,76.9,0,34.6,7.7
2025,490,Detroit Lions,1,10,WAS,4.094488188976378,26,38.5,1,61.5,0.52,46.2,0.55,53.8,0.84,34.6,11.5,23.1,3.8,34.6,23.1,0,11.5,23.1,3.8,61.5,38.5,0,46.2,15.4
2025,491,Houston Texans,1,16,LV,4.193548387096775,26,23.1,1.13,73.1,0.21,57.7,0.98,42.3,0.04,19.2,11.5,7.7,3.8,19.2,7.7,0,34.6,15.4,15.4,3.8,96.2,0,42.3,0
2025,492,Los Angeles Rams,1,9,NO,3.927492447129909,26,19.2,0.36,73.1,0.2,57.7,0.2,42.3,0.64,42.3,34.6,7.7,0,19.2,3.8,0,38.5,19.2,11.5,11.5,57.7,30.8,19.2,15.4
2025,493,Los Angeles Chargers,1,9,TEN,4.4142614601018675,26,7.7,0,88.5,0.27,50,0.3,50,0.2,38.5,38.5,0,0,7.7,15.4,0,42.3,23.1,7.7,3.8,65.4,30.8,11.5,3.8
2025,494,Minnesota Vikings,1,7,PHI,4.942965779467681,26,19.2,2.46,80.8,0.61,26.9,1.15,73.1,0.89,38.5,7.7,30.8,7.7,7.7,42.3,3.8,19.2,11.5,7.7,0,73.1,26.9,15.4,11.5
2025,495,New York Giants,1,15,WAS,4.166666666666666,26,34.6,0.37,65.4,0.67,57.7,0.32,42.3,0.91,26.9,19.2,7.7,3.8,30.8,3.8,0,26.9,30.8,3.8,7.7,76.9,15.4,26.9,11.5
2025,496,New York Giants,1,18,DAL,4.166666666666666,26,15.4,0.59,61.5,0.14,38.5,0.39,61.5,0.14,26.9,23.1,3.8,0,11.5,15.4,0,19.2,23.1,3.8,3.8,88.5,7.7,34.6,15.4
2025,497,Buffalo Bills,1,13,PIT,4.716981132075472,25,20,0,80,0.13,32,-0.05,68,0.18,20,8,8,4,12,8,4,20,24,28,28,64,8,60,20
2025,498,Carolina Panthers,1,8,BUF,4.424778761061947,25,8,0.74,92,0.43,68,0.6,32,0.15,52,48,4,0,8,4,0,60,16,12,20,76,4,0,0
2025,499,Chicago Bears,1,8,BLT,4.201680672268908,25,40,1.05,60,0.26,80,0.34,20,1.52,20,12,8,8,32,12,0,48,0,0,28,72,0,20,0
2025,500,Denver Broncos,1,17,KC,3.5816618911174785,25,24,0.07,68,0.18,60,0.42,40,0.14,24,20,4,4,16,8,0,40,0,20,20,44,36,28,8
2025,501,Detroit Lions,1,17,MIN,3.937007874015748,25,20,0.1,80,0.16,60,0.2,40,0.07,48,40,8,4,16,24,0,44,0,12,44,56,0,20,4
2025,502,Green Bay Packers,1,12,MIN,4.071661237785016,25,0,,100,0.1,16,0.28,84,0.06,32,12,20,0,0,40,0,16,20,24,16,84,0,20,4
2025,503,Kansas City Chiefs,1,2,PHI,4.3029259896729775,25,40,0.21,60,0.2,20,0.18,80,0.21,36,8,20,32,0,12,8,20,24,4,16,72,12,64,24
2025,504,Minnesota Vikings,1,4,PIT,4.752851711026616,25,20,0.26,68,0.68,40,0.26,60,0.69,36,24,12,0,8,12,12,32,4,20,56,40,4,36,4
2025,505,Philadelphia Eagles,1,16,WAS,3.9556962025316458,25,16,0.34,80,0.16,44,0.25,56,0.13,28,28,0,4,12,4,0,32,20,24,8,92,0,8,4
2025,506,Pittsburgh Steelers,1,1,NYJ,3.6337209302325584,25,28,0.95,68,0.37,72,0.64,28,0.33,24,20,4,4,24,8,0,48,12,0,12,84,0,12,0
2025,507,San Francisco 49ers,1,1,SEA,3.943217665615142,25,20,0.05,72,0.29,64,0.18,36,0.17,48,48,0,0,20,0,0,44,20,8,16,84,0,24,0
2025,508,San Francisco 49ers,1,6,TB,3.943217665615142,25,20,1.07,80,0.72,60,0.96,40,0.53,52,52,0,0,20,4,0,40,8,28,12,88,0,24,4
2025,509,Tampa Bay Buccaneers,1,17,MIA,3.875968992248062,25,20,-0.02,76,0.59,40,0.16,60,0.93,28,0,28,0,8,20,8,32,20,4,36,64,0,4,0
2025,510,Tennessee Titans,1,6,LV,4.194630872483222,25,16,0.59,72,0.19,20,0.57,80,0.36,8,8,0,4,12,8,0,8,40,16,4,80,12,24,0
2025,511,Buffalo Bills,1,18,NYJ,4.528301886792453,24,25,0.13,75,0.34,66.7,0.37,33.3,0.12,25,20.8,4.2,0,20.8,8.3,4.2,45.8,12.5,8.3,25,75,0,33.3,8.3
2025,512,Chicago Bears,1,1,MIN,4.033613445378151,24,50,1,50,0.15,41.7,0.67,58.3,0.51,20.8,12.5,8.3,4.2,29.2,16.7,16.7,12.5,12.5,8.3,12.5,62.5,20.8,50,4.2
2025,513,Green Bay Packers,1,17,BLT,3.908794788273615,24,20.8,1.2,75,0.27,45.8,0.37,54.2,0.52,25,16.7,8.3,4.2,16.7,8.3,0,25,16.7,25,58.3,37.5,4.2,41.7,12.5
2025,514,Los Angeles Rams,1,13,CAR,3.625377643504532,24,16.7,1.49,83.3,0.85,54.2,1.19,45.8,0.67,45.8,25,20.8,0,16.7,20.8,0,37.5,16.7,8.3,16.7,66.7,16.7,8.3,4.2
2025,515,Los Angeles Chargers,1,11,JAX,4.074702886247878,24,8.3,2.18,91.7,0.24,41.7,0.27,58.3,0.5,37.5,29.2,8.3,4.2,4.2,16.7,0,37.5,37.5,0,20.8,70.8,8.3,12.5,4.2
2025,516,Minnesota Vikings,1,2,ATL,4.562737642585551,24,29.2,0.09,66.7,0.23,25,0.12,75,0.2,33.3,16.7,16.7,8.3,12.5,20.8,4.2,12.5,8.3,25,58.3,25,16.7,16.7,4.2
2025,517,Minnesota Vikings,1,12,GB,4.562737642585551,24,8.3,0.12,91.7,0.31,58.3,0.34,41.7,0.24,16.7,16.7,0,0,8.3,20.8,0,50,16.7,4.2,25,70.8,4.2,29.2,0
2025,518,New England Patriots,1,3,PIT,4.060913705583756,24,29.2,1.34,70.8,0.21,54.2,0.72,45.8,0.32,37.5,33.3,4.2,0,25,20.8,4.2,29.2,16.7,4.2,8.3,75,16.7,54.2,16.7
2025,519,Tampa Bay Buccaneers,1,14,NO,3.7209302325581395,24,12.5,2.58,87.5,0.21,50,0.69,50,0.32,20.8,8.3,12.5,4.2,4.2,12.5,4.2,45.8,20.8,8.3,25,70.8,4.2,41.7,12.5
2025,520,Washington Commanders,1,9,SEA,3.889789303079417,24,45.8,1.11,54.2,1.23,62.5,1.3,37.5,0.96,12.5,4.2,8.3,8.3,33.3,12.5,0,29.2,4.2,8.3,16.7,54.2,25,33.3,25
2025,521,Chicago Bears,1,4,LV,3.865546218487395,23,43.5,0.37,39.1,0.5,43.5,0.41,56.5,0.66,21.7,4.3,17.4,4.3,30.4,8.7,8.7,13,13,4.3,13,73.9,13,13,0
2025,522,Cleveland Browns,1,16,BUF,4.078014184397164,23,78.3,0.24,21.7,0.4,91.3,0.29,8.7,0.12,8.7,4.3,4.3,4.3,73.9,4.3,0,17.4,0,0,56.5,26.1,17.4,8.7,4.3
2025,523,Detroit Lions,1,1,GB,3.622047244094488,23,56.5,0.87,43.5,0.45,65.2,0.66,34.8,0.74,30.4,21.7,8.7,0,39.1,13,13,26.1,4.3,0,73.9,26.1,0,52.2,17.4
2025,524,Green Bay Packers,1,9,CAR,3.7459283387622153,23,43.5,0.07,56.5,0.25,52.2,0.08,47.8,0.28,39.1,34.8,4.3,4.3,39.1,8.7,0,13,21.7,13,17.4,82.6,0,13,0
2025,525,Las Vegas Raiders,1,3,WAS,3.87858347386172,23,4.3,0,91.3,0.88,69.6,1.06,30.4,0.21,39.1,26.1,13,0,4.3,21.7,0,65.2,4.3,0,69.6,26.1,4.3,21.7,0
2025,526,Miami Dolphins,1,7,CLV,3.885135135135135,23,30.4,0.25,69.6,0.26,52.2,0.28,47.8,0.23,30.4,17.4,13,0,21.7,30.4,4.3,30.4,0,8.7,39.1,60.9,0,13,4.3
2025,527,Washington Commanders,1,11,MIA,3.727714748784441,23,4.3,0.72,78.3,0.28,43.5,0.39,56.5,0.22,34.8,13,17.4,0,4.3,21.7,0,34.8,21.7,0,26.1,47.8,21.7,17.4,4.3
2025,528,Buffalo Bills,1,1,BLT,4.150943396226415,22,27.3,0.48,72.7,0.96,50,0.35,50,1.31,36.4,27.3,9.1,4.5,22.7,18.2,0,27.3,9.1,18.2,9.1,81.8,9.1,36.4,13.6
2025,529,Carolina Panthers,1,4,NE,3.893805309734513,22,13.6,0.84,72.7,1,68.2,1.48,31.8,0.14,40.9,36.4,4.5,4.5,9.1,4.5,0,50,4.5,13.6,27.3,59.1,9.1,4.5,0
2025,530,Las Vegas Raiders,1,15,PHI,3.709949409780776,22,27.3,1.58,72.7,0.81,63.6,1.2,36.4,0.7,36.4,22.7,13.6,13.6,9.1,9.1,4.5,54.5,4.5,4.5,59.1,36.4,4.5,27.3,4.5
2025,531,New England Patriots,1,16,BLT,3.7225042301184432,22,31.8,0.22,68.2,0.29,63.6,0.29,36.4,0.24,45.5,22.7,22.7,0,31.8,18.2,0,31.8,9.1,9.1,31.8,50,13.6,9.1,9.1
2025,532,New York Jets,1,14,MIA,3.8062283737024223,22,27.3,0.73,68.2,0.31,63.6,0.27,36.4,0.66,4.5,0,4.5,9.1,18.2,22.7,0,45.5,0,0,54.5,36.4,0,40.9,9.1
2025,533,Buffalo Bills,1,10,MIA,3.9622641509433962,21,9.5,0.58,90.5,0.62,66.7,0.74,33.3,0.37,42.9,38.1,4.8,0,9.5,9.5,0,57.1,4.8,19,23.8,57.1,19,42.9,14.3
2025,534,Houston Texans,1,5,BLT,3.387096774193549,21,19,0.96,81,0.02,52.4,0.29,47.6,0.1,23.8,9.5,14.3,0,19,9.5,0,33.3,23.8,14.3,23.8,76.2,0,4.8,4.8
2025,535,Las Vegas Raiders,1,12,CLV,3.541315345699832,21,9.5,1.04,90.5,0.44,57.1,0.09,42.9,1.03,19,9.5,9.5,9.5,0,19,0,57.1,4.8,9.5,47.6,23.8,28.6,14.3,4.8
2025,536,New Orleans Saints,1,3,SEA,3.684210526315789,21,9.5,2.28,90.5,0.67,85.7,0.84,14.3,0.73,19,19,0,0,9.5,4.8,0,76.2,9.5,0,42.9,52.4,4.8,57.1,4.8
2025,537,Pittsburgh Steelers,1,18,BLT,3.0523255813953485,21,47.6,1.22,52.4,0.75,57.1,0.18,42.9,2.04,57.1,23.8,33.3,9.5,38.1,33.3,0,19,0,0,42.9,57.1,0,28.6,0
2025,538,Kansas City Chiefs,1,7,LV,3.4423407917383817,20,20,0.03,80,0.19,55,0.1,45,0.22,45,35,10,0,20,35,0,35,5,5,30,45,25,45,5
2025,539,Los Angeles Rams,1,17,ATL,3.0211480362537766,20,20,0.13,80,0.53,55,0.6,45,0.27,70,30,40,0,20,35,0,35,0,10,25,60,15,5,5
2025,540,Minnesota Vikings,1,16,NYG,3.6121673003802277,19,0,,84.2,0.05,31.6,0.16,68.4,-0.02,42.1,10.5,31.6,0,0,47.4,0,31.6,5.3,0,21.1,78.9,0,15.8,0
2025,541,Cincinnati Bengals,1,15,BLT,2.9605263157894735,18,22.2,1.58,77.8,0.66,66.7,0.44,33.3,1.73,38.9,27.8,11.1,11.1,11.1,16.7,0,55.6,5.6,0,33.3,55.6,11.1,27.8,0
2025,542,Minnesota Vikings,1,18,GB,3.2319391634980987,17,5.9,0,88.2,0.2,47.1,0.31,52.9,0.07,23.5,17.6,5.9,5.9,0,17.6,0,47.1,11.8,11.8,47.1,52.9,0,23.5,5.9
2025,543,Cleveland Browns,1,10,NYJ,2.8368794326241136,16,50,0.77,50,0.15,68.8,0.04,31.3,1.38,56.3,31.3,25,6.3,43.8,18.8,0,25,6.3,0,6.3,68.8,18.8,12.5,6.3
2025,544,Arizona Cardinals,1,10,SEA,2.07667731629393,13,15.4,0.06,84.6,0.82,38.5,0.45,61.5,0.86,46.2,15.4,30.8,0,15.4,15.4,0,23.1,30.8,15.4,46.2,46.2,7.7,15.4,7.7
Exported from Data Suite 2.0 by michaelgingrave (user 380) on 2026-09-10 04:21 UTC,,,,,,,,,,,,,,,,,,,,,,,,,,,,,,