,Player Details,Player Details,Player Details,Player Details,Player Details,Splits,Splits,Splits,Passing,Passing,Passing,Passing,Passing,Passing,Passing,Passing,Passing,Passing,Passing,Passing,Passing,Passing,Total Rushing,Total Rushing,Total Rushing,Scrambles,Scrambles,Scrambles,FP,FP,FP,FP,FP
Season,Rank,Name,Team,POS,G,WEEK,OPP,DB %,DB,ATT,CMP,CMP %,YDS,YPA,TD,INT,1D,RATE,SACK,SACK %,SK YDS,ANY/A,ATT,YDS,TD,SCR,SCR YDS,SCR TD,FP/DB,FP/OPP,FP,FP/G,OPP
2025,,League Avg,,,,,,,31.299050632911392,27.550632911392405,17.731012658227847,64.4,193.39715189873417,7.02,1.2737341772151898,0.5981012658227848,9.284810126582279,88.67689873417721,2.0300632911392404,6.5,13.174050632911392,6.04,3.3987341772151898,15.386075949367088,0.16930379746835442,1.7183544303797469,12.871835443037975,0.07120253164556962,0.45,0.46,14.803006329113922,14.804240506329107,32.254746835443036
2025,1,Joe Flacco,CIN,QB,1,9,CHI,11.415525114155251,50,47,31,66,470,10,4,2,22,109.4,3,6,21,8.78,1,-1,0,0,0,0,0.66,0.65,33.7,33.7,50
2025,2,Matthew Stafford,LA,QB,1,16,SEA,8.133971291866029,51,49,29,59.2,457,9.33,3,0,17,110.7,0,0,0,10.55,2,6,0,2,6,0,0.61,0.61,30.9,30.88,51
2025,3,Jacoby Brissett,ARZ,QB,1,11,SF,10.363636363636363,57,57,47,82.5,452,7.93,2,2,18,96.8,0,0,0,7.05,2,-2,0,0,0,0,0.42,0.4,23.9,23.88,59
2025,4,Russell Wilson,NYG,QB,1,2,DAL,31.914893617021278,45,41,30,73.2,450,10.98,3,1,15,123,3,6.7,28,9.93,3,23,0,1,15,0,0.68,0.67,31.3,31.3,47
2025,5,Bryce Young,CAR,QB,1,11,ATL,9.293680297397769,50,45,31,68.9,448,9.96,3,0,20,123.2,5,10,29,9.58,1,-1,0,0,0,0,0.6,0.6,31.8,31.82,50
2025,6,Justin Herbert,LAC,QB,1,7,IND,9.91869918699187,61,55,37,67.3,420,7.64,3,2,19,93,3,4.9,29,6.22,6,31,0,3,24,0,0.48,0.47,29.9,29.9,64
2025,7,Josh Allen,BUF,QB,1,1,BLT,9.48905109489051,52,46,33,71.7,394,8.57,2,0,18,112,1,1.9,5,9.13,14,30,2,5,27,1,0.62,0.68,38.8,38.76,57
2025,8,Matthew Stafford,LA,QB,1,5,SF,7.655502392344498,48,47,30,63.8,389,8.28,3,0,18,111,1,2.1,11,9.13,1,0,0,0,0,0,0.57,0.57,26.6,26.56,48
2025,9,Drake Maye,NE,QB,1,16,BLT,8.319467554076539,50,44,31,70.5,380,8.64,2,1,17,102.5,3,6,6,7.85,10,25,0,3,12,0,0.47,0.46,25.7,25.7,54
2025,10,Baker Mayfield,TB,QB,1,5,SEA,6.119162640901772,38,33,29,87.9,379,11.48,2,0,17,134.7,1,2.6,9,12.06,5,15,0,4,16,0,0.65,0.65,26.7,26.66,38
2025,11,Dak Prescott,DAL,QB,1,14,DET,8.21917808219178,54,47,31,66,376,8,1,2,17,79.7,5,9.3,50,4.92,3,14,0,2,13,0,0.34,0.34,20.4,20.44,55
2025,12,Matthew Stafford,LA,QB,1,4,IND,7.177033492822966,45,41,29,70.7,375,9.15,3,0,15,123.5,3,6.7,15,9.55,4,4,0,1,6,0,0.61,0.61,27.4,27.4,45
2025,13,Kirk Cousins,ATL,QB,1,15,TB,15.845070422535212,45,44,30,68.2,373,8.48,3,0,19,117,1,2.2,8,9.44,0,0,0,0,0,0,0.6,0.61,26.9,26.92,44
2025,14,Matthew Stafford,LA,QB,1,15,DET,6.539074960127592,41,38,24,63.2,368,9.68,2,1,20,101.6,2,4.9,8,8.88,1,2,0,1,2,0,0.53,0.53,21.9,21.92,41
2025,15,Jameis Winston,NYG,QB,1,12,DET,54.285714285714285,38,36,18,50,366,10.17,2,1,15,93.1,1,2.6,4,9.65,4,13,0,1,11,0,0.6,0.57,33.2,33.24,40
2025,16,Jared Goff,DET,QB,1,16,PIT,9.178743961352657,57,54,34,63,364,6.74,3,0,19,101.2,3,5.3,18,7.12,1,-1,0,0,0,0,0.47,0.46,26.5,26.46,57
2025,17,Shedeur Sanders,CLV,QB,1,14,TEN,18.57707509881423,47,42,23,54.8,364,8.67,3,1,13,97.7,2,4.3,13,8.32,3,29,1,3,29,1,0.73,0.73,34.5,34.46,47
2025,18,Geno Smith,LV,QB,1,1,NE,7.485604606525912,39,34,24,70.6,362,10.65,1,1,17,102.8,4,10.3,29,8.11,2,10,0,1,11,0,0.48,0.49,18.5,18.48,38
2025,19,Dak Prescott,DAL,QB,1,2,NYG,8.67579908675799,57,52,38,73.1,361,6.94,2,1,18,96.7,3,5.3,18,6.15,3,17,0,2,17,0,0.41,0.4,23.1,23.14,58
2025,20,Jordan Love,GB,QB,1,8,PIT,7.644628099173553,37,37,29,78.4,360,9.73,3,0,16,134.2,0,0,0,11.35,1,-1,0,0,0,0,0.71,0.71,28.3,28.3,37
2025,21,Dak Prescott,DAL,QB,1,12,PHI,6.0882800608828,40,36,23,63.9,354,9.83,2,1,16,103.2,1,2.5,6,9.27,5,9,1,3,11,1,0.71,0.72,28.1,28.06,39
2025,22,Patrick Mahomes,KC,QB,1,12,IND,9.183673469387756,54,46,29,63,352,7.65,0,1,16,77.4,4,7.4,6,6.02,4,30,0,4,30,0,0.3,0.3,18.1,18.08,54
2025,23,Bo Nix,DEN,QB,1,16,JAX,7.313432835820896,49,47,28,59.6,352,7.49,1,1,14,81.2,1,2,8,6.65,4,11,0,1,4,0,0.36,0.35,17.2,17.18,52
2025,24,Carson Wentz,MIN,QB,1,4,PIT,27.411167512690355,54,46,30,65.2,350,7.61,2,2,15,84.5,6,11.1,48,4.85,2,12,0,2,12,0,0.39,0.4,23.2,23.2,53
2025,25,Mac Jones,SF,QB,1,6,TB,15.015974440894569,47,39,27,69.2,347,8.9,0,2,10,75.5,6,12.8,51,4.58,5,13,0,2,8,0,0.27,0.26,13.2,13.18,50
2025,26,Baker Mayfield,TB,QB,1,17,MIA,8.051529790660226,50,44,33,75,346,7.86,2,2,14,93.6,3,6,19,5.89,3,16,0,3,16,0,0.43,0.43,20.4,20.44,50
2025,27,Joe Flacco,CIN,QB,1,7,PIT,11.187214611872145,49,47,31,66,342,7.28,3,0,16,108.6,2,4.1,14,7.92,5,3,0,0,0,0,0.52,0.51,26,25.98,51
2025,28,Daniel Jones,IND,QB,1,9,PIT,13.084112149532709,56,50,31,62,342,6.84,1,3,17,63.9,5,8.9,29,3.6,3,4,1,1,1,0,0.26,0.37,19.1,19.08,57
2025,29,Mac Jones,SF,QB,1,5,LA,15.974440894568689,50,49,33,67.3,342,6.98,2,0,19,100.9,1,2,9,7.46,4,5,0,0,0,0,0.43,0.42,22.2,22.18,53
2025,30,Sam Darnold,SEA,QB,1,5,TB,6.563706563706563,34,34,28,82.4,341,10.03,4,1,18,135.4,0,0,0,11.06,0,0,0,0,0,0,0.84,0.84,28.6,28.64,34
2025,31,Jared Goff,DET,QB,1,15,LA,6.763285024154589,42,41,25,61,338,8.24,3,0,17,111.6,1,2.4,12,9.19,0,0,0,0,0,0,0.61,0.61,25.5,25.52,42
2025,32,Jordan Love,GB,QB,1,4,DAL,9.50413223140496,46,43,31,72.1,337,7.84,3,0,16,118.1,1,2.2,12,8.75,3,28,0,2,29,0,0.62,0.61,27.3,27.28,46
2025,33,Jared Goff,DET,QB,1,2,CHI,4.669887278582931,29,28,23,82.1,334,11.93,5,0,15,156,0,0,0,15.5,1,6,0,1,6,0,1.17,1.17,34,33.96,29
2025,34,Tyler Shough,NO,QB,1,17,TEN,8.201058201058201,31,27,22,81.5,333,12.33,2,0,11,142.7,2,6.5,13,12.41,4,6,0,2,9,0,0.72,0.69,21.9,21.92,32
2025,35,Jared Goff,DET,QB,1,18,CHI,7.085346215780998,44,42,27,64.3,331,7.88,1,1,17,86.5,2,4.5,15,6.61,0,0,0,0,0,0,0.37,0.37,16.2,16.24,44
2025,36,Sam Darnold,SEA,QB,1,9,WAS,4.633204633204633,24,24,21,87.5,330,13.75,4,1,13,141,0,0,0,15.21,0,0,0,0,0,0,1.18,1.18,28.2,28.2,24
2025,37,Trevor Lawrence,JAX,QB,1,15,NYJ,5.598755832037325,36,32,20,62.5,330,10.31,5,0,16,136.7,0,0,0,13.44,5,51,1,4,48,1,1.22,1.2,44.3,44.3,37
2025,38,Caleb Williams,CHI,QB,1,17,SF,7.244094488188976,46,42,25,59.5,330,7.86,2,0,16,100.3,0,0,0,8.81,5,18,0,4,15,0,0.49,0.5,23,23,46
2025,39,Bryce Young,CAR,QB,1,2,ARZ,10.966542750929369,59,55,35,63.6,328,5.96,3,1,19,90.6,3,5.1,25,5.48,2,2,0,1,3,0,0.41,0.41,23.3,23.32,59
2025,40,Jalen Hurts,PHI,QB,1,7,MIN,4.942965779467681,26,23,19,82.6,326,14.17,3,0,9,158.3,3,11.5,10,14.46,4,-10,0,0,0,0,0.96,0.86,24,24.04,28
2025,41,Bo Nix,DEN,QB,1,4,CIN,6.567164179104477,44,42,29,69,326,7.76,2,1,17,97.9,0,0,0,7.64,6,7,1,2,9,1,0.61,0.59,26.7,26.74,45
2025,42,Bo Nix,DEN,QB,1,13,WAS,7.164179104477612,48,45,29,64.4,321,7.13,1,1,17,83.7,1,2.1,6,6.3,2,16,0,2,16,0,0.36,0.36,17.4,17.44,48
2025,43,Dak Prescott,DAL,QB,1,13,KC,5.93607305936073,39,39,27,69.2,320,8.21,2,1,15,100.4,0,0,0,8.08,3,-2,0,0,0,0,0.51,0.5,21.6,21.6,39
2025,44,Jared Goff,DET,QB,1,10,WAS,5.314009661835748,33,33,25,75.8,320,9.7,3,0,19,135.9,0,0,0,11.52,0,0,0,0,0,0,0.75,0.75,24.8,24.8,33
2025,45,Jacoby Brissett,ARZ,QB,1,6,IND,8.545454545454545,47,44,27,61.4,320,7.27,2,1,17,89.2,2,4.3,8,6.67,3,19,0,1,12,0,0.45,0.44,21.7,21.7,49
2025,46,Dak Prescott,DAL,QB,1,4,GB,6.2404870624048705,41,40,31,77.5,319,7.97,3,0,17,124.9,1,2.4,0,9.24,1,2,1,0,0,0,0.6,0.74,31,30.96,42
2025,47,Mac Jones,SF,QB,1,10,LA,12.460063897763577,39,39,33,84.6,319,8.18,3,1,16,115.7,0,0,0,8.56,1,3,0,0,0,0,0.61,0.6,24.1,24.06,40
2025,48,Patrick Mahomes,KC,QB,1,5,JAX,7.8231292517006805,46,41,29,70.7,318,7.76,1,1,15,91.3,0,0,0,7.15,6,60,1,5,51,0,0.45,0.59,27.7,27.72,47
2025,49,Justin Herbert,LAC,QB,1,1,KC,6.666666666666667,41,34,25,73.5,318,9.35,3,0,16,131.7,3,7.3,14,9.84,7,32,0,4,36,0,0.69,0.68,27.9,27.92,41
2025,50,C.J. Stroud,HST,QB,1,8,SF,8.9171974522293,42,39,30,76.9,318,8.15,2,1,16,106.6,0,0,0,8.03,7,30,0,3,25,0,0.53,0.5,22.7,22.72,45
2025,51,Jacoby Brissett,ARZ,QB,1,12,JAX,10.545454545454545,58,49,33,67.3,317,6.47,1,0,15,92,6,10.3,44,5.33,3,20,0,3,20,0,0.32,0.32,18.7,18.68,58
2025,52,Josh Allen,BUF,QB,1,11,TB,5.839416058394161,32,30,19,63.3,317,10.57,3,2,13,104.4,0,0,0,9.57,6,40,3,2,20,0,0.77,1.24,44.7,44.68,36
2025,53,Daniel Jones,IND,QB,1,2,DEN,8.878504672897195,38,34,23,67.6,316,9.29,1,0,16,107,1,2.6,10,9.31,6,2,1,3,6,0,0.45,0.56,22.8,22.84,41
2025,54,Tua Tagovailoa,MIA,QB,1,2,NE,8.705882352941176,37,32,26,81.3,315,9.84,2,1,15,115.5,5,13.5,18,7.89,0,0,0,0,0,0,0.53,0.53,19.6,19.6,37
2025,55,Carson Wentz,MIN,QB,1,7,PHI,23.3502538071066,46,42,26,61.9,313,7.45,0,2,13,64.9,2,4.3,15,4.73,4,28,0,2,28,0,0.29,0.28,13.3,13.32,48
2025,56,Michael Penix,ATL,QB,1,4,WAS,9.271523178807946,28,26,20,76.9,313,12.04,2,1,14,126,1,3.6,6,11.19,4,2,0,1,5,0,0.71,0.7,19.7,19.72,28
2025,57,Jared Goff,DET,QB,1,14,DAL,5.636070853462158,35,34,25,73.5,309,9.09,1,0,10,111,1,2.9,10,9.11,2,-2,0,0,0,0,0.47,0.46,16.2,16.16,35
2025,58,Joe Burrow,CIN,QB,1,16,MIA,12.323943661971832,35,32,25,78.1,309,9.66,4,0,16,146.5,2,5.7,11,11.12,2,6,0,1,5,0,0.82,0.8,29,28.96,36
2025,59,Brock Purdy,SF,QB,1,4,JAX,12.779552715654951,40,38,22,57.9,309,8.13,2,2,17,79.8,1,2.5,3,6.56,2,13,0,1,11,0,0.49,0.48,20.7,20.66,41
2025,60,Tyler Shough,NO,QB,1,16,NYJ,14.285714285714285,54,49,32,65.3,308,6.29,1,0,16,89.5,3,5.6,18,5.96,2,8,0,2,8,0,0.32,0.32,17.1,17.12,53
2025,61,Dak Prescott,DAL,QB,1,17,WAS,6.8493150684931505,45,37,19,51.4,307,8.3,2,0,13,97.5,6,13.3,38,7.19,4,24,0,2,18,0,0.49,0.48,22.7,22.68,47
2025,62,Josh Allen,BUF,QB,1,10,MIA,8.211678832116789,45,40,28,70,306,7.65,2,1,12,98.5,3,6.7,17,6.6,4,31,0,2,14,0,0.46,0.48,21.3,21.34,47
2025,63,Joe Burrow,CIN,QB,1,17,ARZ,12.323943661971832,35,31,24,77.4,305,9.84,2,0,16,129.1,3,8.6,20,9.56,3,2,0,1,2,0,0.58,0.57,20.4,20.4,36
2025,64,Brock Purdy,SF,QB,1,17,CHI,12.140575079872203,38,33,24,72.7,303,9.18,3,1,17,118.6,1,2.6,7,9.15,6,28,2,4,21,1,0.82,0.95,37.9,37.92,40
2025,65,Bo Nix,DEN,QB,1,15,GB,5.3731343283582085,36,34,23,67.6,302,8.88,4,0,15,134.7,0,0,0,11.24,7,10,0,2,4,0,0.79,0.75,29.1,29.08,39
2025,66,Jacoby Brissett,ARZ,QB,1,13,TB,8.181818181818182,45,40,29,72.5,301,7.53,2,1,16,100.1,2,4.4,10,6.81,3,16,0,3,16,0,0.46,0.47,20.6,20.64,44
2025,67,Justin Herbert,LAC,QB,1,16,DAL,5.365853658536586,33,29,23,79.3,300,10.34,2,0,15,132.8,0,0,0,11.72,8,42,1,4,42,0,0.73,0.84,30.2,30.2,36
2025,68,Justin Herbert,LAC,QB,1,3,DEN,8.617886178861788,53,47,28,59.6,300,6.38,1,1,17,76.6,5,9.4,30,4.71,2,6,0,1,4,0,0.29,0.29,15.6,15.6,54
2025,69,Patrick Mahomes,KC,QB,1,8,WAS,6.802721088435375,40,34,25,73.5,299,8.79,3,2,16,104.9,3,7.5,15,6.86,4,30,0,3,31,0,0.63,0.62,25,24.96,40
2025,70,Matthew Stafford,LA,QB,1,2,TEN,5.422647527910686,34,33,23,69.7,298,9.03,2,1,12,105.4,1,2.9,8,8.38,2,-6,0,0,0,0,0.56,0.54,18.3,18.32,34
2025,71,Michael Penix,ATL,QB,1,1,TB,15.562913907284766,47,42,27,64.3,298,7.1,1,0,16,93.2,1,2.1,9,7.19,6,21,1,4,22,1,0.51,0.5,24,24.02,48
2025,72,Caleb Williams,CHI,QB,1,3,DAL,4.566929133858268,29,28,19,67.9,298,10.64,4,0,11,142.6,0,0,0,13.5,5,12,0,1,2,0,0.97,0.94,29.1,29.12,31
2025,73,Trevor Lawrence,JAX,QB,1,7,LA,8.864696734059098,57,48,23,47.9,296,6.17,1,0,13,74.7,7,12.3,32,5.16,2,18,0,2,18,0,0.31,0.31,17.6,17.64,57
2025,74,Sam Darnold,SEA,QB,1,2,PIT,6.756756756756757,35,33,22,66.7,295,8.94,2,2,13,89.8,2,5.7,17,6.51,0,0,0,0,0,0,0.51,0.51,17.8,17.8,35
2025,75,Sam Darnold,SEA,QB,1,6,JAX,5.598455598455598,29,27,16,59.3,295,10.93,2,0,10,121.7,1,3.4,9,11.64,4,2,0,1,6,0,0.7,0.69,20,20,29
2025,76,Brock Purdy,SF,QB,1,15,TEN,11.821086261980831,37,30,23,76.7,295,9.83,3,0,18,140.3,2,5.4,3,11,7,44,0,5,39,0,0.75,0.72,27.2,27.2,39
2025,77,Brock Purdy,SF,QB,1,16,IND,11.501597444089457,36,34,25,73.5,295,8.68,5,1,20,126.8,1,2.8,0,10,2,11,0,1,9,0,0.88,0.86,31.9,31.9,37
2025,78,Bo Nix,DEN,QB,1,11,KC,5.970149253731343,40,37,24,64.9,295,7.97,0,0,11,89.4,2,5,12,7.26,3,8,0,1,8,0,0.32,0.31,12.6,12.6,41
2025,79,Aaron Rodgers,PIT,QB,1,18,BLT,9.276437847866418,50,47,31,66,294,6.26,1,0,14,90.2,2,4,4,6.33,1,20,0,1,20,0,0.36,0.36,17.8,17.76,50
2025,80,Marcus Mariota,WAS,QB,1,13,DEN,21.0727969348659,55,50,28,56,294,5.88,2,1,17,78.3,2,3.6,18,5.21,10,55,0,3,27,0,0.39,0.4,24.3,24.26,61
2025,81,Dak Prescott,DAL,QB,1,15,MIN,6.0882800608828,40,38,23,60.5,294,7.74,0,0,12,84.8,2,5,9,7.13,1,2,0,0,0,0,0.29,0.29,12,11.96,41
2025,82,Drake Maye,NE,QB,1,12,CIN,6.4891846921797,39,35,22,62.9,294,8.4,1,1,12,87.1,1,2.6,9,7.22,5,22,0,3,23,0,0.44,0.42,17,16.96,40
2025,83,Jordan Love,GB,QB,1,2,WAS,7.024793388429752,34,31,19,61.3,292,9.42,2,0,14,113.9,2,5.9,23,9.36,3,12,0,1,14,0,0.62,0.61,20.9,20.88,34
2025,84,Davis Mills,HST,QB,1,10,JAX,28.160919540229884,49,45,27,60,292,6.49,2,1,17,84.7,2,4.1,10,5.89,3,20,1,2,20,1,0.54,0.53,28.7,28.68,50
2025,85,Joe Flacco,CLV,QB,1,1,CIN,10.95890410958904,48,45,31,68.9,290,6.44,1,2,13,75.2,2,4.2,12,4.43,2,6,0,1,4,0,0.29,0.29,14.2,14.2,49
2025,86,Geno Smith,LV,QB,1,3,WAS,6.525911708253358,34,29,19,65.5,289,9.97,3,0,12,132.7,5,14.7,28,9.44,2,5,0,0,0,0,0.69,0.67,26.1,26.06,36
2025,87,Baker Mayfield,TB,QB,1,4,PHI,7.085346215780998,44,40,22,55,289,7.22,2,1,7,84.3,2,4.5,17,6.36,2,13,0,2,13,0,0.45,0.46,19.9,19.86,43
2025,88,Jalen Hurts,PHI,QB,1,12,DAL,8.17490494296578,43,39,27,69.2,289,7.41,1,0,14,99.2,1,2.3,13,7.4,7,33,2,3,19,0,0.41,0.66,30.9,30.86,47
2025,89,Lamar Jackson,BLT,QB,1,3,DET,10.054347826086957,37,27,21,77.8,288,10.67,3,0,14,148.1,7,18.9,55,8.62,7,35,0,3,19,0,0.69,0.66,27,27.02,41
2025,90,Daniel Jones,IND,QB,1,7,LAC,8.411214953271028,36,34,23,67.6,288,8.47,2,0,14,113.4,1,2.8,7,9.17,5,4,0,1,7,0,0.56,0.55,21.9,21.92,36
2025,91,Malik Willis,GB,QB,1,17,BLT,57.446808510638306,27,21,18,85.7,288,13.71,1,0,11,134.6,1,3.7,9,13.59,9,60,2,5,39,1,0.94,1.12,32.5,32.52,30
2025,92,Drake Maye,NE,QB,1,1,LV,8.818635607321132,53,46,30,65.2,287,6.24,1,1,15,80.6,4,7.5,11,5.02,4,11,0,3,7,0,0.29,0.29,16.8,16.78,54
2025,93,Patrick Mahomes,KC,QB,1,7,LV,6.802721088435375,40,35,26,74.3,286,8.17,3,0,16,126.6,1,2.5,4,9.5,4,28,0,4,28,0,0.66,0.66,26.2,26.24,40
2025,94,Geno Smith,LV,QB,1,12,CLV,10.748560460652591,56,44,30,68.2,285,6.48,1,0,15,93.5,10,17.9,77,4.22,3,8,0,2,13,0,0.3,0.28,15.2,15.2,57
2025,95,Caleb Williams,CHI,QB,1,8,BLT,6.456692913385827,41,38,25,65.8,285,7.5,0,1,13,77.2,1,2.4,9,5.92,3,24,0,2,24,0,0.31,0.3,12.8,12.8,42
2025,96,Aaron Rodgers,PIT,QB,1,14,BLT,6.493506493506493,35,34,23,67.6,284,8.35,1,0,7,103.1,0,0,0,8.94,2,0,1,1,1,1,0.61,0.61,21.5,21.46,35
2025,97,Geno Smith,LV,QB,1,9,JAX,8.253358925143955,43,39,29,74.4,284,7.28,4,1,17,117.9,2,4.7,10,7.54,5,9,0,2,6,0,0.63,0.59,27.3,27.26,46
2025,98,Jared Goff,DET,QB,1,9,MIN,6.763285024154589,42,37,25,67.6,284,7.68,2,0,11,108.4,5,11.9,44,6.67,0,0,0,0,0,0,0.46,0.46,19.4,19.36,42
2025,99,Joe Burrow,CIN,QB,1,14,BUF,13.028169014084506,37,36,25,69.4,284,7.89,4,2,18,106.7,1,2.7,8,7.19,0,0,0,0,0,0,0.69,0.69,25.4,25.36,37
2025,100,Mac Jones,SF,QB,1,3,ARZ,13.418530351437699,42,41,27,65.9,284,6.93,1,1,14,83.8,1,2.4,2,6.12,1,-1,0,0,0,0,0.34,0.35,14.3,14.26,41
2025,101,Jalen Hurts,PHI,QB,1,6,NYG,7.224334600760455,38,33,24,72.7,283,8.58,1,1,14,95.9,3,7.9,17,6.69,7,13,1,2,12,0,0.41,0.5,21.6,21.62,43
2025,102,Justin Fields,NYJ,QB,1,5,DAL,20.84942084942085,54,46,32,69.6,283,6.15,2,0,14,100.2,5,9.3,49,5.37,7,26,0,3,24,0,0.4,0.39,25.9,25.92,56
2025,103,Jaxson Dart,NYG,QB,1,7,DEN,8.980582524271846,37,33,15,45.5,283,8.58,3,1,12,93.4,4,10.8,15,7.65,5,11,1,0,0,0,0.6,0.7,29.4,29.42,42
2025,104,Drake Maye,NE,QB,1,13,NYG,5.990016638935108,36,31,24,77.4,282,9.1,2,0,14,126,3,8.3,6,9.29,6,12,0,2,10,0,0.56,0.54,20.5,20.48,38
2025,105,Drake Maye,NE,QB,1,8,CLV,5.657237936772046,34,24,18,75,282,11.75,3,1,11,135.8,6,17.6,37,8.67,7,50,0,4,53,0,0.81,0.8,27.3,27.28,34
2025,106,Tyler Shough,NO,QB,1,10,CAR,7.936507936507936,30,27,19,70.4,282,10.44,2,0,9,128.9,2,6.7,16,10.55,4,-3,0,1,3,0,0.65,0.63,19,18.98,30
2025,107,Matthew Stafford,LA,QB,1,14,ARZ,4.944178628389154,31,31,22,71,281,9.06,3,0,13,131.3,0,0,0,11,0,0,0,0,0,0,0.75,0.75,23.2,23.24,31
2025,108,Matthew Stafford,LA,QB,1,9,NO,5.422647527910686,34,32,24,75,281,8.78,4,0,15,140.8,2,5.9,14,10.21,4,-4,0,0,0,0,0.8,0.79,26.8,26.84,34
2025,109,Drake Maye,NE,QB,1,11,NYJ,6.156405990016639,37,34,25,73.5,281,8.26,1,0,16,107.6,1,2.7,10,8.31,4,2,0,2,5,0,0.43,0.42,15.4,15.44,37
2025,110,Matthew Stafford,LA,QB,1,10,SF,5.901116427432217,37,36,24,66.7,280,7.78,4,0,20,127.1,1,2.7,5,9.59,3,-3,0,0,0,0,0.74,0.73,26.9,26.9,37
2025,111,Jalen Hurts,PHI,QB,1,5,DEN,8.555133079847907,45,38,23,60.5,280,7.37,2,0,11,100.8,6,13.3,23,6.75,2,3,0,1,4,0,0.44,0.43,19.5,19.5,45
2025,112,Caleb Williams,CHI,QB,1,9,CIN,6.456692913385827,41,34,20,58.8,280,8.24,3,0,15,114.8,2,4.9,9,9.19,5,53,0,5,53,0,0.7,0.7,38.7,38.7,41
2025,113,Jared Goff,DET,QB,1,12,NYG,7.246376811594203,45,42,28,66.7,279,6.64,2,1,13,91.3,3,6.7,22,5.6,0,0,0,0,0,0,0.4,0.42,18.2,18.16,43
2025,114,Jacoby Brissett,ARZ,QB,1,7,GB,8.363636363636363,46,36,25,69.4,279,7.75,2,0,13,110.8,6,13,43,6.57,6,26,0,4,24,0,0.47,0.45,20.8,20.76,48
2025,115,Sam Darnold,SEA,QB,1,11,LA,8.687258687258687,45,44,29,65.9,279,6.34,0,4,15,45.5,0,0,0,2.25,2,11,0,1,8,0,0.18,0.18,8.3,8.26,46
2025,116,Trevor Lawrence,JAX,QB,1,16,DEN,6.6874027993779155,43,36,23,63.9,279,7.75,3,0,12,115.4,5,11.6,14,7.93,6,20,1,2,17,0,0.58,0.66,31.2,31.16,47
2025,117,Mac Jones,SF,QB,1,2,NO,13.738019169329075,43,39,26,66.7,279,7.15,3,0,15,113.1,3,7,12,7.79,6,6,0,1,13,0,0.57,0.54,22.8,22.76,44
2025,118,Bo Nix,DEN,QB,1,7,NYG,7.91044776119403,53,50,27,54,279,5.58,2,0,15,83.7,2,3.8,14,5.87,5,48,2,1,21,0,0.4,0.64,40,39.96,56
2025,119,Philip Rivers,IND,QB,1,16,SF,38.144329896907216,37,35,23,65.7,277,7.91,2,1,13,97,2,5.4,23,6.73,0,0,0,0,0,0,0.49,0.49,18.1,18.08,37
2025,120,Baker Mayfield,TB,QB,1,15,ATL,6.44122383252818,40,34,19,55.9,277,8.15,2,1,16,90,5,12.5,27,6.28,1,1,0,1,1,0,0.45,0.45,20.2,20.18,40
2025,121,Brock Purdy,SF,QB,1,1,SEA,12.460063897763577,39,35,26,74.3,277,7.91,2,2,15,92.2,1,2.6,12,5.97,5,17,0,3,19,0,0.49,0.48,18.8,18.78,39
2025,122,Patrick Mahomes,KC,QB,1,11,DEN,8.333333333333332,49,45,29,64.4,276,6.13,1,1,13,79.5,3,6.1,27,4.67,1,3,0,1,3,0,0.29,0.29,14.3,14.34,49
2025,123,Jordan Love,GB,QB,1,15,DEN,9.50413223140496,46,40,24,60,276,6.9,1,2,12,68.3,3,6.5,29,4.12,3,29,0,3,29,0,0.35,0.35,15.9,15.94,46
2025,124,C.J. Stroud,HST,QB,1,13,IND,7.855626326963907,37,35,22,62.9,276,7.89,0,1,14,75.4,2,5.4,20,5.7,1,0,0,0,0,0,0.27,0.26,10,10.04,38
2025,125,Davis Mills,HST,QB,1,11,TEN,27.011494252873565,47,41,26,63.4,274,6.68,1,0,13,90.9,4,8.5,34,5.78,2,14,0,2,14,0,0.35,0.35,16.4,16.36,47
2025,126,Matthew Stafford,LA,QB,1,12,TB,5.741626794258373,36,35,25,71.4,273,7.8,3,0,16,122.7,1,2.8,10,8.97,0,0,0,0,0,0,0.64,0.64,22.9,22.92,36
2025,127,Baker Mayfield,TB,QB,1,10,NE,7.246376811594203,45,43,28,65.1,273,6.35,3,0,14,106.1,2,4.4,15,7.07,0,0,0,0,0,0,0.51,0.51,22.9,22.92,45
2025,128,Josh Allen,BUF,QB,1,9,KC,5.474452554744526,30,26,23,88.5,273,10.5,1,0,13,123.2,3,10,10,9.76,6,19,2,1,6,0,0.52,0.85,28.8,28.82,34
2025,129,Jordan Love,GB,QB,1,9,CAR,7.851239669421488,38,37,26,70.3,273,7.38,0,1,13,80.1,1,2.6,8,5.79,1,1,0,0,0,0,0.26,0.26,10,10.02,39
2025,130,Drake Maye,NE,QB,1,5,BUF,5.990016638935108,36,30,22,73.3,273,9.1,0,0,13,101.1,4,11.1,6,7.85,3,12,0,2,12,0,0.34,0.33,12.1,12.12,37
2025,131,Daniel Jones,IND,QB,1,1,MIA,7.710280373831775,33,29,22,75.9,272,9.38,1,0,14,115.9,1,3,10,9.4,7,26,2,3,20,0,0.51,0.8,29.5,29.48,37
2025,132,Daniel Jones,IND,QB,1,8,TEN,7.710280373831775,33,29,21,72.4,272,9.38,3,0,14,136,3,9.1,16,9.88,1,3,0,1,3,0,0.7,0.7,23.2,23.18,33
2025,133,Tyler Shough,NO,QB,1,15,CAR,10.582010582010582,40,32,24,75,272,8.5,1,0,14,110.4,5,12.5,16,7.46,8,32,0,3,18,0,0.42,0.42,18.1,18.08,43
2025,134,Jacoby Brissett,ARZ,QB,1,14,LA,9.090909090909092,50,44,25,56.8,271,6.16,2,1,15,80.8,3,6,8,5.49,4,22,0,3,17,0,0.39,0.39,20,20.04,51
2025,135,Sam Darnold,SEA,QB,1,15,IND,7.5289575289575295,39,36,22,61.1,271,7.53,0,0,9,84.4,1,2.6,7,7.14,4,5,0,2,4,0,0.29,0.3,11.3,11.34,38
2025,136,Trevor Lawrence,JAX,QB,1,2,CIN,6.842923794712286,44,42,24,57.1,271,6.45,3,2,15,80.6,1,2.3,10,5.37,2,4,0,1,3,0,0.48,0.47,21.2,21.24,45
2025,137,Patrick Mahomes,KC,QB,1,4,BLT,6.802721088435375,40,37,25,67.6,270,7.3,4,0,15,124.8,1,2.5,6,9.05,4,5,0,2,6,0,0.69,0.65,27.3,27.3,42
2025,138,Sam Darnold,SEA,QB,1,16,LA,7.722007722007722,40,34,22,64.7,270,7.94,2,2,11,84.2,4,10,26,5.11,3,7,0,2,5,0,0.43,0.44,21.5,21.5,40
2025,139,Drake Maye,NE,QB,1,10,TB,5.990016638935108,36,31,16,51.6,270,8.71,2,1,9,89.4,1,2.8,1,8.25,7,13,0,4,14,0,0.53,0.5,19.1,19.1,38
2025,140,Riley Leonard,IND,QB,1,18,HST,51.388888888888886,37,34,21,61.8,270,7.94,2,1,10,94,1,2.7,8,7.34,3,21,1,2,20,0,0.54,0.68,23.6,23.6,38
2025,141,Matthew Stafford,LA,QB,1,17,ATL,6.539074960127592,41,38,22,57.9,269,7.08,2,3,10,64.5,3,7.3,21,3.73,0,0,0,0,0,0,0.38,0.38,15.8,15.76,41
2025,142,Dak Prescott,DAL,QB,1,11,LV,5.175038051750381,34,33,25,75.8,268,8.12,4,0,16,138.6,1,2.9,1,10.21,4,-4,0,0,0,0,0.79,0.77,25.3,25.32,34
2025,143,Drake Maye,NE,QB,1,3,PIT,7.820299500831947,47,37,28,75.7,268,7.24,2,1,13,102.1,5,10.6,18,5.83,7,45,0,5,42,0,0.47,0.45,21.2,21.22,49
2025,144,Aaron Rodgers,PIT,QB,1,16,DET,8.348794063079778,45,41,27,65.9,266,6.49,1,0,14,92.1,2,4.4,15,6.3,2,9,0,2,9,0,0.35,0.35,15.5,15.54,45
2025,145,Bryce Young,CAR,QB,1,18,TB,6.5055762081784385,35,35,24,68.6,266,7.6,2,1,13,98,0,0,0,7.46,2,-1,0,0,0,0,0.5,0.5,17.5,17.54,35
2025,146,Cam Ward,TEN,QB,1,5,ARZ,6.796116504854369,42,39,21,53.8,265,6.79,0,1,12,64.6,2,4.8,16,4.98,5,-6,0,1,2,0,0.23,0.21,9,9,42
2025,147,Dak Prescott,DAL,QB,1,7,WAS,5.0228310502283104,33,30,21,70,264,8.8,3,0,11,130.4,1,3,7,10.23,5,7,0,2,8,0,0.71,0.68,23.3,23.26,34
2025,148,Justin Herbert,LAC,QB,1,6,MIA,6.341463414634147,39,38,29,76.3,264,6.95,2,0,12,112.2,1,2.6,1,7.77,1,2,0,0,0,0,0.48,0.47,18.8,18.76,40
2025,149,Trevor Lawrence,JAX,QB,1,17,IND,6.6874027993779155,43,37,23,62.2,263,7.11,0,1,12,72.2,2,4.7,14,5.23,8,26,2,4,22,1,0.41,0.51,24.1,24.12,47
2025,150,Josh Allen,BUF,QB,1,17,PHI,7.664233576642336,42,35,23,65.7,262,7.49,0,0,11,88,5,11.9,51,5.28,7,27,2,2,8,0,0.27,0.55,24.2,24.18,46
2025,151,Daniel Jones,IND,QB,1,4,LA,8.177570093457943,35,33,24,72.7,262,7.94,1,2,11,80.6,2,5.7,14,5.09,1,-1,0,0,0,0,0.36,0.35,12.4,12.38,35
2025,152,Dak Prescott,DAL,QB,1,6,CAR,5.175038051750381,34,34,25,73.5,261,7.68,3,0,12,124.8,0,0,0,9.44,2,-1,0,0,0,0,0.66,0.64,22.3,22.34,35
2025,153,Jacoby Brissett,ARZ,QB,1,9,DAL,6.7272727272727275,37,31,21,67.7,261,8.42,2,0,14,115.1,5,13.5,40,7.25,5,4,1,1,4,0,0.51,0.64,24.8,24.84,39
2025,154,Patrick Mahomes,KC,QB,1,13,DAL,6.802721088435375,40,34,23,67.6,261,7.68,4,0,12,129.7,3,7.5,18,8.73,3,30,0,3,30,0,0.74,0.74,29.4,29.44,40
2025,155,Tua Tagovailoa,MIA,QB,1,9,BLT,10.117647058823529,43,40,25,62.5,261,6.53,0,1,12,70.9,2,4.7,16,4.76,1,1,0,1,1,0,0.22,0.23,9.5,9.54,42
2025,156,Joe Burrow,CIN,QB,1,13,BLT,16.901408450704224,48,46,24,52.2,261,5.67,2,0,11,83.7,1,2.1,7,6.26,3,8,0,1,3,0,0.39,0.38,19.2,19.24,50
2025,157,Drake Maye,NE,QB,1,6,NO,5.158069883527454,31,26,18,69.2,261,10.04,3,0,12,140.1,1,3.2,1,11.85,9,28,0,4,30,0,0.82,0.76,27.2,27.24,33
2025,158,C.J. Stroud,HST,QB,1,15,ARZ,6.794055201698514,32,29,22,75.9,260,8.97,3,0,13,137.1,1,3.1,4,10.53,6,10,0,2,7,0,0.72,0.71,23.4,23.4,33
2025,159,Quinn Ewers,MIA,QB,1,16,CIN,32.97872340425532,31,30,20,66.7,260,8.67,0,2,14,66,0,0,0,5.67,2,5,0,1,5,0,0.29,0.28,8.9,8.9,32
2025,160,Matthew Stafford,LA,QB,1,18,ARZ,6.698564593301436,42,40,25,62.5,259,6.47,4,0,16,114.5,1,2.4,7,8.1,1,3,0,1,3,0,0.63,0.65,26.7,26.66,41
2025,161,Mitchell Trubisky,BUF,QB,1,18,NYJ,81.08108108108108,30,29,22,75.9,259,8.93,4,0,16,142.1,0,0,0,11.69,5,5,0,1,9,0,0.91,0.9,28.9,28.86,30
2025,162,Jordan Love,GB,QB,1,6,CIN,6.6115702479338845,32,26,19,73.1,259,9.96,1,1,11,101.3,1,3.1,3,8.56,7,26,0,5,24,0,0.49,0.48,16,15.96,33
2025,163,Drake Maye,NE,QB,1,9,ATL,6.655574043261231,40,29,19,65.5,259,8.93,2,1,14,102.5,6,15,38,6.17,8,20,0,5,23,0,0.49,0.48,18.4,18.36,40
2025,164,Cam Ward,TEN,QB,1,8,IND,6.957928802588997,43,38,22,57.9,259,6.82,1,1,13,76.5,4,9.3,31,4.83,2,4,0,1,7,0,0.33,0.32,13.8,13.76,43
2025,165,Tyler Shough,NO,QB,1,18,ATL,11.11111111111111,42,35,23,65.7,259,7.4,1,1,10,85.3,4,9.5,27,5.31,3,34,1,3,34,1,0.54,0.54,22.8,22.76,42
2025,166,Jared Goff,DET,QB,1,5,CIN,4.3478260869565215,27,23,19,82.6,258,11.22,3,0,14,153,4,14.8,14,11.26,2,-2,0,0,0,0,0.83,0.82,21.1,21.12,27
2025,167,Jacoby Brissett,ARZ,QB,1,10,SEA,9.636363636363637,53,44,22,50,258,5.86,2,0,13,83.3,5,9.4,52,5.02,4,31,0,4,31,0,0.4,0.4,21.4,21.42,53
2025,168,Patrick Mahomes,KC,QB,1,1,LAC,7.993197278911565,47,39,24,61.5,258,6.62,1,0,9,89.5,2,4.3,9,6.56,6,57,1,6,57,1,0.55,0.57,26,26.02,46
2025,169,Trevor Lawrence,JAX,QB,1,6,SEA,7.776049766718507,50,42,27,64.3,258,6.14,2,0,13,97.1,7,14,44,5.18,3,9,0,1,6,0,0.38,0.38,19.2,19.22,51
2025,170,Patrick Mahomes,KC,QB,1,6,DET,6.462585034013606,38,30,22,73.3,257,8.57,3,0,16,132.2,3,7.9,14,9.18,10,32,1,5,34,0,0.68,0.81,31.5,31.48,39
2025,171,Jared Goff,DET,QB,1,13,GB,4.830917874396135,30,26,20,76.9,256,9.85,2,0,12,132.9,3,10,23,9.41,1,24,0,1,24,0,0.69,0.69,20.6,20.64,30
2025,172,Baker Mayfield,TB,QB,1,6,SF,4.025764895330113,25,23,17,73.9,256,11.13,2,0,9,139,1,4,8,12,3,14,0,1,15,0,0.79,0.76,19.6,19.64,26
2025,173,Tua Tagovailoa,MIA,QB,1,5,CAR,9.411764705882353,40,36,27,75,256,7.11,3,0,13,122,3,7.5,27,7.41,1,5,0,1,5,0,0.57,0.57,22.7,22.74,40
2025,174,Trevor Lawrence,JAX,QB,1,12,ARZ,5.443234836702955,35,30,18,60,256,8.53,3,3,13,81.4,3,8.6,19,4.91,5,29,0,2,23,0,0.62,0.6,21.1,21.14,37
2025,175,Drake Maye,NE,QB,1,17,NYJ,3.9933444259567388,24,21,19,90.5,256,12.19,5,0,15,157,1,4.2,1,16.14,3,22,0,2,20,0,1.34,1.3,32.4,32.44,25
2025,176,Cam Ward,TEN,QB,1,12,SEA,8.090614886731391,50,42,28,66.7,256,6.1,1,0,12,91,4,8,24,5.48,6,37,1,4,30,0,0.34,0.46,23.9,23.94,52
2025,177,Jared Goff,DET,QB,1,11,PHI,6.280193236714976,39,37,14,37.8,255,6.89,1,1,10,60.1,2,5.1,12,5.59,1,-1,0,0,0,0,0.34,0.34,13.1,13.1,39
2025,178,Daniel Jones,IND,QB,1,10,ATL,9.11214953271028,39,26,19,73.1,255,9.81,1,1,10,100.6,7,17.9,59,5.18,7,53,0,6,51,0,0.47,0.46,17.5,17.5,40
2025,179,Trevor Lawrence,JAX,QB,1,18,TEN,5.287713841368585,34,30,22,73.3,255,8.5,3,0,15,131.9,2,5.9,16,9.34,2,11,0,2,11,0,0.69,0.69,23.3,23.3,34
2025,180,Cam Ward,TEN,QB,1,7,NE,6.310679611650485,39,34,25,73.5,255,7.5,1,1,14,92.2,5,12.8,39,4.9,0,0,0,0,0,0,0.34,0.34,12.2,12.2,39
2025,181,Josh Allen,BUF,QB,1,12,HST,8.211678832116789,45,34,24,70.6,253,7.44,0,2,9,67.4,8,17.8,70,2.21,5,20,0,3,18,0,0.22,0.22,10.1,10.12,46
2025,182,Josh Allen,BUF,QB,1,5,NE,7.116788321167883,39,31,22,71,253,8.16,2,1,16,103.3,1,2.6,8,7.5,9,53,0,7,50,0,0.57,0.55,21.4,21.42,41
2025,183,Tua Tagovailoa,MIA,QB,1,15,PIT,7.764705882352942,33,28,22,78.6,253,9.04,2,1,15,113.2,4,12.1,31,6.78,1,1,0,1,1,0,0.52,0.52,17.2,17.22,33
2025,184,Caleb Williams,CHI,QB,1,6,WAS,5.196850393700787,33,29,17,58.6,252,8.69,1,0,10,98.6,3,9.1,16,8,4,-2,1,1,4,0,0.44,0.57,19.9,19.88,35
2025,185,Dak Prescott,DAL,QB,1,3,CHI,6.392694063926941,42,40,31,77.5,251,6.28,1,2,12,80.3,2,4.8,17,3.9,0,0,0,0,0,0,0.29,0.29,14,14.04,42
2025,186,Josh Allen,BUF,QB,1,14,CIN,6.569343065693431,36,28,22,78.6,251,8.96,3,0,13,139.7,3,8.3,18,9.45,9,78,1,5,84,1,1.01,0.97,37.8,37.84,37
2025,187,Jake Browning,CIN,QB,1,5,DET,32.608695652173914,45,40,26,65,251,6.28,3,3,12,76.1,2,4.4,14,3.86,4,31,0,3,28,0,0.49,0.48,22.1,22.14,46
2025,188,Cam Ward,TEN,QB,1,17,NO,7.443365695792881,46,40,21,52.5,251,6.28,2,0,12,88.6,4,8.7,23,6.09,2,10,0,2,10,0,0.41,0.41,18,18.04,46
2025,189,Dak Prescott,DAL,QB,1,9,ARZ,7.30593607305936,48,39,24,61.5,250,6.41,1,1,14,77.9,5,10.4,40,4.2,4,34,0,4,34,0,0.34,0.35,16.4,16.4,47
2025,190,Patrick Mahomes,KC,QB,1,9,BUF,6.462585034013606,38,34,15,44.1,250,7.35,0,1,10,57.2,3,7.9,24,4.89,1,5,0,1,5,0,0.25,0.25,11.5,11.5,38
2025,191,Justin Herbert,LAC,QB,1,9,TEN,6.341463414634147,39,29,19,65.5,250,8.62,2,1,12,101.2,6,15.4,38,5.91,9,57,1,4,47,1,0.71,0.67,28.7,28.7,43
2025,192,Michael Penix,ATL,QB,1,6,BUF,11.589403973509933,35,32,20,62.5,250,7.81,1,0,10,97.1,2,5.7,17,7.44,2,6,0,1,7,0,0.42,0.42,14.6,14.6,35
2025,193,Caleb Williams,CHI,QB,1,16,GB,5.826771653543307,37,34,19,55.9,250,7.35,2,0,10,98.9,0,0,0,8.53,3,30,0,3,30,0,0.57,0.57,21,21,37
2025,194,J.J. McCarthy,MIN,QB,1,15,DAL,9.059233449477352,26,24,15,62.5,250,10.42,2,1,11,108,0,0,0,10.21,4,15,1,2,15,0,0.71,0.91,24.5,24.5,27
2025,195,Aaron Rodgers,PIT,QB,1,7,CIN,6.493506493506493,35,34,23,67.6,249,7.32,4,2,12,103.7,0,0,0,7.03,1,6,0,1,6,0,0.7,0.7,24.6,24.56,35
2025,196,Jacoby Brissett,ARZ,QB,1,15,HST,7.818181818181818,43,40,27,67.5,249,6.22,3,1,14,98.9,2,4.7,14,5.95,3,6,0,1,3,0,0.49,0.48,21.6,21.56,45
2025,197,Sam Darnold,SEA,QB,1,14,ATL,6.563706563706563,34,30,20,66.7,249,8.3,3,1,12,111.7,2,5.9,13,7.84,3,23,0,2,20,0,0.68,0.66,23.3,23.26,35
2025,198,J.J. McCarthy,MIN,QB,1,10,BLT,16.376306620209057,47,42,20,47.6,248,5.9,1,2,9,54.5,1,2.1,3,4.07,5,48,0,4,38,0,0.33,0.35,16.7,16.72,48
2025,199,Bo Nix,DEN,QB,1,8,DAL,4.328358208955224,29,29,19,65.5,247,8.52,4,1,15,117.4,0,0,0,9.72,1,-1,0,0,0,0,0.86,0.85,24.8,24.78,29
2025,200,Lamar Jackson,BLT,QB,1,13,CIN,10.326086956521738,38,32,17,53.1,246,7.69,0,1,7,65.4,3,7.9,23,5.09,6,27,0,3,18,0,0.28,0.29,9.5,9.54,40
2025,201,Jaxson Dart,NYG,QB,1,15,WAS,10.436893203883495,43,36,20,55.6,246,6.83,2,1,12,83.8,1,2.3,8,6.3,9,63,0,6,60,0,0.53,0.5,23.1,23.14,46
2025,202,Matthew Stafford,LA,QB,1,1,HST,5.103668261562999,32,29,21,72.4,245,8.45,1,0,13,109.1,3,9.4,21,7.63,4,-2,0,0,0,0,0.43,0.4,13.6,13.6,34
2025,203,Aaron Rodgers,PIT,QB,1,1,NYJ,6.307977736549166,34,30,22,73.3,244,8.13,4,0,14,136.7,4,11.8,26,8.76,1,-1,0,0,0,0,0.76,0.75,25.7,25.66,34
2025,204,Dak Prescott,DAL,QB,1,16,LAC,5.0228310502283104,33,30,21,70,244,8.13,2,0,12,116.5,1,3,6,8.97,2,14,0,2,14,0,0.58,0.58,19.2,19.16,33
2025,205,Sam Darnold,SEA,QB,1,12,TEN,5.212355212355212,27,26,16,61.5,244,9.38,2,0,9,118.1,1,3.7,5,10.33,1,-1,0,0,0,0,0.66,0.65,17.7,17.66,27
2025,206,Justin Fields,NYJ,QB,1,8,CIN,14.285714285714285,37,32,21,65.6,244,7.63,1,0,12,99,0,0,0,8.25,11,31,0,5,16,0,0.42,0.41,20.9,20.86,41
2025,207,Trevor Lawrence,JAX,QB,1,14,IND,4.976671850699844,32,30,17,56.7,244,8.13,2,0,10,105.4,0,0,0,9.47,4,16,0,2,12,0,0.59,0.57,19.4,19.36,34
2025,208,C.J. Stroud,HST,QB,1,17,LAC,5.9447983014862,28,28,16,57.1,244,8.71,2,2,9,80.1,0,0,0,6.93,4,0,0,0,0,0,0.56,0.54,15.8,15.76,29
2025,209,C.J. Stroud,HST,QB,1,5,BLT,6.369426751592357,30,27,23,85.2,244,9.04,4,0,13,143.9,2,6.7,17,10.59,1,30,0,1,30,0,0.96,0.96,28.8,28.76,30
2025,210,Matthew Stafford,LA,QB,1,13,CAR,4.784688995215311,30,28,18,64.3,243,8.68,2,2,12,85.9,2,6.7,16,5.9,1,-1,0,0,0,0,0.52,0.52,14.6,14.62,30
2025,211,Jacoby Brissett,ARZ,QB,1,18,LA,7.090909090909091,39,31,22,71,243,7.84,2,1,12,101.9,6,15.4,33,5.54,3,19,0,2,22,0,0.49,0.47,17.6,17.62,40
2025,212,Tyler Shough,NO,QB,1,12,ATL,13.227513227513226,50,43,30,69.8,243,5.65,0,1,11,74.1,5,10,29,3.52,7,22,0,2,12,0,0.2,0.2,9.9,9.92,55
2025,213,Sam Darnold,SEA,QB,1,4,ARZ,5.7915057915057915,30,26,18,69.2,242,9.31,1,0,11,111.4,3,10,13,8.59,1,24,0,1,24,0,0.54,0.54,16.1,16.08,30
2025,214,Justin Herbert,LAC,QB,1,2,LV,5.203252032520325,32,27,19,70.4,242,8.96,2,0,8,122.8,2,6.3,6,9.52,9,31,0,3,26,0,0.63,0.58,19.8,19.78,36
2025,215,Bo Nix,DEN,QB,1,5,PHI,6.4179104477611935,43,39,24,61.5,242,6.21,1,0,12,87.8,2,4.7,14,6.05,3,22,0,2,20,0,0.36,0.36,17.9,17.88,44
2025,216,Caleb Williams,CHI,QB,1,15,CLV,5.039370078740157,32,28,17,60.7,242,8.64,2,0,12,112.5,3,9.4,23,8.35,3,13,0,1,14,0,0.6,0.58,19,18.98,33
2025,217,Jaxson Dart,NYG,QB,1,10,CHI,7.766990291262135,32,29,19,65.5,242,8.34,0,0,10,91.5,2,6.3,12,7.42,6,66,2,1,4,0,0.32,0.76,27.3,27.28,37
2025,218,Jared Goff,DET,QB,1,7,TB,5.475040257648954,34,29,20,69,241,8.31,1,1,9,91.3,4,11.8,26,5.76,2,7,0,1,6,0,0.39,0.38,12.3,12.34,35
2025,219,Jake Browning,CIN,QB,1,2,JAX,23.91304347826087,33,32,21,65.6,241,7.53,2,3,11,69.9,1,3,7,4.21,1,1,1,0,0,0,0.44,0.61,20.7,20.74,34
2025,220,Tanner McKee,PHI,QB,1,18,WAS,91.83673469387756,45,40,21,52.5,241,6.03,1,1,13,68.9,3,6.7,14,4.7,2,3,0,2,3,0,0.29,0.29,12.9,12.94,45
2025,221,Michael Penix,ATL,QB,1,7,SF,13.90728476821192,42,38,21,55.3,241,6.34,1,0,13,83.3,2,4.8,11,6.25,2,6,0,2,6,0,0.34,0.34,13.2,13.24,42
2025,222,Jalen Hurts,PHI,QB,1,14,LAC,8.17490494296578,43,40,21,52.5,240,6,0,4,12,31.3,1,2.3,9,1.24,4,8,0,2,10,0,0.15,0.15,5.4,5.4,44
2025,223,Caleb Williams,CHI,QB,1,12,PIT,5.984251968503937,38,35,19,54.3,239,6.83,3,0,11,104.3,1,2.6,10,8.03,4,21,0,2,14,0,0.6,0.62,22.7,22.66,38
2025,224,Tyler Shough,NO,QB,1,13,MIA,11.904761904761903,45,38,26,68.4,239,6.29,2,1,12,91.9,4,8.9,26,4.95,6,18,0,3,16,0,0.4,0.38,19.4,19.36,48
2025,225,Geno Smith,LV,QB,1,11,DAL,9.404990403071018,49,42,27,64.3,238,5.67,1,1,12,77.3,4,8.2,29,4,4,14,0,3,15,0,0.29,0.28,13.9,13.92,49
2025,226,Lamar Jackson,BLT,QB,1,18,PIT,5.706521739130435,21,18,11,61.1,238,13.22,3,1,5,121.5,3,14.3,16,11.29,4,9,0,0,0,0,0.98,0.89,21.4,21.42,24
2025,227,Dak Prescott,DAL,QB,1,5,NYJ,5.0228310502283104,33,29,18,62.1,237,8.17,4,0,12,127.4,1,3,1,10.53,7,28,0,3,27,0,0.85,0.83,28.3,28.28,34
2025,228,Carson Wentz,MIN,QB,1,5,CLV,20.304568527918782,40,34,25,73.5,236,6.94,1,0,13,102.1,3,7.5,16,6.49,3,13,0,3,13,0,0.37,0.37,14.7,14.74,40
2025,229,Justin Herbert,LAC,QB,1,17,HST,6.829268292682928,42,32,21,65.6,236,7.38,1,1,11,84.9,5,11.9,35,4.76,6,37,0,5,41,0,0.39,0.38,16.1,16.14,43
2025,230,Joe Burrow,CIN,QB,1,18,CLV,14.788732394366196,42,39,29,74.4,236,6.05,3,1,16,104.2,2,4.8,14,5.78,2,17,0,1,8,0,0.51,0.51,22.1,22.14,43
2025,231,Aaron Rodgers,PIT,QB,1,6,CLV,5.75139146567718,31,30,21,70,235,7.83,2,0,11,115.3,0,0,0,9.17,1,1,0,1,1,0,0.56,0.56,17.5,17.5,31
2025,232,Mac Jones,SF,QB,1,9,NYG,8.945686900958465,28,24,19,79.2,235,9.79,2,0,13,135.2,2,7.1,14,10.04,4,4,0,2,3,0,0.63,0.61,16.8,16.8,29
2025,233,Kirk Cousins,ATL,QB,1,13,NYJ,12.323943661971832,35,33,21,63.6,234,7.09,1,0,12,94.8,2,5.7,12,6.91,0,0,0,0,0,0,0.38,0.38,13.4,13.36,35
2025,234,Jordan Love,GB,QB,1,13,DET,6.6115702479338845,32,30,18,60,234,7.8,4,0,12,124.2,0,0,0,10.47,5,4,0,2,7,0,0.81,0.8,25.8,25.76,32
2025,235,Jordan Love,GB,QB,1,14,CHI,5.371900826446281,26,25,17,68,234,9.36,3,1,9,120.7,1,3.8,14,9.04,1,-1,0,0,0,0,0.78,0.78,20.3,20.26,26
2025,236,Baker Mayfield,TB,QB,1,3,NYJ,5.314009661835748,33,29,19,65.5,233,8.03,1,0,12,101.7,1,3,8,8.17,4,44,0,3,45,0,0.54,0.54,17.7,17.72,33
2025,237,C.J. Stroud,HST,QB,1,4,TEN,6.794055201698514,32,28,22,78.6,233,8.32,2,0,9,125.1,2,6.3,9,8.8,4,11,0,2,7,0,0.56,0.54,18.4,18.42,34
2025,238,Spencer Rattler,NO,QB,1,7,CHI,12.714776632302405,37,32,20,62.5,233,7.28,2,3,9,66.3,4,10.8,24,3.17,2,12,0,1,7,0,0.41,0.41,14.5,14.52,38
2025,239,Jayden Daniels,WAS,QB,1,1,NYG,15.163934426229508,37,30,19,63.3,233,7.77,1,0,11,98.3,3,8.1,21,7.03,11,68,0,4,37,0,0.46,0.49,20.1,20.12,41
2025,240,Jayden Daniels,WAS,QB,1,5,LAC,13.114754098360656,32,26,15,57.7,231,8.88,1,0,9,100,1,3.1,5,9.11,8,39,0,5,40,0,0.54,0.5,17.1,17.14,34
2025,241,Jalen Hurts,PHI,QB,1,13,CHI,6.4638783269961975,34,34,19,55.9,230,6.76,2,1,11,84.2,0,0,0,6.62,4,31,0,0,0,0,0.48,0.54,18.3,18.3,36
2025,242,Drake Maye,NE,QB,1,2,MIA,4.9916805324459235,30,23,19,82.6,230,10,2,0,9,137.3,3,10,19,9.65,10,31,1,4,29,1,0.87,0.8,26.3,26.3,33
2025,243,Jaxson Dart,NYG,QB,1,18,DAL,9.466019417475728,39,32,22,68.8,230,7.19,2,0,14,110.2,4,10.3,11,7.19,5,32,0,3,20,0,0.49,0.5,20.4,20.4,41
2025,244,Trevor Lawrence,JAX,QB,1,13,TEN,4.976671850699844,32,27,16,59.3,229,8.48,2,0,13,111.5,3,9.4,27,8.07,3,25,0,2,23,0,0.61,0.6,21.7,21.66,33
2025,245,C.J. Stroud,HST,QB,1,7,SEA,11.464968152866243,54,49,23,46.9,229,4.67,1,1,13,59,3,5.6,31,3.33,2,25,0,2,25,0,0.27,0.27,14.7,14.66,54
2025,246,Geno Smith,LV,QB,1,5,IND,7.869481765834934,41,36,25,69.4,228,6.33,0,2,12,63.2,4,9.8,38,2.5,3,8,0,1,5,0,0.19,0.18,7.9,7.92,43
2025,247,Baker Mayfield,TB,QB,1,7,DET,8.695652173913043,54,50,28,56,228,4.56,1,1,11,66.1,4,7.4,18,3.43,0,0,0,0,0,0,0.22,0.22,12.1,12.12,54
2025,248,Daniel Jones,IND,QB,1,3,TEN,6.308411214953271,27,25,18,72,228,9.12,1,0,10,113.4,0,0,0,9.92,4,27,0,2,19,0,0.56,0.55,15.8,15.82,29
2025,249,Cam Ward,TEN,QB,1,16,KC,5.016181229773463,31,28,21,75,228,8.14,2,0,11,122.3,2,6.5,16,8.4,4,9,0,1,11,0,0.59,0.56,18,18.02,32
2025,250,Justin Herbert,LAC,QB,1,8,MIN,5.528455284552845,34,25,18,72,227,9.08,3,1,13,122.8,2,5.9,15,8.41,7,62,0,7,62,0,0.77,0.77,26.3,26.28,34
2025,251,Spencer Rattler,NO,QB,1,6,NE,10.309278350515463,30,26,20,76.9,227,8.73,0,0,7,102.6,2,6.7,4,7.96,4,20,0,2,10,0,0.34,0.35,11.1,11.08,32
2025,252,Jalen Hurts,PHI,QB,1,3,LA,7.0342205323193925,37,32,21,65.6,226,7.06,3,0,9,117.4,4,10.8,24,7.28,9,40,1,1,2,0,0.57,0.71,30,30.04,44
2025,253,Justin Fields,NYJ,QB,1,4,MIA,13.513513513513514,35,27,20,74.1,226,8.37,1,0,12,111,2,5.7,19,7.83,7,81,1,6,77,1,0.76,0.75,28.1,28.14,36
2025,254,Jared Goff,DET,QB,1,1,GB,6.924315619967794,43,39,31,79.5,225,5.77,1,1,13,88.6,4,9.3,25,4.07,1,-1,0,0,0,0,0.28,0.28,11.9,11.9,43
2025,255,Lamar Jackson,BLT,QB,1,2,CLV,8.967391304347826,33,29,19,65.5,225,7.76,4,0,10,128.6,3,9.1,28,8.66,2,13,0,1,11,0,0.79,0.77,26.3,26.3,34
2025,256,Joe Burrow,CIN,QB,1,15,BLT,15.492957746478872,44,39,25,64.1,225,5.77,0,2,10,58.2,3,6.8,27,2.57,2,5,0,2,5,0,0.17,0.17,7.5,7.5,44
2025,257,Spencer Rattler,NO,QB,1,5,NYG,10.652920962199312,31,31,21,67.7,225,7.26,1,0,9,99.5,0,0,0,7.9,6,21,0,0,0,0,0.42,0.42,16.1,16.1,36
2025,258,Aaron Rodgers,PIT,QB,1,15,MIA,5.565862708719852,30,27,23,85.2,224,8.3,2,0,11,125.9,3,10,23,8.03,0,0,0,0,0,0,0.57,0.57,17,16.96,30
2025,259,Patrick Mahomes,KC,QB,1,3,NYG,6.972789115646258,41,37,22,59.5,224,6.05,1,0,13,85.9,2,4.9,23,5.67,5,2,0,2,5,0,0.33,0.32,13.2,13.16,41
2025,260,Joe Flacco,CIN,QB,1,8,NYJ,8.21917808219178,36,34,21,61.8,223,6.56,2,0,11,100.5,1,2.8,6,7.34,2,14,1,1,13,0,0.51,0.66,24.3,24.32,37
2025,261,Tyrod Taylor,NYJ,QB,1,12,BLT,20,34,28,17,60.7,222,7.93,1,1,10,82.7,3,8.8,18,5.77,5,19,0,3,17,0,0.4,0.38,13.8,13.78,36
2025,262,Trevor Lawrence,JAX,QB,1,3,HST,6.6874027993779155,43,40,20,50,222,5.55,0,1,10,56.5,2,4.7,17,3.81,2,9,0,1,10,0,0.21,0.2,8.8,8.78,43
2025,263,Drake Maye,NE,QB,1,7,TEN,5.823627287853577,35,23,21,91.3,222,9.65,2,0,12,135.9,4,11.4,22,8.89,8,62,0,8,62,0,0.66,0.66,23.1,23.08,35
2025,264,Cam Ward,TEN,QB,1,6,LV,7.119741100323624,44,38,26,68.4,222,5.84,1,1,11,81.3,6,13.6,62,3.07,0,0,0,0,0,0,0.27,0.28,9.9,9.88,43
2025,265,Trevor Lawrence,JAX,QB,1,5,KC,5.287713841368585,34,25,18,72,221,8.84,1,1,8,95.6,3,8.8,11,6.61,10,54,2,6,50,2,0.85,0.77,28.2,28.24,38
2025,266,Michael Penix,ATL,QB,1,9,NE,13.245033112582782,40,37,22,59.5,221,5.97,3,0,13,103.5,1,2.5,4,7.29,2,19,0,2,19,0,0.57,0.57,22.7,22.74,40
2025,267,Dillon Gabriel,CLV,QB,1,6,PIT,26.976744186046513,58,52,29,55.8,221,4.25,0,0,10,66.3,6,10.3,38,3.16,0,0,0,0,0,0,0.15,0.15,8.8,8.84,58
2025,268,Kyler Murray,ARZ,QB,1,2,CAR,15.025906735751295,29,25,17,68,220,8.8,1,1,10,92.1,1,3.4,9,7.15,7,32,0,3,34,0,0.52,0.47,15,15,32
2025,269,Kyler Murray,ARZ,QB,1,5,TEN,18.65284974093264,36,31,23,74.2,220,7.1,0,0,8,93.5,3,8.3,28,5.65,4,25,1,2,15,1,0.45,0.46,16.3,16.3,38
2025,270,Justin Herbert,LAC,QB,1,10,PIT,6.504065040650407,40,33,20,60.6,220,6.67,1,0,7,90.5,5,12.5,21,5.76,5,19,0,2,18,0,0.37,0.35,14.7,14.7,42
2025,271,Trevor Lawrence,JAX,QB,1,9,LV,6.065318818040436,39,34,23,67.6,220,6.47,0,1,9,73.2,1,2.6,4,4.89,9,24,2,4,12,0,0.23,0.52,22.2,22.2,43
2025,272,Caleb Williams,CHI,QB,1,10,NYG,6.456692913385827,41,36,20,55.6,220,6.11,1,0,11,83.1,0,0,0,6.67,8,63,1,5,64,1,0.61,0.6,25.1,25.1,42
2025,273,Aaron Rodgers,PIT,QB,1,8,GB,7.235621521335807,39,36,24,66.7,219,6.08,2,0,10,101.5,3,7.7,17,6.21,0,0,0,0,0,0,0.43,0.43,16.8,16.76,39
2025,274,Joe Flacco,CIN,QB,1,6,GB,10.50228310502283,46,45,29,64.4,219,4.87,2,0,12,90.9,1,2.2,6,5.5,0,0,0,0,0,0,0.36,0.38,18.8,18.76,44
2025,275,Lamar Jackson,BLT,QB,1,14,PIT,11.41304347826087,42,35,19,54.3,219,6.26,1,1,9,71,2,4.8,16,4.81,7,43,1,5,28,1,0.49,0.53,22.1,22.06,42
2025,276,Cam Ward,TEN,QB,1,3,IND,7.281553398058252,45,38,23,60.5,219,5.76,1,1,11,74.3,4,8.9,23,4.07,3,12,0,3,12,0,0.29,0.29,13,12.96,45
2025,277,Sam Darnold,SEA,QB,1,3,NO,3.474903474903475,18,18,14,77.8,218,12.11,2,0,10,154.2,0,0,0,14.33,0,0,0,0,0,0,0.93,0.93,16.7,16.72,18
2025,278,Justin Fields,NYJ,QB,1,1,PIT,9.652509652509652,25,22,16,72.7,218,9.91,1,0,9,119.1,1,4,6,10.09,12,48,2,2,11,0,0.55,0.84,29.5,29.52,35
2025,279,Spencer Rattler,NO,QB,1,3,SEA,14.776632302405499,43,39,28,71.8,218,5.59,1,1,12,83.1,2,4.7,13,4.39,2,10,0,2,10,0,0.3,0.3,12.7,12.72,43
2025,280,Baker Mayfield,TB,QB,1,2,HST,7.246376811594203,45,38,25,65.8,215,5.66,2,0,12,98,4,8.9,24,5.5,3,33,0,3,33,0,0.44,0.44,19.9,19.9,45
2025,281,Spencer Rattler,NO,QB,1,1,ARZ,16.83848797250859,49,46,27,58.7,214,4.65,0,0,12,70.4,1,2,6,4.43,4,29,0,2,21,0,0.22,0.23,11.5,11.46,49
2025,282,Marcus Mariota,WAS,QB,1,10,DET,9.961685823754788,26,22,16,72.7,213,9.68,2,0,9,133.3,2,7.7,18,9.79,5,22,0,2,18,0,0.7,0.67,18.7,18.72,28
2025,283,Marcus Mariota,WAS,QB,1,11,MIA,12.260536398467432,32,30,20,66.7,213,7.1,1,1,10,84.4,1,3.1,6,5.87,4,49,0,1,44,0,0.5,0.47,16.4,16.42,35
2025,284,Marcus Mariota,WAS,QB,1,8,KC,13.409961685823754,35,30,21,70,213,7.1,1,2,9,73.3,2,5.7,13,4.06,8,28,0,3,10,0,0.33,0.33,13.3,13.32,40
2025,285,Josh Allen,BUF,QB,1,3,MIA,5.839416058394161,32,28,22,78.6,213,7.61,3,0,12,134.1,2,6.3,10,8.77,4,25,0,2,23,0,0.71,0.7,23,23.02,33
2025,286,Sam Darnold,SEA,QB,1,7,HST,6.563706563706563,34,31,17,54.8,213,6.87,1,1,9,73.7,2,5.9,15,5.24,3,1,0,1,3,0,0.35,0.34,10.6,10.62,34
2025,287,Jacoby Brissett,ARZ,QB,1,17,CIN,7.454545454545454,41,37,21,56.8,212,5.73,2,0,9,91.3,4,9.8,21,5.63,0,0,0,0,0,0,0.4,0.4,16.5,16.48,41
2025,288,Daniel Jones,IND,QB,1,5,LV,6.775700934579438,29,29,20,69,212,7.31,2,0,11,113,0,0,0,8.69,1,2,0,0,0,0,0.57,0.56,16.7,16.68,30
2025,289,Daniel Jones,IND,QB,1,6,ARZ,7.710280373831775,33,30,22,73.3,212,7.07,2,1,13,101,1,3,7,6.45,5,20,1,2,20,1,0.71,0.69,23.5,23.48,34
2025,290,Bo Nix,DEN,QB,1,14,LV,6.4179104477611935,43,38,31,81.6,212,5.58,0,0,14,89.9,3,7,8,4.98,3,15,1,2,14,1,0.37,0.36,16,15.98,44
2025,291,Caleb Williams,CHI,QB,1,18,DET,5.511811023622047,35,33,20,60.6,212,6.42,2,1,10,86.9,1,2.9,7,5.88,1,1,0,1,1,0,0.45,0.45,17.6,17.58,35
2025,292,Caleb Williams,CHI,QB,1,4,LV,6.456692913385827,41,37,22,59.5,212,5.73,1,1,10,73.3,1,2.4,10,4.66,8,13,0,3,20,0,0.33,0.28,12.8,12.78,45
2025,293,Marcus Mariota,WAS,QB,1,15,NYG,9.961685823754788,26,19,10,52.6,211,11.11,1,0,10,109.8,2,7.7,16,10.24,10,43,0,5,33,0,0.61,0.6,15.7,15.74,28
2025,294,Jayden Daniels,WAS,QB,1,6,CHI,14.344262295081966,35,26,19,73.1,211,8.12,3,1,11,119.2,3,8.6,6,7.59,10,52,0,6,54,0,0.71,0.65,23.6,23.64,38
2025,295,Justin Herbert,LAC,QB,1,15,KC,5.365853658536586,33,29,19,65.5,210,7.24,1,1,9,84,4,12.1,9,5.33,2,0,0,0,0,0,0.35,0.34,11.4,11.4,34
2025,296,Caleb Williams,CHI,QB,1,1,MIN,6.771653543307086,43,35,21,60,210,6,1,0,10,86.6,2,4.7,12,5.89,6,58,1,6,58,1,0.56,0.56,24.2,24.2,43
2025,297,Lamar Jackson,BLT,QB,1,1,BUF,5.978260869565218,22,19,14,73.7,209,11,2,0,8,144.4,2,9.1,15,11.14,6,70,1,1,19,0,0.83,1.09,29.4,29.36,27
2025,298,Josh Allen,BUF,QB,1,4,NO,5.109489051094891,28,22,16,72.7,209,9.5,2,1,10,113.6,3,10.7,18,7.44,7,45,1,3,33,1,0.88,0.89,25.9,25.86,29
2025,299,Shedeur Sanders,CLV,QB,1,12,LV,8.300395256916996,21,20,11,55,209,10.45,1,1,4,87.3,1,4.8,3,8.62,1,-1,0,0,0,0,0.54,0.54,11.3,11.26,21
2025,300,Marcus Mariota,WAS,QB,1,3,LV,8.812260536398467,23,21,15,71.4,207,9.86,1,0,7,118.6,1,4.3,8,9.95,6,40,1,1,2,1,0.8,0.83,21.3,21.28,27
2025,301,C.J. Stroud,HST,QB,1,2,TB,6.369426751592357,30,24,13,54.2,207,8.63,1,0,7,97,3,10,25,7.48,4,27,0,3,27,0,0.5,0.5,15,14.98,30
2025,302,Spencer Rattler,NO,QB,1,2,SF,13.745704467353953,40,34,25,73.5,207,6.09,3,0,12,118.1,3,7.5,21,6.65,4,14,0,3,14,0,0.54,0.53,21.7,21.68,41
2025,303,Caleb Williams,CHI,QB,1,2,DET,5.669291338582677,36,30,19,63.3,207,6.9,2,1,10,91.9,4,11.1,29,5.09,5,27,0,2,19,0,0.48,0.46,18,17.98,39
2025,304,Jaxson Dart,NYG,QB,1,17,LV,8.495145631067961,35,30,22,73.3,207,6.9,0,0,9,91.9,2,5.7,19,5.88,9,48,2,3,21,1,0.47,0.66,25.1,25.08,38
2025,305,Bryce Young,CAR,QB,1,13,LA,4.4609665427509295,24,20,15,75,206,10.3,3,0,8,147.1,2,8.3,12,11.55,5,23,0,2,27,0,0.96,0.94,22.5,22.54,24
2025,306,Bo Nix,DEN,QB,1,2,IND,4.776119402985075,32,30,22,73.3,206,6.87,3,1,11,111.2,0,0,0,7.37,3,20,0,2,21,0,0.67,0.64,21.2,21.24,33
2025,307,Tua Tagovailoa,MIA,QB,1,6,LAC,8.235294117647058,35,32,21,65.6,205,6.41,1,3,10,54.8,2,5.7,9,2.38,1,4,0,1,4,0,0.27,0.27,9.6,9.6,35
2025,308,Tua Tagovailoa,MIA,QB,1,8,ATL,6.352941176470588,27,26,20,76.9,205,7.88,4,0,10,138.6,1,3.7,8,10.26,0,0,0,0,0,0,0.9,0.9,24.2,24.2,27
2025,309,Lamar Jackson,BLT,QB,1,9,MIA,7.336956521739131,27,23,18,78.3,204,8.87,4,0,11,143.2,2,7.4,16,10.72,5,14,0,2,16,0,0.95,0.91,25.6,25.56,28
2025,310,C.J. Stroud,HST,QB,1,3,JAX,9.129511677282377,43,38,25,65.8,204,5.37,1,2,8,66.1,2,4.7,20,2.85,4,22,0,3,23,0,0.29,0.29,12.4,12.36,42
2025,311,Aaron Rodgers,PIT,QB,1,2,SEA,6.8645640074211505,37,33,18,54.5,203,6.15,1,2,5,58,3,8.1,20,3.14,1,3,0,1,3,0,0.28,0.28,12.4,12.42,37
2025,312,Aaron Rodgers,PIT,QB,1,9,IND,7.235621521335807,39,35,25,71.4,203,5.8,1,0,10,95.3,3,7.7,16,5.45,2,0,0,1,1,0,0.31,0.31,12.1,12.12,39
2025,313,Jared Goff,DET,QB,1,6,KC,4.99194847020934,31,29,23,79.3,203,7,2,0,13,118.8,1,3.2,4,7.97,1,7,0,1,7,0,0.54,0.54,16.8,16.82,31
2025,314,Jacoby Brissett,ARZ,QB,1,16,ATL,6,33,31,16,51.6,203,6.55,1,1,9,69.7,2,6.1,15,4.94,1,5,0,0,0,0,0.34,0.34,11.6,11.62,34
2025,315,Baker Mayfield,TB,QB,1,18,CAR,4.508856682769726,28,22,16,72.7,203,9.23,1,1,12,97.3,2,7.1,5,7.21,4,31,0,4,31,0,0.51,0.51,14.2,14.22,28
2025,316,Justin Herbert,LAC,QB,1,4,NYG,7.154471544715448,44,41,23,56.1,203,4.95,1,2,8,57.3,2,4.5,17,2.7,1,24,0,1,24,0,0.28,0.28,14.5,14.52,44
2025,317,C.J. Stroud,HST,QB,1,14,KC,7.43099787685775,35,31,15,48.4,203,6.55,1,0,7,80.4,3,8.6,17,6.06,2,5,0,1,3,0,0.35,0.35,12.6,12.62,36
2025,318,Drake Maye,NE,QB,1,4,CAR,3.494176372712146,21,17,14,82.4,203,11.94,2,0,8,155.6,1,4.8,0,13.5,3,11,1,3,11,1,1.11,1.11,23.2,23.22,21
2025,319,Jared Goff,DET,QB,1,3,BLT,4.669887278582931,29,28,20,71.4,202,7.21,1,0,11,103.6,0,0,0,7.93,4,6,0,1,5,0,0.43,0.41,12.7,12.68,31
2025,320,Jaxson Dart,NYG,QB,1,5,NO,11.165048543689322,46,40,26,65,202,5.05,2,2,10,73.1,1,2.2,3,3.63,7,55,0,5,44,0,0.4,0.42,18.6,18.58,47
2025,321,Geno Smith,LV,QB,1,16,HST,4.990403071017274,26,23,16,69.6,201,8.74,2,1,8,107.3,3,11.5,31,6.35,0,0,0,0,0,0,0.58,0.58,15,15.04,26
2025,322,Jameis Winston,NYG,QB,1,11,GB,44.285714285714285,31,29,19,65.5,201,6.93,0,1,10,71.2,2,6.5,7,4.81,3,10,1,0,0,0,0.23,0.43,13,13.04,33
2025,323,Daniel Jones,IND,QB,1,13,HST,6.5420560747663545,28,27,14,51.9,201,7.44,2,0,9,101,1,3.6,6,8.39,1,1,0,0,0,0,0.57,0.56,16.1,16.14,29
2025,324,Aaron Rodgers,PIT,QB,1,4,MIN,4.638218923933209,25,22,18,81.8,200,9.09,1,0,6,119.7,2,8,18,8.42,3,8,0,1,10,0,0.52,0.51,12.8,12.8,25
2025,325,Kyler Murray,ARZ,QB,1,4,SEA,26.42487046632124,51,41,27,65.9,200,4.88,2,2,13,73.2,6,11.8,36,2.43,5,41,0,4,38,0,0.35,0.35,18.1,18.1,52
2025,326,Brock Purdy,SF,QB,1,11,ARZ,8.626198083067091,27,26,19,73.1,200,7.69,3,0,13,133.5,1,3.7,14,9.11,1,-7,0,0,0,0,0.74,0.69,19.3,19.3,28
2025,327,Jayden Daniels,WAS,QB,1,2,GB,21.311475409836063,52,42,24,57.1,200,4.76,2,0,10,85.4,4,7.7,21,4.76,7,17,0,6,17,0,0.34,0.34,19.7,19.7,52
2025,328,Joe Flacco,CIN,QB,1,11,PIT,9.360730593607306,41,40,23,57.5,199,4.97,1,1,9,68.6,1,2.4,7,4.07,1,-1,0,0,0,0,0.27,0.26,10.9,10.86,41
2025,329,Joe Flacco,CLV,QB,1,2,BLT,10.95890410958904,48,45,25,55.6,199,4.42,1,1,7,65,2,4.2,11,3.47,1,8,0,1,8,0,0.25,0.25,10.8,10.76,48
2025,330,Kirk Cousins,ATL,QB,1,12,NO,9.507042253521126,27,23,16,69.6,199,8.65,2,1,7,107,3,11.1,18,6.77,2,5,0,1,6,0,0.58,0.59,15.5,15.46,26
2025,331,Bryce Young,CAR,QB,1,6,DAL,5.018587360594796,27,25,17,68,199,7.96,3,1,11,114.8,1,3.7,5,8.04,3,5,0,1,8,0,0.73,0.72,19.5,19.46,27
2025,332,Josh Johnson,WAS,QB,1,17,DAL,40.625,26,23,15,65.2,198,8.61,0,0,10,92.3,1,3.8,8,7.92,2,10,0,2,10,0,0.34,0.36,8.9,8.92,25
2025,333,Sam Darnold,SEA,QB,1,18,SF,5.7915057915057915,30,26,20,76.9,198,7.62,0,0,11,97.9,2,6.7,17,6.46,6,9,0,2,11,0,0.3,0.28,8.8,8.82,31
2025,334,Bryce Young,CAR,QB,1,5,MIA,6.319702602230483,34,30,19,63.3,198,6.6,2,1,12,90.7,3,8.8,19,5.27,3,1,0,1,4,0,0.45,0.46,14,14.02,33
2025,335,Tyrod Taylor,NYJ,QB,1,3,TB,27.647058823529413,47,36,26,72.2,197,5.47,2,1,13,92,4,8.5,29,4.08,8,48,0,7,49,0,0.42,0.43,18.7,18.68,46
2025,336,Kirk Cousins,ATL,QB,1,16,ARZ,12.676056338028168,36,35,21,60,197,5.63,2,1,11,82.7,1,2.8,7,5.14,5,-3,1,0,0,0,0.41,0.53,19.6,19.58,39
2025,337,Jared Goff,DET,QB,1,17,MIN,5.475040257648954,34,29,18,62.1,197,6.79,1,2,12,64.9,5,14.7,34,2.74,3,2,0,0,0,0,0.29,0.27,7.1,7.08,37
2025,338,Matthew Stafford,LA,QB,1,3,PHI,5.422647527910686,34,33,19,57.6,196,5.94,2,1,10,82.4,1,2.9,0,5.62,0,0,0,0,0,0,0.44,0.44,14.8,14.84,34
2025,339,Jaxson Dart,NYG,QB,1,6,PHI,7.766990291262135,32,25,17,68,195,7.8,1,0,8,104.6,2,6.3,1,7.93,13,58,1,5,42,1,0.69,0.64,23.6,23.6,37
2025,340,Baker Mayfield,TB,QB,1,13,ARZ,5.314009661835748,33,28,18,64.3,194,6.93,1,0,8,96.4,2,6.1,10,6.8,6,27,0,3,31,0,0.45,0.44,14.5,14.46,33
2025,341,Cam Ward,TEN,QB,1,11,HST,6.957928802588997,43,37,24,64.9,194,5.24,1,0,10,87,3,7,23,4.78,3,33,0,3,33,0,0.35,0.35,14.1,14.06,43
2025,342,Lamar Jackson,BLT,QB,1,11,CLV,8.423913043478262,31,25,14,56,193,7.72,0,2,9,47.6,5,16.1,26,2.57,4,10,0,1,13,0,0.23,0.21,6.7,6.72,32
2025,343,Josh Allen,BUF,QB,1,15,NE,6.021897810218978,33,28,19,67.9,193,6.89,3,0,11,123.1,2,6.1,12,8.03,11,48,0,3,14,0,0.64,0.65,24.5,24.52,38
2025,344,Mac Jones,SF,QB,1,8,HST,11.501597444089457,36,32,19,59.4,193,6.03,2,1,10,84.5,2,5.6,18,5,2,23,0,2,23,0,0.47,0.47,19,19.02,36
2025,345,Brock Purdy,SF,QB,1,12,CAR,10.543130990415335,33,32,23,71.9,193,6.03,1,3,11,58.5,0,0,0,2.44,6,16,0,1,9,0,0.29,0.29,10.3,10.32,36
2025,346,Caleb Williams,CHI,QB,1,11,MIN,5.669291338582677,36,32,16,50,193,6.03,0,0,6,68.9,2,5.6,13,5.29,4,26,0,2,23,0,0.28,0.27,10.3,10.32,38
2025,347,Jaxson Dart,NYG,QB,1,8,PHI,7.524271844660194,31,24,14,58.3,193,8.04,1,0,9,98.1,5,16.1,15,6.83,6,17,1,2,9,0,0.41,0.57,19.4,19.42,34
2025,348,Bryce Young,CAR,QB,1,16,TB,6.691449814126393,36,32,21,65.6,191,5.97,2,0,9,102.5,2,5.6,17,6.29,4,20,0,2,12,0,0.47,0.48,17.6,17.64,37
2025,349,Drake Maye,NE,QB,1,18,MIA,3.826955074875208,23,18,14,77.8,191,10.61,1,0,7,129.4,0,0,0,11.72,5,41,0,5,41,0,0.68,0.68,15.7,15.74,23
2025,350,Jaxson Dart,NYG,QB,1,9,SF,9.466019417475728,39,33,24,72.7,191,5.79,2,0,7,107,2,5.1,12,6.26,8,56,1,4,40,0,0.5,0.63,27.2,27.24,43
2025,351,Dillon Gabriel,CLV,QB,1,5,MIN,16.74418604651163,36,33,19,57.6,190,5.76,2,0,9,94.3,2,5.6,8,6.34,2,5,0,1,8,0,0.46,0.45,16.1,16.1,36
2025,352,Patrick Mahomes,KC,QB,1,15,LAC,5.952380952380952,35,28,16,57.1,189,6.75,0,1,9,62.9,5,14.3,21,3.73,2,15,1,2,15,1,0.4,0.4,14.1,14.06,35
2025,353,Dak Prescott,DAL,QB,1,1,PHI,5.32724505327245,35,34,21,61.8,188,5.53,0,0,9,76.6,0,0,0,5.53,1,3,0,1,3,0,0.22,0.23,7.8,7.82,34
2025,354,Dak Prescott,DAL,QB,1,8,DEN,5.78386605783866,38,31,19,61.3,188,6.06,0,2,9,51.5,2,5.3,15,2.52,6,31,0,5,31,0,0.23,0.22,8.6,8.62,39
2025,355,Jordan Love,GB,QB,1,1,DET,4.75206611570248,23,22,16,72.7,188,8.55,2,0,8,128.6,0,0,0,10.36,3,4,0,1,3,0,0.69,0.66,15.9,15.92,24
2025,356,C.J. Stroud,HST,QB,1,1,LA,7.218683651804671,34,27,19,70.4,188,6.96,0,1,7,74.3,3,8.8,37,3.53,5,32,0,4,30,0,0.28,0.28,9.7,9.72,35
2025,357,Brady Cook,NYJ,QB,1,16,NO,24.581005586592177,44,35,22,62.9,188,5.37,0,1,6,64.9,8,18.2,57,2,1,2,0,1,2,0,0.15,0.15,5.7,5.72,44
2025,358,Patrick Mahomes,KC,QB,1,2,PHI,6.462585034013606,38,29,16,55.2,187,6.45,1,1,7,72.1,2,5.3,14,4.77,7,66,1,7,66,1,0.61,0.61,23.1,23.08,38
2025,359,C.J. Stroud,HST,QB,1,16,LV,7.643312101910828,36,35,23,65.7,187,5.34,1,0,10,88.6,0,0,0,5.91,4,0,0,1,2,0,0.32,0.31,11.5,11.48,37
2025,360,Tyler Huntley,BLT,QB,1,8,CHI,30.48780487804878,25,22,17,77.3,186,8.45,1,0,8,116.9,2,8,8,8.25,8,53,0,1,29,0,0.57,0.54,16.7,16.74,31
2025,361,Caleb Williams,CHI,QB,1,14,GB,6.141732283464567,39,35,19,54.3,186,5.31,2,1,12,76.6,1,2.6,9,4.78,4,15,0,3,13,0,0.4,0.4,15.9,15.94,40
2025,362,Shedeur Sanders,CLV,QB,1,17,PIT,11.067193675889328,28,23,17,73.9,186,8.09,1,2,9,75.6,2,7.1,2,4.56,4,20,0,3,21,0,0.41,0.41,11.4,11.44,28
2025,363,Jalen Hurts,PHI,QB,1,16,WAS,7.0342205323193925,37,30,22,73.3,185,6.17,2,0,11,111.1,2,5.4,7,6.81,7,40,0,5,40,0,0.52,0.5,19.4,19.4,39
2025,364,Joe Flacco,CLV,QB,1,4,DET,8.447488584474886,37,34,16,47.1,184,5.41,0,2,8,39.3,3,8.1,14,2.16,3,-1,0,0,0,0,0.14,0.13,4.3,4.26,39
2025,365,Joe Flacco,CIN,QB,1,12,NE,8.67579908675799,38,37,19,51.4,183,4.95,1,1,9,63.2,1,2.6,10,3.89,1,3,0,0,0,0,0.27,0.28,10.6,10.62,38
2025,366,Jordan Love,GB,QB,1,3,CLV,6.40495867768595,31,25,18,72,183,7.32,1,1,8,89.3,5,16.1,34,4.13,4,18,0,1,4,0,0.35,0.37,12.1,12.12,33
2025,367,Jalen Hurts,PHI,QB,1,10,GB,5.513307984790875,29,26,15,57.7,183,7.04,1,0,8,92.3,0,0,0,7.81,5,27,0,3,14,0,0.44,0.45,13,13.02,31
2025,368,Matthew Stafford,LA,QB,1,7,JAX,5.422647527910686,34,33,21,63.6,182,5.52,5,0,14,117.7,0,0,0,8.55,2,1,0,1,2,0,0.81,0.81,27.4,27.38,34
2025,369,Bo Nix,DEN,QB,1,17,KC,6.567164179104477,44,38,26,68.4,182,4.79,1,1,12,76.9,1,2.3,7,3.85,9,42,1,5,42,1,0.47,0.44,20.5,20.48,47
2025,370,J.J. McCarthy,MIN,QB,1,18,GB,8.362369337979095,24,23,14,60.9,182,7.91,0,0,9,85.8,0,0,0,7.91,2,7,0,1,6,0,0.33,0.32,8,7.98,25
2025,371,Matthew Stafford,LA,QB,1,6,BLT,4.625199362041467,29,26,17,65.4,181,6.96,1,0,10,98.4,2,6.9,14,6.68,4,1,0,1,3,0,0.4,0.38,10.3,10.34,30
2025,372,Daniel Jones,IND,QB,1,12,KC,7.710280373831775,33,31,19,61.3,181,5.84,2,0,6,99,0,0,0,7.13,3,16,0,2,17,0,0.51,0.51,16.8,16.84,33
2025,373,Kirk Cousins,ATL,QB,1,18,NO,13.028169014084506,37,32,18,56.3,180,5.63,1,1,11,69.8,4,10.8,21,3.72,3,0,0,1,2,0,0.28,0.28,10.2,10.2,36
2025,374,Geno Smith,LV,QB,1,2,LAC,9.213051823416507,48,43,24,55.8,180,4.19,0,3,8,37,3,6.3,30,0.33,5,20,0,2,17,0,0.12,0.12,6.2,6.2,51
2025,375,Josh Allen,BUF,QB,1,6,ATL,6.204379562043796,34,26,15,57.7,180,6.92,2,2,8,72.6,4,11.8,23,3.57,6,42,0,4,42,0,0.51,0.48,17.4,17.4,36
2025,376,Cooper Rush,BLT,QB,1,5,HST,39.62264150943396,21,20,14,70,179,8.95,0,3,7,58.1,1,4.8,16,1.33,0,0,0,0,0,0,0.2,0.2,4.2,4.16,21
2025,377,Jordan Love,GB,QB,1,7,ARZ,6.8181818181818175,33,29,19,65.5,179,6.17,1,0,10,93.9,1,3,11,6.27,4,22,0,3,23,0,0.41,0.4,13.4,13.36,33
2025,378,Jalen Hurts,PHI,QB,1,8,NYG,5.133079847908745,27,20,15,75,179,8.95,4,0,10,141.5,4,14.8,28,9.63,4,22,0,3,20,0,0.93,0.91,25.4,25.36,28
2025,379,Sam Darnold,SEA,QB,1,10,ARZ,2.5096525096525095,13,12,10,83.3,178,14.83,1,1,6,111.8,1,7.7,4,11.46,3,-2,0,0,0,0,0.78,0.71,7.9,7.92,14
2025,380,Trevor Lawrence,JAX,QB,1,1,CAR,5.132192846034215,33,31,19,61.3,178,5.74,1,1,9,74.4,0,0,0,4.94,4,12,0,2,14,0,0.35,0.35,11.3,11.32,32
2025,381,Tua Tagovailoa,MIA,QB,1,4,NYJ,6.352941176470588,27,25,17,68,177,7.08,2,0,12,114.9,0,0,0,8.68,3,6,0,2,6,0,0.58,0.56,15.7,15.68,28
2025,382,Michael Penix,ATL,QB,1,10,IND,10.264900662251655,31,28,12,42.9,177,6.32,1,0,10,76,3,9.7,27,5.48,1,-1,0,0,0,0,0.36,0.35,12,11.98,31
2025,383,Shedeur Sanders,CLV,QB,1,15,CHI,16.600790513833992,42,35,18,51.4,177,5.06,0,3,7,30.3,5,11.9,35,0.17,2,24,0,2,24,0,0.15,0.15,6.5,6.48,42
2025,384,Geno Smith,LV,QB,1,17,NYG,6.142034548944338,32,28,20,71.4,176,6.29,1,2,8,69.9,3,9.4,24,2.65,1,1,0,1,1,0,0.29,0.29,9.1,9.14,32
2025,385,Lamar Jackson,BLT,QB,1,10,MIN,8.967391304347826,33,29,17,58.6,176,6.07,1,0,9,87.7,1,3,7,6.3,9,36,0,3,15,0,0.38,0.39,16.6,16.64,38
2025,386,Jordan Love,GB,QB,1,10,PHI,8.677685950413224,42,36,20,55.6,176,4.89,0,0,10,68.8,3,7.1,19,4.03,5,28,0,3,26,0,0.23,0.23,8.8,8.84,43
2025,387,Bo Nix,DEN,QB,1,1,TEN,6.4179104477611935,43,40,25,62.5,176,4.4,1,2,9,60,1,2.3,10,2.34,8,18,0,2,15,0,0.25,0.23,9.8,9.84,47
2025,388,Brady Cook,NYJ,QB,1,15,JAX,22.905027932960895,41,33,22,66.7,176,5.33,1,3,11,52.1,3,7.3,22,1.08,6,39,0,5,37,0,0.29,0.28,11.9,11.94,42
2025,389,Tyler Shough,NO,QB,1,9,LA,6.613756613756613,25,24,15,62.5,176,7.33,1,1,8,81.3,1,4,9,5.68,1,2,0,0,0,0,0.4,0.41,10.2,10.24,25
2025,390,Andy Dalton,CAR,QB,1,8,BUF,69.56521739130434,32,24,16,66.7,175,7.29,0,1,11,70.7,7,21.9,45,2.74,2,1,0,1,1,0,0.19,0.18,4.1,4.1,33
2025,391,Jalen Hurts,PHI,QB,1,15,LV,3.4220532319391634,18,15,12,80,175,11.67,3,0,9,154.9,1,5.6,4,14.44,7,39,0,2,12,0,1.12,1,22.9,22.9,23
2025,392,Michael Penix,ATL,QB,1,11,CAR,5.629139072847682,17,16,13,81.3,175,10.94,0,0,8,112.2,0,0,0,10.94,1,9,0,1,9,0,0.46,0.46,7.9,7.9,17
2025,393,Cam Ward,TEN,QB,1,2,LA,6.634304207119741,41,33,19,57.6,175,5.3,1,0,10,82.3,5,12.2,32,4.29,4,8,0,3,7,0,0.29,0.28,10.8,10.8,42
2025,394,Geno Smith,LV,QB,1,6,TEN,4.798464491362764,25,23,17,73.9,174,7.57,1,1,9,91.6,2,8,16,5.32,4,-3,0,0,0,0,0.4,0.37,9.7,9.66,26
2025,395,Jordan Love,GB,QB,1,11,NYG,5.578512396694215,27,24,13,54.2,174,7.25,2,0,9,105.2,2,7.4,12,7.77,2,7,0,1,4,0,0.57,0.56,17.7,17.66,28
2025,396,Trevor Lawrence,JAX,QB,1,4,SF,4.976671850699844,32,31,21,67.7,174,5.61,1,0,8,92.7,0,0,0,6.26,7,7,0,1,2,0,0.35,0.34,11.7,11.66,34
2025,397,Bo Nix,DEN,QB,1,6,NYJ,4.925373134328359,33,30,19,63.3,174,5.8,1,0,9,90.1,1,3,6,6.06,5,24,0,2,20,0,0.39,0.39,13.4,13.36,34
2025,398,Kirk Cousins,ATL,QB,1,8,MIA,11.267605633802818,32,31,21,67.7,173,5.58,0,0,7,81.8,1,3.1,5,5.25,2,2,0,0,0,0,0.22,0.22,7.1,7.12,33
2025,399,Carson Wentz,MIN,QB,1,3,CIN,12.690355329949238,25,20,14,70,173,8.65,2,0,9,129.8,3,12,19,8.43,2,4,0,2,4,0,0.61,0.61,15.3,15.32,25
2025,400,Baker Mayfield,TB,QB,1,11,BUF,5.314009661835748,33,28,16,57.1,173,6.18,1,1,6,72.5,1,3,8,4.83,5,39,1,4,26,1,0.56,0.58,18.8,18.82,34
2025,401,Tua Tagovailoa,MIA,QB,1,10,BUF,4.941176470588235,21,21,15,71.4,173,8.24,2,2,9,88.1,0,0,0,5.86,2,-1,0,0,0,0,0.62,0.61,12.8,12.82,21
2025,402,Bo Nix,DEN,QB,1,9,HST,5.820895522388059,39,37,18,48.6,173,4.68,2,1,9,68.9,1,2.6,2,4.37,3,36,0,1,25,0,0.42,0.43,19.5,19.52,41
2025,403,Tyrod Taylor,NYJ,QB,1,13,ATL,24.11764705882353,41,33,19,57.6,172,5.21,1,0,8,81.9,2,4.9,13,5.11,8,44,1,6,43,1,0.52,0.51,21.3,21.28,42
2025,404,Michael Penix,ATL,QB,1,3,CAR,12.582781456953644,38,36,18,50,172,4.78,0,2,10,40.5,0,0,0,2.28,2,9,0,2,9,0,0.15,0.15,5.8,5.78,38
2025,405,Caleb Williams,CHI,QB,1,7,NO,4.251968503937007,27,26,15,57.7,172,6.62,0,1,10,61.7,1,3.7,8,4.41,4,-2,0,0,0,0,0.22,0.2,5.7,5.68,29
2025,406,Quinn Ewers,MIA,QB,1,17,TB,26.595744680851062,25,22,14,63.6,172,7.82,2,0,6,118,2,8,19,8.04,4,5,0,1,7,0,0.62,0.59,15.8,15.78,26
2025,407,Mason Rudolph,PIT,QB,1,12,CHI,61.81818181818181,34,31,24,77.4,171,5.52,1,1,8,86.9,2,5.9,12,4.06,3,7,0,1,3,0,0.3,0.29,9.5,9.54,36
2025,408,Tua Tagovailoa,MIA,QB,1,11,WAS,5.411764705882352,23,20,14,70,171,8.55,0,0,8,96,3,13,29,6.17,0,0,0,0,0,0,0.3,0.3,6.8,6.84,23
2025,409,Cam Ward,TEN,QB,1,15,SF,4.692556634304207,29,29,18,62.1,170,5.86,2,0,8,101.2,0,0,0,7.24,1,2,0,0,0,0,0.51,0.5,15,15,30
2025,410,Bryce Young,CAR,QB,1,12,SF,6.319702602230483,34,29,18,62.1,169,5.83,1,2,9,60.8,1,2.9,8,3.03,4,15,0,4,15,0,0.3,0.3,10.3,10.26,34
2025,411,C.J. Stroud,HST,QB,1,18,IND,5.095541401273886,24,23,14,60.9,169,7.35,1,0,7,97.9,0,0,0,8.22,2,5,1,1,3,0,0.46,0.72,17.3,17.26,24
2025,412,Aaron Rodgers,PIT,QB,1,17,CLV,7.792207792207792,42,39,21,53.8,168,4.31,0,0,9,64.9,2,4.8,8,3.9,1,6,0,1,6,0,0.17,0.18,7.3,7.32,40
2025,413,Russell Wilson,NYG,QB,1,1,WAS,31.914893617021278,45,37,17,45.9,168,4.54,0,0,9,59.3,2,4.4,11,4.03,8,44,0,6,40,0,0.24,0.24,11.1,11.12,47
2025,414,Jared Goff,DET,QB,1,4,CLV,4.3478260869565215,27,27,16,59.3,168,6.22,2,1,8,86.7,0,0,0,6.04,0,0,0,0,0,0,0.51,0.51,13.7,13.72,27
2025,415,Brock Purdy,SF,QB,1,13,CLV,9.904153354632587,31,29,16,55.2,168,5.79,1,0,11,83.7,1,3.2,7,6.03,2,4,1,1,2,0,0.35,0.53,17.1,17.12,32
2025,416,Baker Mayfield,TB,QB,1,1,ATL,5.958132045088567,37,32,17,53.1,167,5.22,3,0,10,99.3,1,2.7,8,6.64,5,39,0,4,40,0,0.61,0.61,22.6,22.58,37
2025,417,Dillon Gabriel,CLV,QB,1,10,NYJ,20,43,32,17,53.1,167,5.22,2,0,8,88.9,6,14,47,4.21,5,54,0,5,54,0,0.47,0.47,20.1,20.08,43
2025,418,Justin Herbert,LAC,QB,1,5,WAS,5.528455284552845,34,29,22,75.9,166,5.72,1,1,9,86.3,4,11.8,24,3.55,4,60,0,1,41,0,0.4,0.43,15.6,15.64,36
2025,419,Geno Smith,LV,QB,1,13,LAC,5.3742802303262955,28,23,18,78.3,165,7.17,2,1,9,107.4,5,17.9,40,4.29,2,-6,0,0,0,0,0.49,0.45,13,13,29
2025,420,Josh Allen,BUF,QB,1,8,CAR,3.832116788321168,21,19,12,63.2,163,8.58,1,0,8,108,2,9.5,20,7.76,3,7,2,0,0,0,0.5,0.97,23.2,23.22,24
2025,421,Kyler Murray,ARZ,QB,1,1,NO,19.170984455958546,37,29,21,72.4,163,5.62,2,0,11,108.8,5,13.5,33,5,7,38,0,3,28,0,0.47,0.45,18.3,18.32,41
2025,422,Bryce Young,CAR,QB,1,15,NO,5.762081784386617,31,24,15,62.5,163,6.79,1,0,7,96.4,1,3.2,9,6.96,7,49,0,6,47,0,0.49,0.48,15.4,15.42,32
2025,423,J.J. McCarthy,MIN,QB,1,14,WAS,10.104529616724738,29,23,16,69.6,163,7.09,3,0,13,129.2,4,13.8,12,7.81,6,19,0,2,23,0,0.72,0.7,20.4,20.42,29
2025,424,Brady Cook,NYJ,QB,1,14,MIA,20.11173184357542,36,30,14,46.7,163,5.43,0,2,8,35.8,6,16.7,27,1.28,1,0,0,0,0,0,0.13,0.12,4.5,4.52,37
2025,425,Kirk Cousins,ATL,QB,1,14,SEA,10.915492957746478,31,30,15,50,162,5.4,0,2,7,38.5,1,3.2,8,2.06,0,0,0,0,0,0,0.14,0.14,4.5,4.48,31
2025,426,Aaron Rodgers,PIT,QB,1,10,LAC,6.307977736549166,34,31,16,51.6,161,5.19,1,2,6,50.6,3,8.8,13,2.29,0,0,0,0,0,0,0.25,0.25,8.4,8.44,34
2025,427,Russell Wilson,NYG,QB,1,3,KC,26.24113475177305,37,32,18,56.3,160,5,0,2,7,43.8,2,5.4,9,1.79,5,27,0,3,24,0,0.18,0.18,7.1,7.1,39
2025,428,Patrick Mahomes,KC,QB,1,14,HST,7.142857142857142,42,33,14,42.4,160,4.85,0,3,8,19.8,2,4.8,12,0.37,7,59,0,7,59,0,0.22,0.23,9.3,9.3,41
2025,429,Kyler Murray,ARZ,QB,1,3,SF,20.72538860103627,40,35,22,62.9,159,4.54,1,0,8,82.9,1,2.5,5,4.83,6,37,0,4,27,0,0.33,0.33,14.1,14.06,42
2025,430,Trevor Lawrence,JAX,QB,1,10,HST,4.976671850699844,32,23,13,56.5,158,6.87,1,1,7,74.2,5,15.6,39,3.36,5,35,0,4,33,0,0.39,0.39,11.8,11.82,33
2025,431,J.J. McCarthy,MIN,QB,1,2,ATL,10.452961672473867,30,21,11,52.4,158,7.52,0,2,7,37.5,6,20,38,1.11,5,25,0,3,24,0,0.22,0.21,5.8,5.82,32
2025,432,Tua Tagovailoa,MIA,QB,1,13,NO,6.8235294117647065,29,23,12,52.2,157,6.83,0,1,8,55.9,4,13.8,23,3.3,4,4,0,2,6,0,0.2,0.2,5.7,5.68,28
2025,433,Shedeur Sanders,CLV,QB,1,16,BUF,13.83399209486166,35,29,20,69,157,5.41,1,2,8,64.9,2,5.7,21,2.13,4,49,0,4,49,0,0.38,0.38,13.2,13.18,35
2025,434,Marcus Mariota,WAS,QB,1,4,ATL,11.494252873563218,30,27,16,59.3,156,5.78,2,1,8,84.8,2,6.7,9,4.9,2,20,0,1,22,0,0.51,0.51,17.2,17.24,30
2025,435,Jayden Daniels,WAS,QB,1,7,DAL,11.475409836065573,28,22,12,54.5,156,7.09,1,0,6,92.2,2,7.1,5,7.13,8,35,1,4,32,0,0.48,0.64,18.7,18.74,31
2025,436,Dillon Gabriel,CLV,QB,1,8,NE,17.209302325581397,37,35,21,60,156,4.46,2,2,7,65.9,1,2.7,11,2.64,1,13,0,1,13,0,0.37,0.37,13.5,13.54,37
2025,437,Drake Maye,NE,QB,1,15,BUF,4.825291181364393,29,23,14,60.9,155,6.74,0,1,6,62.8,3,10.3,16,3.62,4,43,2,3,35,1,0.51,0.72,21.5,21.5,30
2025,438,Bryce Young,CAR,QB,1,1,JAX,7.434944237918216,40,35,18,51.4,154,4.4,1,2,8,49,1,2.5,12,2,5,40,0,4,41,0,0.31,0.3,11.2,11.16,40
2025,439,Caleb Williams,CHI,QB,1,13,PHI,6.299212598425196,40,36,17,47.2,154,4.28,1,1,10,56.9,2,5,10,3.13,5,13,0,2,9,0,0.25,0.25,10.5,10.46,42
2025,440,Lamar Jackson,BLT,QB,1,12,NYJ,7.880434782608696,29,23,13,56.5,153,6.65,0,0,7,76.9,1,3.4,10,5.96,7,11,0,5,13,0,0.26,0.25,7.2,7.22,29
2025,441,Davis Mills,HST,QB,1,12,BUF,17.24137931034483,30,30,16,53.3,153,5.1,2,0,7,90,0,0,0,6.43,2,4,0,0,0,0,0.47,0.47,14.5,14.52,31
2025,442,Trevor Lawrence,JAX,QB,1,11,LAC,3.7325038880248838,24,22,14,63.6,153,6.95,1,1,11,80.3,0,0,0,5.82,5,9,1,2,5,0,0.4,0.59,16,16.02,27
2025,443,Bo Nix,DEN,QB,1,3,LAC,4.776119402985075,32,25,14,56,153,6.12,1,0,5,87.6,2,6.3,6,6.19,8,33,0,5,37,0,0.43,0.39,13.4,13.42,34
2025,444,Jayden Daniels,WAS,QB,1,9,SEA,14.344262295081966,35,22,16,72.7,153,6.95,0,1,8,72.7,4,11.4,20,3.38,10,51,1,9,50,0,0.29,0.45,16.2,16.22,36
2025,445,Baker Mayfield,TB,QB,1,8,NO,4.3478260869565215,27,24,15,62.5,152,6.33,0,0,8,80.6,3,11.1,28,4.59,0,0,0,0,0,0,0.23,0.23,5.1,5.08,27
2025,446,Jalen Hurts,PHI,QB,1,1,DAL,6.273764258555133,33,23,19,82.6,152,6.61,0,0,6,94.2,1,3,8,6,14,62,2,9,63,2,0.74,0.69,24.3,24.28,35
2025,447,Mac Jones,SF,QB,1,7,ATL,8.945686900958465,28,26,17,65.4,152,5.85,0,1,10,64.9,1,3.6,2,3.89,5,11,0,1,8,0,0.21,0.21,6.2,6.18,30
2025,448,Brady Cook,NYJ,QB,1,17,NE,18.994413407821227,34,33,19,57.6,152,4.61,0,1,5,56.6,1,2.9,12,2.79,2,1,0,0,0,0,0.15,0.14,5.2,5.18,36
2025,449,Justin Herbert,LAC,QB,1,13,LV,4.227642276422764,26,20,15,75,151,7.55,2,1,11,108.5,3,11.5,11,5.87,3,8,0,3,8,0,0.53,0.53,13.8,13.84,26
2025,450,Lamar Jackson,BLT,QB,1,15,CIN,4.891304347826087,18,12,8,66.7,150,12.5,2,1,6,114.6,4,22.2,22,7.69,2,26,0,2,26,0,0.87,0.87,15.6,15.6,18
2025,451,Sam Darnold,SEA,QB,1,1,SF,4.826254826254826,25,23,16,69.6,150,6.52,0,0,6,87.2,1,4,4,6.08,2,14,0,1,5,0,0.26,0.3,6.4,6.4,25
2025,452,Bryce Young,CAR,QB,1,4,NE,5.947955390334572,32,30,18,60,150,5,1,0,7,84,1,3.1,11,5.13,1,3,0,1,3,0,0.32,0.32,10.3,10.3,32
2025,453,Bo Nix,DEN,QB,1,10,LV,4.328358208955224,29,28,16,57.1,150,5.36,1,2,5,54.2,1,3.4,9,2.45,5,-2,0,0,0,0,0.28,0.24,7.8,7.8,32
2025,454,J.J. McCarthy,MIN,QB,1,11,CHI,11.149825783972126,32,32,16,50,150,4.69,1,2,10,47.7,0,0,0,2.5,0,0,0,0,0,0,0.25,0.25,8,8,32
2025,455,Shedeur Sanders,CLV,QB,1,13,SF,11.462450592885375,29,25,16,64,149,5.96,1,0,7,93.6,3,10.3,34,4.82,1,6,0,1,6,0,0.36,0.36,10.6,10.56,29
2025,456,Josh Allen,BUF,QB,1,2,NYJ,5.291970802919708,29,25,14,56,148,5.92,0,0,8,73.4,1,3.4,1,5.65,6,59,0,3,53,0,0.39,0.38,11.8,11.82,31
2025,457,Philip Rivers,IND,QB,1,17,JAX,32.98969072164948,32,30,17,56.7,147,4.9,1,1,9,66.9,2,6.3,12,3.44,1,-1,0,0,0,0,0.28,0.27,8.8,8.78,32
2025,458,Lamar Jackson,BLT,QB,1,4,KC,7.336956521739131,27,20,14,70,147,7.35,1,1,7,86.9,3,11.1,5,5.09,6,48,0,4,41,0,0.48,0.47,12.7,12.68,29
2025,459,Sam Darnold,SEA,QB,1,17,CAR,5.984555984555985,31,27,18,66.7,147,5.44,1,1,8,77.2,3,9.7,22,3.33,3,2,0,1,3,0,0.3,0.28,8.1,8.08,32
2025,460,Tua Tagovailoa,MIA,QB,1,3,BUF,8.235294117647058,35,34,22,64.7,146,4.29,2,1,11,81.3,0,0,0,4.15,2,10,0,1,8,0,0.39,0.38,13.8,13.84,36
2025,461,Baker Mayfield,TB,QB,1,16,CAR,4.830917874396135,30,26,18,69.2,145,5.58,1,1,9,79.8,2,6.7,18,3.64,4,49,0,2,49,0,0.46,0.44,13.7,13.7,31
2025,462,Riley Leonard,IND,QB,1,14,JAX,43.05555555555556,31,29,18,62.1,145,5,0,1,8,60.3,1,3.2,9,3.03,2,5,1,1,6,1,0.37,0.36,11.3,11.3,31
2025,463,Cam Ward,TEN,QB,1,9,LAC,4.207119741100324,26,21,12,57.1,145,6.9,0,0,7,78.5,4,15.4,27,4.72,2,6,0,1,6,0,0.25,0.24,6.4,6.4,27
2025,464,Carson Wentz,MIN,QB,1,8,LAC,16.243654822335024,32,27,15,55.6,144,5.33,1,1,8,67.5,5,15.6,27,2.88,0,0,0,0,0,0,0.27,0.27,8.8,8.76,32
2025,465,Tyler Shough,NO,QB,1,14,TB,6.349206349206349,24,20,13,65,144,7.2,0,1,9,65.4,3,12.5,23,3.3,7,55,2,1,13,1,0.5,0.79,22.3,22.26,28
2025,466,Geno Smith,LV,QB,1,10,DEN,6.525911708253358,34,26,16,61.5,143,5.5,0,1,6,60.3,6,17.6,29,2.16,3,7,0,2,7,0,0.16,0.15,5.4,5.42,35
2025,467,J.J. McCarthy,MIN,QB,1,1,CHI,8.362369337979095,24,20,13,65,143,7.15,2,1,5,98.5,3,12.5,9,5.61,2,25,1,1,11,0,0.58,0.85,23.2,23.22,25
2025,468,J.J. McCarthy,MIN,QB,1,9,DET,10.801393728222997,31,25,14,56,143,5.72,2,1,8,82.6,5,16.1,27,3.7,9,12,1,1,9,1,0.63,0.57,19.9,19.92,35
2025,469,Joe Flacco,CLV,QB,1,3,GB,8.67579908675799,38,36,21,58.3,142,3.94,0,1,7,55.6,2,5.3,17,2.11,0,0,0,0,0,0,0.12,0.13,4.7,4.68,37
2025,470,Bo Nix,DEN,QB,1,18,LAC,4.925373134328359,33,23,14,60.9,141,6.13,0,0,6,78.4,4,12.1,17,4.59,8,49,0,6,51,0,0.33,0.32,10.5,10.54,33
2025,471,Cam Ward,TEN,QB,1,13,JAX,6.796116504854369,42,38,24,63.2,141,3.71,0,0,4,70.2,3,7.1,20,2.95,1,7,0,1,7,0,0.15,0.15,6.3,6.34,42
2025,472,Jake Browning,CIN,QB,1,3,MIN,21.73913043478261,30,27,19,70.4,140,5.19,1,2,6,63.8,3,10,20,1.67,1,3,0,0,0,0,0.25,0.25,7.9,7.9,31
2025,473,Aaron Rodgers,PIT,QB,1,3,NE,4.452690166975881,24,23,16,69.6,139,6.04,2,1,5,96.1,0,0,0,5.83,4,1,0,1,3,0,0.54,0.53,12.7,12.66,24
2025,474,Jordan Love,GB,QB,1,12,MIN,4.75206611570248,23,21,14,66.7,139,6.62,0,0,8,85.2,1,4.3,4,6.14,3,15,0,1,13,0,0.3,0.29,7.1,7.06,24
2025,475,Justin Herbert,LAC,QB,1,14,PHI,6.666666666666667,41,26,12,46.2,139,5.35,1,1,5,59.6,7,17.1,33,2.45,10,66,0,8,45,0,0.32,0.35,14.2,14.16,43
2025,476,Jaxson Dart,NYG,QB,1,13,NE,7.281553398058252,30,24,17,70.8,139,5.79,1,0,4,99.1,2,6.7,11,5.69,4,20,0,4,20,0,0.39,0.39,13.6,13.56,30
2025,477,Bryce Young,CAR,QB,1,7,NYJ,5.204460966542751,28,25,15,60,138,5.52,1,0,8,88.4,1,3.6,12,5.62,2,10,0,2,10,0,0.38,0.38,10.5,10.52,28
2025,478,Davis Mills,HST,QB,1,9,DEN,18.96551724137931,33,30,17,56.7,137,4.57,0,0,7,68.3,2,6.1,16,3.78,2,7,0,1,7,0,0.19,0.18,6.2,6.18,34
2025,479,Quinn Ewers,MIA,QB,1,18,NE,29.78723404255319,28,23,16,69.6,137,5.96,1,1,7,81.3,4,14.3,20,3.41,1,9,0,1,9,0,0.34,0.34,9.4,9.38,28
2025,480,Trey Lance,LAC,QB,1,18,DEN,75.71428571428571,53,44,20,45.5,136,3.09,0,1,7,43.4,4,7.5,32,1.23,9,69,0,5,60,0,0.2,0.21,10.3,10.34,54
2025,481,Spencer Rattler,NO,QB,1,8,TB,8.934707903780069,26,21,15,71.4,136,6.48,0,1,6,68.8,3,11.5,19,3,3,12,0,2,9,0,0.21,0.22,4.6,4.64,26
2025,482,Jalen Hurts,PHI,QB,1,11,DET,5.893536121673003,31,28,14,50,135,4.82,0,0,6,63.8,1,3.2,11,4.28,10,31,1,2,8,0,0.2,0.38,14.5,14.5,38
2025,483,Michael Penix,ATL,QB,1,2,MIN,7.9470198675496695,24,21,13,61.9,135,6.43,0,0,5,80.5,3,12.5,27,4.5,1,-1,0,0,0,0,0.23,0.22,5.3,5.3,24
2025,484,Josh Johnson,WAS,QB,1,18,PHI,43.75,28,22,14,63.6,131,5.95,1,1,9,76.1,0,0,0,4.82,9,45,1,6,44,1,0.67,0.65,17.7,17.74,29
2025,485,Matthew Stafford,LA,QB,1,11,SEA,4.4657097288676235,28,28,15,53.6,130,4.64,2,0,6,89.9,0,0,0,6.07,0,0,0,0,0,0,0.47,0.47,13.2,13.2,28
2025,486,Josh Allen,BUF,QB,1,16,CLV,4.197080291970803,23,19,12,63.2,130,6.84,0,0,6,83.2,2,8.7,35,4.52,7,17,0,2,12,0,0.28,0.27,6.9,6.9,26
2025,487,Jalen Hurts,PHI,QB,1,4,TB,5.893536121673003,31,24,15,62.5,130,5.42,2,0,10,104.5,2,6.5,18,5.85,9,62,0,5,47,0,0.58,0.55,19.4,19.4,35
2025,488,Sam Darnold,SEA,QB,1,13,MIN,5.7915057915057915,30,26,14,53.8,128,4.92,0,0,8,67.5,4,13.3,34,3.13,0,0,0,0,0,0,0.17,0.17,4.1,4.12,30
2025,489,Tyler Shough,NO,QB,1,8,TB,9.25925925925926,35,30,17,56.7,128,4.27,0,1,7,53.2,2,5.7,18,2.03,3,12,0,3,12,0,0.15,0.15,5.3,5.32,35
2025,490,Mason Rudolph,PIT,QB,1,11,CIN,29.09090909090909,16,16,12,75,127,7.94,1,0,8,118.5,0,0,0,9.19,1,-1,0,0,0,0,0.57,0.56,9,8.98,16
2025,491,Tua Tagovailoa,MIA,QB,1,14,NYJ,5.176470588235294,22,21,13,61.9,127,6.05,1,0,8,94.7,1,4.5,8,6.32,1,0,0,0,0,0,0.41,0.39,9.1,9.08,23
2025,492,Brock Purdy,SF,QB,1,18,SEA,10.223642172523961,32,27,19,70.4,127,4.7,0,1,8,64.9,3,9.4,7,2.5,2,21,0,2,21,0,0.19,0.19,6.2,6.18,32
2025,493,Tyrod Taylor,NYJ,QB,1,7,CAR,16.470588235294116,28,22,10,45.5,126,5.73,0,2,6,25.9,3,10.7,12,0.96,3,11,0,3,11,0,0.15,0.15,4.1,4.14,28
2025,494,Kirk Cousins,ATL,QB,1,17,LA,7.042253521126761,20,20,13,65,126,6.3,1,0,9,99.2,0,0,0,7.3,1,1,0,0,0,0,0.45,0.44,9.1,9.14,21
2025,495,Spencer Rattler,NO,QB,1,4,BUF,11.683848797250858,34,27,18,66.7,126,4.67,1,0,7,89.4,3,8.8,17,4.3,6,49,0,4,43,0,0.39,0.39,13.9,13.94,36
2025,496,Max Brosmer,MIN,QB,1,13,SEA,39.08045977011494,34,30,19,63.3,126,4.2,0,4,6,32.8,4,11.8,30,-2.47,1,-1,0,0,0,0,0.03,0.03,0.9,0.94,34
2025,497,Jake Browning,CIN,QB,1,4,DEN,21.014492753623188,29,25,14,56,125,5,0,0,3,69.6,3,10.3,19,3.79,3,4,0,1,3,0,0.18,0.18,5.4,5.4,30
2025,498,Bryce Young,CAR,QB,1,10,NO,5.018587360594796,27,25,17,68,124,4.96,0,1,6,62.8,2,7.4,22,2.11,2,6,0,0,0,0,0.15,0.16,3.6,3.56,29
2025,499,Josh Allen,BUF,QB,1,13,PIT,4.927007299270073,27,23,15,65.2,123,5.35,1,1,9,75.1,0,0,0,4.26,8,38,1,4,22,0,0.37,0.57,17.7,17.72,31
2025,500,Baker Mayfield,TB,QB,1,14,NO,5.636070853462158,35,30,14,46.7,122,4.07,1,1,4,55.1,0,0,0,3.23,6,42,0,5,38,0,0.33,0.34,12.1,12.08,36
2025,501,Malik Willis,GB,QB,1,16,CHI,36.17021276595745,17,11,9,81.8,121,11,1,0,6,142.8,2,11.8,6,10.38,10,44,0,4,28,0,0.68,0.63,13.2,13.24,21
2025,502,Bryce Young,CAR,QB,1,3,ATL,5.018587360594796,27,24,16,66.7,121,5.04,0,0,7,78.6,1,3.7,7,4.56,2,8,1,2,8,1,0.43,0.43,11.6,11.64,27
2025,503,Philip Rivers,IND,QB,1,15,SEA,28.865979381443296,28,27,18,66.7,120,4.44,1,1,8,73.1,1,3.6,2,3.32,1,0,0,0,0,0,0.28,0.27,7.8,7.8,29
2025,504,Aaron Rodgers,PIT,QB,1,13,BUF,4.081632653061225,22,21,10,47.6,117,5.57,0,0,4,65,1,4.5,9,4.91,1,0,0,0,0,0,0.21,0.2,3.7,3.68,23
2025,505,Geno Smith,LV,QB,1,4,CHI,4.414587332053743,23,21,14,66.7,117,5.57,2,3,6,73,0,0,0,1.05,4,31,0,2,29,0,0.55,0.53,12.8,12.78,24
2025,506,Cam Ward,TEN,QB,1,14,CLV,4.692556634304207,29,28,14,50,117,4.18,2,1,6,70.1,1,3.4,9,3.55,2,4,0,0,0,0,0.4,0.39,12.1,12.08,31
2025,507,Aaron Rodgers,PIT,QB,1,11,CIN,3.153988868274583,17,15,9,60,116,7.73,1,0,5,106.5,1,5.9,11,7.81,1,8,0,1,8,0,0.56,0.56,9.4,9.44,17
2025,508,Geno Smith,LV,QB,1,14,DEN,4.798464491362764,25,21,13,61.9,116,5.52,1,0,7,92.6,3,12,19,4.88,1,4,0,1,4,0,0.36,0.36,9,9.04,25
2025,509,Justin Fields,NYJ,QB,1,11,NE,12.355212355212355,32,26,15,57.7,116,4.46,1,0,5,81.6,2,6.3,11,4.46,11,67,1,4,40,0,0.4,0.55,20.3,20.34,39
2025,510,Dillon Gabriel,CLV,QB,1,7,MIA,10.69767441860465,23,18,13,72.2,116,6.44,0,0,6,89.1,2,8.7,14,5.1,4,12,0,3,13,0,0.26,0.25,5.8,5.84,23
2025,511,Tua Tagovailoa,MIA,QB,1,1,IND,6.352941176470588,27,23,14,60.9,114,4.96,1,2,6,51.7,3,11.1,13,1.19,1,7,0,1,7,0,0.27,0.27,8.3,8.26,27
2025,512,Joe Burrow,CIN,QB,1,1,CLV,9.859154929577464,28,23,14,60.9,113,4.91,1,0,7,87.8,3,10.7,18,4.42,2,3,0,2,3,0,0.32,0.32,8.8,8.82,28
2025,513,Cam Ward,TEN,QB,1,1,DEN,5.501618122977346,34,28,12,42.9,112,4,0,0,5,54.5,6,17.6,50,1.82,0,0,0,0,0,0,0.13,0.13,3.5,3.48,34
2025,514,Chris Oladokun,KC,QB,1,16,TEN,32.83582089552239,22,16,11,68.8,111,6.94,0,0,4,88.3,4,18.2,44,3.35,2,7,0,2,7,0,0.23,0.23,5.1,5.14,22
2025,515,Shedeur Sanders,CLV,QB,1,18,CIN,11.857707509881422,30,22,11,50,111,5.05,0,0,4,64.8,6,20,29,2.93,3,26,0,2,22,0,0.22,0.23,6,6.04,31
2025,516,Jaxson Dart,NYG,QB,1,4,LAC,6.796116504854369,28,20,13,65,111,5.55,1,0,6,96,5,17.9,25,4.24,10,54,1,3,23,0,0.38,0.57,19.8,19.84,35
2025,517,Jalen Hurts,PHI,QB,1,17,BUF,5.513307984790875,29,27,13,48.1,110,4.07,1,0,6,71.5,1,3.4,2,4.57,3,5,0,1,4,0,0.3,0.3,8.9,8.9,30
2025,518,J.J. McCarthy,MIN,QB,1,16,NYG,6.620209059233449,19,14,9,64.3,108,7.71,0,1,5,58,3,15.8,25,2.24,2,20,1,2,20,1,0.6,0.6,10.3,10.32,19
2025,519,Cam Ward,TEN,QB,1,4,HST,4.854368932038835,30,26,10,38.5,108,4.15,0,1,5,35.4,2,6.7,15,1.71,2,22,0,2,22,0,0.18,0.19,5.5,5.52,29
2025,520,Tyler Huntley,BLT,QB,1,17,GB,29.268292682926827,24,20,16,80,107,5.35,1,0,6,105.6,1,4.2,0,6.05,8,60,0,3,25,0,0.45,0.51,14.3,14.28,28
2025,521,Aidan O'Connell,LV,QB,1,18,KC,100,24,22,10,45.5,102,4.64,0,0,5,59.3,1,4.2,5,4.22,1,7,0,1,7,0,0.2,0.2,4.8,4.78,24
2025,522,Bryce Young,CAR,QB,1,9,GB,4.275092936802974,23,20,11,55,102,5.1,0,1,6,48.3,1,4.3,0,2.71,2,9,0,2,9,0,0.17,0.17,4,3.98,23
2025,523,Lamar Jackson,BLT,QB,1,16,NE,2.717391304347826,10,10,7,70,101,10.1,0,0,7,102.5,0,0,0,10.1,2,7,0,0,0,0,0.4,0.4,4.7,4.74,12
2025,524,Jalen Hurts,PHI,QB,1,2,KC,4.752851711026616,25,22,15,68.2,101,4.59,0,0,4,78,2,8,7,3.92,9,15,1,1,11,0,0.21,0.37,11.5,11.54,31
2025,525,Tua Tagovailoa,MIA,QB,1,7,CLV,6.11764705882353,26,23,12,52.2,100,4.35,0,3,5,24.1,2,7.7,13,-1.92,3,6,0,1,6,0,0.06,0.06,1.6,1.6,28
2025,526,Kenny Pickett,LV,QB,1,14,DEN,23.214285714285715,13,11,8,72.7,97,8.82,1,0,4,129.7,1,7.7,5,9.33,1,6,0,1,6,0,0.65,0.71,8.5,8.48,12
2025,527,Marcus Mariota,WAS,QB,1,16,PHI,5.747126436781609,15,14,7,50,95,6.79,0,0,5,72,1,6.7,2,6.2,1,-1,0,0,0,0,0.25,0.25,3.7,3.7,15
2025,528,Shane Buechele,KC,QB,1,18,LV,100,20,14,7,50,88,6.29,0,0,3,69.9,5,25,22,3.47,1,4,0,1,4,0,0.2,0.2,3.9,3.92,20
2025,529,J.J. McCarthy,MIN,QB,1,12,GB,8.710801393728223,25,19,12,63.2,87,4.58,0,2,3,34.2,5,20,35,-1.58,2,10,0,1,10,0,0.1,0.1,2.5,2.48,26
2025,530,Justin Herbert,LAC,QB,1,11,JAX,3.7398373983739837,23,18,10,55.6,81,4.5,0,1,3,44,2,8.7,18,0.9,3,21,0,3,21,0,0.19,0.19,4.3,4.34,23
2025,531,C.J. Stroud,HST,QB,1,9,DEN,2.9723991507431,14,10,6,60,79,7.9,0,0,4,85,2,14.3,9,5.83,2,12,0,2,12,0,0.31,0.31,4.4,4.36,14
2025,532,Jayden Daniels,WAS,QB,1,14,MIN,10.245901639344263,25,20,9,45,78,3.9,0,1,4,35,1,4,1,1.52,4,16,0,4,16,0,0.15,0.15,3.7,3.72,25
2025,533,Jordan Love,GB,QB,1,16,CHI,2.8925619834710745,14,13,8,61.5,77,5.92,0,0,4,78,0,0,0,5.92,2,7,0,1,7,0,0.27,0.25,3.8,3.78,15
2025,534,Joe Burrow,CIN,QB,1,2,JAX,5.28169014084507,15,13,7,53.8,76,5.85,1,0,6,97,2,13.3,8,5.87,0,0,0,0,0,0,0.47,0.47,7,7.04,15
2025,535,Joe Milton,DAL,QB,1,18,NYG,55.55555555555556,15,13,7,53.8,73,5.62,0,1,3,38.3,0,0,0,2.15,4,43,0,2,15,0,0.23,0.37,6.2,6.22,17
2025,536,Brandon Allen,TEN,QB,1,18,JAX,100,31,30,17,56.7,72,2.4,0,1,4,47.9,1,3.2,7,0.65,0,0,0,0,0,0,0.06,0.06,1.9,1.88,31
2025,537,Cooper Rush,BLT,QB,1,6,LA,35.84905660377358,19,19,11,57.9,72,3.79,0,1,3,44.2,0,0,0,1.42,1,0,0,0,0,0,0.1,0.09,0.9,0.88,20
2025,538,Dak Prescott,DAL,QB,1,18,NYG,1.67427701674277,11,11,7,63.6,70,6.36,0,0,5,81.6,0,0,0,6.36,2,-1,0,0,0,0,0.25,0.22,1.7,1.7,12
2025,539,Tyler Huntley,BLT,QB,1,6,LA,25.609756097560975,21,15,10,66.7,68,4.53,0,0,3,76.5,4,19,23,2.37,3,39,0,2,27,0,0.26,0.32,6.6,6.62,21
2025,540,Dillon Gabriel,CLV,QB,1,11,BLT,5.5813953488372094,12,10,7,70,68,6.8,0,0,2,88.7,1,8.3,7,5.55,2,2,0,1,1,0,0.24,0.22,2.9,2.92,13
2025,541,Geno Smith,LV,QB,1,7,KC,3.45489443378119,18,16,10,62.5,67,4.19,0,0,2,71.6,1,5.6,5,3.65,2,1,0,1,1,0,0.15,0.15,2.8,2.78,19
2025,542,Chris Oladokun,KC,QB,1,17,DEN,37.3134328358209,25,22,13,59.1,66,3,1,0,4,79,1,4,9,3.35,2,11,0,2,11,0,0.31,0.32,7.7,7.74,24
2025,543,Tyler Huntley,BLT,QB,1,16,NE,14.634146341463413,12,10,9,90,65,6.5,0,0,2,93.8,1,8.3,7,5.27,2,2,0,1,3,0,0.24,0.23,2.8,2.8,12
2025,544,Kenny Pickett,LV,QB,1,15,PHI,53.57142857142857,30,25,15,60,64,2.56,0,1,4,47.9,4,13.3,35,-0.55,2,7,0,1,8,0,0.08,0.07,2.3,2.26,31
2025,545,Marcus Mariota,WAS,QB,1,7,DAL,4.597701149425287,12,10,4,40,63,6.3,0,1,2,22.1,2,16.7,9,0.75,2,34,0,0,0,0,0.13,0.35,4.9,4.92,14
2025,546,Teddy Bridgewater,TB,QB,1,12,LA,100,18,15,8,53.3,62,4.13,0,0,2,63.8,2,11.1,21,2.41,1,6,0,1,6,0,0.17,0.17,3.1,3.08,18
2025,547,Andy Dalton,CAR,QB,1,7,NYJ,17.391304347826086,8,7,4,57.1,60,8.57,0,0,2,85.4,1,12.5,9,6.38,2,-2,0,0,0,0,0.3,0.27,2.2,2.2,8
2025,548,Daniel Jones,IND,QB,1,14,JAX,1.8691588785046727,8,7,5,71.4,60,8.57,0,1,4,57.7,0,0,0,2.14,1,4,0,1,4,0,0.22,0.22,1.8,1.8,8
2025,549,Brady Cook,NYJ,QB,1,18,BUF,13.40782122905028,24,22,11,50,60,2.73,1,0,5,71.4,1,4.2,7,3.17,3,7,0,1,5,0,0.29,0.27,9.1,9.1,26
2025,550,Andy Dalton,CAR,QB,1,4,NE,13.043478260869565,6,6,5,83.3,58,9.67,1,0,4,146.5,0,0,0,13,0,0,0,0,0,0,1.05,1.05,6.3,6.32,6
2025,551,Chris Oladokun,KC,QB,1,18,LV,29.850746268656714,20,17,11,64.7,58,3.41,0,0,2,70.2,3,15,40,0.9,1,0,0,0,0,0,0.12,0.11,0.3,0.32,21
2025,552,Joe Milton,DAL,QB,1,8,DEN,14.814814814814813,4,4,3,75,58,14.5,1,0,3,156.3,0,0,0,19.5,0,0,0,0,0,0,1.58,1.58,6.3,6.32,4
2025,553,Max Brosmer,MIN,QB,1,18,GB,11.494252873563218,10,8,7,87.5,57,7.13,0,0,5,96.4,2,20,13,4.4,0,0,0,0,0,0,0.23,0.23,1.3,1.28,10
2025,554,Tyrod Taylor,NYJ,QB,1,2,BUF,9.411764705882353,16,11,7,63.6,56,5.09,1,0,4,106.6,2,12.5,10,5.08,3,21,0,3,21,0,0.52,0.52,8.3,8.34,16
2025,555,Justin Fields,NYJ,QB,1,10,CLV,6.177606177606178,16,11,6,54.5,54,4.91,1,1,1,60.4,3,18.8,12,1.21,7,28,0,2,22,0,0.46,0.42,8,7.96,19
2025,556,Bryce Young,CAR,QB,1,17,SEA,5.762081784386617,31,24,14,58.3,54,2.25,0,1,3,45.8,2,6.5,14,-0.19,9,27,1,5,33,1,0.34,0.31,9.9,9.86,32
2025,557,Quinn Ewers,MIA,QB,1,7,CLV,10.638297872340425,10,8,5,62.5,53,6.63,0,0,2,81.8,2,20,20,3.3,1,0,0,0,0,0,0.21,0.19,2.1,2.12,11
2025,558,Cooper Rush,BLT,QB,1,4,KC,24.528301886792452,13,13,9,69.2,52,4,0,0,3,76.4,0,0,0,4,0,0,0,0,0,0,0.16,0.16,2.1,2.08,13
2025,559,Max Brosmer,MIN,QB,1,16,NYG,11.494252873563218,10,9,7,77.8,52,5.78,0,0,3,90.7,1,10,9,4.3,3,-3,0,0,0,0,0.21,0.18,1.8,1.78,10
2025,560,Cam Ward,TEN,QB,1,18,JAX,0.6472491909385114,4,3,3,100,52,17.33,0,0,2,118.8,0,0,0,17.33,2,11,1,1,4,0,0.62,1.84,9.2,9.18,5
2025,561,Max Brosmer,MIN,QB,1,17,DET,28.735632183908045,25,16,9,56.3,51,3.19,0,0,2,62.2,7,28,48,0.13,2,16,0,2,16,0,0.15,0.15,3.6,3.64,25
2025,562,Kirk Cousins,ATL,QB,1,11,CAR,4.929577464788732,14,14,6,42.9,48,3.43,0,0,3,52.1,0,0,0,3.43,1,2,0,0,0,0,0.14,0.14,2.1,2.12,15
2025,563,Shedeur Sanders,CLV,QB,1,11,BLT,8.300395256916996,21,16,4,25,47,2.94,0,1,2,13.5,2,9.5,27,-1.39,3,16,0,3,16,0,0.12,0.12,2.5,2.48,21
2025,564,Justin Fields,NYJ,QB,1,7,CAR,6.177606177606178,16,12,6,50,46,3.83,0,0,2,59.7,3,18.8,21,1.67,4,22,0,1,7,0,0.16,0.21,4,4.04,19
2025,565,Russell Wilson,NYG,QB,1,10,CHI,7.801418439716312,11,7,3,42.9,45,6.43,0,0,1,64.6,2,18.2,13,3.56,2,12,0,2,12,0,0.27,0.27,3,3,11
2025,566,Justin Fields,NYJ,QB,1,6,DEN,11.196911196911197,29,17,9,52.9,45,2.65,0,0,2,58.7,9,31,55,-0.38,7,31,0,3,17,0,0.12,0.15,4.9,4.9,33
2025,567,Trey Lance,LAC,QB,1,5,WAS,8.571428571428571,6,4,3,75,44,11,0,0,2,110.4,1,16.7,5,7.8,1,11,0,1,11,0,0.48,0.57,2.9,2.86,5
2025,568,Josh Johnson,WAS,QB,1,16,PHI,15.625,10,9,5,55.6,43,4.78,0,1,2,28.7,1,10,6,-0.8,1,0,0,0,0,0,0.07,0.07,0.7,0.72,11
2025,569,Baker Mayfield,TB,QB,1,12,LA,3.864734299516908,24,19,9,47.4,41,2.16,1,2,3,32,2,8.3,12,-1.95,4,19,0,3,19,0,0.23,0.22,5.5,5.54,25
2025,570,Joe Milton,DAL,QB,1,3,CHI,18.51851851851852,5,5,3,60,41,8.2,0,1,2,46.7,0,0,0,-0.8,0,0,0,0,0,0,0.13,0.13,0.6,0.64,5
2025,571,Trey Lance,LAC,QB,1,11,JAX,12.857142857142856,9,8,3,37.5,37,4.63,0,0,1,52.6,1,11.1,7,3.33,3,1,0,0,0,0,0.16,0.13,1.6,1.58,12
2025,572,Davis Mills,HST,QB,1,18,IND,5.747126436781609,10,9,3,33.3,36,4,0,0,2,46.5,0,0,0,4,1,12,0,1,12,0,0.26,0.26,2.6,2.64,10
2025,573,Clayton Tune,GB,QB,1,18,MIN,77.27272727272727,17,11,6,54.5,34,3.09,0,0,1,60.4,4,23.5,41,-0.47,4,23,0,2,17,0,0.18,0.2,3.7,3.66,18
2025,574,Tanner McKee,PHI,QB,1,15,LV,8.16326530612245,4,3,3,100,33,11,0,0,3,112.5,0,0,0,11,1,9,0,1,9,0,0.56,0.56,2.2,2.22,4
2025,575,Jaxson Dart,NYG,QB,1,16,MIN,4.611650485436893,19,13,7,53.8,33,2.54,0,1,1,27.4,5,26.3,20,-1.78,2,7,0,1,4,0,0.04,0.05,1,1.02,20
2025,576,Mitchell Trubisky,BUF,QB,1,2,NYJ,5.405405405405405,2,2,1,50,32,16,0,0,1,95.8,0,0,0,16,3,-3,0,0,0,0,0.64,0.49,1,0.98,2
2025,577,Zach Wilson,MIA,QB,1,1,IND,75,9,8,5,62.5,32,4,0,0,3,70.8,0,0,0,4,1,3,0,1,3,0,0.18,0.18,1.6,1.58,9
2025,578,Marcus Mariota,WAS,QB,1,14,MIN,2.681992337164751,7,4,2,50,30,7.5,0,1,2,35.4,1,14.3,8,-4.6,2,7,0,2,7,0,0.13,0.13,-0.1,-0.1,7
2025,579,Joshua Dobbs,NE,QB,1,17,NYJ,36.36363636363637,4,4,3,75,30,7.5,0,0,1,95.8,0,0,0,7.5,2,-1,0,0,0,0,0.3,0.27,1.1,1.1,4
2025,580,Kirk Cousins,ATL,QB,1,3,CAR,2.464788732394366,7,7,5,71.4,29,4.14,0,0,1,78.9,0,0,0,4.14,0,0,0,0,0,0,0.17,0.17,1.2,1.16,7
2025,581,Max Brosmer,MIN,QB,1,3,CIN,4.597701149425287,4,4,2,50,29,7.25,0,0,1,74,0,0,0,7.25,0,0,0,0,0,0,0.29,0.29,1.2,1.16,4
2025,582,Justin Fields,NYJ,QB,1,2,BUF,5.7915057915057915,15,11,3,27.3,27,2.45,0,0,1,39.6,2,13.3,19,0.62,5,49,0,2,28,0,0.26,0.33,5,4.98,18
2025,583,Tyson Bagent,CHI,QB,1,2,DET,80,4,3,2,66.7,27,9,0,0,1,95.1,0,0,0,9,2,7,0,1,7,0,0.45,0.36,1.8,1.78,5
2025,584,Joe Flacco,CIN,QB,1,17,ARZ,1.36986301369863,6,5,3,60,24,4.8,0,0,1,72.1,0,0,0,4.8,4,2,0,1,5,0,0.24,0.19,1.2,1.16,6
2025,585,Joshua Dobbs,NE,QB,1,18,MIA,45.45454545454545,5,4,3,75,23,5.75,0,0,1,88.5,0,0,0,5.75,3,0,0,1,2,0,0.22,0.18,0.9,0.92,5
2025,586,Davis Mills,HST,QB,1,5,BLT,2.8735632183908044,5,4,2,50,23,5.75,0,0,2,67.7,0,0,0,5.75,3,3,0,1,5,0,0.28,0.24,1.2,1.22,5
2025,587,Mitchell Trubisky,BUF,QB,1,8,CAR,10.81081081081081,4,4,2,50,22,5.5,0,0,2,66.7,0,0,0,5.5,0,0,0,0,0,0,0.22,0.22,0.9,0.88,4
2025,588,Gardner Minshew,KC,QB,1,15,LAC,35.714285714285715,5,5,3,60,22,4.4,0,1,1,30.8,0,0,0,-4.6,0,0,0,0,0,0,-0.02,-0.02,-0.1,-0.12,5
2025,589,Tyson Bagent,CHI,QB,1,9,CIN,20,1,1,1,100,20,20,0,0,1,118.8,0,0,0,20,0,0,0,0,0,0,0.8,0.8,0.8,0.8,1
2025,590,Dillon Gabriel,CLV,QB,1,2,BLT,1.3953488372093024,3,3,3,100,19,6.33,1,0,3,132.6,0,0,0,13,0,0,0,0,0,0,1.59,1.59,4.8,4.76,3
2025,591,Nick Mullens,JAX,QB,1,18,TEN,66.66666666666666,2,2,2,100,16,8,0,0,2,100,0,0,0,8,3,-2,0,0,0,0,0.32,0.22,0.4,0.44,2
2025,592,Kenny Pickett,LV,QB,1,17,NYG,5.357142857142857,3,2,2,100,16,8,0,0,0,100,1,33.3,0,5.33,0,0,0,0,0,0,0.21,0.21,0.6,0.64,3
2025,593,Gardner Minshew,KC,QB,1,16,TEN,64.28571428571429,9,8,3,37.5,15,1.88,0,0,1,45.8,0,0,0,1.88,1,8,0,1,8,0,0.16,0.16,1.4,1.4,9
2025,594,Drew Lock,SEA,QB,1,3,NO,100,3,3,2,66.7,15,5,0,0,1,78.5,0,0,0,5,1,-1,0,0,0,0,0.2,0.17,0.5,0.5,3
2025,595,Jake Browning,CIN,QB,1,12,NE,0.7246376811594203,1,1,1,100,14,14,0,0,1,118.8,0,0,0,14,0,0,0,0,0,0,0.56,0.56,0.6,0.56,1
2025,596,Max Brosmer,MIN,QB,1,8,LAC,4.597701149425287,4,4,3,75,13,3.25,0,0,1,78.1,0,0,0,3.25,0,0,0,0,0,0,0.13,0.13,0.5,0.52,4
2025,597,Joshua Dobbs,NE,QB,1,7,TEN,9.090909090909092,1,1,1,100,12,12,0,0,1,116.7,0,0,0,12,2,-2,0,0,0,0,0.48,0.28,0.3,0.28,1
2025,598,Mason Rudolph,PIT,QB,1,2,SEA,3.6363636363636362,2,2,2,100,12,6,0,0,1,91.7,0,0,0,6,0,0,0,0,0,0,0.24,0.24,0.5,0.48,2
2025,599,Joe Milton,DAL,QB,1,16,LAC,11.11111111111111,3,2,2,100,11,5.5,0,0,1,89.6,0,0,0,5.5,1,7,0,1,7,0,0.38,0.38,0.1,0.14,3
2025,600,Trey Lance,LAC,QB,1,13,LV,2.857142857142857,2,1,1,100,9,9,0,0,0,104.2,0,0,0,9,4,4,0,1,4,0,0.38,0.25,0.8,0.76,3
2025,601,Anthony Richardson,IND,QB,1,5,LV,100,2,2,1,50,9,4.5,0,0,1,62.5,0,0,0,4.5,0,0,0,0,0,0,0.18,0.18,2.3,2.26,2
2025,602,Russell Wilson,NYG,QB,1,4,LAC,1.4184397163120568,2,1,1,100,8,8,0,0,0,100,1,50,5,1.5,0,0,0,0,0,0,0.16,0.16,0.3,0.32,2
2025,603,Kenny Pickett,LV,QB,1,7,KC,3.571428571428571,2,2,2,100,8,4,0,0,0,83.3,0,0,0,4,1,0,0,0,0,0,0.16,0.11,-0.7,-0.68,3
2025,604,Clayton Tune,GB,QB,1,17,BLT,22.727272727272727,5,4,1,25,8,2,0,1,1,0,1,20,3,-8,1,0,0,0,0,0,-0.14,-0.11,-0.7,-0.68,6
2025,605,Malik Willis,GB,QB,1,12,MIN,2.127659574468085,1,1,1,100,7,7,0,0,0,95.8,0,0,0,7,2,3,0,0,0,0,0.28,0.29,0.6,0.58,2
2025,606,Tyrod Taylor,NYJ,QB,1,14,MIA,2.3529411764705883,4,4,1,25,6,1.5,0,1,0,0,0,0,0,-9.75,0,0,0,0,0,0,-0.19,-0.19,-0.8,-0.76,4
2025,607,Malik Willis,GB,QB,1,11,NYG,4.25531914893617,2,2,2,100,6,3,1,0,2,118.8,0,0,0,13,1,16,0,0,0,0,2.12,1.95,5.8,5.84,3
2025,608,Joe Flacco,CIN,QB,1,16,MIA,0.228310502283105,1,1,1,100,4,4,0,0,0,83.3,0,0,0,4,0,0,0,0,0,0,0.16,0.16,0.2,0.16,1
2025,609,Nick Mullens,JAX,QB,1,14,IND,33.33333333333333,1,1,1,100,3,3,0,0,0,79.2,0,0,0,3,3,-1,0,0,0,0,0.12,0.02,0,0.02,1
2025,610,Kenny Pickett,LV,QB,1,18,KC,12.5,7,4,1,25,3,0.75,0,1,0,0,2,28.6,14,-9.33,1,9,0,1,9,0,0,0,0,0.02,7
2025,611,Russell Wilson,NYG,QB,1,6,PHI,0.7092198581560284,1,1,0,0,0,0,0,0,0,39.6,0,0,0,0,0,0,0,0,0,0,0,0,0,0,1
2025,612,Jameis Winston,NYG,QB,1,15,WAS,1.4285714285714286,1,1,0,0,0,0,0,0,0,39.6,0,0,0,0,0,0,0,0,0,0,0,0,0,0,1
2025,613,Jacoby Brissett,ARZ,QB,1,5,TEN,0.18181818181818182,1,1,0,0,0,0,0,0,0,39.6,0,0,0,0,0,0,0,0,0,0,0,0,0,0,1
2025,614,Mitchell Trubisky,BUF,QB,1,10,MIA,2.7027027027027026,1,0,0,0,0,0,0,0,0,0,0,0,0,0,1,4,0,1,4,0,0.4,0.4,0.4,0.4,1
2025,615,Joshua Dobbs,NE,QB,1,4,CAR,9.090909090909092,1,1,0,0,0,0,0,0,0,39.6,0,0,0,0,3,-2,0,0,0,0,0,-0.2,-0.2,-0.2,1
2025,616,Kyle Allen,DET,QB,1,10,WAS,100,2,2,0,0,0,0,0,0,0,39.6,0,0,0,0,1,-1,0,0,0,0,0,-0.05,-0.1,-0.1,2
2025,617,Mason Rudolph,PIT,QB,1,13,BUF,5.454545454545454,3,3,0,0,0,0,0,1,0,0,0,0,0,-15,0,0,0,0,0,0,-0.33,-0.33,-1,-1,3
2025,618,Brett Rypien,CIN,QB,1,3,MIN,100,1,0,0,0,0,0,0,0,0,0,1,100,2,-2,0,0,0,0,0,0,0,0,0,0,1
2025,619,Zach Wilson,MIA,QB,1,18,NE,16.666666666666664,2,2,0,0,0,0,0,0,0,39.6,0,0,0,0,0,0,0,0,0,0,0,0,0,0,2
2025,620,Zach Wilson,MIA,QB,1,8,ATL,8.333333333333332,1,1,1,100,0,0,0,0,0,79.2,0,0,0,0,0,0,0,0,0,0,0,0,0,0,1
2025,621,Kenny Pickett,LV,QB,1,10,DEN,1.7857142857142856,1,1,0,0,0,0,0,0,0,39.6,0,0,0,0,0,0,0,0,0,0,0,0,0,0,1
2025,622,Spencer Rattler,NO,QB,1,15,CAR,0.3436426116838488,1,1,0,0,0,0,0,0,0,39.6,0,0,0,0,0,0,0,0,0,0,0,0,0,0,1
2025,623,Kedon Slovis,ARZ,QB,1,10,SEA,50,1,1,0,0,0,0,0,0,0,39.6,0,0,0,0,0,0,0,0,0,0,0,0,0,0,1
2025,624,Riley Leonard,IND,QB,1,16,SF,1.3888888888888888,1,1,0,0,0,0,0,0,0,39.6,0,0,0,0,0,0,0,0,0,0,0,0,0,0,1
2025,625,Riley Leonard,IND,QB,1,17,JAX,1.3888888888888888,1,1,0,0,0,0,0,1,0,0,0,0,0,-45,0,0,0,0,0,0,-1,-1,-1,-1,1
2025,626,Riley Leonard,IND,QB,1,8,TEN,2.7777777777777777,2,2,0,0,0,0,0,0,0,39.6,0,0,0,0,1,1,0,0,0,0,0,0.03,0.1,0.1,3
2025,627,Jaxson Dart,NYG,QB,1,3,KC,0.24271844660194172,1,0,0,0,0,0,0,0,0,0,0,0,0,0,1,3,0,1,3,0,0.3,0.3,0.3,0.3,1
2025,628,Dillon Gabriel,CLV,QB,1,13,SF,0.46511627906976744,1,1,1,100,0,0,0,0,0,79.2,0,0,0,0,0,0,0,0,0,0,0,0,0,0,1
2025,629,Dillon Gabriel,CLV,QB,1,16,BUF,0.46511627906976744,1,0,0,0,0,0,0,0,0,0,1,100,2,-2,0,0,0,0,0,0,0,0,0,0,1
2025,630,Dillon Gabriel,CLV,QB,1,4,DET,0.46511627906976744,1,1,0,0,0,0,0,0,0,39.6,0,0,0,0,0,0,0,0,0,0,0,0,0,0,1
2025,631,Tyler Shough,NO,QB,1,3,SEA,0.5291005291005291,2,2,0,0,0,0,0,0,0,39.6,0,0,0,0,0,0,0,0,0,0,0,0,0,0,2
2025,632,Kedon Slovis,ARZ,QB,1,12,JAX,50,1,1,1,100,-2,-2,0,0,0,79.2,0,0,0,-2,0,0,0,0,0,0,-0.08,-0.08,-0.1,-0.08,1
Exported from Data Suite 2.0 by michaelgingrave (user 380) on 2026-09-10 04:20 UTC,,,,,,,,,,,,,,,,,,,,,,,,,,,,,,,,,