,Player Details,Player Details,Player Details,Player Details,Player Details,Splits,Splits,Splits,Passing,Passing,Passing,Passing,Passing,Passing,Passing,Passing,Passing,Passing,Passing,Passing,Passing,Passing,Passing,Passing,Passing,Rushing,Rushing,Rushing,Rushing,Rushing,Rushing,Advanced,Advanced,Advanced,Advanced,Advanced,Advanced,Advanced,Advanced,Advanced,Advanced,Advanced,Advanced,Advanced,Advanced,Advanced,Advanced,Advanced,Advanced,Advanced,Advanced,Advanced,Advanced,Advanced,Advanced,Advanced,Advanced,Advanced,Advanced,Advanced,Advanced,Advanced,Advanced,Advanced,Advanced,Advanced,Advanced,Advanced,Advanced,Advanced,FP,FP,FP,FP,FP,FP,FP,FP,FP
Season,Rank,Name,Team,POS,G,WEEK,OPP,DB %,SNAP %,DB,ATT,CMP,CMP %,YDS,YPA,TD,XTD,INT,1D,RATE,ANY/A,SUCC %,SACK,SACK %,SK YDS,SCR,SCR YDS,SCR TD,ATT,YDS,TD,CPOE,ADJ CMP %,ADOT,AYDS,DEEP %,EZATT,YAC %,1ST RD %,ACC %,CATCH %,OFF TGT %,HERO %,TWT %,DROP %,DROP YDS,TTT,TTP,TTSK,TTSC,QBSK,PRESS %,QK PRES %,P2S %,PRES O/E,RB TGT %,WR TGT %,TE TGT %,WIDE TGT %,SLOT TGT %,INLINE TGT %,BACK TGT %,CKD %,RPO %,TA,BPA,SPK,EPA,EPA/DB,EPA/P,FP/DB,FP/OPP,FP,XFP,FP/G,XFP/G,DIFF,PASS FP,RUSH FP
2026,,League Avg,,,,,,,85.83513513513512,31.324324324324323,27.45945945945946,17.864864864864863,65.1,197.7027027027027,7.2,1.2972972972972974,1.3778378378378375,0.5135135135135135,9.45945945945946,89.98648648648647,6.34,49,2.108108108108108,6.7,13.162162162162161,1.7567567567567568,12.783783783783784,0.08108108108108109,3.27027027027027,14.864864864864865,0.16216216216216217,3.2,76.7,8.16,205.21621621621622,10.5,1.7027027027027026,46.4,66.4,61.1,76,14.7,4.1,3,4.9,10.972972972972974,2.5456756756756747,2.5478378378378386,2.8470270270270275,3.973513513513514,0.40540540540540543,35.3,16.3,19.1,4.8,18.5,59.5,22,40.9,30.6,12,16.6,11.1,2.5,1.4054054054054055,0.3783783783783784,0.16216216216216217,2.924324324324324,0.094,0.095,0.46,0.47,14.964864864864863,16.021621621621613,14.96216216216216,16.023243243243243,-1.0610810810810811,12.586486486486482,2.378378378378379
2026,1,Patrick Mahomes,KC,QB,1,2,IND,100,100,51,47,32,68.1,382,8.13,3,3.64,0,19,114,8.8,55.3,2,3.9,11,2,17,0,2,17,0,13.6,89.7,6.77,264,8.5,3,58.9,66,57.4,76.6,6.4,8.5,2.1,6.4,55,2.5,2.54,3.45,5.5,1,27.5,13.7,14.3,-3.2,25,45,30,17.5,42.5,15,25,10.6,5.9,5,2,0,13.9,0.273,0.273,0.57,0.57,29,28.7,28.98,28.72,0.26,27.3,1.7
2026,2,C.J. Stroud,HST,QB,1,2,CIN,100,98.7,62,55,30,54.5,353,6.42,0,0.97,0,15,74.3,5.32,43.6,4,6.5,39,3,29,0,3,29,0,-5.9,63.8,9.67,445,12.7,4,41.4,54.5,52.7,61.8,20,3.6,0,0,0,2.71,2.5,3.73,5.33,0,43.5,22.6,14.8,10.8,16.7,50,33.3,31.3,35.4,20.8,12.5,7.3,1.6,4,0,2,-4.1,-0.066,-0.066,0.27,0.28,17,19.5,17.02,19.45,-2.43,14.1,2.9
2026,3,Matthew Stafford,LA,QB,1,2,NYG,100,100,33,31,22,71,327,10.55,4,2.65,1,15,131.3,11.03,58.1,1,3,9,1,2,0,4,-1,0,10.6,80,11.37,341,16.1,2,38.5,80.6,74.2,93.5,3.2,6.5,3.2,6.5,4,2.33,2.7,4.5,5.3,0,18.2,6.1,16.7,-10.3,10,50,40,40,33.3,13.3,13.3,3.2,0,0,0,1,18,0.546,0.546,0.86,0.87,28,24.9,27.98,24.93,3.05,28.1,-0.1
2026,4,Jared Goff,DET,QB,1,2,BUF,100,100,44,38,26,68.4,327,8.61,4,2.62,0,19,130,8.79,63.2,4,9.1,38,2,7,0,3,7,0,5.4,77.1,8.91,312,5.3,4,41.3,60.5,60.5,71.1,21.1,7.9,2.6,2.6,5,2.73,2.55,3.52,4.8,0,40.9,13.6,22.2,8.9,22.9,57.1,20,34.3,31.4,11.4,22.9,21.1,0,0,3,0,18.2,0.414,0.365,0.68,0.66,29.8,23.3,29.78,23.25,6.53,29.1,0.7
2026,5,Bo Nix,DEN,QB,1,2,JAX,100,100,31,31,22,71,288,9.29,1,1.51,1,13,97.2,8.48,54.8,0,0,0,0,0,0,5,6,0,6.8,78.6,9.64,270,12.9,2,38.2,67.7,71,77.4,12.9,6.5,6.5,0,0,2.51,2.41,0,0,0,25.8,12.9,0,-7.5,21.4,64.3,14.3,39.3,28.6,14.3,17.9,12.9,3.2,3,0,0,8.4,0.272,0.293,0.47,0.46,15.1,17.3,15.12,17.31,-2.19,14.5,0.6
2026,6,Brock Purdy,SF,QB,1,2,MIA,100,85.7,25,22,20,90.9,287,13.05,2,2.33,0,16,149.1,14.86,81.8,0,0,0,3,30,1,3,30,1,27.4,100,8.33,175,0,1,41.1,68.2,81.8,95.5,0,9.1,0,4.5,4,2.28,2.13,0,2.63,0,16,12,0,-9.8,28.6,52.4,19,28.6,33.3,23.8,14.3,9.1,4,1,0,0,26.4,1.058,1.058,1.14,1.14,28.5,22.7,28.48,22.72,5.76,19.5,9
2026,7,Bryce Young,CAR,QB,1,2,ATL,100,93.3,39,36,23,63.9,287,7.97,3,3.83,0,12,116.3,8.74,47.2,2,5.1,15,1,6,0,1,6,0,6.6,76.7,10.1,303,19.4,6,32.4,61.1,44.4,63.9,19.4,5.6,0,0,0,2.78,2.48,3.05,3.8,0,43.6,25.6,11.8,8.4,10,70,20,43.3,36.7,10,10,5.6,2.6,4,1,0,12.1,0.312,0.312,0.62,0.62,24.1,26.6,24.08,26.62,-2.54,23.5,0.6
2026,8,Dak Prescott,DAL,QB,1,2,WAS,100,100,36,31,26,83.9,279,9,4,3.52,0,16,143.8,10.48,67.7,2,5.6,13,3,23,0,4,26,0,13.8,86.7,8,240,12.9,4,36.9,71,74.2,90.3,6.5,3.2,0,0,0,2.49,2.46,3.55,5.53,0,44.4,27.8,12.5,15.9,10,76.7,13.3,63.3,20,3.3,13.3,9.7,2.8,0,0,0,16.6,0.462,0.459,0.82,0.8,29.8,27.5,29.76,27.54,2.22,27.2,2.6
2026,9,Jalen Hurts,PHI,QB,1,2,TEN,100,100,42,37,26,70.3,264,7.14,2,2.55,2,16,85.9,5.05,51.4,3,7.1,12,2,11,0,5,16,0,6.9,79.4,8.91,303,13.5,4,24.6,62.2,59.5,75.7,16.2,2.7,8.1,2.7,3,3.25,2.89,5.3,3.95,0,35.7,7.1,20,-4.9,17.6,67.6,14.7,55.9,20.6,8.8,14.7,10.8,0,3,0,0,7.7,0.183,0.193,0.42,0.4,18.2,25.7,18.16,25.74,-7.58,16.6,1.6
2026,10,Kirk Cousins,LV,QB,1,2,LAC,100,100,32,29,19,65.5,253,8.72,3,2.71,1,11,113.1,8.48,48.3,2,6.3,5,1,4,0,4,1,0,11.5,82.1,9.89,277,10.3,4,33.6,69,51.7,86.2,10.3,6.9,3.4,13.8,19,2.67,2.71,3,4.4,0,28.1,12.5,22.2,-4.7,27.6,55.2,17.2,48.3,27.6,10.3,13.8,13.8,0,0,0,0,6,0.186,0.186,0.67,0.66,21.2,21.2,21.22,21.19,0.03,21.1,0.1
2026,11,Tyler Shough,NO,QB,1,2,BLT,100,100,39,34,27,79.4,252,7.41,1,1.31,0,11,107.4,6.84,50,3,7.7,19,2,12,0,9,23,1,12.3,90.3,5.55,172,5.9,2,45.2,73.5,76.5,82.4,8.8,5.9,0,2.9,0,2.61,2.52,3.73,6.3,2,30.8,12.8,25,0.2,25.8,58.1,16.1,41.9,32.3,6.5,19.4,5.9,10.3,3,0,0,10.2,0.26,0.28,0.39,0.5,22.4,24,22.38,24.01,-1.63,14.1,8.3
2026,12,Josh Allen,BUF,QB,1,2,DET,100,100,38,31,20,64.5,248,8,3,2.28,0,14,121.4,9.18,64.5,2,5.3,5,5,49,1,14,69,2,4,78.6,7.79,218,9.7,1,43.5,58.1,58.1,77.4,12.9,0,0,6.5,6,2.65,2.74,4.1,5.42,1,57.9,21.1,9.1,28.7,10.7,53.6,35.7,32.1,28.6,25,14.3,9.7,7.9,2,0,0,20.8,0.548,0.559,0.86,0.93,40.8,29.9,40.82,29.88,10.94,21.9,18.9
2026,13,Geno Smith,NYJ,QB,1,2,GB,100,100,49,41,27,65.9,247,6.02,1,1.33,0,11,90.2,5.29,46.3,4,8.2,29,4,17,0,5,17,0,3.3,80,7.03,246,7.3,0,66,48.8,68.3,73.2,12.2,0,2.4,2.4,3,2.74,2.73,3.83,5.58,0,42.9,12.2,19,11.6,17.1,71.4,11.4,48.6,28.6,5.7,17.1,22,2,3,1,1,4.1,0.084,0.027,0.32,0.32,15.6,20.4,15.58,20.4,-4.82,13.9,1.7
2026,14,Deshaun Watson,CLV,QB,1,2,TB,100,100,35,30,24,80,238,7.93,2,1.22,0,10,121.9,8.22,56.7,2,5.7,15,3,14,0,7,22,0,1.8,83.3,3.67,110,3.3,1,69.7,76.7,80,90,10,0,0,3.3,4,2.41,2.58,2.65,5.5,0,37.1,22.9,15.4,10.1,23.3,50,26.7,40,13.3,26.7,20,16.7,5.7,0,0,0,10.7,0.307,0.32,0.54,0.53,19.7,16.7,19.72,16.72,3,17.5,2.2
2026,15,Lamar Jackson,BLT,QB,1,2,NO,100,100,38,31,21,67.7,235,7.58,1,0.9,1,11,87.4,5.26,58.1,3,7.9,31,4,34,0,4,34,0,9.4,78.6,10.62,308,16.1,1,37,67.7,67.7,71,19.4,9.7,3.2,3.2,7,2.82,2.61,2.87,5.25,0,42.1,18.4,18.8,10.4,17.2,55.2,27.6,44.8,31,6.9,17.2,6.5,0,1,0,1,3.6,0.096,0.096,0.42,0.43,15.8,14.4,15.8,14.38,1.42,12.4,3.4
2026,16,Drew Lock,SEA,QB,1,2,ARZ,100,100,27,26,19,73.1,235,9.04,3,1.76,0,12,139.1,10.33,57.7,1,3.7,16,0,0,0,0,0,0,22.6,88.5,9.23,240,11.5,3,46.4,80.8,65.4,88.5,11.5,0,0,15.4,44,2.05,2.23,2.3,0,0,14.8,11.1,25,-9.6,15.4,73.1,11.5,65.4,23.1,7.7,3.8,3.8,3.7,0,0,0,16.1,0.596,0.596,0.79,0.79,21.4,17.3,21.4,17.31,4.09,21.4,0
2026,17,Daniel Jones,IND,QB,1,2,KC,100,100,33,31,22,71,210,6.77,1,1.33,1,12,86.8,5.97,54.8,0,0,0,2,7,0,3,10,0,-6.3,73.3,5.2,156,3.2,1,54.3,80.6,64.5,80.6,16.1,3.2,3.2,0,0,2.65,2.6,0,5.6,0,24.2,9.1,0,-9.4,13.3,60,26.7,30,36.7,20,13.3,9.7,3,1,0,0,4.1,0.125,0.175,0.37,0.36,12.4,15,12.4,15.02,-2.62,11.4,1
2026,18,Drake Maye,NE,QB,1,2,PIT,100,100,27,22,14,63.6,208,9.45,0,0.66,1,6,75.6,5.84,50,3,11.1,17,2,20,0,4,17,0,12.1,84.2,9.95,189,18.2,0,32.2,59.1,59.1,77.3,9.1,4.5,4.5,9.1,12,2.81,2.63,3.33,4.45,1,55.6,25.9,20,24.1,21.1,52.6,26.3,57.9,10.5,15.8,15.8,13.6,0,1,2,0,-3.5,-0.13,-0.13,0.35,0.33,9,13,9.02,13.04,-4.02,7.3,1.7
2026,19,Joe Burrow,CIN,QB,1,2,HST,100,100,36,31,20,64.5,207,6.68,2,1.58,0,9,105.2,6.17,41.9,5,13.9,25,0,0,0,1,-1,0,6,82.1,6.46,181,9.7,2,38.2,64.5,64.5,80.6,9.7,9.7,3.2,9.7,15,2.33,2.15,3.06,0,1,30.6,25,45.5,4.5,14.3,78.6,7.1,53.6,28.6,7.1,10.7,6.5,5.6,1,2,0,-0.5,-0.015,-0.015,0.45,0.45,16.2,16,16.18,15.96,0.22,16.3,-0.1
2026,20,Malik Willis,MIA,QB,1,2,SF,100,98.2,28,23,14,60.9,197,8.57,1,0.34,0,8,103,7.48,39.1,4,14.3,15,1,4,0,2,6,0,-7.9,69.6,6.22,143,8.7,0,55.3,56.5,56.5,73.9,21.7,8.7,0,8.7,15,2.23,2.17,3.75,3.3,0,21.4,14.3,66.7,-2.1,39.1,43.5,17.4,26.1,26.1,17.4,30.4,17.4,0,0,0,0,4.4,0.158,0.217,0.44,0.43,12.5,9.1,12.48,9.07,3.41,11.9,0.6
2026,21,Justin Herbert,LAC,QB,1,2,LV,100,100,31,27,15,55.6,192,7.11,1,0.99,2,8,59.5,3.77,44.4,3,9.7,9,1,2,0,3,2,0,9.4,78.3,9.63,231,11.1,1,55.2,63,55.6,74.1,11.1,7.4,3.7,11.1,52,2.66,2.52,4.5,3.4,0,41.9,29,23.1,10.6,12,56,32,40,36,8,16,11.1,0,1,1,0,-0.8,-0.027,-0.142,0.32,0.3,9.9,16.9,9.88,16.89,-7.01,9.7,0.2
2026,22,Trevor Lawrence,JAX,QB,1,2,DEN,100,100,31,29,17,58.6,189,6.52,0,1.14,1,8,63.7,4.13,44.8,2,6.5,16,0,0,0,2,6,0,2.2,70.4,10.22,276,10.3,0,21.2,69,62.1,75.9,13.8,0,10.3,6.9,18,2.6,2.52,3.65,0,0,35.5,9.7,18.2,2.9,14.8,74.1,11.1,44.4,33.3,7.4,14.8,6.9,0,1,1,0,-4.1,-0.133,-0.113,0.21,0.22,7.2,15.4,7.16,15.4,-8.24,6.6,0.6
2026,23,Aaron Rodgers,PIT,QB,1,2,NE,100,95.5,44,39,23,59,187,4.79,0,0.16,1,10,60.5,2.3,43.6,4,9.1,43,1,5,0,1,5,0,-2.1,76.5,5,175,5.1,0,72.2,64.1,53.8,71.8,17.9,0,0,7.7,7,2.4,2.75,3.18,5.7,0,25,4.5,36.4,-2.9,14.3,65.7,20,48.6,28.6,8.6,14.3,10.3,2.3,4,0,0,-21.2,-0.481,-0.481,0.16,0.16,6,10,5.98,9.97,-3.99,6.5,-0.5
2026,24,Cam Ward,TEN,QB,1,2,PHI,100,100,24,20,13,65,183,9.15,0,0.16,0,7,94.4,7.68,40,2,8.3,14,2,5,1,4,7,2,7.9,82.4,7.18,122,0,1,54.6,70,60,70,15,0,5,5,11,2.76,2.61,2.6,6.15,1,29.2,20.8,28.6,-2.3,17.6,64.7,17.6,58.8,17.6,5.9,17.6,10,0,2,0,0,1.3,0.055,0.154,0.58,0.77,20,16.5,20.02,16.52,3.5,7.3,12.7
2026,25,Baker Mayfield,TB,QB,1,2,CLV,100,100,40,34,21,61.8,182,5.35,1,1.97,1,7,73.4,4.08,41.2,3,7.5,6,3,26,0,4,29,0,2.6,69.7,12.48,412,29.4,4,46.2,73.5,61.8,70.6,23.5,5.9,5.9,5.9,29,2.84,2.68,4.97,5.37,2,40,20,18.8,6.7,24.2,57.6,18.2,36.4,30.3,12.1,21.2,11.8,0,1,0,0,-9.4,-0.235,-0.218,0.32,0.32,13.2,21.2,13.18,21.19,-8.01,10.3,2.9
2026,26,Jordan Love,GB,QB,1,2,NYJ,100,100,32,29,16,55.2,145,5,2,1.23,0,8,91.9,5.5,37.9,3,9.4,9,0,0,0,0,0,0,-7.3,67.9,7.86,220,10.3,1,65.5,79.3,48.3,79.3,13.8,0,0,10.3,18,2.13,2.25,4.4,0,1,34.4,21.9,27.3,10,14.3,75,10.7,32.1,42.9,14.3,10.7,6.9,12.5,1,0,0,-3.2,-0.099,-0.099,0.43,0.43,13.8,11.9,13.8,11.92,1.88,13.8,0
2026,27,Carson Wentz,MIN,QB,1,2,CHI,100,100,24,20,11,55,143,7.15,0,0.9,0,6,77.7,5.52,35,3,12.5,16,1,4,0,3,6,0,-8.8,63.2,8.63,164,15,1,53.1,75,50,80,10,5,5,5,3,2.31,2.51,3.37,6.4,2,29.2,16.7,42.9,4.3,10.5,63.2,26.3,31.6,26.3,26.3,15.8,10,4.2,1,0,0,0.1,0.005,-0.063,0.26,0.24,6.3,11.3,6.32,11.26,-4.94,5.7,0.6
2026,28,Caleb Williams,CHI,QB,1,2,MIN,100,85.7,32,26,15,57.7,138,5.31,0,0.85,1,5,56.2,2.52,34.6,3,9.4,20,3,27,0,5,42,0,-2.6,77.3,4.41,97,0,0,83.3,30.8,61.5,76.9,7.7,0,3.8,7.7,11,3.59,2.75,4.3,6.93,0,59.4,21.9,15.8,17.1,27.3,50,22.7,36.4,22.7,4.5,36.4,26.9,0,3,1,0,1.6,0.049,0.056,0.23,0.26,8.7,13.2,8.72,13.23,-4.51,4.5,4.2
2026,29,Jameis Winston,NYG,QB,1,2,LA,100,87.3,29,27,11,40.7,111,4.11,0,0.31,1,6,37.7,2.24,29.6,2,6.9,1,0,0,0,2,1,0,-19.9,50,11.19,291,18.5,1,45.9,85.2,55.6,63,33.3,7.4,3.7,7.4,44,2.63,2.51,3.9,0,2,41.4,24.1,16.7,8.4,15.4,46.2,38.5,34.6,42.3,7.7,15.4,7.4,0,0,0,0,-16.5,-0.569,-0.521,0.12,0.11,3.5,9.9,3.54,9.9,-6.36,3.4,0.1
2026,30,Marcus Mariota,WAS,QB,1,2,DAL,100,43.3,17,16,11,68.8,111,6.94,1,1.21,0,7,109.1,8.19,62.5,0,0,0,1,3,0,1,3,0,1.7,68.8,11.63,186,25,2,35.1,50,68.8,75,25,12.5,6.3,0,0,2.96,2.93,0,6.2,0,35.3,5.9,0,-3.5,12.5,87.5,0,50,37.5,0,12.5,12.5,0,0,0,0,2,0.118,0.118,0.51,0.51,8.7,10.2,8.74,10.23,-1.49,8.4,0.3
2026,31,Jayden Daniels,WAS,QB,1,2,DAL,100,56.7,23,17,11,64.7,96,5.65,1,1.26,0,4,99.1,6.82,47.1,0,0,0,6,69,0,7,69,0,-2.4,68.8,10.81,173,11.8,3,49,70.6,76.5,76.5,17.6,0,0,0,0,2.68,2.62,0,5.33,0,43.5,8.7,0,16.6,25,62.5,12.5,43.8,18.8,12.5,25,17.6,0,1,0,0,5.7,0.249,0.148,0.64,0.61,14.7,15.3,14.74,15.27,-0.53,7.8,6.9
2026,32,Jacoby Brissett,ARZ,QB,1,2,SEA,100,100,31,28,17,60.7,95,3.39,1,0.86,1,4,63.8,1.87,39.3,2,6.5,14,1,7,0,1,7,0,1.5,81.8,4.42,106,3.6,2,60,60.7,50,64.3,14.3,0,3.6,3.6,4,1.96,1.96,2.4,2.3,1,22.6,16.1,28.6,1,20.8,37.5,41.7,29.2,54.2,0,16.7,21.4,3.2,3,0,0,-8.9,-0.286,-0.286,0.24,0.24,7.5,10,7.5,9.99,-2.49,6.8,0.7
2026,33,Cooper Rush,ATL,QB,1,2,CAR,100,58.2,20,17,10,58.8,86,5.06,0,0.04,2,6,32.6,-0.39,35.3,1,5,3,2,20,0,2,20,0,-20.6,58.8,5.29,90,5.9,0,69.8,88.2,58.8,64.7,35.3,0,11.8,0,0,1.99,2.5,3,4.9,0,25,15,20,4.3,23.5,58.8,17.6,41.2,35.3,5.9,17.6,0,0,0,0,0,-15.2,-0.759,-0.759,0.17,0.17,2.4,4.8,2.44,4.83,-2.39,1.4,1
2026,34,Jack Strand,ATL,QB,1,2,CAR,100,41.8,19,15,8,53.3,59,3.93,0,0.07,1,4,35.1,0.06,26.7,2,10.5,13,2,16,0,2,16,0,-20.6,64.3,2.64,37,0,0,89.8,73.3,53.3,66.7,26.7,0,0,6.7,13,2.35,2.68,2.25,5,0,31.6,10.5,33.3,7.4,14.3,50,35.7,42.9,14.3,28.6,14.3,6.7,0,1,0,0,-11.4,-0.599,-0.599,0.16,0.16,2,4.8,1.96,4.78,-2.82,1.4,0.6
2026,35,Tyson Bagent,CHI,QB,1,2,MIN,100,14.3,10,9,5,55.6,54,6,0,0.7,0,2,73.4,4.5,44.4,1,10,9,0,0,0,0,0,0,1.2,71.4,9.71,68,11.1,2,18.5,66.7,22.2,66.7,11.1,0,11.1,0,0,2.7,2.75,3.1,0,0,20,0,50,-13.3,14.3,71.4,14.3,42.9,42.9,0,14.3,11.1,0,1,0,1,-2.8,-0.284,-0.284,0.22,0.24,2.2,4.8,2.16,4.84,-2.68,2.2,0
2026,36,Jaxson Dart,NYG,QB,1,2,LA,100,12.7,5,5,3,60,20,4,0,0.09,0,2,68.8,4,40,0,0,0,0,0,0,0,0,0,-12.1,60,9.2,46,20,0,10,80,40,80,20,0,20,0,0,2.38,2.5,0,0,0,60,20,0,28.9,20,20,60,20,60,0,20,20,0,0,0,0,-1.1,-0.223,-0.223,0.16,0.16,0.8,2.4,0.8,2.36,-1.56,0.8,0
2026,37,Mason Rudolph,PIT,QB,1,2,NE,100,4.5,2,1,0,0,0,0,0,0,0,0,39.6,0,0,0,0,0,1,3,0,1,3,0,-78.5,0,6,6,0,0,0,100,100,100,0,0,0,0,0,1.7,2.9,0,6.7,0,50,0,0,40.3,0,100,0,100,0,0,0,0,0,0,0,0,-1.1,-0.557,-0.557,0.15,0.15,0.3,1,0.3,1.02,-0.72,0,0.3
Exported from Data Suite 2.0 by michaelgingrave (user 380) on 2026-09-23 21:55 UTC,,,,,,,,,,,,,,,,,,,,,,,,,,,,,,,,,,,,,,,,,,,,,,,,,,,,,,,,,,,,,,,,,,,,,,,,,,,,,,,