,Player Details,Player Details,Player Details,Splits,Splits,Passing,Passing,Passing,Passing,Passing,Passing,Passing,Passing,Passing,Passing,Passing,Passing,Passing,Passing,Passing,Passing,Rushing,Rushing,Rushing,Rushing,Rushing,Rushing,Advanced,Advanced,Advanced,Advanced,Advanced,Advanced,Advanced,Advanced,Advanced,Advanced,Advanced,Advanced,Advanced,Advanced,Advanced,Advanced,Advanced,Advanced,Advanced,Advanced,Advanced,Advanced,Advanced,Advanced,Advanced,Advanced,Advanced,Advanced,Advanced,Advanced,Advanced,Advanced,Advanced,Advanced,Advanced,Advanced,Advanced,Advanced,Advanced,FP,FP,FP,FP,FP,FP,FP,FP
Season,Rank,Name,G,COV,DB %,DB,ATT,CMP,CMP %,YDS,YPA,TD,XTD,INT,1D,RATE,ANY/A,SUCC %,SACK,SACK %,SK YDS,SCR,SCR YDS,SCR TD,ATT,YDS,TD,CPOE,ADJ CMP %,ADOT,AYDS,DEEP %,EZATT,YAC %,1ST RD %,ACC %,CATCH %,OFF TGT %,HERO %,TWT %,DROP %,DROP YDS,TTT,TTP,TTSK,TTSC,QBSK,PRESS %,QK PRES %,P2S %,PRES O/E,RB TGT %,WR TGT %,TE TGT %,WIDE TGT %,SLOT TGT %,INLINE TGT %,BACK TGT %,CKD %,RPO %,TA,BPA,SPK,EPA,EPA/DB,EPA/P,FP/DB,FP,XFP,FP/G,XFP/G,DIFF,PASS FP,RUSH FP
2026,,League Avg,,,,12.605734767025089,11.154121863799283,7.186379928315413,64.4,79.46236559139786,7.12,0.5663082437275986,0.535125448028674,0.23655913978494625,3.817204301075269,82.57168458781337,6.33,48.6,0.7598566308243727,6,4.695340501792114,0.6917562724014337,5.258064516129032,0.035842293906810034,0.6917562724014337,5.258064516129032,0.035842293906810034,2.2,75.6,8.21,84.21863799283155,10.2,0.6344086021505376,47.2,67.4,59.3,75,15.4,3.5,3.2,4.6,4.10752688172043,2.4804301075268778,2.09942652329749,1.4900358422939073,1.921541218637992,0.21505376344086022,35.1,16,17.2,3.9,17.7,59.1,23.2,42.5,28.3,13.4,15.8,9.4,1.9,0.5842293906810035,0.1827956989247312,0.05017921146953405,0.8677419354838716,0.069,0.069,0.47,5.944802867383516,5.940143369175632,2.3288888888888906,2.310896057347671,0.017992831541218644,5.20394265232975,0.7408602150537632
2026,1,Miami Dolphins,3,Cover 3,51.4018691588785,55,44,27,61.4,420,9.55,1,0.52,2,18,81.6,6.98,43.2,4,7.3,15,7,46,0,7,46,0,1.1,70.7,10.52,442,18.2,0,49.3,70.5,52.3,70.5,20.5,9.1,2.3,4.5,15,2.6,2.48,4.08,3.7,1,30.9,14.5,23.5,3,16.3,69.8,14,41.9,27.9,16.3,14,6.8,0,1,1,0,7.2,0.131,0.131,0.43,23.4,22.1,7.8,7.37,0.43,18.8,4.6
2026,2,New York Jets,3,Cover 3,34.45378151260504,41,37,32,86.5,419,11.32,0,0.89,0,16,113.9,10.08,56.8,2,4.9,26,2,2,0,2,2,0,17.3,91.7,8.22,296,13.5,0,48.9,56.8,73,94.6,2.7,2.7,0,2.7,3,2.66,2.54,2.4,6.1,0,41.5,14.6,11.8,9,19.4,52.8,27.8,44.4,19.4,16.7,19.4,16.2,0,1,0,0,11.7,0.285,0.285,0.41,17,22.1,5.65,7.37,-1.72,16.8,0.2
2026,3,Las Vegas Raiders,3,Cover 3,43,43,41,33,80.5,382,9.32,2,2.46,3,22,91.3,6.62,68.3,1,2.3,9,1,3,0,1,3,0,11.6,85,8.43,337,4.9,2,41.9,73.2,65.9,85.4,7.3,2.4,7.3,2.4,8,2.46,2.58,3.6,3.4,0,20.9,7,11.1,-10.1,12.5,55,32.5,50,20,20,10,14.6,0,1,0,0,10.9,0.254,0.254,0.48,20.6,23.7,6.86,7.91,-1.05,20.3,0.3
2026,4,Buffalo Bills,3,Cover 3,45.54455445544555,46,43,29,67.4,374,8.7,1,0.68,0,16,102.3,8.33,55.8,3,6.5,11,0,0,0,0,0,0,10.3,82.1,9.74,380,16.3,0,46.5,44.2,60.5,79.1,14,2.3,2.3,7,3,2.86,2.67,3.63,0,1,45.7,15.2,14.3,8.8,12.5,52.5,32.5,37.5,25,22.5,12.5,20.9,2.2,2,1,0,8.1,0.176,0.176,0.41,19,15.8,6.32,5.27,1.05,19,0
2026,5,Dallas Cowboys,3,Cover 4,38.46153846153847,45,40,29,72.5,339,8.47,3,2.09,0,14,122.8,9.51,57.5,1,2.2,9,4,34,0,4,34,0,3,76.3,8.21,312,7.5,1,34.5,67.5,70,82.5,10,2.5,0,0,0,2.71,2.59,3.2,4.85,0,44.4,20,5,11.8,10.3,69.2,20.5,51.3,30.8,7.7,10.3,12.5,0,2,0,0,22.5,0.501,0.501,0.64,29,24.8,9.65,8.26,1.39,25.6,3.4
2026,6,Chicago Bears,3,Cover 3,42.608695652173914,49,42,28,66.7,330,7.86,2,0.96,1,14,96.3,6.64,54.8,3,6.1,26,4,46,2,4,46,2,0.4,73.2,8.66,355,11.9,3,37.6,69,59.5,81,16.7,4.8,7.1,4.8,11,2.62,2.61,3.5,3.63,1,28.6,16.3,21.4,-1.7,7.3,75.6,17.1,46.3,31.7,7.3,14.6,2.4,2,1,0,0,8.6,0.176,0.176,0.75,36.8,19.3,12.27,6.43,5.84,20.2,16.6
2026,7,Los Angeles Chargers,3,Cover 3,32.69230769230769,34,31,21,67.7,308,9.94,1,1.03,3,13,71.1,6,54.8,1,2.9,1,2,9,0,2,9,0,7.8,74.2,11.32,351,19.4,2,44.8,87.1,67.7,87.1,12.9,0,6.5,6.5,39,2.3,2.46,4,5.45,0,26.5,14.7,11.1,-0.7,6.5,77.4,16.1,51.6,38.7,3.2,6.5,0,0,0,0,0,2.4,0.07,0.07,0.42,14.2,18.3,4.74,6.1,-1.36,13.3,0.9
2026,8,Baltimore Ravens,3,Cover 3,37.77777777777778,34,28,21,75,307,10.96,2,0.87,1,10,119.2,9.3,60.7,2,5.9,23,4,34,0,4,34,0,8.8,77.8,11.33,306,21.4,1,50.5,71.4,67.9,75,21.4,7.1,3.6,0,0,3.16,2.55,3.05,5.25,0,50,23.5,11.8,13.2,22.2,51.9,25.9,25.9,40.7,7.4,25.9,3.6,0,1,0,0,9.9,0.29,0.29,0.67,22.7,15.1,7.56,5.03,2.53,19.3,3.4
2026,9,Seattle Seahawks,3,Cover 2,24,24,23,17,73.9,293,12.74,2,0.17,1,11,126.6,11.71,60.9,1,4.2,7,0,0,0,0,0,0,8.4,81.8,8.14,179,8.7,0,46.4,65.2,65.2,87,4.3,4.3,0,4.3,12,2.8,2.39,5,0,1,33.3,25,12.5,-3.4,13,78.3,8.7,69.6,4.3,8.7,17.4,8.7,0,0,1,0,15.6,0.649,0.649,0.78,18.7,10,6.24,3.33,2.91,18.7,0
2026,10,Los Angeles Rams,3,Cover 3,38.52459016393443,47,42,26,61.9,292,6.95,1,0.3,1,15,80.7,5.17,47.6,4,8.5,29,1,9,0,1,9,0,-2.2,68.3,10.79,453,9.5,0,47.3,69,57.1,81,14.3,2.4,9.5,4.8,16,2.74,2.81,3.9,3.8,1,38.3,6.4,22.2,5,16.7,45.2,38.1,35.7,26.2,21.4,16.7,11.9,0,0,0,0,5.9,0.126,0.126,0.33,15.6,15.6,5.19,5.21,-0.02,14.7,0.9
2026,11,Carolina Panthers,3,Cover 3,28.57142857142857,38,34,18,52.9,286,8.41,3,2.81,0,13,110.7,9.28,47.1,2,5.3,12,2,13,1,2,13,1,2.3,67.9,13.32,373,20.6,4,24.1,58.8,47.1,58.8,20.6,11.8,0,2.9,4,2.73,2.46,3.3,3.65,0,47.4,23.7,11.1,14.2,6.7,66.7,26.7,53.3,30,10,6.7,0,2.6,6,0,0,8.3,0.217,0.217,0.81,30.7,24.3,10.25,8.11,2.14,23.4,7.3
2026,12,New Orleans Saints,3,Cover 3,29.25170068027211,43,38,24,63.2,282,7.42,0,1.05,1,11,74.7,4.98,44.7,4,9.3,28,1,3,0,1,3,0,1.3,73.5,9.54,334,13.2,1,40.4,68.4,60.5,73.7,18.4,7.9,2.6,2.6,7,2.65,2.51,3.45,4.9,2,32.6,16.3,28.6,0.9,22.9,57.1,20,54.3,17.1,11.4,17.1,5.3,4.7,1,2,0,-0.1,-0.002,-0.002,0.25,10.6,17.5,3.53,5.84,-2.31,10.3,0.3
2026,13,Green Bay Packers,3,Cover 4,18.181818181818183,24,22,15,68.2,281,12.77,2,1.09,0,10,141.3,12.63,54.5,2,8.3,18,0,0,0,0,0,0,10.1,81,9.71,204,9.1,2,46.6,86.4,63.6,81.8,13.6,4.5,4.5,9.1,1,2.38,2.31,4,0,1,37.5,25,22.2,9,14.3,57.1,28.6,52.4,14.3,19,14.3,9.1,0,0,0,0,13.8,0.574,0.574,0.8,19.2,13.1,6.41,4.36,2.05,19.2,0
2026,14,Carolina Panthers,3,Cover 1,36.09022556390977,48,44,24,54.5,278,6.32,2,2.38,2,17,70.1,4.32,45.5,3,6.3,25,1,24,0,1,24,0,-3.7,67.6,8.78,325,9.1,3,42.8,70.5,47.7,59.1,22.7,2.3,2.3,2.3,1,2.34,2.35,3.27,3.4,3,31.3,20.8,20,3.3,7.9,55.3,36.8,39.5,31.6,18.4,10.5,2.3,4.2,5,1,0,3.8,0.08,0.08,0.41,19.5,19.5,6.51,6.5,0.01,17.1,2.4
2026,15,Detroit Lions,3,Cover 3,37.1900826446281,45,39,27,69.2,265,6.79,1,2.07,0,11,96.6,6.29,53.8,3,6.7,21,3,9,0,3,9,0,3.4,77.8,7.16,265,2.6,2,35.8,59,61.5,79.5,12.8,2.6,2.6,2.6,16,2.69,2.37,2.73,5.57,1,33.3,17.8,20,1.6,13.5,59.5,27,37.8,21.6,27,13.5,17.9,0,1,0,0,7.4,0.164,0.164,0.34,15.5,23.4,5.17,7.8,-2.63,14.6,0.9
2026,16,Atlanta Falcons,3,Cover 3,47.77777777777778,43,38,21,55.3,259,6.82,0,0.23,3,12,43.6,2.46,42.1,3,7,23,2,19,0,2,19,0,-9.4,68.8,5.39,178,5.3,0,76.4,68.4,47.4,57.9,26.3,0,5.3,2.6,13,2.39,2.55,2.77,5.35,0,27.9,7,25,0.3,21.2,60.6,18.2,42.4,24.2,12.1,21.2,7.9,0,3,2,0,-17.3,-0.403,-0.403,0.22,9.3,10.4,3.09,3.46,-0.37,7.4,1.9
2026,17,Seattle Seahawks,3,Cover 4,24,24,23,21,91.3,251,10.91,2,0.9,0,13,141.1,12.65,65.2,0,0,0,1,5,0,1,5,0,13,91.3,5.13,118,8.7,2,66.9,60.9,69.6,91.3,8.7,0,0,0,0,2.61,2.84,0,8.1,0,20.8,8.3,0,-12.9,34.8,43.5,21.7,52.2,8.7,17.4,21.7,0,0,0,0,0,17.5,0.727,0.727,0.77,18.5,11.9,6.18,3.96,2.22,18,0.5
2026,18,Washington Commanders,3,Cover 3,37.16814159292036,42,34,23,67.6,244,7.18,2,1.6,0,14,108,7.97,52.9,1,2.4,5,7,84,0,7,84,0,5.1,75.8,10.24,338,20.6,1,48,67.6,67.6,79.4,17.6,11.8,2.9,5.9,39,2.94,2.7,2.3,4.93,0,42.9,16.7,5.6,9.9,9.1,72.7,18.2,39.4,39.4,15.2,6.1,2.9,0,1,0,0,13.3,0.316,0.316,0.62,26.2,22.1,8.72,7.38,1.34,17.8,8.4
2026,19,Cincinnati Bengals,3,Cover 3,45.13274336283185,51,45,28,62.2,239,5.31,0,0.29,1,13,66.8,3.39,40,4,7.8,28,2,11,0,2,11,0,-8.6,70.7,4.67,196,2.2,1,51.5,64.4,62.2,73.3,17.8,0,4.4,2.2,-4,2.52,2.49,2.92,4.55,0,31.4,17.6,25,1.7,26.2,50,23.8,21.4,42.9,16.7,19,15.6,0,2,1,0,-16.8,-0.329,-0.329,0.19,9.7,14.5,3.22,4.82,-1.6,8.6,1.1
2026,20,San Francisco 49ers,3,Cover 3,23.595505617977526,21,20,17,85,236,11.8,3,2.02,1,11,134.6,12.55,65,0,0,0,1,10,0,1,10,0,14.1,90,6.9,138,5,1,62.3,80,55,90,10,0,10,5,4,2.42,2.75,0,3.2,0,28.6,9.5,0,-1.7,20,55,20,30,45,10,10,5,0,0,0,0,14.9,0.708,0.708,1.02,21.4,15.2,7.15,5.08,2.07,20.4,1
2026,21,Tennessee Titans,3,Cover 3,30.303030303030305,30,27,21,77.8,231,8.56,0,0.26,0,11,102.3,8.07,48.1,1,3.3,5,2,8,0,2,8,0,11.9,88.5,6.69,174,3.7,0,48.5,81.5,63,92.6,3.7,0,0,7.4,11,2.4,2.17,3,5.65,1,23.3,16.7,14.3,-5,7.7,69.2,23.1,57.7,30.8,3.8,7.7,0,3.3,1,0,0,5.7,0.19,0.19,0.33,10,13.7,3.35,4.57,-1.22,9.2,0.8
2026,22,Houston Texans,3,Cover 3,34.074074074074076,46,39,22,56.4,230,5.9,1,0.99,0,10,82.2,5.45,38.5,3,6.5,21,4,48,0,4,48,0,4.2,71.4,11.83,426,20.5,3,36.5,74.4,53.8,71.8,15.4,10.3,0,7.7,33,2.89,2.63,3.23,5.38,0,41.3,17.4,15.8,7.4,16.2,62.2,21.6,48.6,27,13.5,10.8,5.1,0,3,0,0,0.2,0.003,0.003,0.39,18,18.9,6,6.3,-0.3,13.2,4.8
2026,23,Denver Broncos,3,Cover 3,25.252525252525253,25,25,18,72,223,8.92,1,0.45,0,11,112.6,9.72,60,0,0,0,0,0,0,0,0,0,9.8,87,6.13,141,8,0,62.3,56,64,80,12,4,4,8,12,2.72,2.31,0,0,0,32,20,0,-5.1,30.4,56.5,13,47.8,13,8.7,30.4,16,4,2,0,0,12.7,0.508,0.508,0.52,12.9,9.2,4.31,3.06,1.25,12.9,0
2026,24,Pittsburgh Steelers,3,Cover 1,33.6,42,39,21,53.8,223,5.72,2,1.75,1,11,77.2,4.52,35.9,3,7.1,28,0,0,0,0,0,0,-5.4,66.7,8.59,318,15.4,2,52,71.8,46.2,66.7,23.1,2.6,0,7.7,7,2.63,2.53,3.93,0,1,35.7,14.3,20,2.8,13.5,62.2,24.3,48.6,27,10.8,13.5,5.1,0,2,0,0,-7.8,-0.186,-0.186,0.38,15.9,16.5,5.31,5.51,-0.2,15.9,0
2026,25,Arizona Cardinals,3,Cover 3,35.483870967741936,44,42,29,69,220,5.24,1,1.42,1,14,79.5,4.27,50,2,4.5,7,0,0,0,0,0,0,6.6,83.8,5.61,213,7.1,2,49.1,61.9,69,78.6,9.5,0,0,4.8,11,2.16,2.38,3.95,0,1,22.7,9.1,20,-3.3,20,50,30,50,22.5,10,17.5,16.7,0,2,2,0,1.4,0.031,0.031,0.27,11.8,17.5,3.93,5.84,-1.91,11.8,0
2026,26,Green Bay Packers,3,Cover 3,31.060606060606062,41,38,16,42.1,217,5.71,0,0.26,1,9,50,4.02,34.2,3,7.3,7,0,0,0,0,0,0,-15.2,57.6,8.41,286,10.5,0,39.2,71.1,31.6,52.6,34.2,0,5.3,7.9,19,2.45,2.46,3.8,0,1,48.8,26.8,15,18.8,17.6,61.8,20.6,38.2,41.2,8.8,11.8,15.8,0,2,1,0,-10.4,-0.254,-0.254,0.19,7.7,9,2.56,2.99,-0.43,7.7,0
2026,27,Carolina Panthers,3,Cover 2,13.533834586466165,18,18,12,66.7,211,11.72,0,0.66,0,8,106.5,11.72,55.6,0,0,0,0,0,0,0,0,0,19.6,85.7,11.79,165,27.8,0,40.8,38.9,55.6,72.2,5.6,5.6,0,0,0,3.09,2.81,0,0,0,38.9,22.2,0,-4.5,21.4,64.3,14.3,57.1,28.6,0,14.3,11.1,5.6,4,0,0,9.3,0.518,0.518,0.47,8.4,9.7,2.81,3.25,-0.44,8.4,0
2026,28,Los Angeles Rams,3,Cover 6,13.934426229508196,17,17,11,64.7,205,12.06,0,0.18,1,7,81.7,9.41,52.9,0,0,0,0,0,0,0,0,0,7.3,73.3,13.07,196,23.5,0,42.4,70.6,52.9,64.7,23.5,5.9,11.8,0,0,2.94,2.88,0,0,0,35.3,5.9,0,-5.5,13.3,66.7,20,46.7,26.7,13.3,13.3,5.9,5.9,2,0,0,1.3,0.076,0.076,0.42,7.2,6.9,2.4,2.31,0.09,7.2,0
2026,29,Indianapolis Colts,3,Cover 3,37.03703703703704,40,35,22,62.9,203,5.8,0,0.2,1,9,66.7,3.63,40,3,7.5,20,2,7,0,2,7,0,-4.2,70.6,7.18,244,5.7,0,51.2,68.6,65.7,77.1,20,0,5.7,5.7,13,2.87,2.58,2.9,5.6,0,42.5,15,17.6,7.9,8.8,55.9,35.3,38.2,23.5,29.4,8.8,14.3,0,1,0,0,-11.9,-0.299,-0.299,0.2,7.8,12.8,2.61,4.26,-1.65,7.1,0.7
2026,30,Tampa Bay Buccaneers,3,Cover 1,29.508196721311474,36,31,21,67.7,200,6.45,0,0.77,0,10,85.4,5.65,58.1,3,8.3,8,2,20,0,2,20,0,5.4,76.7,9.27,278,19.4,3,60.5,83.9,58.1,77.4,19.4,3.2,3.2,6.5,29,2.61,2.44,4.83,5.15,1,33.3,22.2,25,3.1,20,60,20,30,33.3,16.7,20,0,0,1,0,0,2.2,0.062,0.062,0.28,10,13,3.33,4.32,-0.99,8,2
2026,31,Green Bay Packers,2,Cover 2,18.939393939393938,25,24,16,66.7,193,8.04,0,0.11,0,9,91.1,7.32,54.2,1,4,10,0,0,0,0,0,0,-2.3,73.9,7.57,174,8.3,0,52.8,75,54.2,79.2,12.5,0,0,4.2,6,2.19,2.53,4.1,0,0,28,8,14.3,1.3,8.7,60.9,30.4,39.1,21.7,30.4,8.7,8.3,12,1,0,0,5.9,0.235,0.235,0.31,7.7,7.4,3.86,3.68,0.18,7.7,0
2026,32,Pittsburgh Steelers,3,Cover 3,27.200000000000003,34,31,18,58.1,191,6.16,0,0.62,0,7,76.1,4.76,41.9,3,8.8,29,0,0,0,0,0,0,-4.4,67.9,8.93,250,16.1,1,73.8,51.6,58.1,74.2,16.1,6.5,0,3.2,11,2.63,2.67,3.73,0,1,41.2,14.7,21.4,8.9,25,57.1,17.9,42.9,21.4,14.3,21.4,16.1,2.9,2,1,0,-16,-0.471,-0.471,0.22,7.6,10,2.55,3.34,-0.79,7.6,0
2026,33,Detroit Lions,3,Cover 2,13.223140495867769,16,15,12,80,188,12.53,0,0.24,0,9,118.8,12.53,80,0,0,0,1,2,0,1,2,0,20.9,92.9,9.29,130,13.3,0,60.6,53.3,73.3,86.7,6.7,6.7,0,6.7,40,2.92,2.45,0,5.4,0,25,12.5,0,-12.9,28.6,50,21.4,21.4,42.9,7.1,28.6,20,0,0,1,0,12.6,0.788,0.788,0.48,7.7,8.7,2.57,2.89,-0.32,7.5,0.2
2026,34,Kansas City Chiefs,3,Cover 3,24.770642201834864,27,23,14,60.9,187,8.13,0,0.43,0,10,86.7,7,52.2,2,7.4,12,2,5,0,2,5,0,7,83.3,6.26,119,0,0,57.2,52.2,47.8,65.2,13,0,0,4.3,8,2.92,2.58,3.75,6.05,0,48.1,22.2,15.4,13.7,21.1,36.8,42.1,31.6,26.3,15.8,26.3,4.3,7.4,3,1,0,1.2,0.043,0.043,0.3,8,10.3,2.66,3.45,-0.79,7.5,0.5
2026,35,Jacksonville Jaguars,3,Cover 3,27.586206896551722,24,23,17,73.9,184,8,1,0.83,0,10,111.5,8.04,60.9,1,4.2,11,0,0,0,0,0,0,14.3,86.4,7.95,175,4.3,1,47.3,82.6,60.9,87,8.7,4.3,4.3,8.7,15,2.81,2.84,3.5,0,0,20.8,4.2,20,-16.2,18.2,54.5,27.3,63.6,0,13.6,22.7,4.3,0,1,0,0,9.1,0.38,0.38,0.47,11.4,11.5,3.79,3.83,-0.04,11.4,0
2026,36,Minnesota Vikings,3,Cover 3,42.04545454545455,37,32,20,62.5,183,5.72,0,1.14,0,8,78,4.39,25,4,10.8,25,1,12,0,1,12,0,11.7,85.2,7.96,215,15.6,1,48.6,71.9,53.1,81.3,3.1,0,0,9.4,43,2.61,2.8,4.9,4.9,4,27,5.4,40,-3.3,21.4,53.6,25,35.7,21.4,17.9,25,9.4,0,4,1,0,-2.2,-0.059,-0.059,0.23,8.5,15.9,2.84,5.29,-2.45,7.3,1.2
2026,37,Philadelphia Eagles,2,Cover 6,14.150943396226415,15,11,9,81.8,181,16.45,1,0.79,0,8,149.1,18.27,72.7,0,0,0,4,45,0,4,45,0,28.6,90,16.6,166,18.2,1,32,90.9,81.8,81.8,9.1,9.1,9.1,0,0,3.08,2.3,0,3.7,0,33.3,20,0,1.6,10,80,10,70,20,0,10,0,0,1,0,0,22.8,1.521,1.521,1.05,15.7,12.8,7.87,6.4,1.47,11.2,4.5
2026,38,Kansas City Chiefs,3,Cover 1,21.100917431192663,23,22,15,68.2,178,8.09,1,0.65,1,7,88.8,6.52,59.1,1,4.3,3,0,0,0,0,0,0,3.9,80,6.7,134,22.7,0,77,81.8,68.2,81.8,4.5,9.1,0,4.5,21,2.15,2.42,3.7,0,1,26.1,21.7,16.7,0,25,55,20,25,35,15,25,9.1,4.3,2,0,0,1.3,0.058,0.058,0.44,10.1,8.3,3.37,2.77,0.6,10.1,0
2026,39,Baltimore Ravens,3,Cover 1,24.444444444444443,22,16,10,62.5,175,10.94,1,1.25,0,8,120.6,9.56,62.5,2,9.1,23,4,55,0,4,55,0,4.4,75,9.44,151,12.5,1,47.4,81.3,56.3,75,25,6.3,0,12.5,12,2.66,2.42,2.75,4.85,0,50,27.3,18.2,23.9,6.3,43.8,50,50,31.3,12.5,6.3,0,0,0,0,0,8.4,0.381,0.381,0.75,16.5,13,5.5,4.33,1.17,11,5.5
2026,40,Cleveland Browns,3,Cover 3,32.038834951456316,33,27,22,81.5,174,6.44,1,0.98,0,11,105.9,6.41,55.6,2,6.1,8,4,40,0,4,40,0,4.7,88,3.58,93,3.7,1,75.9,63,77.8,81.5,11.1,3.7,7.4,0,0,2.7,2.71,3.85,4.88,0,45.5,24.2,13.3,15.5,29.6,40.7,29.6,18.5,25.9,33.3,22.2,18.5,3,0,1,0,6.9,0.208,0.208,0.45,15,13.9,4.99,4.63,0.36,11,4
2026,41,Houston Texans,3,Cover 6,14.814814814814813,20,17,13,76.5,172,10.12,0,0.63,0,7,108,7.85,58.8,3,15,15,0,0,0,0,0,0,11.1,82.4,10.47,178,11.8,0,43,70.6,76.5,82.4,17.6,5.9,0,5.9,18,2.64,2.57,3.6,0,1,35,15,42.9,4.8,0,58.8,41.2,52.9,23.5,23.5,0,0,0,0,0,0,-1.5,-0.076,-0.076,0.34,6.9,8.2,2.29,2.72,-0.43,6.9,0
2026,42,New England Patriots,3,Cover 2,13.333333333333334,14,11,7,63.6,171,15.55,0,0.49,0,5,107.2,12.08,63.6,2,14.3,14,1,7,0,1,7,0,20.7,88.9,13,117,27.3,0,34.5,27.3,54.5,72.7,9.1,9.1,0,9.1,6,3.44,2.77,4.5,5.2,1,50,14.3,28.6,11.2,44.4,55.6,0,55.6,0,11.1,33.3,27.3,0,1,1,0,9.8,0.703,0.703,0.54,7.5,8.8,2.51,2.92,-0.41,6.8,0.7
2026,43,Arizona Cardinals,3,Cover 4,22.58064516129032,28,27,21,77.8,166,6.15,0,0.54,0,8,92.3,6.15,59.3,0,0,0,1,7,0,1,7,0,8.3,84.6,7.19,187,7.4,1,42.8,66.7,59.3,85.2,11.1,0,3.7,3.7,9,2.58,2.3,0,2.3,0,10.7,7.1,0,-22.6,15.4,53.8,30.8,42.3,23.1,19.2,15.4,18.5,0,0,0,0,5.1,0.183,0.183,0.26,7.3,11.3,2.45,3.75,-1.3,6.6,0.7
2026,44,Cincinnati Bengals,3,Cover 1,10.619469026548673,12,12,9,75,165,13.75,0,0.34,0,9,116.7,13.75,75,0,0,0,0,0,0,0,0,0,8.1,75,11.25,135,16.7,0,49.7,91.7,75,100,0,16.7,0,0,0,2.23,2.07,0,0,0,25,25,0,-3.6,8.3,91.7,0,75,25,0,0,0,0,0,0,0,14.4,1.197,1.197,0.55,6.6,6.1,2.2,2.04,0.16,6.6,0
2026,45,New York Jets,3,Cover 4,24.369747899159663,29,27,20,74.1,165,6.11,0,0.19,0,7,89.3,5.75,55.6,1,3.4,4,1,3,0,1,3,0,1.7,80.8,5.19,135,0,0,52.1,66.7,66.7,88.9,7.4,3.7,3.7,3.7,4,2.7,2.88,5.4,4.5,0,27.6,6.9,12.5,-6.6,11.5,61.5,26.9,38.5,30.8,19.2,11.5,14.8,0,1,0,0,0.4,0.013,0.013,0.24,6.9,9.4,2.3,3.14,-0.84,6.6,0.3
2026,46,Detroit Lions,3,Cover 6,20.66115702479339,25,22,16,72.7,161,7.32,1,0.37,0,9,108.3,6.67,72.7,2,8,21,1,6,0,1,6,0,14.4,90.5,7.05,148,4.5,0,31.7,63.6,63.6,86.4,9.1,4.5,0,13.6,9,2.54,2.58,3.3,4.1,0,24,12,33.3,-5.8,33.3,52.4,14.3,47.6,23.8,9.5,19,4.5,0,0,1,0,6.9,0.278,0.278,0.44,11,9.7,3.68,3.23,0.45,10.4,0.6
2026,47,San Francisco 49ers,3,Cover 2,14.606741573033707,13,13,10,76.9,158,12.15,0,0.08,0,8,116.8,12.15,69.2,0,0,0,0,0,0,0,0,0,0,76.9,6.38,83,0,0,55.1,53.8,76.9,92.3,7.7,0,0,0,0,2.6,2.8,0,0,0,7.7,0,0,-27.2,61.5,15.4,23.1,7.7,15.4,23.1,53.8,30.8,0,0,0,0,8.8,0.676,0.676,0.49,6.3,4.9,2.11,1.62,0.49,6.3,0
2026,48,Atlanta Falcons,3,Cover 4,27.77777777777778,25,22,14,63.6,156,7.09,1,0.14,1,6,80.9,5.08,40.9,2,8,9,1,9,0,1,9,0,-1.8,77.8,4.11,74,9.1,0,98.1,81.8,50,72.7,9.1,4.5,4.5,0,0,2.18,2.7,3.7,4.2,1,28,8,28.6,3.6,36.8,52.6,10.5,63.2,21.1,5.3,10.5,0,0,1,2,0,-7.4,-0.297,-0.297,0.41,10.1,6.6,3.38,2.19,1.19,9.2,0.9
2026,49,Kansas City Chiefs,3,Cover 2,17.431192660550458,19,17,12,70.6,156,9.18,0,1.22,1,6,74.6,5.72,52.9,1,5.3,8,1,3,0,1,3,0,9.2,81.3,9.5,152,11.8,0,40.4,58.8,64.7,82.4,11.8,11.8,5.9,5.9,26,2.69,2.72,3.1,2.7,0,26.3,15.8,20,-6.3,31.3,43.8,25,31.3,18.8,18.8,31.3,17.6,5.3,0,1,0,2,0.106,0.106,0.29,5.5,11.9,1.85,3.96,-2.11,5.2,0.3
2026,50,New England Patriots,2,Cover 6,21.904761904761905,23,18,15,83.3,156,8.67,0,0.16,2,4,63.2,2.95,38.9,2,8.7,7,3,17,0,3,17,0,17.9,88.9,9,162,22.2,0,47.4,66.7,77.8,94.4,5.6,0,11.1,5.6,22,2.95,2.69,3.5,5.83,1,30.4,13,28.6,-1.6,22.2,61.1,16.7,44.4,16.7,11.1,27.8,5.6,0,0,0,0,3.2,0.139,0.139,0.26,5.9,10,2.97,5,-2.03,4.2,1.7
2026,51,Cincinnati Bengals,3,Cover 4,20.353982300884958,23,20,17,85,154,7.7,1,0.91,0,6,115.4,7.32,60,2,8.7,13,1,8,0,1,8,0,14.4,90,6.2,124,5,1,25.3,65,70,90,10,5,0,5,6,2.31,2.49,4.35,5,1,34.8,13,25,8.8,10,65,25,50,30,10,10,15,4.3,0,0,0,5.1,0.22,0.22,0.48,11,11.7,3.65,3.91,-0.26,10.2,0.8
2026,52,Houston Texans,3,Cover 2,14.814814814814813,20,20,15,75,154,7.7,0,0.13,0,5,96.7,7.7,60,0,0,0,0,0,0,0,0,0,-0.4,78.9,5.74,109,5,0,40.9,55,75,80,10,0,0,0,0,2.75,2.28,0,0,0,30,20,0,-7.6,26.3,15.8,57.9,15.8,21.1,42.1,21.1,10,0,0,0,0,7.3,0.365,0.365,0.31,6.2,6,2.05,2.01,0.04,6.2,0
2026,53,New York Giants,3,Cover 4,26.595744680851062,25,23,14,60.9,153,6.65,1,1.54,0,8,95,7.17,43.5,1,4,1,1,15,0,1,15,0,-3.2,71.4,8.48,178,8.7,1,43.8,56.5,56.5,73.9,17.4,8.7,4.3,4.3,1,2.73,2.36,2.3,7.2,0,40,24,10,5.7,23.8,28.6,47.6,23.8,47.6,4.8,23.8,17.4,0,1,1,0,8.9,0.354,0.354,0.46,11.6,14.8,3.87,4.92,-1.05,10.1,1.5
2026,54,Tampa Bay Buccaneers,3,Cover 3,19.672131147540984,24,19,12,63.2,153,8.05,0,0.2,1,4,66.3,5,26.3,2,8.3,3,3,20,0,3,20,0,-0.7,70.6,10.79,205,21.1,0,71.9,73.7,63.2,63.2,26.3,5.3,0,0,0,3.18,3.11,5.15,5.23,1,41.7,8.3,20,6,36.8,47.4,15.8,26.3,31.6,10.5,31.6,21.1,0,0,0,0,-8.5,-0.355,-0.355,0.3,7.1,8.8,2.37,2.93,-0.56,5.1,2
2026,55,Los Angeles Rams,3,Cover 1,14.754098360655737,18,17,12,70.6,149,8.76,1,0.89,0,7,117,9.94,52.9,0,0,0,1,2,0,1,2,0,2.9,76.5,8.24,140,11.8,1,41.6,94.1,82.4,88.2,5.9,0,0,5.9,4,2.14,2.5,0,5.3,0,27.8,22.2,0,2.3,11.8,47.1,41.2,41.2,35.3,17.6,5.9,0,5.6,0,0,0,0.3,0.019,0.019,0.56,10.2,9.2,3.39,3.07,0.32,10,0.2
2026,56,New Orleans Saints,3,Cover 4,17.687074829931973,26,24,18,75,148,6.17,2,0.93,0,7,118.1,7.28,50,1,3.8,6,1,11,0,1,11,0,10.2,86.4,6.64,146,12.5,2,50.7,62.5,58.3,87.5,4.2,8.3,0,4.2,7,2.69,2.42,3.9,5,0,34.6,15.4,11.1,0.9,22.7,63.6,13.6,18.2,50,13.6,18.2,16.7,7.7,2,0,0,3.8,0.147,0.147,0.58,15,12.2,5.01,4.06,0.95,13.9,1.1
2026,57,New Orleans Saints,3,Cover 2,14.285714285714285,21,21,17,81,144,6.86,0,0.08,1,8,75.4,4.71,57.1,0,0,0,0,0,0,0,0,0,15.8,95,5.24,110,4.8,0,25.7,61.9,81,90.5,4.8,0,0,9.5,-7,2.95,2.68,0,0,0,23.8,9.5,0,-17.2,33.3,52.4,14.3,19,33.3,14.3,33.3,19,0,0,0,0,2.6,0.124,0.124,0.23,4.8,6.8,1.59,2.26,-0.67,4.8,0
2026,58,San Francisco 49ers,3,Cover 4,21.34831460674157,19,17,11,64.7,144,8.47,1,0.86,0,8,110.9,9.65,58.8,0,0,0,2,43,0,2,43,0,6,81.3,7.81,125,5.9,1,50.7,64.7,88.2,94.1,0,11.8,0,11.8,16,2.81,3.1,0,5.25,0,21.1,0,0,-13.4,18.8,56.3,25,37.5,18.8,25,18.8,11.8,5.3,1,0,0,8.6,0.452,0.452,0.74,14.1,11.2,4.69,3.74,0.95,9.8,4.3
2026,59,Jacksonville Jaguars,3,Cover 1,21.839080459770116,19,16,10,62.5,136,8.5,1,1.08,0,7,110.4,7.83,56.3,2,10.5,15,1,1,0,1,1,0,7.4,68.8,14,224,18.8,0,5.1,75,43.8,81.3,12.5,0,6.3,6.3,15,2.48,2.46,3.3,5,0,52.6,15.8,20,24.9,6.3,81.3,12.5,56.3,37.5,0,6.3,6.3,0,0,0,0,2.4,0.125,0.125,0.5,9.5,11.7,3.18,3.9,-0.72,9.4,0.1
2026,60,Chicago Bears,3,Cover 2,14.782608695652174,17,13,11,84.6,134,10.31,0,0.07,0,6,109.6,10.31,53.8,0,0,0,4,29,0,4,29,0,18.5,100,3.36,37,7.7,0,72.4,38.5,76.9,84.6,0,0,0,0,0,3.15,2.98,0,5.92,0,52.9,11.8,0,18.9,36.4,45.5,18.2,54.5,9.1,0,36.4,46.2,0,2,0,0,11.3,0.666,0.666,0.49,8.3,7.2,2.75,2.41,0.34,5.4,2.9
2026,61,Cleveland Browns,3,Cover 4,17.475728155339805,18,14,9,64.3,134,9.57,1,0.72,1,5,89.6,5.24,50,3,16.7,20,1,4,0,1,4,0,-1.1,69.2,10.85,141,7.1,1,38.1,71.4,42.9,64.3,28.6,7.1,14.3,0,0,3,2.48,3.73,7,2,33.3,16.7,50,0.8,15.4,61.5,23.1,53.8,7.7,23.1,15.4,7.1,0,1,0,0,-5.2,-0.288,-0.288,0.49,8.8,8.7,2.92,2.92,0,8.4,0.4
2026,62,Los Angeles Chargers,3,Cover 6,21.153846153846153,22,19,12,63.2,133,7,0,0.06,0,5,83.9,6.25,36.8,1,4.5,8,2,6,0,2,6,0,4,76.5,8.41,143,0,0,44.4,57.9,68.4,84.2,5.3,5.3,0,5.3,16,2.73,2.19,2,3.8,0,36.4,22.7,12.5,4.2,5.9,88.2,5.9,58.8,11.8,23.5,5.9,5.3,0,1,1,0,-1,-0.045,-0.045,0.27,5.9,9,1.97,2.98,-1.01,5.3,0.6
2026,63,Baltimore Ravens,3,Cover 4,16.666666666666664,15,14,10,71.4,130,9.29,0,0.26,0,6,100.3,9.29,64.3,0,0,0,1,1,0,1,1,0,11.7,84.6,9.36,131,14.3,0,58.5,71.4,78.6,85.7,7.1,14.3,0,7.1,1,2.69,3.23,0,6.4,0,26.7,6.7,0,-7.4,0,71.4,28.6,57.1,21.4,21.4,0,7.1,0,0,0,0,6.1,0.409,0.409,0.35,5.3,7.2,1.77,2.41,-0.64,5.2,0.1
2026,64,Kansas City Chiefs,3,Cover 6,18.34862385321101,20,19,11,57.9,130,6.84,0,0.1,0,5,78.8,6.84,42.1,0,0,0,1,1,0,1,1,0,-4.7,75,4.25,68,5.3,0,65.4,73.7,42.1,68.4,10.5,0,0,5.3,4,2.15,2.17,0,3.7,0,15,15,0,-10.8,18.8,56.3,25,37.5,18.8,25,18.8,5.3,20,2,1,0,1.1,0.057,0.057,0.27,5.3,5.5,1.77,1.84,-0.07,5.2,0.1
2026,65,New York Giants,3,Cover 1,26.595744680851062,25,22,12,54.5,129,5.86,0,0.15,1,9,53,3.04,40.9,3,12,8,0,0,0,0,0,0,-16.3,54.5,9.23,203,13.6,1,26.4,100,50,63.6,36.4,0,4.5,0,0,2.3,2.37,3.23,0,1,40,24,30,13.8,9.1,50,40.9,40.9,45.5,4.5,9.1,0,4,0,0,0,-10.5,-0.421,-0.421,0.17,4.2,6.5,1.39,2.17,-0.78,4.2,0
2026,66,Buffalo Bills,3,Cover 1,13.861386138613863,14,11,7,63.6,128,11.64,1,0.49,0,5,133.9,10,63.6,2,14.3,18,1,14,0,1,14,0,-3.2,63.6,11.55,127,27.3,0,32,81.8,45.5,63.6,36.4,18.2,0,0,0,2.71,3.13,3.7,4.5,2,50,0,28.6,21.1,9.1,72.7,18.2,63.6,18.2,9.1,9.1,0,7.1,0,0,0,8.9,0.635,0.635,0.75,10.5,7,3.51,2.32,1.19,9.1,1.4
2026,67,Dallas Cowboys,3,Cover 2,17.094017094017094,20,16,13,81.3,126,7.88,0,0.13,0,9,99.5,7.18,75,1,5,4,3,13,0,3,13,0,6.2,87.5,3.5,56,6.3,0,51.6,75,81.3,93.8,6.3,6.3,0,6.3,-3,2.27,2.91,3.9,5.57,0,35,5,14.3,11.5,18.8,56.3,25,43.8,18.8,25,12.5,18.8,10,0,0,0,1.7,0.083,0.083,0.32,6.3,8.2,2.11,2.75,-0.64,5,1.3
2026,68,Cincinnati Bengals,3,Cover 2,12.389380530973451,14,14,11,78.6,122,8.71,1,0.44,0,5,126.8,10.14,57.1,0,0,0,0,0,0,0,0,0,12.3,84.6,9.31,121,14.3,1,41,71.4,78.6,78.6,14.3,0,7.1,0,0,2.1,2.24,0,0,0,35.7,28.6,0,9.4,30.8,53.8,15.4,38.5,30.8,0,30.8,7.1,7.1,0,1,0,8.8,0.629,0.629,0.63,8.9,6.3,2.96,2.1,0.86,8.9,0
2026,69,New Orleans Saints,3,Cover 1,10.204081632653061,15,14,12,85.7,120,8.57,2,1.94,0,9,142,10.2,71.4,1,6.7,7,0,0,0,0,0,0,11.9,85.7,7.93,111,14.3,2,35,85.7,64.3,85.7,14.3,21.4,0,0,0,2.21,2.45,3.8,0,1,26.7,13.3,25,0.4,21.4,50,28.6,42.9,21.4,21.4,14.3,7.1,0,0,0,0,8.3,0.553,0.553,0.85,12.8,11.4,4.27,3.8,0.47,12.8,0
2026,70,New Orleans Saints,3,Cover 6,8.843537414965986,13,10,7,70,118,11.8,0,0.36,0,4,109.6,10,50,1,7.7,8,2,37,0,2,37,0,31.4,100,12.38,99,10,0,32.2,70,50,80,0,0,0,10,19,2.78,2.8,3.6,6.45,0,61.5,7.7,12.5,32.3,12.5,37.5,50,25,37.5,25,12.5,10,0,2,0,0,-0.9,-0.073,-0.073,0.65,8.4,7.9,2.81,2.65,0.16,4.7,3.7
2026,71,Philadelphia Eagles,3,Cover 3,21.69811320754717,23,18,13,72.2,118,6.56,0,0.05,1,3,66.4,2.14,38.9,4,17.4,26,1,3,0,1,3,0,4.1,81.3,5.81,93,5.6,1,33.1,66.7,55.6,77.8,11.1,5.6,5.6,0,0,3.07,2.92,3.67,4.8,1,43.5,13,40,9.8,18.8,62.5,18.8,37.5,37.5,12.5,12.5,11.1,0,2,0,0,-14.1,-0.611,-0.611,0.17,4,5.8,1.34,1.92,-0.58,3.7,0.3
2026,72,Minnesota Vikings,3,Cover 1,13.636363636363635,12,12,8,66.7,117,9.75,0,0.04,1,5,63.5,6,50,0,0,0,0,0,0,0,0,0,0,72.7,7.73,85,8.3,0,52.1,83.3,50,75,16.7,8.3,0,0,0,2.24,2.1,0,0,0,8.3,8.3,0,-20.4,16.7,66.7,16.7,33.3,33.3,16.7,16.7,8.3,8.3,0,1,0,0.3,0.026,0.026,0.31,3.7,3.3,1.23,1.11,0.12,3.7,0
2026,73,New England Patriots,3,Cover 4,17.142857142857142,18,14,11,78.6,117,8.36,0,0.18,1,5,71.7,4.25,57.1,2,11.1,4,2,15,0,2,15,0,14.7,92.3,5.77,75,0,0,48.7,50,71.4,85.7,7.1,0,7.1,7.1,5,3.17,2.8,3.8,2.7,0,44.4,11.1,25,9.6,23.1,53.8,23.1,53.8,7.7,15.4,23.1,14.3,0,1,0,0,-3.8,-0.211,-0.211,0.29,5.2,6.9,1.73,2.28,-0.55,3.7,1.5
2026,74,Buffalo Bills,3,Cover 2,14.85148514851485,15,14,8,57.1,115,8.21,1,0.89,0,7,107.7,9.64,50,0,0,0,1,8,0,1,8,0,9.1,83.3,6.83,82,7.1,0,54.8,28.6,57.1,71.4,14.3,0,0,14.3,5,3.2,2.84,0,6.7,0,60,26.7,0,17.7,25,41.7,33.3,25,25,25,25,14.3,13.3,1,0,0,10.1,0.674,0.674,0.63,9.4,7.7,3.13,2.57,0.56,8.6,0.8
2026,75,Denver Broncos,3,Cover 1,22.22222222222222,22,20,8,40,115,5.75,0,0.58,1,6,38.5,2.64,30,2,9.1,12,0,0,0,0,0,0,-15,55.6,10.06,181,20,1,48.7,65,55,65,25,5,10,10,1,2.51,2.42,2.9,0,1,36.4,13.6,25,5.9,11.1,88.9,0,44.4,44.4,0,11.1,10,9.1,1,1,0,-9.9,-0.449,-0.449,0.16,3.6,7.9,1.2,2.64,-1.44,3.6,0
2026,76,Pittsburgh Steelers,3,Cover 2,8.799999999999999,11,10,9,90,113,11.3,0,0.03,0,5,113.8,11.3,80,0,0,0,1,12,0,1,12,0,14.2,90,6.9,69,10,0,63.7,60,80,90,10,0,0,0,0,2.61,2.25,0,4.3,0,18.2,18.2,0,-13.7,30,40,30,40,20,10,30,20,0,0,0,0,5.4,0.488,0.488,0.52,5.7,4.3,1.91,1.43,0.48,4.5,1.2
2026,77,Houston Texans,3,Cover 1,11.851851851851853,16,16,9,56.3,112,7,1,0.35,0,6,99,8.25,56.3,0,0,0,0,0,0,0,0,0,0.4,71.4,8.71,122,6.3,0,33.9,81.3,56.3,75,12.5,0,0,6.3,10,2.44,2.73,0,0,0,18.8,6.3,0,-13.4,13.3,86.7,0,33.3,60,0,6.7,0,6.3,1,1,0,2.4,0.152,0.152,0.53,8.5,5.2,2.83,1.74,1.09,8.5,0
2026,78,Arizona Cardinals,3,Cover 1,8.064516129032258,10,10,8,80,111,11.1,0,0.24,0,6,112.9,11.1,80,0,0,0,0,0,0,0,0,0,25.6,90,12.9,129,20,0,12.6,90,80,100,0,10,0,10,4,2.24,2.45,0,0,0,20,10,0,-8.7,0,100,0,80,20,0,0,0,0,0,0,0,8.2,0.824,0.824,0.44,4.4,5.7,1.48,1.91,-0.43,4.4,0
2026,79,Denver Broncos,3,Cover 6,15.151515151515152,15,15,11,73.3,111,7.4,1,0.91,0,5,116.2,8.73,40,0,0,0,0,0,0,0,0,0,-0.1,78.6,4.71,66,6.7,1,57.7,73.3,73.3,73.3,20,0,6.7,0,0,2.82,2.6,0,0,0,6.7,0,0,-32.1,46.7,40,13.3,20,26.7,6.7,46.7,13.3,0,0,1,0,4.3,0.285,0.285,0.56,8.4,7.9,2.81,2.65,0.16,8.4,0
2026,80,Jacksonville Jaguars,2,Cover 6,9.195402298850574,8,8,7,87.5,111,13.88,1,1.19,0,3,158.3,16.38,75,0,0,0,0,0,0,0,0,0,35,100,13.57,95,25,1,22.5,50,75,87.5,0,0,0,0,0,3.2,2.8,0,0,0,37.5,12.5,0,-7.8,14.3,71.4,14.3,14.3,57.1,14.3,14.3,12.5,0,1,0,0,8.9,1.11,1.11,1.06,8.4,8.4,4.22,4.21,0.01,8.4,0
2026,81,Seattle Seahawks,2,Cover 6,13,13,13,8,61.5,110,8.46,0,0.21,1,5,56.6,5,53.8,0,0,0,0,0,0,0,0,0,10.4,76.9,11,143,7.7,0,31.8,84.6,46.2,84.6,15.4,0,15.4,15.4,28,2.9,2.4,0,0,0,38.5,23.1,0,-1.6,7.7,61.5,30.8,61.5,7.7,23.1,7.7,0,0,0,0,0,-4.6,-0.351,-0.351,0.26,3.4,6,1.7,3,-1.3,3.4,0
2026,82,Philadelphia Eagles,3,Cover 1,13.20754716981132,14,12,9,75,109,9.08,1,0.92,0,8,130.2,9.46,66.7,1,7.1,6,1,20,0,1,20,0,4.2,75,9.25,111,25,1,28.4,83.3,33.3,75,25,8.3,0,0,0,2.68,2.36,3.6,3.9,1,35.7,28.6,20,4.7,25,75,0,58.3,16.7,0,25,8.3,0,0,0,0,8.1,0.58,0.58,0.74,10.4,8.9,3.45,2.96,0.49,8.4,2
2026,83,San Francisco 49ers,3,Cover 6,14.606741573033707,13,13,8,61.5,109,8.38,1,0.77,0,4,113.9,9.92,61.5,0,0,0,0,0,0,0,0,0,-3.2,69.2,8.31,108,7.7,1,34.9,61.5,69.2,84.6,15.4,15.4,7.7,7.7,-4,2.98,2.58,0,0,0,46.2,23.1,0,4.6,23.1,61.5,15.4,61.5,7.7,15.4,15.4,7.7,0,0,0,0,7.4,0.569,0.569,0.64,8.4,7,2.79,2.33,0.46,8.4,0
2026,84,Indianapolis Colts,3,Cover 1,15.74074074074074,17,16,10,62.5,108,6.75,0,0.2,0,7,82.3,6.75,50,0,0,0,1,1,0,1,1,0,-10.7,66.7,5.4,81,0,0,55.6,100,62.5,68.8,25,0,0,0,0,2.26,2.15,0,4.4,0,23.5,11.8,0,-3.9,6.3,68.8,25,25,43.8,18.8,12.5,0,5.9,0,0,0,8.6,0.506,0.506,0.26,4.4,5.2,1.47,1.72,-0.25,4.3,0.1
2026,85,Jacksonville Jaguars,3,Cover 4,16.091954022988507,14,14,12,85.7,108,7.71,2,1.47,0,6,138.4,10.57,64.3,0,0,0,0,0,0,0,0,0,25.1,92.9,7.15,93,0,2,17.6,78.6,78.6,92.9,7.1,0,7.1,7.1,2,2.48,,0,0,0,0,0,0,-32.8,7.1,71.4,21.4,50,21.4,21.4,7.1,0,0,0,0,0,8.4,0.599,0.599,0.88,12.3,10.4,4.11,3.45,0.66,12.3,0
2026,86,Washington Commanders,3,Cover 6,19.469026548672566,22,20,12,60,104,5.2,0,0.44,0,4,73.8,5.2,40,0,0,0,2,4,0,2,4,0,-1.6,73.7,7.32,139,10,0,39.4,65,60,80,10,10,5,10,8,2.44,2.61,0,5.05,0,31.8,18.2,0,2.5,10.5,78.9,10.5,47.4,36.8,5.3,10.5,15,0,1,0,0,0.1,0.005,0.005,0.21,4.6,9.7,1.52,3.22,-1.7,4.2,0.4
2026,87,Houston Texans,3,Cover 4,10.37037037037037,14,12,9,75,103,8.58,0,0.91,0,4,100.3,7.77,58.3,1,7.1,2,1,4,0,1,4,0,8.3,83.3,6.92,83,8.3,1,52.4,66.7,91.7,91.7,8.3,8.3,0,8.3,-8,2.69,2.52,4.3,4.1,1,42.9,21.4,16.7,11.6,16.7,58.3,25,50,33.3,0,16.7,8.3,7.1,0,0,0,4.6,0.327,0.327,0.32,4.5,8.3,1.51,2.77,-1.26,4.1,0.4
2026,88,Philadelphia Eagles,3,Cover 2,19.81132075471698,21,19,13,68.4,103,5.42,2,1.65,0,4,116.8,7.53,26.3,0,0,0,2,13,0,2,13,0,6.6,81.3,6.94,111,15.8,2,41.7,47.4,57.9,68.4,15.8,10.5,0,0,0,2.89,2.81,0,3.2,0,33.3,0,0,-2.9,25,50,25,18.8,50,6.3,25,21.1,9.5,3,0,0,-1.5,-0.072,-0.072,0.64,13.4,13.4,4.47,4.48,-0.01,12.1,1.3
2026,89,Las Vegas Raiders,3,Cover 1,11,11,11,8,72.7,102,9.27,3,1.24,0,6,140.9,14.73,54.5,0,0,0,0,0,0,0,0,0,15.4,80,12.5,125,9.1,2,19.6,72.7,45.5,72.7,18.2,0,0,0,0,2.35,2.6,0,0,0,18.2,0,0,-12.4,10,50,40,40,30,20,10,0,0,1,0,0,10.7,0.974,0.974,1.46,16.1,8.1,5.36,2.7,2.66,16.1,0
2026,90,Tampa Bay Buccaneers,2,Cover 4,16.39344262295082,20,16,9,56.3,100,6.25,1,0.11,1,3,69.8,2.8,25,4,20,19,0,0,0,0,0,0,-5.5,64.3,11.57,162,12.5,0,35,75,43.8,56.3,31.3,0,6.3,0,0,2.31,2.44,3.73,0,2,35,20,57.1,11.1,20,66.7,13.3,40,60,0,0,0,0,1,1,0,-8.1,-0.405,-0.405,0.35,7,4,3.5,2.02,1.48,7,0
2026,91,Washington Commanders,3,Cover 4,19.469026548672566,22,19,12,63.2,100,5.26,0,0.22,0,3,76.6,4.9,47.4,1,4.5,2,2,3,0,2,3,0,-2.8,72.2,7.22,130,10.5,0,50,68.4,57.9,68.4,21.1,0,0,5.3,3,2.57,2.71,3.1,5.15,0,36.4,18.2,12.5,6.6,22.2,61.1,16.7,38.9,27.8,5.6,27.8,10.5,0,1,0,0,-3.4,-0.156,-0.156,0.2,4.3,7.4,1.43,2.45,-1.02,4,0.3
2026,92,Buffalo Bills,3,Cover 6,11.881188118811881,12,9,7,77.8,98,10.89,1,0.08,0,6,149.1,11.1,66.7,1,8.3,7,2,20,0,2,20,0,6,77.8,7.67,69,11.1,0,49,66.7,100,100,0,11.1,0,0,0,2.36,2.83,5.3,6,1,25,8.3,33.3,2,22.2,55.6,22.2,44.4,22.2,11.1,22.2,0,0,0,0,0,9,0.75,0.75,0.83,9.9,5.1,3.31,1.7,1.61,7.9,2
2026,93,Cleveland Browns,2,Cover 2,11.650485436893204,12,10,6,60,98,9.8,1,0.03,0,2,126.3,11.8,50,0,0,0,2,4,0,2,4,0,-3.8,80,3.1,31,0,0,85.7,50,80,80,20,0,10,20,7,3.33,2.48,0,4.8,0,66.7,33.3,0,27.1,30,30,40,20,10,40,30,20,0,0,0,0,2.4,0.202,0.202,0.69,8.3,4.1,4.16,2.05,2.11,7.9,0.4
2026,94,Chicago Bears,3,Cover 1,6.956521739130435,8,7,6,85.7,96,13.71,1,1.09,0,4,158.3,14.25,71.4,1,12.5,2,0,0,0,0,0,0,32.3,100,11.29,79,14.3,1,29.2,57.1,71.4,100,0,14.3,0,14.3,11,2.47,2.4,2,0,0,25,12.5,50,-3.6,14.3,85.7,0,42.9,42.9,0,14.3,14.3,0,0,0,0,6.1,0.766,0.766,0.98,7.8,8.2,2.61,2.72,-0.11,7.8,0
2026,95,Dallas Cowboys,3,Cover 3,14.529914529914532,17,16,11,68.8,96,6,0,0.12,0,7,84.4,6,50,0,0,0,1,7,0,1,7,0,14.2,85.7,8.5,119,12.5,0,54.2,68.8,68.8,75,12.5,6.3,6.3,6.3,31,2.41,2.36,0,3.1,0,29.4,23.5,0,-0.4,26.7,73.3,0,53.3,20,0,26.7,12.5,11.8,1,1,0,9.4,0.555,0.555,0.27,4.5,5.9,1.51,1.97,-0.46,3.8,0.7
2026,96,New York Giants,3,Cover 3,23.404255319148938,22,18,10,55.6,93,5.17,0,0.09,0,6,69.9,4.15,50,2,9.1,10,2,10,0,2,10,0,-4.5,64.7,11.06,188,16.7,0,33.3,77.8,44.4,61.1,27.8,0,5.6,5.6,4,2.29,2.69,3.6,5.25,1,40.9,22.7,22.2,16.6,11.8,64.7,23.5,52.9,29.4,5.9,11.8,0,0,0,0,0,0.9,0.043,0.043,0.21,4.7,5.9,1.57,1.98,-0.41,3.7,1
2026,97,Philadelphia Eagles,3,Cover 4,21.69811320754717,23,19,9,47.4,89,4.68,0,0.14,2,4,21.5,-0.64,31.6,3,13,13,1,1,0,1,1,0,-18.8,57.9,6.63,126,5.3,0,32.6,63.2,63.2,68.4,31.6,0,15.8,10.5,7,2.9,2.76,5.8,1.9,1,34.8,13,37.5,1.7,15.8,63.2,21.1,57.9,15.8,15.8,10.5,15.8,4.3,0,0,0,-10.1,-0.441,-0.441,0.07,1.7,6.1,0.55,2.05,-1.5,1.6,0.1
2026,98,Denver Broncos,3,Cover 4,17.17171717171717,17,16,9,56.3,88,5.5,0,0.26,1,1,45.8,2.12,31.3,1,5.9,7,0,0,0,0,0,0,3.9,83.3,7.58,91,12.5,0,43.2,37.5,43.8,62.5,12.5,6.3,6.3,6.3,-3,3.05,2.5,9.9,0,0,58.8,23.5,10,18.6,15.4,46.2,38.5,30.8,23.1,38.5,7.7,12.5,0,2,1,0,-9.8,-0.578,-0.578,0.15,2.5,4.2,0.84,1.4,-0.56,2.5,0
2026,99,New England Patriots,3,Cover 1,19.047619047619047,20,19,6,31.6,88,4.63,0,0.9,0,3,47.7,4.63,21.1,0,0,0,1,13,0,1,13,0,-5,60,12.27,184,26.3,1,27.3,73.7,42.1,57.9,21.1,0,0,15.8,50,2.65,2.41,0,3.7,0,45,30,0,11,5.9,82.4,11.8,52.9,41.2,0,5.9,0,0,3,1,0,-9.1,-0.454,-0.454,0.24,4.8,9.2,1.61,3.07,-1.46,3.5,1.3
2026,100,Tampa Bay Buccaneers,2,Cover 6,14.754098360655737,18,15,9,60,88,5.87,0,0.05,0,5,76.5,3.72,53.3,3,16.7,21,0,0,0,0,0,0,6.3,80,8.27,124,6.7,0,77.3,66.7,60,86.7,13.3,0,0,20,33,2.93,3.25,3.83,0,0,22.2,5.6,75,-11.6,20,53.3,26.7,33.3,33.3,6.7,26.7,20,0,0,0,0,-10,-0.554,-0.554,0.2,3.5,4.9,1.76,2.47,-0.71,3.5,0
2026,101,Arizona Cardinals,3,Cover 6,16.93548387096774,21,18,11,61.1,87,4.83,0,0.06,0,2,73.1,3.6,33.3,2,9.5,15,1,11,0,1,11,0,-2,75,6,96,0,1,54,66.7,44.4,72.2,16.7,0,0,5.6,4,2.29,2.27,3.1,5.3,0,28.6,19,33.3,3.1,11.8,17.6,70.6,11.8,70.6,11.8,5.9,16.7,0,1,0,0,-3.8,-0.183,-0.183,0.22,4.6,5.5,1.53,1.84,-0.31,3.5,1.1
2026,102,Indianapolis Colts,3,Cover 4,12.962962962962962,14,14,11,78.6,86,6.14,0,0.17,0,2,92.3,6.14,57.1,0,0,0,0,0,0,0,0,0,7.6,84.6,5.77,75,7.1,0,51.2,57.1,64.3,78.6,7.1,0,0,0,0,2.76,2.57,0,0,0,21.4,7.1,0,-16.3,23.1,53.8,23.1,30.8,46.2,15.4,7.7,14.3,0,1,0,0,0.8,0.054,0.054,0.25,3.4,4.2,1.15,1.41,-0.26,3.4,0
2026,103,New Orleans Saints,3,Cover 0,14.965986394557824,22,18,10,55.6,85,4.72,3,3.63,1,7,84.5,3.62,55.6,3,13.6,24,1,1,0,1,1,0,-16.4,62.5,5.5,88,0,4,51.8,88.9,55.6,61.1,22.2,0,5.6,0,0,1.79,1.93,3.4,7,1,40.9,36.4,33.3,23.7,0,41.2,58.8,58.8,23.5,17.6,0,0,4.5,1,1,0,-10,-0.456,-0.456,0.66,14.5,17.8,4.83,5.94,-1.11,14.4,0.1
2026,104,Seattle Seahawks,3,Cover 3,17,17,16,12,75,85,5.31,0,0.33,0,7,86.7,5.31,62.5,0,0,0,1,14,0,1,14,0,14.5,86.7,4.53,68,6.3,0,44.7,62.5,68.8,87.5,6.3,0,0,6.3,9,2.65,2.89,0,4.1,0,41.2,11.8,0,7.5,20,66.7,13.3,46.7,20,20,13.3,25,5.9,1,0,0,3.8,0.225,0.225,0.28,4.8,7.1,1.6,2.38,-0.78,3.4,1.4
2026,105,Detroit Lions,3,Cover 4,11.570247933884298,14,13,9,69.2,84,6.46,0,0.05,0,4,86.7,5.5,38.5,1,7.1,7,0,0,0,0,0,0,2.6,81.8,5,55,0,0,66.7,46.2,61.5,69.2,15.4,0,0,0,0,2.79,2.68,4.5,0,0,42.9,7.1,16.7,7.3,27.3,45.5,27.3,36.4,45.5,9.1,9.1,7.7,0,0,2,0,-6.7,-0.479,-0.479,0.24,3.4,2.9,1.12,0.97,0.15,3.4,0
2026,106,Tennessee Titans,3,Cover 6,17.17171717171717,17,16,8,50,82,5.13,0,0.03,0,1,65.1,4.18,43.8,1,5.9,11,0,0,0,0,0,0,-15,64.3,4.57,64,6.3,0,81.7,43.8,37.5,56.3,31.3,0,0,6.3,11,2.94,2.22,2.9,0,0,35.3,35.3,16.7,-3.2,21.4,57.1,21.4,57.1,14.3,14.3,14.3,31.3,0,2,0,0,-3.5,-0.207,-0.207,0.19,3.3,2.9,1.09,0.96,0.13,3.3,0
2026,107,Carolina Panthers,3,Cover 4,9.774436090225564,13,11,9,81.8,81,7.36,0,0.05,0,2,97.3,5.08,45.5,2,15.4,15,0,0,0,0,0,0,13.4,90,6.1,61,9.1,0,71.6,54.5,81.8,81.8,9.1,0,0,0,0,2.68,2.52,2.9,0,0,38.5,23.1,40,7.7,20,60,20,40,30,10,20,27.3,0,0,0,0,-10.8,-0.828,-0.828,0.25,3.2,3.4,1.08,1.13,-0.05,3.2,0
2026,108,Cleveland Browns,3,Cover 1,22.330097087378643,23,17,11,64.7,81,4.76,0,0.6,0,3,75.9,2.71,35.3,4,17.4,24,2,21,0,2,21,0,-9.2,68.8,5.5,88,11.8,1,34.6,82.4,76.5,82.4,11.8,0,0,0,0,2.52,2.39,3.02,4.8,0,52.2,30.4,33.3,27.3,23.5,64.7,11.8,41.2,23.5,11.8,23.5,5.9,4.3,1,0,0,-4.2,-0.185,-0.185,0.23,5.3,8.6,1.78,2.88,-1.1,3.2,2.1
2026,109,Cleveland Browns,2,Cover 6,11.650485436893204,12,11,7,63.6,81,7.36,0,0.04,0,3,85.8,7.36,36.4,0,0,0,1,7,0,1,7,0,4.4,80,8.4,84,9.1,0,51.9,72.7,63.6,72.7,18.2,0,0,9.1,0,2.32,2.73,0,5,0,25,8.3,0,-2.6,30,50,20,40,20,10,30,18.2,8.3,0,0,0,3.6,0.302,0.302,0.33,3.9,4,1.97,2.02,-0.05,3.2,0.7
2026,110,New England Patriots,3,Cover 3,23.809523809523807,25,20,14,70,81,4.05,0,0.08,2,5,37.7,-0.81,45,1,4,8,4,31,0,4,31,0,-4.2,73.7,5.89,112,5,1,74.1,75,60,75,20,0,10,0,0,2.65,2.7,2.4,4.97,0,36,12,11.1,7.4,26.3,68.4,5.3,47.4,21.1,5.3,26.3,20,0,1,0,0,-6.7,-0.267,-0.267,0.17,4.3,7.2,1.45,2.39,-0.94,1.2,3.1
2026,111,Minnesota Vikings,3,Cover 6,10.227272727272728,9,5,4,80,79,15.8,2,1.34,0,3,158.3,16.14,80,2,22.2,6,2,9,0,2,9,0,16.7,80,15,75,20,1,12.7,60,40,80,20,20,0,0,0,2.79,2.58,4.15,5.85,1,44.4,11.1,50,23.3,0,40,60,40,20,40,0,0,0,0,0,0,6.8,0.751,0.751,1.34,12.1,10,4.02,3.33,0.69,11.2,0.9
2026,112,Indianapolis Colts,3,Cover 2,9.25925925925926,10,10,8,80,78,7.8,0,0.07,0,3,99.2,7.8,50,0,0,0,0,0,0,0,0,0,14.6,88.9,7.89,71,10,0,51.3,80,70,90,0,0,0,0,0,2.97,3.2,0,0,0,30,10,0,-11.3,22.2,44.4,33.3,22.2,44.4,11.1,22.2,10,10,1,0,0,3.7,0.372,0.372,0.31,3.1,4,1.04,1.33,-0.29,3.1,0
2026,113,Pittsburgh Steelers,3,Cover 4,12.8,16,15,10,66.7,77,5.13,0,0.12,0,4,79,5.13,46.7,0,0,0,1,5,0,1,5,0,4.6,84.6,4.38,57,6.7,0,89.6,60,66.7,80,0,0,0,6.7,15,2.69,3.06,0,5.7,0,43.8,6.3,0,9.5,23.1,61.5,15.4,61.5,15.4,7.7,15.4,20,12.5,2,0,0,0.2,0.016,0.016,0.22,3.6,4.5,1.19,1.51,-0.32,3.1,0.5
2026,114,Los Angeles Rams,1,Cover 2 Man,6.557377049180328,8,8,4,50,74,9.25,0,0.04,0,4,82.3,9.25,50,0,0,0,0,0,0,0,0,0,-0.4,62.5,13.63,109,0,0,31.1,62.5,37.5,62.5,25,0,0,12.5,15,2.88,2.63,0,0,0,50,0,0,10.3,25,62.5,12.5,62.5,12.5,0,25,0,0,0,0,0,2.4,0.298,0.298,0.37,3,3.3,2.96,3.32,-0.36,3,0
2026,115,Las Vegas Raiders,3,Cover 6,18,18,14,10,71.4,72,5.14,0,0.03,0,4,83,3.47,50,3,16.7,13,1,5,0,1,5,0,0.3,76.9,6.62,86,7.1,0,52.8,57.1,57.1,71.4,14.3,0,0,0,0,2.21,2.48,3.57,3.6,1,22.2,11.1,75,0.3,14.3,42.9,42.9,50,35.7,7.1,7.1,7.1,0,0,1,0,-0.1,-0.006,-0.006,0.19,3.4,3.8,1.13,1.27,-0.14,2.9,0.5
2026,116,New York Jets,3,Cover 6,11.76470588235294,14,11,8,72.7,72,6.55,1,0.34,0,2,120.3,6.92,45.5,1,7.1,9,2,9,0,2,9,0,12,88.9,6.22,56,9.1,1,36.1,45.5,45.5,81.8,0,9.1,0,0,0,3.23,2.67,2.6,5.55,0,50,28.6,14.3,14.1,33.3,33.3,33.3,22.2,33.3,11.1,33.3,9.1,7.1,2,0,0,2.6,0.185,0.185,0.56,7.8,6.1,2.59,2.04,0.55,6.9,0.9
2026,117,Pittsburgh Steelers,3,Cover 6,7.199999999999999,9,8,5,62.5,72,9,1,0.73,1,4,91.7,4,62.5,1,11.1,11,0,0,0,0,0,0,14.5,87.5,8.5,68,12.5,0,19.4,62.5,62.5,87.5,12.5,0,0,25,7,2.56,2.85,3.1,0,0,22.2,0,50,-8.3,12.5,75,12.5,50,37.5,0,12.5,12.5,0,0,0,0,-4.1,-0.457,-0.457,0.65,5.9,6.1,1.96,2.04,-0.08,5.9,0
2026,118,Tennessee Titans,3,Cover 2,16.161616161616163,16,15,11,73.3,72,4.8,0,0.04,0,4,83.2,4.44,46.7,1,6.3,1,0,0,0,0,0,0,10,92.3,3.46,45,0,0,62.5,40,53.3,80,6.7,0,6.7,6.7,3,3.13,2.27,3.9,0,1,43.8,31.3,14.3,2.5,38.5,53.8,7.7,46.2,15.4,0,38.5,26.7,12.5,2,0,0,-3,-0.19,-0.19,0.18,2.9,3.8,0.96,1.27,-0.31,2.9,0
2026,119,Miami Dolphins,3,Cover 2,14.018691588785046,15,13,7,53.8,71,5.46,0,0.03,0,0,69.7,4,30.8,2,13.3,11,0,0,0,0,0,0,-17.5,53.8,10.15,132,23.1,1,57.7,76.9,38.5,53.8,46.2,7.7,7.7,0,0,2.09,2,3.6,0,0,20,20,66.7,-2.7,30.8,69.2,0,30.8,30.8,0,38.5,15.4,0,0,0,0,-6.8,-0.452,-0.452,0.19,2.8,3,0.95,0.99,-0.04,2.8,0
2026,120,New York Giants,3,Cover 6,14.893617021276595,14,14,9,64.3,71,5.07,0,0.07,0,2,76.8,5.07,35.7,0,0,0,0,0,0,0,0,0,5,78.6,8.71,122,7.1,0,53.5,78.6,71.4,85.7,14.3,7.1,7.1,14.3,48,2.57,3,0,0,0,14.3,0,0,-20.2,14.3,71.4,14.3,50,28.6,7.1,14.3,7.1,0,0,0,0,-2.4,-0.17,-0.17,0.2,2.8,4.6,0.95,1.55,-0.6,2.8,0
2026,121,Buffalo Bills,3,Cover 4,9.900990099009901,10,6,4,66.7,70,11.67,0,0.49,2,2,66.7,-3.75,66.7,2,20,10,2,34,1,2,34,1,9.3,66.7,18.67,112,33.3,0,25.7,83.3,66.7,83.3,16.7,0,33.3,0,0,2.87,2.77,3.55,6.2,1,70,20,28.6,46.3,16.7,83.3,0,83.3,0,0,16.7,16.7,0,0,0,0,-0.7,-0.071,-0.071,1.02,10.2,6.8,3.4,2.27,1.13,0.8,9.4
2026,122,Chicago Bears,3,Cover 4,14.782608695652174,17,16,9,56.3,69,4.31,0,0.24,0,5,66.9,4.31,37.5,0,0,0,1,1,0,1,1,0,-18.2,60,5.87,88,6.3,0,82.6,81.3,62.5,75,18.8,6.3,0,0,0,2.44,3,0,5.1,0,17.6,5.9,0,-12.6,26.7,53.3,20,26.7,33.3,6.7,33.3,12.5,0,1,0,0,0.6,0.035,0.035,0.17,2.9,5,0.95,1.67,-0.72,2.8,0.1
2026,123,Indianapolis Colts,3,Cover 6,11.11111111111111,12,9,4,44.4,69,7.67,0,0.15,1,3,31.5,1.09,44.4,2,16.7,12,1,4,0,1,4,0,-22.5,50,10,80,11.1,0,31.9,55.6,44.4,55.6,33.3,11.1,11.1,0,0,2.9,2.57,3.05,4.4,0,58.3,25,28.6,28.3,25,62.5,12.5,50,25,0,25,11.1,0,1,0,0,-17.3,-1.439,-1.439,0.18,2.2,3.9,0.72,1.3,-0.58,1.8,0.4
2026,124,Tampa Bay Buccaneers,3,Cover 2,9.01639344262295,11,9,7,77.8,69,7.67,0,0.05,0,2,98.6,7.67,55.6,0,0,0,2,6,0,2,6,0,10.1,88.9,4.22,38,11.1,0,60.9,33.3,88.9,88.9,11.1,0,0,11.1,1,3.21,2.42,0,2.9,0,36.4,18.2,0,-0.8,33.3,44.4,22.2,44.4,11.1,22.2,22.2,33.3,0,0,0,0,1.8,0.166,0.166,0.31,3.4,4.5,1.12,1.49,-0.37,2.8,0.6
2026,125,Tennessee Titans,3,Cover 1,16.161616161616163,16,14,7,50,67,4.79,1,0.88,1,3,57.7,3,35.7,0,0,0,2,12,0,2,12,0,-14.2,53.8,10.15,132,7.1,2,40.3,78.6,42.9,57.1,35.7,0,7.1,0,0,2.48,2.75,0,3.9,0,25,6.3,0,-3.7,7.7,84.6,7.7,53.8,38.5,0,7.7,0,6.3,1,0,0,-3.7,-0.234,-0.234,0.43,6.9,7.4,2.29,2.46,-0.17,5.7,1.2
2026,126,Washington Commanders,3,Cover 1,12.389380530973451,14,12,6,50,67,5.58,2,1.41,0,6,106.6,8.15,50,1,7.1,1,1,14,0,1,14,0,-3.9,60,14.3,143,16.7,2,22.4,58.3,50,66.7,16.7,0,0,0,0,3.02,2.53,2.1,4.3,0,50,14.3,14.3,13.9,0,100,0,30,70,0,0,0,0,2,0,0,6.3,0.449,0.449,0.86,12.1,9.7,4.03,3.24,0.79,10.7,1.4
2026,127,Green Bay Packers,3,Cover 1,11.363636363636363,15,15,6,40,66,4.4,1,1.27,1,6,48.2,2.73,40,0,0,0,0,0,0,0,0,0,-13.5,53.8,10.38,135,20,1,69.7,66.7,46.7,66.7,13.3,0,6.7,6.7,8,2.45,2.26,0,0,0,33.3,20,0,0.9,0,84.6,15.4,46.2,23.1,15.4,15.4,0,0,1,1,0,-0.4,-0.03,-0.03,0.38,5.6,8.3,1.88,2.76,-0.88,5.6,0
2026,128,Baltimore Ravens,3,Cover 6,7.777777777777778,7,6,6,100,64,10.67,0,0.12,0,5,111.1,8.43,83.3,1,14.3,5,0,0,0,0,0,0,22.8,100,6.33,38,0,0,40.6,66.7,100,100,0,0,0,0,0,2.83,3.4,5.7,0,1,42.9,14.3,33.3,9.5,16.7,50,33.3,50,16.7,16.7,16.7,16.7,0,0,0,0,3.9,0.553,0.553,0.37,2.6,2.6,0.85,0.86,-0.01,2.6,0
2026,129,Dallas Cowboys,3,Cover 1,8.547008547008547,10,10,7,70,64,6.4,0,0.19,0,4,87.1,6.4,50,0,0,0,0,0,0,0,0,0,12.3,80,10.4,104,20,0,32.8,70,80,80,20,0,0,10,20,2.67,2.63,0,0,0,30,20,0,-6.1,10,80,10,70,0,10,20,10,0,0,0,0,4,0.398,0.398,0.26,2.6,4.4,0.85,1.45,-0.6,2.6,0
2026,130,Minnesota Vikings,3,Cover 4,12.5,11,9,6,66.7,64,7.11,1,0.44,0,2,124.3,7.8,22.2,1,9.1,6,1,1,0,1,1,0,-6.5,66.7,9.44,85,11.1,1,25,44.4,55.6,77.8,11.1,11.1,0,0,0,2.46,1.4,1.3,1.8,0,18.2,18.2,50,-8.4,11.1,77.8,11.1,55.6,22.2,11.1,11.1,11.1,9.1,0,0,0,-1.6,-0.143,-0.143,0.61,6.7,5.1,2.22,1.69,0.53,6.6,0.1
2026,131,Detroit Lions,3,Cover 1,8.264462809917356,10,9,6,66.7,62,6.89,0,1.25,0,4,86.3,5.2,44.4,1,10,10,0,0,0,0,0,0,1.9,77.8,7.22,65,0,1,38.7,77.8,77.8,100,0,11.1,0,11.1,5,2.67,2.52,2.3,0,0,40,20,25,7.5,22.2,66.7,11.1,44.4,33.3,11.1,11.1,0,0,0,0,0,0,-0.005,-0.005,0.25,2.5,7.9,0.83,2.64,-1.81,2.5,0
2026,132,Los Angeles Chargers,2,Cover 2,5.769230769230769,6,5,3,60,62,12.4,0,0.02,0,3,103.7,9.83,60,1,16.7,3,0,0,0,0,0,0,31.7,100,10,40,0,0,59.7,40,80,80,0,20,0,20,15,3.5,2.86,2.9,0,0,83.3,33.3,20,41.3,60,40,0,40,0,0,60,40,0,0,1,0,3.7,0.621,0.621,0.41,2.5,2.4,1.24,1.19,0.05,2.5,0
2026,133,Kansas City Chiefs,2,Cover 0,2.7522935779816518,3,3,3,100,61,20.33,2,1.75,0,3,158.3,33.67,100,0,0,0,0,0,0,0,0,0,25.1,100,7,21,0,2,88.5,100,100,100,0,0,0,0,0,2.17,1.6,0,0,0,33.3,33.3,0,5.9,0,66.7,33.3,0,66.7,33.3,0,0,0,0,0,0,8.1,2.713,2.713,3.48,10.4,7.5,5.22,3.73,1.49,10.4,0
2026,134,Los Angeles Chargers,3,Cover 4,24.03846153846154,25,21,8,38.1,61,2.9,0,0.44,1,3,26.5,0.26,28.6,2,8,10,2,16,0,2,16,0,-10.1,60,10.41,177,19,0,60.7,57.1,47.6,52.4,19,0,14.3,4.8,13,2.8,2.58,3,4.15,1,60,32,13.3,27.8,26.3,63.2,10.5,52.6,5.3,31.6,10.5,9.5,0,2,1,0,-12.8,-0.511,-0.511,0.12,3,7.9,1.01,2.63,-1.62,1.4,1.6
2026,135,San Francisco 49ers,3,Cover 1,11.235955056179774,10,8,6,75,60,7.5,1,1.06,0,6,135.4,10,75,0,0,0,2,36,0,2,36,0,10.1,85.7,6.71,47,0,1,28.3,75,62.5,75,12.5,0,0,0,0,2.16,2.45,0,3.25,0,20,10,0,-1.9,37.5,50,12.5,12.5,50,12.5,25,12.5,0,1,0,0,10.9,1.092,1.092,1,10,8,3.33,2.65,0.68,6.4,3.6
2026,136,Atlanta Falcons,2,Cover 1,8.88888888888889,8,7,3,42.9,59,8.43,0,0.03,2,1,33.3,-4.63,14.3,1,12.5,6,0,0,0,0,0,0,-34.2,42.9,6.57,46,0,0,57.6,85.7,71.4,71.4,28.6,0,14.3,0,0,2.2,2.25,2.9,0,0,25,25,50,0.5,28.6,42.9,28.6,71.4,0,0,28.6,0,0,0,0,0,-12,-1.505,-1.505,0.04,0.4,1.7,0.18,0.87,-0.69,0.4,0
2026,137,Green Bay Packers,3,Cover 6,8.333333333333332,11,10,6,60,58,5.8,0,0.03,0,2,76.3,4.91,40,1,9.1,4,0,0,0,0,0,0,-6.7,66.7,7.44,67,0,0,34.5,80,60,60,20,0,0,0,0,2.52,2.2,2,0,0,45.5,36.4,20,15,0,88.9,11.1,44.4,44.4,11.1,0,0,9.1,1,0,0,-2.1,-0.195,-0.195,0.21,2.3,2.7,0.77,0.91,-0.14,2.3,0
2026,138,New York Jets,3,Cover 1,10.92436974789916,13,9,8,88.9,58,6.44,3,1.6,0,6,133.1,6.92,77.8,4,30.8,28,0,0,0,0,0,0,13.2,88.9,6.67,60,11.1,1,12.1,88.9,77.8,88.9,11.1,11.1,0,0,0,2.48,2.52,3.17,0,1,38.5,15.4,80,15.7,0,77.8,22.2,66.7,11.1,22.2,0,0,0,0,0,0,4.1,0.315,0.315,1.1,14.3,8.2,4.77,2.73,2.04,14.3,0
2026,139,Chicago Bears,3,Cover 6,11.304347826086957,13,11,6,54.5,57,5.18,0,0.02,0,3,69.1,5.18,45.5,0,0,0,2,17,0,2,17,0,23.5,100,7,49,0,0,24.6,45.5,45.5,63.6,0,0,0,9.1,6,2.78,2.34,0,4.65,0,53.8,38.5,0,21.6,0,57.1,42.9,57.1,42.9,0,0,0,0,2,1,0,0.1,0.008,0.008,0.31,4,4.7,1.33,1.56,-0.23,2.3,1.7
2026,140,Los Angeles Rams,3,Cover 4,10.655737704918032,13,12,7,58.3,56,4.67,0,0.06,0,2,70.1,4,33.3,1,7.7,4,0,0,0,0,0,0,12.7,88.9,6.11,55,0,0,26.8,58.3,41.7,66.7,8.3,0,0,8.3,0,2.82,2.57,2.9,0,1,23.1,7.7,33.3,-12.7,30,50,20,50,20,0,30,16.7,0,2,1,0,-2.6,-0.201,-0.201,0.17,2.2,2.9,0.75,0.97,-0.22,2.2,0
2026,141,Carolina Panthers,3,Cover 6,5.263157894736842,7,7,5,71.4,55,7.86,0,0.13,0,3,94.3,7.86,42.9,0,0,0,0,0,0,0,0,0,4.3,83.3,4.67,28,14.3,0,60,57.1,71.4,71.4,14.3,0,0,0,0,2.46,2.05,0,0,0,28.6,28.6,0,-3.9,16.7,50,33.3,33.3,33.3,16.7,16.7,14.3,0,1,0,0,5,0.717,0.717,0.31,2.2,2.5,0.73,0.84,-0.11,2.2,0
2026,142,Dallas Cowboys,2,Cover 6,5.982905982905983,7,7,3,42.9,54,7.71,0,0.02,1,2,30.4,1.29,42.9,0,0,0,0,0,0,0,0,0,-9.1,60,9.6,48,14.3,0,75.9,71.4,57.1,57.1,14.3,0,14.3,0,0,3.2,2.93,0,0,0,42.9,0,0,-2.4,0,100,0,60,40,0,0,0,0,2,0,0,-1.5,-0.207,-0.207,0.17,1.2,1.6,0.58,0.78,-0.2,1.2,0
2026,143,Los Angeles Rams,2,Cover 0,4.918032786885246,6,6,3,50,54,9,2,1.12,1,2,81.3,8.17,33.3,0,0,0,0,0,0,0,0,0,-1.7,66.7,12,72,33.3,0,42.6,100,33.3,66.7,33.3,0,16.7,16.7,3,2.4,2.2,0,0,0,33.3,16.7,0,1.9,16.7,50,33.3,50,16.7,33.3,0,0,0,0,0,0,-4.6,-0.77,-0.77,1.53,9.2,6,4.58,3,1.58,9.2,0
2026,144,Las Vegas Raiders,3,Cover 2,8,8,6,3,50,53,8.83,1,0.69,0,1,120.1,9.86,16.7,1,12.5,4,1,4,0,1,4,0,5.7,66.7,16.83,101,33.3,1,1.9,83.3,66.7,83.3,16.7,16.7,0,16.7,1,2.76,2.55,2.3,4.4,0,25,12.5,50,-3.2,33.3,50,16.7,66.7,16.7,0,16.7,16.7,0,0,0,0,0.1,0.012,0.012,0.82,6.5,6,2.17,2,0.17,6.1,0.4
2026,145,New York Jets,2,Cover 2,10.084033613445378,12,10,6,60,53,5.3,0,0.04,0,2,74.2,4.27,50,1,8.3,6,1,7,0,1,7,0,2.9,75,10.63,85,20,0,64.2,60,70,70,10,10,0,0,0,2.95,2.71,4,5.8,0,58.3,16.7,14.3,24.2,12.5,62.5,25,25,50,12.5,12.5,20,0,0,1,0,4,0.337,0.337,0.24,2.8,4.2,1.41,2.1,-0.69,2.1,0.7
2026,146,Atlanta Falcons,3,Cover 6,10,9,7,6,85.7,52,7.43,0,0.06,0,2,97.6,6.13,28.6,1,11.1,3,1,8,0,1,8,0,6.9,85.7,5.43,38,0,0,28.8,100,57.1,85.7,14.3,0,0,0,0,2,2.6,3,4.9,0,22.2,11.1,50,3.1,0,100,0,71.4,28.6,0,0,0,0,0,0,0,-0.5,-0.058,-0.058,0.32,2.9,3.8,0.96,1.28,-0.32,2.1,0.8
2026,147,Kansas City Chiefs,3,Cover 4,10.091743119266056,11,9,8,88.9,51,5.67,1,0.35,0,2,127.3,7.89,88.9,0,0,0,2,28,1,2,28,1,12.3,100,0.75,6,0,0,88.2,77.8,77.8,88.9,0,0,0,0,0,1.96,2.58,0,4.8,0,36.4,9.1,0,16.9,12.5,50,37.5,50,25,12.5,12.5,0,18.2,1,0,0,7.1,0.647,0.647,1.35,14.8,4.9,4.95,1.62,3.33,6,8.8
2026,148,Arizona Cardinals,2,Cover 2,10.483870967741936,13,12,7,58.3,48,4,0,0.13,0,2,67.4,3.69,33.3,1,7.7,0,0,0,0,0,0,0,4.9,87.5,4.33,39,0,0,79.2,50,58.3,58.3,8.3,0,8.3,0,0,2.29,2.5,4.8,0,0,38.5,23.1,20,11.1,33.3,66.7,0,33.3,33.3,0,33.3,16.7,7.7,2,0,0,-3.8,-0.29,-0.29,0.15,1.9,2.4,0.96,1.22,-0.26,1.9,0
2026,149,San Francisco 49ers,3,Cover 0,5.617977528089887,5,4,3,75,48,12,2,1.41,0,3,154.2,22,75,0,0,0,1,2,1,1,2,1,37.1,100,13,39,0,1,31.3,75,75,75,0,25,0,0,0,2.6,1.95,0,2.4,0,40,40,0,12.1,0,66.7,33.3,66.7,0,33.3,0,0,0,1,0,0,8.4,1.674,1.674,3.22,16.1,10,5.37,3.35,2.02,9.9,6.2
2026,150,Seattle Seahawks,2,Cover 1,9,9,8,4,50,44,5.5,0,0.06,0,2,66.7,4.33,25,1,11.1,5,0,0,0,0,0,0,-9,62.5,8.25,66,12.5,0,36.4,100,62.5,62.5,25,12.5,12.5,12.5,7,2.26,2,5.1,0,0,22.2,22.2,50,-3.7,12.5,75,12.5,50,37.5,12.5,0,0,0,0,0,0,-2.2,-0.249,-0.249,0.2,1.8,2.3,0.88,1.17,-0.29,1.8,0
2026,151,Baltimore Ravens,2,Cover 2,4.444444444444445,4,4,3,75,43,10.75,0,0.01,0,2,109.4,10.75,50,0,0,0,0,0,0,0,0,0,12.3,75,13.75,55,25,0,27.9,50,75,75,25,0,0,0,0,4.95,3.53,0,0,0,75,0,0,-0.5,0,50,50,25,75,0,0,0,0,0,0,0,2.6,0.641,0.641,0.43,1.7,1.5,0.86,0.77,0.09,1.7,0
2026,152,Jacksonville Jaguars,3,Cover 2,9.195402298850574,8,7,4,57.1,43,6.14,0,0.02,1,2,35.7,-0.29,42.9,0,0,0,1,7,0,1,7,0,2.1,80,6.2,31,0,0,62.8,57.1,57.1,57.1,14.3,0,14.3,0,0,2.39,2.58,0,4.5,0,62.5,12.5,0,35.2,40,60,0,60,0,0,40,14.3,0,1,1,0,-2.5,-0.312,-0.312,0.18,1.4,2.6,0.47,0.86,-0.39,0.7,0.7
2026,153,Miami Dolphins,3,Cover 4,12.149532710280374,13,9,5,55.6,41,4.56,0,0.25,0,2,67.4,3.5,22.2,1,7.7,6,3,21,0,3,21,0,-8.6,62.5,12.13,97,22.2,0,65.9,55.6,33.3,77.8,11.1,0,11.1,0,0,2.89,2.66,3.8,5,0,46.2,7.7,16.7,18.5,25,50,25,25,37.5,25,12.5,0,0,0,1,0,0.6,0.047,0.047,0.29,3.7,7,1.25,2.32,-1.07,1.6,2.1
2026,154,Denver Broncos,3,Cover 2,9.090909090909092,9,7,5,71.4,39,5.57,0,0.02,0,3,84.8,3.89,57.1,2,22.2,4,0,0,0,0,0,0,17.7,100,3.4,17,0,0,56.4,42.9,57.1,71.4,0,0,0,0,0,2.54,2.45,3.4,0,1,44.4,22.2,50,18,16.7,50,33.3,33.3,16.7,33.3,16.7,0,11.1,1,1,0,-4.2,-0.465,-0.465,0.17,1.6,1.8,0.52,0.6,-0.08,1.6,0
2026,155,Indianapolis Colts,3,Cover 0,7.4074074074074066,8,7,6,85.7,38,5.43,1,1.3,0,4,128.9,6.13,57.1,1,12.5,9,0,0,0,0,0,0,4,85.7,4.29,30,0,1,55.3,100,71.4,85.7,14.3,0,0,0,0,1.63,1.56,2.2,0,0,62.5,62.5,20,46.6,0,85.7,14.3,42.9,57.1,0,0,0,0,0,0,0,1.3,0.168,0.168,0.69,5.5,6.4,1.84,2.13,-0.29,5.5,0
2026,156,Detroit Lions,3,Red Zone,5.785123966942149,7,7,4,57.1,35,5,3,1.04,0,3,110.1,13.57,57.1,0,0,0,0,0,0,0,0,0,-9.7,66.7,6,36,0,2,57.1,85.7,28.6,57.1,28.6,0,0,0,0,2.4,3.15,0,0,0,28.6,14.3,0,-2.9,33.3,50,16.7,33.3,16.7,16.7,33.3,0,0,1,0,0,6.4,0.908,0.908,1.91,13.4,5,4.47,1.66,2.81,13.4,0
2026,157,Miami Dolphins,1,Cover 0,4.672897196261682,5,5,2,40,35,7,0,0.01,0,1,64.6,7,20,0,0,0,0,0,0,0,0,0,-36.8,50,1,4,0,0,102.9,100,40,60,20,0,0,0,0,1.92,1.95,0,0,0,60,40,0,36.8,0,60,40,60,20,20,0,0,20,0,1,0,-5,-0.994,-0.994,0.28,1.4,0.7,1.4,0.7,0.7,1.4,0
2026,158,Los Angeles Rams,1,Cover 2,2.459016393442623,3,3,3,100,34,11.33,0,0.01,0,1,113.9,11.33,100,0,0,0,0,0,0,0,0,0,21.6,100,6,18,0,0,47.1,66.7,100,100,0,0,0,0,0,2.27,2.6,0,0,0,33.3,0,0,4.2,0,33.3,66.7,33.3,33.3,33.3,0,0,0,0,0,0,2.4,0.795,0.795,0.45,1.4,1.5,1.36,1.48,-0.12,1.4,0
2026,159,Las Vegas Raiders,3,Red Zone,9,9,9,4,44.4,33,3.67,3,1.77,0,3,94,10.33,33.3,0,0,0,0,0,0,0,0,0,-13.1,57.1,9.86,69,0,4,27.3,33.3,44.4,66.7,11.1,0,0,0,0,2.93,3.25,0,0,0,22.2,0,0,-18.5,28.6,42.9,28.6,42.9,14.3,14.3,28.6,0,0,2,0,0,2.1,0.232,0.232,1.48,13.3,8.2,4.44,2.73,1.71,13.3,0
2026,160,Cincinnati Bengals,2,Cover 6,5.3097345132743365,6,5,3,60,31,6.2,1,0.82,0,1,117.5,7.5,60,1,16.7,6,0,0,0,0,0,0,31.3,100,10.4,52,20,1,9.7,80,40,100,0,20,0,40,19,2.9,2.1,2.6,0,0,16.7,16.7,100,-16.8,0,100,0,60,40,0,0,0,0,0,0,0,-1.2,-0.202,-0.202,0.87,5.2,5.7,2.62,2.83,-0.21,5.2,0
2026,161,Kansas City Chiefs,1,Prevent,0.9174311926605505,1,1,1,100,31,31,0,0,0,1,118.8,31,100,0,0,0,0,0,0,0,0,0,21.5,100,6,6,0,0,80.6,100,100,100,0,0,0,0,0,2.3,,0,0,0,0,0,0,-29.8,0,100,0,0,100,0,0,0,0,0,0,0,-0.2,-0.166,-0.166,1.24,1.2,0.4,1.24,0.37,0.87,1.2,0
2026,162,Miami Dolphins,3,Cover 6,10.2803738317757,11,10,5,50,27,2.7,0,0.01,0,0,56.3,2.7,40,0,0,0,1,5,0,1,5,0,5.4,87.5,3,24,0,0,92.6,50,60,70,10,0,0,20,16,2.27,2.65,0,4.2,0,18.2,9.1,0,-8.4,33.3,22.2,44.4,11.1,44.4,22.2,22.2,20,0,1,1,0,-2.4,-0.218,-0.218,0.14,1.6,2.8,0.53,0.95,-0.42,1.1,0.5
2026,163,Miami Dolphins,2,Cover 1,4.672897196261682,5,4,2,50,26,6.5,0,0.01,0,2,70.8,3.6,50,1,20,8,0,0,0,0,0,0,-6.3,50,17,68,25,0,11.5,100,75,75,25,0,0,0,0,2,1.9,2.1,0,0,20,20,100,0.3,25,75,0,50,25,0,25,0,0,0,0,0,0.9,0.17,0.17,0.21,1,0.9,0.52,0.46,0.06,1,0
2026,164,Cincinnati Bengals,1,Bracket,1.7699115044247788,2,2,1,50,25,12.5,1,0.89,0,1,135.4,22.5,50,0,0,0,0,0,0,0,0,0,-6.6,50,16.5,33,50,0,4,100,50,50,50,0,0,0,0,2.3,,0,0,0,0,0,0,-29.8,0,50,50,50,50,0,0,0,0,0,0,0,4,2.007,2.007,2.5,5,4.3,5,4.34,0.66,5,0
2026,165,Dallas Cowboys,2,Red Zone,6.837606837606838,8,6,4,66.7,25,4.17,3,2.9,0,3,114.6,10.86,50,1,12.5,9,1,2,0,1,2,0,31.4,100,10.25,41,0,3,-8,50,50,66.7,0,0,0,0,0,2.33,2.35,2.6,5.1,0,50,37.5,25,27.3,0,60,40,60,40,0,0,0,0,1,0,0,-1.9,-0.243,-0.243,1.65,13.2,16.2,6.6,8.11,-1.51,13,0.2
2026,166,New York Giants,3,Cover 2,4.25531914893617,4,3,3,100,23,7.67,0,0.01,0,1,98.6,5.5,66.7,1,25,1,0,0,0,0,0,0,23.6,100,6.33,19,0,0,17.4,66.7,100,100,0,0,0,0,0,1.93,2.35,5.8,0,1,50,25,50,32.4,33.3,33.3,33.3,33.3,33.3,0,33.3,33.3,0,0,0,0,0,0.004,0.004,0.23,0.9,1.4,0.31,0.46,-0.15,0.9,0
2026,167,Tennessee Titans,3,Cover 4,11.11111111111111,11,8,5,62.5,23,2.88,0,0.11,0,2,66.7,1.3,37.5,2,18.2,10,1,5,0,1,5,0,6.1,85.7,4,28,0,0,47.8,75,50,75,12.5,0,12.5,12.5,5,2.3,2.4,4.45,6.1,1,27.3,18.2,66.7,5.6,28.6,57.1,14.3,57.1,14.3,0,28.6,12.5,0,1,0,0,-4.5,-0.41,-0.41,0.13,1.4,2.6,0.47,0.85,-0.38,0.9,0.5
2026,168,Jacksonville Jaguars,2,Red Zone,8.045977011494253,7,7,2,28.6,22,3.14,2,1.35,0,2,79.8,8.86,28.6,0,0,0,0,0,0,0,0,0,-44.6,33.3,4.83,29,0,2,22.7,57.1,42.9,42.9,42.9,0,14.3,0,0,3.01,3.2,0,0,0,14.3,0,0,-27.8,28.6,57.1,14.3,42.9,28.6,14.3,14.3,0,0,1,0,0,1.3,0.181,0.181,1.27,8.9,6.1,4.44,3.05,1.39,8.9,0
2026,169,Green Bay Packers,3,Red Zone,7.575757575757576,10,10,4,40,21,2.1,2,1.38,0,2,87.5,6.1,30,0,0,0,0,0,0,0,0,0,-33.9,40,7.3,73,0,5,71.4,90,20,40,60,0,0,0,0,2.23,2.75,0,0,0,20,10,0,-8.5,10,90,0,50,40,0,10,0,0,0,0,0,-7.2,-0.717,-0.717,0.88,8.8,6.3,2.95,2.1,0.85,8.8,0
2026,170,Los Angeles Rams,3,Red Zone,4.098360655737705,5,5,3,60,21,4.2,2,1.73,0,2,109.2,12.2,60,0,0,0,0,0,0,0,0,0,23.4,100,6.25,25,0,1,23.8,60,80,80,0,0,0,20,0,2.62,2.2,0,0,0,20,20,0,-15.3,25,25,50,25,25,25,25,0,0,1,0,0,3.5,0.709,0.709,1.77,8.8,7.8,2.95,2.61,0.34,8.8,0
2026,171,Los Angeles Chargers,1,Prevent,0.9615384615384616,1,1,1,100,21,21,0,0,0,1,118.8,21,100,0,0,0,0,0,0,0,0,0,25.7,100,7,7,0,0,66.7,100,100,100,0,100,0,0,0,1.5,,0,0,0,0,0,0,-16,0,100,0,100,0,0,0,0,0,0,0,0,-0.2,-0.248,-0.248,0.84,0.8,0.4,0.84,0.45,0.39,0.8,0
2026,172,San Francisco 49ers,3,Red Zone,6.741573033707865,6,6,4,66.7,21,3.5,1,1.48,0,1,111.8,6.83,50,0,0,0,0,0,0,0,0,0,-16.6,66.7,3.33,20,0,2,81,83.3,66.7,83.3,16.7,0,0,0,0,2.33,3.3,0,0,0,16.7,0,0,-13.7,16.7,33.3,50,16.7,16.7,66.7,0,16.7,0,0,0,0,-1.5,-0.258,-0.258,0.81,4.8,6.6,1.61,2.2,-0.59,4.8,0
2026,173,Seattle Seahawks,2,Red Zone,6,6,6,3,50,20,3.33,3,3.79,0,3,97.2,13.33,50,0,0,0,0,0,0,0,0,0,3.8,80,7,35,0,5,0,83.3,50,83.3,0,0,0,16.7,3,3.65,2.75,0,0,0,33.3,0,0,-19.7,0,66.7,33.3,50,33.3,16.7,0,0,0,1,0,0,-0.1,-0.019,-0.019,2.13,12.8,16,6.4,7.98,-1.58,12.8,0
2026,174,Las Vegas Raiders,3,Cover 4,8,8,8,4,50,19,2.38,0,0.02,0,1,56.3,2.38,25,0,0,0,0,0,0,0,0,0,-10.9,71.4,3,24,0,0,84.2,37.5,62.5,75,25,0,0,12.5,6,2.36,2.33,0,0,0,37.5,25,0,6.7,50,37.5,12.5,37.5,25,12.5,25,12.5,0,0,0,0,-3.2,-0.395,-0.395,0.1,0.8,1.8,0.25,0.59,-0.34,0.8,0
2026,175,Baltimore Ravens,1,Cover 0,3.3333333333333335,3,3,1,33.3,18,6,0,0.01,0,1,54.9,6,33.3,0,0,0,0,0,0,0,0,0,-20.8,33.3,20.33,61,33.3,1,11.1,66.7,33.3,33.3,66.7,0,0,0,0,2.67,1.7,0,0,0,66.7,66.7,0,30.6,0,100,0,66.7,33.3,0,0,0,0,0,0,0,-1.6,-0.524,-0.524,0.24,0.7,0.5,0.72,0.51,0.21,0.7,0
2026,176,Carolina Panthers,1,Cover 0,0.7518796992481203,1,1,1,100,18,18,0,0.11,0,1,118.8,18,100,0,0,0,0,0,0,0,0,0,37.2,100,13,13,0,0,27.8,100,100,100,0,0,0,0,0,1.4,1.2,0,0,0,100,100,0,85.8,0,100,0,100,0,0,0,0,0,0,0,0,1.9,1.888,1.888,0.72,0.7,1,0.72,1.01,-0.29,0.7,0
2026,177,Kansas City Chiefs,2,Red Zone,2.7522935779816518,3,3,3,100,18,6,3,1.33,0,3,131.3,26,100,0,0,0,0,0,0,0,0,0,18.4,100,1.67,5,0,1,100,100,100,100,0,33.3,0,0,0,1.67,2.2,0,0,0,33.3,33.3,0,14.5,66.7,0,33.3,0,0,66.7,33.3,0,0,0,0,0,5.6,1.856,1.856,4.24,12.7,5.8,6.36,2.91,3.45,12.7,0
2026,178,Washington Commanders,3,Red Zone,4.424778761061947,5,5,3,60,18,3.6,3,2.53,0,3,106.7,15.6,60,0,0,0,0,0,0,0,0,0,-10.5,60,8,40,0,5,0,80,40,60,40,20,0,0,0,2.44,2.47,0,0,0,60,40,0,27.8,20,60,20,20,60,0,20,0,0,0,0,0,3.8,0.759,0.759,2.54,12.7,10.6,4.24,3.55,0.69,12.7,0
2026,179,Cleveland Browns,2,Cover 0,1.9417475728155338,2,2,1,50,17,8.5,1,0.51,0,1,118.8,18.5,50,0,0,0,0,0,0,0,0,0,-11.3,50,13,26,50,1,82.4,50,50,50,50,0,0,0,0,2.55,2.5,0,0,0,50,0,0,15.9,0,50,50,50,0,50,0,0,0,0,0,0,2.3,1.161,1.161,2.34,4.7,2.3,2.34,1.15,1.19,4.7,0
2026,180,Houston Texans,2,Cover 2 Man,4.444444444444445,6,5,2,40,17,3.4,0,0.01,0,1,49.6,1.83,20,1,16.7,6,0,0,0,0,0,0,-15.2,50,10.5,42,20,0,52.9,60,40,40,40,0,0,0,0,3.34,2.92,3.1,0,1,66.7,0,25,26.9,0,25,75,0,50,25,25,20,0,1,0,0,-4.6,-0.769,-0.769,0.11,0.7,1,0.34,0.48,-0.14,0.7,0
2026,181,Los Angeles Chargers,2,Red Zone,6.730769230769231,7,4,3,75,17,4.25,2,1.37,0,2,121.9,9.4,50,1,14.3,10,2,9,0,2,9,0,-0.4,75,6.75,27,0,1,47.1,75,75,75,25,0,0,0,0,2.1,2.95,2.6,5.35,0,57.1,14.3,25,41.9,25,75,0,25,75,0,0,0,0,0,0,0,-1.9,-0.266,-0.266,1.37,9.6,9.1,4.79,4.57,0.22,8.7,0.9
2026,182,Denver Broncos,1,Cover 2 Man,3.0303030303030303,3,2,2,100,16,8,0,0,0,1,100,8,100,0,0,0,1,3,0,1,3,0,27,100,7.5,15,0,0,6.3,50,100,100,0,0,0,0,0,3.05,2,0,6.2,0,33.3,33.3,0,4.9,0,50,50,0,50,50,0,0,0,0,0,0,0.6,0.195,0.195,0.31,0.9,1.4,0.94,1.38,-0.44,0.6,0.3
2026,183,Indianapolis Colts,2,Red Zone,1.8518518518518516,2,2,2,100,15,7.5,2,0.51,0,2,137.5,27.5,100,0,0,0,0,0,0,0,0,0,15,100,2.5,5,0,0,66.7,50,100,100,0,0,0,0,0,2.75,,0,0,0,0,0,0,-37.5,0,50,50,0,100,0,0,0,0,0,0,0,4.5,2.235,2.235,4.3,8.6,2.4,4.3,1.22,3.08,8.6,0
2026,184,New York Jets,1,Cover 2 Man,2.5210084033613445,3,2,2,100,15,7.5,0,0.01,0,1,97.9,7.5,100,0,0,0,1,11,0,1,11,0,14.6,100,2.5,5,0,0,66.7,50,50,100,0,0,0,0,0,2.9,2.3,0,5.5,0,66.7,66.7,0,39.9,0,50,50,0,50,50,0,50,0,0,0,0,2.1,0.692,0.692,0.57,1.7,1.2,1.7,1.24,0.46,0.6,1.1
2026,185,Tennessee Titans,1,Prevent,2.0202020202020203,2,2,1,50,15,7.5,0,0.01,0,1,75,7.5,50,0,0,0,0,0,0,0,0,0,39.5,100,15,15,0,0,0,50,50,50,0,0,0,0,0,2.7,2.8,0,0,0,50,0,0,13.3,0,100,0,100,0,0,0,0,0,0,0,0,-0.1,-0.05,-0.05,0.3,0.6,0.7,0.6,0.74,-0.14,0.6,0
2026,186,Indianapolis Colts,1,Cover 2 Man,2.7777777777777777,3,3,1,33.3,14,4.67,0,0.01,1,1,9.7,-10.33,33.3,0,0,0,0,0,0,0,0,0,-45.8,33.3,5.33,16,0,0,0,100,66.7,66.7,33.3,0,33.3,0,0,2.37,,0,0,0,0,0,0,-30.9,0,100,0,66.7,33.3,0,0,0,0,0,0,0,-3.4,-1.139,-1.139,-0.15,-0.4,0.6,-0.44,0.55,-0.99,-0.4,0
2026,187,Tennessee Titans,3,Cover 0,5.05050505050505,5,4,2,50,14,3.5,1,0.84,0,2,97.9,8.5,50,0,0,0,1,1,1,1,1,1,-23.7,50,7.75,31,0,3,78.6,75,0,50,50,0,0,0,0,2.48,3.55,0,5.5,0,40,0,0,13.8,0,50,50,50,50,0,0,0,0,0,0,0,0.7,0.145,0.145,2.13,10.7,7.2,3.55,2.42,1.13,4.6,6.1
2026,188,Arizona Cardinals,3,Red Zone,4.032258064516129,5,5,4,80,13,2.6,2,2.19,0,3,118.8,10.6,60,0,0,0,0,0,0,0,0,0,-2.5,80,3.4,17,0,2,15.4,80,100,100,0,0,0,0,0,1.74,,0,0,0,0,0,0,-20.1,20,0,80,40,20,20,20,20,0,0,0,0,4.3,0.851,0.851,1.7,8.5,9.5,2.84,3.17,-0.33,8.5,0
2026,189,Atlanta Falcons,1,Cover 2,4.444444444444445,4,4,3,75,13,3.25,0,0.02,0,0,78.1,3.25,50,0,0,0,0,0,0,0,0,0,-13.1,75,0,0,0,0,130.8,50,50,75,25,0,0,0,0,2.2,,0,0,0,0,0,0,-28,25,25,50,25,0,50,25,50,0,0,0,0,-0.1,-0.037,-0.037,0.13,0.5,0.9,0.52,0.87,-0.35,0.5,0
2026,190,Dallas Cowboys,3,Cover 0,7.6923076923076925,9,9,5,55.6,13,1.44,1,2.31,0,2,97.9,3.67,22.2,0,0,0,0,0,0,0,0,0,-17.1,55.6,9.22,83,11.1,4,69.2,77.8,55.6,66.7,33.3,0,11.1,0,0,2.07,2.53,0,0,0,33.3,22.2,0,7.6,0,88.9,11.1,66.7,33.3,0,0,0,11.1,0,0,0,-0.4,-0.044,-0.044,0.5,4.5,10.2,1.51,3.39,-1.88,4.5,0
2026,191,Dallas Cowboys,1,Cover 2 Man,0.8547008547008548,1,1,1,100,13,13,0,0,0,1,118.8,13,100,0,0,0,0,0,0,0,0,0,18.1,100,5,5,0,0,61.5,100,100,100,0,0,0,0,0,2,,0,0,0,0,0,0,-24.6,0,100,0,0,100,0,0,0,0,0,0,0,0.7,0.742,0.742,0.52,0.5,0.3,0.52,0.33,0.19,0.5,0
2026,192,Los Angeles Chargers,2,Cover 1,3.8461538461538463,4,4,3,75,13,3.25,0,0.27,0,0,78.1,3.25,25,0,0,0,0,0,0,0,0,0,16.2,100,2.75,11,0,0,130.8,50,75,100,0,0,0,25,15,2.5,2.7,0,0,0,25,0,0,-8.2,25,25,50,25,25,25,25,50,0,0,0,0,-1.5,-0.381,-0.381,0.13,0.5,2.4,0.26,1.22,-0.96,0.5,0
2026,193,San Francisco 49ers,1,Cover 2 Man,2.247191011235955,2,2,1,50,13,6.5,0,0.04,0,1,70.8,6.5,50,0,0,0,0,0,0,0,0,0,-10.7,50,16,32,50,0,53.8,50,100,100,0,50,0,0,0,4.6,3.2,0,0,0,50,0,0,-19.4,50,0,50,0,50,50,0,0,0,0,0,0,1.8,0.881,0.881,0.26,0.5,1.9,0.52,1.89,-1.37,0.5,0
2026,194,Chicago Bears,2,Cover 0,2.608695652173913,3,3,2,66.7,12,4,0,0.78,0,0,74.3,4,66.7,0,0,0,0,0,0,0,0,0,-8.7,66.7,7,21,0,1,25,100,66.7,100,0,0,33.3,0,0,2.13,,0,0,0,0,0,0,-26.9,0,66.7,33.3,66.7,0,33.3,0,0,0,0,0,0,0.6,0.212,0.212,0.16,0.5,3.8,0.24,1.91,-1.67,0.5,0
2026,195,Jacksonville Jaguars,1,Cover 0,3.4482758620689653,3,3,2,66.7,12,4,0,0.05,1,1,34.7,-11,33.3,0,0,0,0,0,0,0,0,0,17.8,100,3.67,11,0,0,50,100,100,100,0,0,0,33.3,5,1.77,2,0,0,0,33.3,33.3,0,12.8,0,66.7,33.3,66.7,33.3,0,0,0,0,0,0,0,-3.2,-1.07,-1.07,-0.17,-0.5,0.8,-0.52,0.83,-1.35,-0.5,0
2026,196,Los Angeles Chargers,2,Cover 2 Man,3.8461538461538463,4,2,1,50,12,6,0,0,0,1,68.8,1,50,2,50,8,0,0,0,0,0,0,-9.2,50,15.5,31,0,0,0,50,0,50,50,0,0,0,0,4,3.23,4.75,0,0,75,25,66.7,45.5,50,50,0,0,50,0,50,0,0,0,0,0,0.1,0.021,0.021,0.12,0.5,0.5,0.24,0.27,-0.03,0.5,0
2026,197,Philadelphia Eagles,2,Cover 0,2.8301886792452833,3,3,2,66.7,12,4,1,1.01,0,1,113.9,10.67,66.7,0,0,0,0,0,0,0,0,0,7.5,66.7,17,51,33.3,1,41.7,66.7,33.3,66.7,33.3,0,0,0,0,3.17,1.8,0,0,0,66.7,66.7,0,22,0,66.7,33.3,0,100,0,0,0,0,0,0,0,0.6,0.214,0.214,1.49,4.5,4.4,2.24,2.21,0.03,4.5,0
2026,198,New Orleans Saints,1,Bracket,1.3605442176870748,2,2,1,50,11,5.5,0,0.11,0,1,66.7,5.5,50,0,0,0,0,0,0,0,0,0,0.6,50,22.5,45,50,0,0,100,100,100,0,50,0,0,0,2.4,2.5,0,0,0,50,0,0,18.5,0,100,0,50,50,0,0,0,0,0,0,0,0,0.01,0.01,0.22,0.4,1.4,0.44,1.44,-1,0.4,0
2026,199,Seattle Seahawks,3,Cover 0,5,5,5,2,40,11,2.2,1,0.44,0,1,87.5,6.2,20,0,0,0,0,0,0,0,0,0,-34.4,40,7.4,37,0,2,18.2,100,40,40,60,0,0,0,0,1.72,1.7,0,0,0,40,40,0,20.3,0,100,0,40,20,0,40,0,0,0,0,0,-1.4,-0.278,-0.278,0.89,4.4,2.2,1.48,0.74,0.74,4.4,0
2026,200,Carolina Panthers,2,Red Zone,5.263157894736842,7,6,3,50,10,1.67,2,1.99,0,2,95.8,8.33,33.3,0,0,0,1,3,0,1,3,0,-17.5,60,6.2,31,0,3,10,33.3,33.3,50,33.3,0,0,0,0,3.93,2.67,0,3,0,57.1,14.3,0,7.5,40,60,0,20,60,0,20,0,0,1,0,0,2.1,0.306,0.306,1.24,8.7,9.5,4.35,4.75,-0.4,8.4,0.3
2026,201,New York Giants,2,Red Zone,3.1914893617021276,3,3,3,100,10,3.33,2,0.8,0,2,120.1,16.67,66.7,0,0,0,0,0,0,0,0,0,6.6,100,-2,-6,0,0,160,100,66.7,100,0,0,0,0,0,1.8,,0,0,0,0,0,0,-21.1,33.3,33.3,33.3,33.3,33.3,0,33.3,0,0,0,0,0,2.8,0.931,0.931,2.8,8.4,3.6,4.2,1.79,2.41,8.4,0
2026,202,Chicago Bears,1,Red Zone,5.217391304347826,6,4,2,50,9,2.25,0,0.86,0,1,56.3,0,25,2,33.3,9,0,0,0,0,0,0,-9.8,66.7,5,15,0,1,66.7,25,50,50,25,0,0,0,0,4.33,2.7,3.8,0,0,66.7,16.7,50,23.5,33.3,33.3,33.3,0,66.7,0,33.3,25,0,1,0,0,-3,-0.494,-0.494,0.06,0.4,3.7,0.36,3.72,-3.36,0.4,0
2026,203,Minnesota Vikings,1,Cover 0,2.272727272727273,2,2,1,50,9,4.5,1,0.17,1,1,62.5,-8,50,0,0,0,0,0,0,0,0,0,-18.3,50,12,24,50,0,122.2,100,50,50,50,0,50,0,0,2.15,1.5,0,0,0,50,50,0,22.8,0,100,0,50,50,0,0,0,0,0,0,0,-1.1,-0.564,-0.564,1.68,3.4,0.9,3.36,0.85,2.51,3.4,0
2026,204,Pittsburgh Steelers,2,Cover 0,2.4,3,2,1,50,9,4.5,0,0,0,1,62.5,0,50,1,33.3,9,0,0,0,0,0,0,-21.6,50,9.5,19,0,0,100,100,50,50,50,0,0,0,0,1.95,2.2,3,0,1,33.3,33.3,100,17.5,0,0,100,50,50,0,0,0,0,0,0,0,-2.7,-0.905,-0.905,0.12,0.4,0.3,0.18,0.15,0.03,0.4,0
2026,205,Pittsburgh Steelers,3,Cover 2 Man,4.8,6,5,1,20,9,1.8,0,0,0,0,39.6,1.8,20,0,0,0,1,3,0,1,3,0,-35.7,20,21.8,109,20,0,44.4,80,20,20,80,0,0,0,0,4.14,2.8,0,6.7,0,33.3,0,0,-17.9,0,100,0,60,40,0,0,0,0,0,0,0,-2.2,-0.369,-0.369,0.11,0.7,1.3,0.22,0.45,-0.23,0.4,0.3
2026,206,Baltimore Ravens,2,Red Zone,3.3333333333333335,3,3,2,66.7,8,2.67,1,1.22,0,1,109.7,9.33,66.7,0,0,0,0,0,0,0,0,0,-3.7,66.7,8.67,26,0,2,0,100,66.7,66.7,33.3,0,0,0,0,3.03,3.1,0,0,0,33.3,0,0,-9.1,0,66.7,33.3,66.7,0,33.3,0,0,0,0,0,0,0.4,0.132,0.132,1.44,4.3,5.3,2.16,2.63,-0.47,4.3,0
2026,207,Denver Broncos,2,Red Zone,4.040404040404041,4,4,2,50,8,2,1,0.61,0,1,95.8,7,25,0,0,0,0,0,0,0,0,0,-13.2,66.7,4.33,13,0,1,75,25,25,50,25,0,0,0,0,2.4,2.7,0,0,0,25,0,0,-6.5,33.3,33.3,33.3,33.3,0,33.3,33.3,25,0,1,0,0,-0.1,-0.034,-0.034,1.08,4.3,2.8,2.16,1.38,0.78,4.3,0
2026,208,Green Bay Packers,1,Cover 0,2.272727272727273,3,3,2,66.7,8,2.67,1,0.83,0,1,109.7,9.33,33.3,0,0,0,0,0,0,0,0,0,23.5,100,6.5,13,0,1,0,66.7,66.7,66.7,0,0,0,0,0,2.13,2.1,0,0,0,33.3,33.3,0,6.5,0,100,0,0,100,0,0,0,33.3,1,0,0,-0.8,-0.271,-0.271,1.44,4.3,3.7,4.32,3.74,0.58,4.3,0
2026,209,New Orleans Saints,1,Cover 2 Man,0.6802721088435374,1,1,1,100,8,8,0,0,0,0,100,8,100,0,0,0,0,0,0,0,0,0,17.3,100,3,3,0,0,62.5,100,100,100,0,0,0,0,0,2.6,,0,0,0,0,0,0,-34.9,0,100,0,100,0,0,0,0,0,0,0,0,0.5,0.458,0.458,0.32,0.3,0.3,0.32,0.3,0.02,0.3,0
2026,210,Philadelphia Eagles,2,Red Zone,4.716981132075472,5,4,1,25,8,2,0,0.19,1,0,0,-9.25,25,0,0,0,1,1,0,1,1,0,-39.1,33.3,8,24,0,2,137.5,25,25,25,50,0,25,0,0,2.35,2.37,0,5,0,60,20,0,35.5,0,100,0,33.3,66.7,0,0,0,0,1,0,0,-11,-2.193,-2.193,-0.12,-0.6,1.8,-0.29,0.9,-1.19,-0.7,0.1
2026,211,Washington Commanders,2,Cover 0,4.424778761061947,5,5,1,20,8,1.6,0,0.01,0,0,39.6,1.6,20,0,0,0,0,0,0,0,0,0,-38.8,33.3,8,24,0,1,150,60,20,20,20,0,0,0,0,2.68,2.3,0,0,0,60,40,0,23.7,0,100,0,100,0,0,0,0,0,2,0,0,-5.2,-1.045,-1.045,0.06,0.3,0.2,0.16,0.11,0.05,0.3,0
2026,212,Miami Dolphins,1,Bracket,0.9345794392523363,1,1,1,100,7,7,0,0,0,1,95.8,7,100,0,0,0,0,0,0,0,0,0,21.5,100,6,6,0,0,14.3,0,0,100,0,0,0,0,0,2.8,,0,0,0,0,0,0,-38.4,0,100,0,100,0,0,0,0,0,0,0,0,1.4,1.385,1.385,0.28,0.3,0.4,0.28,0.39,-0.11,0.3,0
2026,213,Washington Commanders,1,Cover 2,1.7699115044247788,2,2,1,50,7,3.5,0,0.01,0,0,58.3,3.5,50,0,0,0,0,0,0,0,0,0,-17.8,50,12,24,0,0,28.6,50,50,100,0,0,0,0,0,2.75,2.8,0,0,0,50,0,0,12.5,50,50,0,0,50,0,50,50,0,0,0,0,-1,-0.495,-0.495,0.14,0.3,1,0.28,0.98,-0.7,0.3,0
2026,214,Arizona Cardinals,1,Bracket,0.8064516129032258,1,1,1,100,6,6,0,0,0,1,91.7,6,100,0,0,0,0,0,0,0,0,0,21.5,100,6,6,0,0,0,100,100,100,0,0,0,0,0,2.2,,0,0,0,0,0,0,-28,0,0,100,0,100,0,0,0,0,0,0,0,1.3,1.26,1.26,0.24,0.2,0.2,0.24,0.16,0.08,0.2,0
2026,215,Detroit Lions,2,Cover 0,1.6528925619834711,2,2,2,100,6,3,2,1.22,0,2,118.8,23,100,0,0,0,0,0,0,0,0,0,19.2,100,4.5,9,0,2,0,100,50,100,0,50,0,0,0,1.4,,0,0,0,0,0,0,-14.2,0,100,0,100,0,0,0,0,0,0,0,0,2.8,1.375,1.375,4.12,8.2,5,4.12,2.5,1.62,8.2,0
2026,216,Pittsburgh Steelers,1,Red Zone,1.6,2,2,1,50,6,3,1,0.8,0,1,95.8,13,50,0,0,0,0,0,0,0,0,0,39.5,100,15,15,0,1,0,0,50,50,0,0,0,0,0,3.7,2,0,0,0,100,100,0,46.1,0,0,100,0,100,0,0,0,0,1,0,0,1.2,0.615,0.615,2.12,4.2,3.5,4.24,3.45,0.79,4.2,0
2026,217,Washington Commanders,1,Goal Line,0.8849557522123894,1,1,1,100,6,6,0,0.16,0,1,91.7,6,100,0,0,0,0,0,0,0,0,0,17.3,100,3,3,0,0,50,100,100,100,0,0,0,0,0,2.3,,0,0,0,0,0,0,-29.8,0,100,0,0,100,0,0,0,0,0,0,0,3,2.96,2.96,0.24,0.2,0.9,0.24,0.85,-0.61,0.2,0
2026,218,Atlanta Falcons,1,Cover 0,1.1111111111111112,1,1,1,100,5,5,1,0.81,0,1,127.1,25,100,0,0,0,0,0,0,0,0,0,21.5,100,6,6,0,1,0,100,100,100,0,0,0,0,0,1.8,,0,0,0,0,0,0,-21.1,0,0,100,0,0,100,0,0,0,0,0,0,3.6,3.597,3.597,4.2,4.2,3.5,4.2,3.45,0.75,4.2,0
2026,219,Cincinnati Bengals,2,Cover 0,2.6548672566371683,3,3,3,100,5,1.67,1,1.41,0,1,118.8,8.33,33.3,0,0,0,0,0,0,0,0,0,11.2,100,0,0,0,1,100,100,66.7,100,0,0,0,0,0,1.8,,0,0,0,0,0,0,-21.1,0,66.7,33.3,33.3,33.3,33.3,0,0,0,0,0,0,-1.1,-0.366,-0.366,1.4,4.2,6.1,2.1,3.03,-0.93,4.2,0
2026,220,Denver Broncos,1,Bracket,1.0101010101010102,1,1,1,100,5,5,1,0.82,0,1,127.1,25,100,0,0,0,0,0,0,0,0,0,37.2,100,13,13,0,1,0,0,100,100,0,0,0,0,0,4.4,3.3,0,0,0,100,0,0,34,0,100,0,0,100,0,0,0,0,0,0,0,2.5,2.463,2.463,4.2,4.2,3.5,4.2,3.45,0.75,4.2,0
2026,221,Houston Texans,2,Red Zone,2.9629629629629632,4,3,1,33.3,5,1.67,0,0.67,0,0,42.4,-0.5,0,1,25,7,0,0,0,0,0,0,-28.2,33.3,14.67,44,33.3,2,0,100,33.3,66.7,33.3,0,0,0,0,3.23,2.95,4.2,0,0,50,0,50,15.6,0,33.3,66.7,33.3,33.3,33.3,0,0,0,0,0,0,-3.5,-0.884,-0.884,0.05,0.2,3.2,0.1,1.59,-1.49,0.2,0
2026,222,Minnesota Vikings,3,Cover 2,17.045454545454543,15,12,1,8.3,5,0.42,0,0.01,0,0,39.6,-0.64,0,2,13.3,14,1,5,0,1,5,0,-44.1,25,9.11,82,8.3,0,140,66.7,16.7,25,41.7,0,8.3,8.3,4,2.77,2.78,3.1,5.7,0,33.3,13.3,40,3.1,11.1,44.4,44.4,33.3,11.1,44.4,11.1,8.3,0,2,1,0,-10.9,-0.728,-0.728,0.05,0.7,1.9,0.23,0.64,-0.41,0.2,0.5
2026,223,Minnesota Vikings,1,Red Zone,1.1363636363636365,1,1,1,100,5,5,0,0.12,0,0,87.5,5,100,0,0,0,0,0,0,0,0,0,10.5,100,0,0,0,0,100,100,100,100,0,0,0,0,0,2.6,,0,0,0,0,0,0,-34.9,0,100,0,100,0,0,0,0,0,0,0,0,0.2,0.19,0.19,0.2,0.2,0.7,0.2,0.67,-0.47,0.2,0
2026,224,Tampa Bay Buccaneers,3,Cover 0,3.278688524590164,4,3,1,33.3,5,1.67,1,0.97,0,1,81.9,8.33,33.3,0,0,0,1,9,0,1,9,0,-21.3,50,8,16,0,1,0,33.3,0,33.3,33.3,0,0,0,0,3.4,2.27,0,4.5,0,75,50,0,38.5,0,100,0,100,0,0,0,0,0,1,0,0,0.6,0.159,0.159,1.28,5.1,5.3,1.7,1.78,-0.08,4.2,0.9
2026,225,Cincinnati Bengals,1,Red Zone,0.8849557522123894,1,1,1,100,2,2,1,0.71,0,1,118.8,22,100,0,0,0,0,0,0,0,0,0,12,100,1,1,0,0,50,100,0,100,0,0,0,0,0,1.4,,0,0,0,0,0,0,-14.2,0,0,100,100,0,0,0,0,0,0,0,0,1.3,1.255,1.255,4.08,4.1,2.9,4.08,2.91,1.17,4.1,0
2026,226,Cleveland Browns,2,Red Zone,2.912621359223301,3,2,1,50,2,1,1,0.86,0,1,95.8,11,50,0,0,0,1,3,0,1,3,0,-23,50,7.5,15,0,1,0,50,50,50,50,0,0,0,0,3.1,3.1,0,5.7,0,33.3,0,0,4.3,0,50,50,50,50,0,0,0,0,0,0,0,2.5,0.835,0.835,1.46,4.4,6.6,2.19,3.29,-1.1,4.1,0.3
2026,227,New England Patriots,1,Goal Line,0.9523809523809524,1,1,1,100,2,2,1,0.98,0,1,118.8,22,100,0,0,0,0,0,0,0,0,0,25.7,100,7,7,0,1,0,100,100,100,0,0,0,0,0,2,,0,0,0,0,0,0,-24.6,0,0,100,0,0,100,0,0,0,0,0,0,0.8,0.841,0.841,4.08,4.1,4,4.08,4.02,0.06,4.1,0
2026,228,Arizona Cardinals,1,Cover 0,0.8064516129032258,1,1,1,100,1,1,1,0.67,0,1,118.8,21,100,0,0,0,0,0,0,0,0,0,7.6,100,-1,-1,0,0,200,100,100,100,0,0,0,0,0,1.9,,0,0,0,0,0,0,-22.9,100,0,0,0,0,0,100,0,0,0,0,0,0.9,0.948,0.948,4.04,4,2.7,4.04,2.72,1.32,4,0
2026,229,Buffalo Bills,1,Goal Line,1.9801980198019802,2,1,1,100,1,1,1,0.85,0,1,118.8,21,100,0,0,0,1,2,1,1,2,1,12.6,100,2,2,0,1,0,100,100,100,0,0,0,0,0,3.1,2.3,0,4.7,0,50,50,0,28.2,0,0,100,0,0,0,100,0,0,0,0,0,1.4,0.717,0.717,5.12,10.2,6.4,10.24,6.43,3.81,4,6.2
2026,230,Chicago Bears,1,Goal Line,0.8695652173913043,1,1,1,100,1,1,1,0.96,0,1,118.8,21,100,0,0,0,0,0,0,0,0,0,12.6,100,2,2,0,1,0,100,100,100,0,0,0,0,0,1.8,,0,0,0,0,0,0,-21.1,0,100,0,0,100,0,0,0,0,0,0,0,1.4,1.376,1.376,4.04,4,3.9,4.04,3.88,0.16,4,0
2026,231,Detroit Lions,1,Goal Line,0.8264462809917356,1,1,1,100,1,1,1,0.96,0,1,118.8,21,100,0,0,0,0,0,0,0,0,0,12.6,100,2,2,0,1,0,100,100,100,0,0,0,0,0,2.3,,0,0,0,0,0,0,-29.8,0,0,100,0,0,100,0,0,0,0,0,0,0.7,0.691,0.691,4.04,4,3.9,4.04,3.9,0.14,4,0
2026,232,Houston Texans,1,Goal Line,0.7407407407407408,1,1,1,100,1,1,1,0.88,0,1,118.8,21,100,0,0,0,0,0,0,0,0,0,28.8,100,8,8,0,1,0,100,0,100,0,0,0,0,0,1.6,,0,0,0,0,0,0,-17.7,0,0,100,0,0,100,0,0,0,0,0,0,0.5,0.516,0.516,4.04,4,3.6,4.04,3.58,0.46,4,0
2026,233,New Orleans Saints,1,Goal Line,0.6802721088435374,1,1,1,100,1,1,1,0.88,0,1,118.8,21,100,0,0,0,0,0,0,0,0,0,25.7,100,7,7,0,1,0,100,0,100,0,0,0,0,0,1.2,,0,0,0,0,0,0,-10.8,0,100,0,100,0,0,0,0,0,0,0,0,0.5,0.533,0.533,4.04,4,3.6,4.04,3.58,0.46,4,0
2026,234,New York Jets,2,Prevent,3.361344537815126,4,4,1,25,1,0.25,0,0,0,0,39.6,0.25,0,0,0,0,0,0,0,0,0,0,-33.5,25,20.75,83,50,1,700,75,25,50,50,0,0,0,0,4.3,,0,0,0,0,0,0,-64.3,0,100,0,33.3,66.7,0,0,0,0,0,0,0,-0.6,-0.146,-0.146,0.01,0,0.2,0.02,0.12,-0.1,0,0
2026,235,Arizona Cardinals,1,Miscellaneous,0.8064516129032258,1,1,0,0,0,0,0,0,0,0,39.6,0,0,0,0,0,0,0,0,0,0,0,0,0,0,0,0,0,0,0,0,0,0,0,0,0,0,0.4,,0,0,0,0,0,0,0,0,0,0,0,0,0,0,0,0,0,0,1,-1.1,-1.101,-1.101,0,0,0,0,0,0,0,0
2026,236,Baltimore Ravens,2,Miscellaneous,2.2222222222222223,2,2,0,0,0,0,0,0,0,0,39.6,0,0,0,0,0,0,0,0,0,0,0,0,0,0,0,0,0,0,0,0,0,0,0,0,0,0,0.4,,0,0,0,0,0,0,0,0,0,0,0,0,0,0,0,0,0,0,2,0.5,0.245,0.245,0,0,0,0,0,0,0,0
2026,237,Buffalo Bills,1,Cover 0,0.9900990099009901,1,1,0,0,0,0,0,0.08,0,0,39.6,0,0,0,0,0,0,0,0,0,0,0,-82.4,0,4,4,0,0,0,100,100,100,0,0,0,0,0,2.1,,0,0,0,0,0,0,-26.3,0,100,0,100,0,0,0,0,0,0,0,0,-0.7,-0.747,-0.747,0,0,0.4,0,0.42,-0.42,0,0
2026,238,Buffalo Bills,1,Red Zone,0.9900990099009901,1,1,0,0,0,0,0,0,0,0,39.6,0,0,0,0,0,0,0,0,0,0,0,-54.7,0,18,18,0,1,0,0,0,0,100,0,0,0,0,3.4,2.3,0,0,0,100,100,0,51.3,0,100,0,0,100,0,0,0,0,0,0,0,-0.9,-0.862,-0.862,0,0,0,0,0,0,0,0
2026,239,Carolina Panthers,1,Miscellaneous,0.7518796992481203,1,1,0,0,0,0,0,0,0,0,39.6,0,0,0,0,0,0,0,0,0,0,0,0,0,0,0,0,0,0,0,0,0,0,0,0,0,0,0.4,,0,0,0,0,0,0,0,0,0,0,0,0,0,0,0,0,0,0,1,-0.1,-0.072,-0.072,0,0,0,0,0,0,0,0
2026,240,Chicago Bears,1,Miscellaneous,0.8695652173913043,1,1,0,0,0,0,0,0,0,0,39.6,0,0,0,0,0,0,0,0,0,0,0,0,0,0,0,0,0,0,0,0,0,0,0,0,0,0,0.4,,0,0,0,0,0,0,0,0,0,0,0,0,0,0,0,0,0,0,1,-0.2,-0.202,-0.202,0,0,0,0,0,0,0,0
2026,241,Cincinnati Bengals,1,Cover 2 Man,0.8849557522123894,1,1,0,0,0,0,0,0,0,0,39.6,0,0,0,0,0,0,0,0,0,0,0,-88,0,1,1,0,0,0,0,0,0,100,0,0,0,0,3,2.8,0,0,0,100,0,0,58.2,0,100,0,100,0,0,0,0,0,0,0,0,-1.1,-1.132,-1.132,0,0,0,0,0,0,0,0
2026,242,Denver Broncos,2,Cover 0,2.0202020202020203,2,2,0,0,0,0,0,0.46,1,0,0,-22.5,0,0,0,0,0,0,0,0,0,0,-62.1,0,13,26,0,2,0,100,50,50,50,0,50,0,0,2.4,2.2,0,0,0,50,50,0,18.5,0,100,0,50,50,0,0,0,0,0,0,0,-4.9,-2.451,-2.451,-0.5,-1,2,-0.5,0.99,-1.49,-1,0
2026,243,Denver Broncos,1,Goal Line,1.0101010101010102,1,1,0,0,0,0,0,0,0,0,39.6,0,0,0,0,0,0,0,0,0,0,0,0,0,0,0,0,0,0,0,0,0,0,0,0,0,0,4.4,4,0,0,0,100,0,0,34,0,0,100,100,0,0,0,0,0,1,0,0,-0.5,-0.461,-0.461,0,0,0,0,0,0,0,0
2026,244,Detroit Lions,1,Cover 2 Man,0.8264462809917356,1,1,0,0,0,0,0,0,0,0,39.6,0,0,0,0,0,0,0,0,0,0,0,-40.2,0,27,27,100,0,0,100,0,0,100,0,0,0,0,2.5,,0,0,0,0,0,0,-33.2,0,100,0,100,0,0,0,0,0,0,0,0,-0.1,-0.102,-0.102,0,0,0,0,0,0,0,0
2026,245,Green Bay Packers,1,Cover 2 Man,2.272727272727273,3,2,0,0,0,0,0,0,0,0,39.6,-1.67,0,1,33.3,5,0,0,0,0,0,0,-47.8,0,26.5,53,50,0,0,100,50,50,50,0,0,0,0,2.55,2.8,3.7,0,0,66.7,0,50,44,0,100,0,50,50,0,0,0,0,0,0,0,-1,-0.325,-0.325,0,0,0.2,0,0.24,-0.24,0,0
2026,246,Houston Texans,1,Cover 0,1.4814814814814816,2,2,0,0,0,0,0,0,0,0,39.6,0,0,0,0,0,0,0,0,0,0,0,-69.2,0,8.5,17,0,0,0,50,50,50,50,0,0,0,0,2.05,1.8,0,0,0,100,100,0,74.6,0,100,0,100,0,0,0,0,0,0,0,0,-3,-1.486,-1.486,0,0,0.2,0,0.24,-0.24,0,0
2026,247,Houston Texans,1,Miscellaneous,1.4814814814814816,2,2,0,0,0,0,0,0,0,0,39.6,0,0,0,0,0,0,0,0,0,0,0,0,0,0,0,0,0,0,0,0,0,0,0,0,0,0,0.4,,0,0,0,0,0,0,0,0,0,0,0,0,0,0,0,0,0,0,2,-0.6,-0.277,-0.277,0,0,0,0,0,0,0,0
2026,248,Houston Texans,2,Prevent,2.9629629629629632,4,3,0,0,0,0,0,0,0,0,39.6,-4.75,0,1,25,19,0,0,0,0,0,0,-26.4,0,50,50,33.3,0,0,0,0,0,33.3,0,0,0,0,4.7,2.67,4.2,0,0,75,25,33.3,21.6,0,0,0,0,0,0,0,0,0,2,0,0,-3.1,-0.781,-0.781,0,0,0,0,0,0,0,0
2026,249,Indianapolis Colts,2,Bracket,1.8518518518518516,2,2,1,50,0,0,0,0.04,0,0,56.3,0,0,0,0,0,0,0,0,0,0,0,-32.4,50,3,6,0,0,0,50,100,100,0,0,0,0,0,2.8,2.7,0,0,0,50,0,0,11.6,50,50,0,50,0,0,50,50,0,0,0,0,-2.4,-1.223,-1.223,0,0,0.7,0,0.33,-0.33,0,0
2026,250,Jacksonville Jaguars,1,Cover 2 Man,2.2988505747126435,2,1,0,0,0,0,0,0,0,0,39.6,-2.5,0,1,50,5,0,0,0,0,0,0,-64.1,0,10,10,0,0,0,100,0,0,100,0,100,0,0,3,2.5,4,0,0,50,0,100,29.1,0,100,0,0,100,0,0,0,0,0,0,0,-2.6,-1.298,-1.298,0,0,0,0,0,0,0,0
2026,251,Jacksonville Jaguars,1,Miscellaneous,1.1494252873563218,1,1,0,0,0,0,0,0,0,0,39.6,0,0,0,0,0,0,0,0,0,0,0,0,0,0,0,0,0,0,0,0,0,0,0,0,0,0,0.4,,0,0,0,0,0,0,0,0,0,0,0,0,0,0,0,0,0,0,1,-0.1,-0.082,-0.082,0,0,0,0,0,0,0,0
2026,252,Jacksonville Jaguars,1,Prevent,1.1494252873563218,1,1,0,0,0,0,0,0,0,0,39.6,0,0,0,0,0,0,0,0,0,0,0,0,0,0,0,0,0,0,0,0,0,0,0,0,0,0,1.6,,0,0,0,0,0,0,-17.7,0,0,0,0,0,0,0,0,0,1,0,0,0.3,0.25,0.25,0,0,0,0,0,0,0,0
2026,253,Kansas City Chiefs,2,Bracket,1.834862385321101,2,1,0,0,0,0,0,0,0,0,39.6,0,0,0,0,0,1,8,0,1,8,0,-61.3,0,14,14,0,1,0,100,0,0,100,0,0,0,0,2.5,2.4,0,4.3,0,50,50,0,33.4,100,0,0,0,0,0,100,0,0,0,0,0,0.8,0.423,0.423,0.4,0.8,0.9,0.4,0.44,-0.04,0,0.8
2026,254,Los Angeles Rams,1,Bracket,0.819672131147541,1,0,0,0,0,0,0,0,0,0,0,0,0,0,0,0,1,10,0,1,10,0,0,0,0,0,0,0,0,0,0,0,0,0,0,0,0,,2.9,0,3.8,0,100,0,0,100,0,0,0,0,0,0,0,0,0,0,0,0,2.1,2.095,2.095,1,1,1.4,1,1.38,-0.38,0,1
2026,255,Los Angeles Rams,2,Miscellaneous,2.459016393442623,3,3,0,0,0,0,0,0,0,0,39.6,0,0,0,0,0,0,0,0,0,0,0,0,0,0,0,0,0,0,0,0,0,0,0,0,0,0,0.4,,0,0,0,0,0,0,0,0,0,0,0,0,0,0,0,0,0,0,3,0.6,0.203,0.203,0,0,0,0,0,0,0,0
2026,256,Los Angeles Rams,1,Prevent,0.819672131147541,1,1,0,0,0,0,0,0,1,0,0,-45,0,0,0,0,0,0,0,0,0,0,-49,0,20,20,100,1,0,100,0,0,0,0,0,0,0,2.4,,0,0,0,0,0,0,-31.5,0,100,0,0,100,0,0,0,0,0,0,0,-2.1,-2.124,-2.124,-1,-1,0,-1,0.01,-1.01,-1,0
2026,257,Los Angeles Chargers,1,Cover 0,0.9615384615384616,1,1,0,0,0,0,0,0.03,0,0,39.6,0,0,0,0,0,0,0,0,0,0,0,-58.4,0,17,17,0,0,0,0,100,100,0,0,0,0,0,3.8,2.1,0,0,0,100,100,0,44.4,0,100,0,0,100,0,0,0,0,0,0,0,-2.6,-2.613,-2.613,0,0,0.9,0,0.92,-0.92,0,0
2026,258,Las Vegas Raiders,1,Cover 0,2,2,2,0,0,0,0,0,0.01,0,0,39.6,0,0,0,0,0,0,0,0,0,0,0,-73.2,0,7,14,0,0,0,100,50,50,50,0,0,0,0,1.75,,0,0,0,0,0,0,-20.3,0,50,50,100,0,0,0,0,0,0,0,0,-1.8,-0.915,-0.915,0,0,0.1,0,0.13,-0.13,0,0
2026,259,Las Vegas Raiders,1,Cover 2 Man,1,1,1,0,0,0,0,0,0,0,0,39.6,0,0,0,0,0,0,0,0,0,0,0,17.6,100,4,4,0,0,0,100,100,100,0,0,0,100,4,2.3,,0,0,0,0,0,0,-29.8,100,0,0,0,100,0,0,0,0,0,0,0,-1.7,-1.685,-1.685,0,0,0.3,0,0.32,-0.32,0,0
2026,260,Miami Dolphins,1,Red Zone,1.8691588785046727,2,0,0,0,0,0,0,0,0,0,0,-10,0,1,50,10,1,14,1,1,14,1,0,0,0,0,0,0,0,0,0,0,0,0,0,0,0,,3.5,4.2,3.7,1,100,0,50,100,0,0,0,0,0,0,0,0,0,0,0,0,0.3,0.15,0.15,3.7,7.4,1.1,7.4,1.07,6.33,0,7.4
2026,261,Minnesota Vikings,1,Cover 2 Man,1.1363636363636365,1,0,0,0,0,0,0,0,0,0,0,0,0,0,0,0,1,4,0,1,4,0,0,0,0,0,0,0,0,0,0,0,0,0,0,0,0,,2.6,0,6.4,0,100,0,0,100,0,0,0,0,0,0,0,0,0,0,0,0,-0.4,-0.395,-0.395,0.4,0.4,0.8,0.4,0.77,-0.37,0,0.4
2026,262,New England Patriots,1,Cover 0,0.9523809523809524,1,1,0,0,0,0,0,0,1,0,0,-45,0,0,0,0,0,0,0,0,0,0,-63.6,0,11,11,0,1,0,100,0,0,100,0,100,0,0,3.2,3,0,0,0,100,0,0,54.7,0,100,0,100,0,0,0,0,0,0,0,0,-4.5,-4.473,-4.473,-1,-1,0,-1,0,-1,-1,0
2026,263,New England Patriots,1,Cover 2 Man,0.9523809523809524,1,1,0,0,0,0,0,0,0,0,39.6,0,0,0,0,0,0,0,0,0,0,0,-61.3,0,14,14,0,0,0,100,0,0,100,0,0,0,0,3.4,2.2,0,0,0,100,100,0,51.3,0,0,100,0,100,0,0,0,0,0,0,0,-1.8,-1.757,-1.757,0,0,0,0,0,0,0,0
2026,264,New England Patriots,1,Red Zone,1.9047619047619049,2,0,0,0,0,0,0,0,0,0,0,-2.5,0,2,100,5,0,0,0,0,0,0,0,0,0,0,0,0,0,0,0,0,0,0,0,0,0,,2.05,3.1,0,1,100,100,100,100,0,0,0,0,0,0,0,0,0,0,0,0,-1.8,-0.91,-0.91,0,0,0,0,0,0,0,0
2026,265,New Orleans Saints,1,Miscellaneous,0.6802721088435374,1,1,0,0,0,0,0,0,0,0,39.6,0,0,0,0,0,0,0,0,0,0,0,0,0,0,0,0,0,0,0,0,0,0,0,0,0,0,0.4,,0,0,0,0,0,0,0,0,0,0,0,0,0,0,0,0,0,0,1,0,-0.025,-0.025,0,0,0,0,0,0,0,0
2026,266,New Orleans Saints,2,Prevent,1.3605442176870748,2,2,0,0,0,0,0,0,0,0,39.6,0,0,0,0,0,0,0,0,0,0,0,0,0,0,0,0,0,0,0,0,0,0,0,0,0,0,2.4,,0,0,0,0,0,0,-31.5,0,0,0,0,0,0,0,0,0,2,0,0,0.5,0.247,0.247,0,0,0,0,0,0,0,0
2026,267,New York Giants,1,,1.0638297872340425,1,0,0,0,0,0,0,0,0,0,0,0,0,0,0,0,1,16,0,1,16,0,0,0,0,0,0,0,0,0,0,0,0,0,0,0,0,,,0,0,0,0,0,0,0,0,0,0,0,0,0,0,0,0,0,0,0,1,1.016,1.016,1.6,1.6,0.5,1.6,0.46,1.14,0,1.6
2026,268,New York Jets,1,Cover 0,0.8403361344537815,1,1,0,0,0,0,0,0.08,0,0,39.6,0,0,0,0,0,0,0,0,0,0,0,-89.5,0,0,0,0,0,0,100,100,100,0,0,0,0,0,1.7,,0,0,0,0,0,0,-19.4,100,0,0,0,0,0,100,0,0,0,0,0,-1,-0.971,-0.971,0,0,0.4,0,0.38,-0.38,0,0
2026,269,New York Jets,1,Miscellaneous,0.8403361344537815,1,1,0,0,0,0,0,0,0,0,39.6,0,0,0,0,0,0,0,0,0,0,0,0,0,0,0,0,0,0,0,0,0,0,0,0,0,0,0.4,,0,0,0,0,0,0,0,0,0,0,0,0,0,0,0,0,0,0,1,0,-0.02,-0.02,0,0,0,0,0,0,0,0
2026,270,New York Jets,1,Red Zone,0.8403361344537815,1,0,0,0,0,0,0,0,0,0,0,0,0,0,0,0,1,7,0,1,7,0,0,0,0,0,0,0,0,0,0,0,0,0,0,0,0,,2.6,0,4.8,0,100,0,0,100,0,0,0,0,0,0,0,0,0,0,0,0,0.6,0.554,0.554,0.7,0.7,1.1,0.7,1.07,-0.37,0,0.7
2026,271,Philadelphia Eagles,2,Cover 2 Man,1.8867924528301887,2,2,0,0,0,0,0,0.07,0,0,39.6,0,0,0,0,0,0,0,0,0,0,0,41.6,100,17,17,0,0,0,50,0,50,0,0,0,50,17,2.55,,0,0,0,0,0,0,-34.1,0,100,0,100,0,0,0,0,0,0,1,0,-1.4,-0.714,-0.714,0,0,1,0,0.51,-0.51,0,0
2026,272,Pittsburgh Steelers,1,Miscellaneous,0.8,1,1,0,0,0,0,0,0,0,0,39.6,0,0,0,0,0,0,0,0,0,0,0,0,0,0,0,0,0,0,0,0,0,0,0,0,0,0,0.4,,0,0,0,0,0,0,0,0,0,0,0,0,0,0,0,0,0,0,1,0,-0.033,-0.033,0,0,0,0,0,0,0,0
2026,273,Pittsburgh Steelers,1,Prevent,0.8,1,1,0,0,0,0,0,0,0,0,39.6,0,0,0,0,0,0,0,0,0,0,0,0,0,0,0,0,0,0,0,0,0,0,0,0,0,0,2,,0,0,0,0,0,0,-24.6,0,0,0,0,0,0,0,0,0,1,0,0,0.2,0.23,0.23,0,0,0,0,0,0,0,0
2026,274,Seattle Seahawks,1,Cover 2 Man,1,1,1,0,0,0,0,0,0,0,0,39.6,0,0,0,0,0,0,0,0,0,0,0,-38.9,0,25,25,100,0,0,100,0,0,100,0,0,0,0,2.9,,0,0,0,0,0,0,-40.1,100,0,0,0,0,0,100,0,0,0,0,0,-0.3,-0.312,-0.312,0,0,0,0,0.01,-0.01,0,0
2026,275,Seattle Seahawks,1,Prevent,1,1,0,0,0,0,0,0,0,0,0,0,-16,0,1,100,16,0,0,0,0,0,0,0,0,0,0,0,0,0,0,0,0,0,0,0,0,0,,1.9,2.3,0,0,100,100,100,100,0,0,0,0,0,0,0,0,0,0,0,0,-0.4,-0.356,-0.356,0,0,0,0,0,0,0,0
2026,276,Tampa Bay Buccaneers,2,Bracket,1.639344262295082,2,1,0,0,0,0,0,0,0,0,39.6,-4.5,0,1,50,9,0,0,0,0,0,0,-57,0,16,16,0,1,0,100,0,0,100,0,0,0,0,2.6,2.2,2.9,0,0,50,50,100,32.5,100,0,0,0,100,0,0,0,0,0,0,0,-3.3,-1.64,-1.64,0,0,0,0,0,0,0,0
2026,277,Tampa Bay Buccaneers,1,Prevent,1.639344262295082,2,2,0,0,0,0,0,0.01,1,0,0,-22.5,0,0,0,0,0,0,0,0,0,0,-47.3,0,32,64,50,0,0,50,0,50,50,0,0,0,0,5.15,2.5,0,0,0,50,0,0,-28.9,100,0,0,0,0,0,100,0,0,0,0,0,-0.3,-0.163,-0.163,-0.5,-1,0.3,-1,0.31,-1.31,-1,0
2026,278,Tampa Bay Buccaneers,2,Red Zone,4.098360655737705,5,3,2,66.7,0,0,0,1.08,0,1,70.1,0,33.3,0,0,0,2,17,1,2,17,1,21,100,3.67,11,0,1,0,66.7,66.7,100,0,0,0,33.3,15,2.63,2.87,0,4.95,0,60,0,0,38.7,33.3,33.3,33.3,33.3,33.3,0,33.3,0,0,0,0,0,-5.1,-1.011,-1.011,1.54,7.7,7.4,3.85,3.7,0.15,0,7.7
2026,279,Tennessee Titans,2,Red Zone,2.0202020202020203,2,2,0,0,0,0,0,0,0,0,39.6,0,0,0,0,0,0,0,0,0,0,0,-82.4,0,10,20,0,1,0,100,0,0,50,0,50,0,0,2.3,2.5,0,0,0,50,0,0,20.2,0,50,50,0,100,0,0,0,50,0,0,0,-1.6,-0.782,-0.782,0,0,0,0,0,0,0,0
Exported from Data Suite 2.0 by michaelgingrave (user 380) on 2026-09-30 02:25 UTC,,,,,,,,,,,,,,,,,,,,,,,,,,,,,,,,,,,,,,,,,,,,,,,,,,,,,,,,,,,,,,,,,,,,,,,,,,