,Player Details,Player Details,Player Details,Splits,Splits,Splits,Receiving,Receiving,Receiving,Receiving,Receiving,Receiving,Receiving,Receiving,Receiving,Receiving,Receiving,Receiving,Receiving,Receiving,Receiving,Receiving,Receiving,Receiving,Receiving,Receiving,Advanced,Advanced,Advanced,Advanced,Advanced,Advanced,Advanced,Advanced,Advanced,Advanced,Advanced,Advanced,Advanced,Advanced,Advanced,Advanced,Advanced,Advanced,Advanced,Advanced,Advanced,Advanced,Alignment,Alignment,Alignment,Alignment,FP,FP,FP,FP,FP,FP,FP,FP
Season,Rank,Name,G,ALIGN,RTE %,TGT %,RTE,TGT,YPRR,TPRR,aDOT,AY,YDS,YPT,YPR,REC,CR %,YAC,YAC/REC,YACO,YACO/REC,TD,XTD,i20 TGT,EZTGT,EZTD,1D,1D/RR,RATE,1READ,1READ %,DESIGN,DESIGN %,CTGT,CTGT %,DEEP,EXP %,DRP,DRP %,CT,CC,CC %,HERO,MTF,MTF/REC,THREAT %,YPTOE,EPA/TGT,WIDE TGT %,SLOT TGT %,INLINE TGT %,BACK TGT %,FP,XFP,FP/G,XFP/G,DIFF,FP/RR,XFP/RR,RecXFP
2025,,League Avg,,,,,2157.5581395348836,102.23255813953489,0.38,0.05,7.145193798449611,1007.3100775193799,814.9767441860465,7.97,11.85,68.79069767441861,67.3,312.1007751937984,4.54,106.68217054263566,1.55,5.441860465116279,5.339147286821701,13.89922480620155,7.558139534883721,3.147286821705426,39.6124031007752,0.018,100.48062015503875,78.43410852713178,0,7.922480620155039,7.7,80.84496124031008,79.1,14.279069767441861,17.9,5.635658914728682,5.5,17.558139534883722,10,57,1.4108527131782946,7.705426356589148,0.11,0,-0.04,0.277,1716.906976744186,1267.6418604651162,523.7511627906977,30.13953488372093,182.93953488372094,180.87519379844963,11.278914728682171,11.169534883720937,0.10937984496124038,0.08,0.08,180.87519379844963
2025,1,Dallas Cowboys,17,Wide,100,49.51219512195122,2224,203,0.96,0.09,13.67,2776,2139,10.54,16.2,132,65,615,4.66,270,2.05,18,19.35,31,29,15,97,0.044,123.6,162,0,9,4.4,152,74.9,43,26.3,12,5.9,30,21,70,3,21,0.16,0,1.64,0.633,100,70,29.1,3,453.9,438.9,26.7,25.82,0.88,0.2,0.2,438.9
2025,2,Baltimore Ravens,17,Wide,100,55.53145336225597,2428,256,0.85,0.11,12.2,3123,2057,8.04,13.36,154,60.2,539,3.5,186,1.21,7,9.27,32,23,6,91,0.037,83.4,201,0,15,5.9,184,71.9,47,24.8,14,5.5,49,29,59.2,2,12,0.08,0,-0.58,0.286,100,58.6,19.1,2,401.7,417.7,23.63,24.57,-0.94,0.17,0.17,417.7
2025,3,Tennessee Titans,17,Wide,100,49,2071,196,0.96,0.09,12.8,2509,1994,10.17,14.55,137,69.9,572,4.18,171,1.25,12,13.1,25,17,9,98,0.047,114.6,160,0,10,5.1,155,79.1,43,26.2,4,2,32,19,59.4,6,12,0.09,0,1.53,0.599,100,63.3,39.3,1.5,408.4,400.5,24.02,23.56,0.46,0.2,0.19,400.5
2025,4,Detroit Lions,17,Wide,100,51.70068027210885,2229,228,0.88,0.1,14.29,3258,1963,8.61,14.43,136,59.6,464,3.41,128,0.94,14,13.58,29,18,8,92,0.041,89.9,183,0,12,5.3,180,78.9,53,28.9,13,5.7,54,20,37,3,14,0.1,0,-0.46,0.264,100,68.4,22.8,2.2,416.3,451.7,24.49,26.57,-2.08,0.19,0.2,451.7
2025,5,Los Angeles Rams,17,Wide,100,48.063781321184514,2319,211,0.83,0.09,13,2742,1918,9.09,14.75,130,61.6,547,4.21,256,1.97,11,9.74,26,17,6,90,0.039,90.9,166,0,11,5.2,154,73,50,29.9,3,1.4,44,25,56.8,8,13,0.1,0,0.37,0.164,100,75.4,31.8,0.9,387.8,364.1,22.81,21.42,1.39,0.17,0.16,364.1
2025,6,Pittsburgh Steelers,17,Wide,100,50.65217391304348,2425,233,0.77,0.1,10.64,2478,1867,8.01,12.7,147,63.1,614,4.18,202,1.37,13,12.85,33,19,7,88,0.036,97.7,190,0,23,9.9,180,77.3,30,18.7,18,7.7,36,21,58.3,3,18,0.12,0,-0.27,0.327,100,69.1,27.5,0.9,411.7,422.8,24.22,24.87,-0.65,0.17,0.17,422.8
2025,7,Jacksonville Jaguars,17,Wide,100,52.04081632653062,2465,255,0.75,0.1,11.16,2846,1861,7.3,11.56,161,63.1,532,3.3,173,1.07,13,12.37,30,22,8,90,0.037,84.1,210,0,18,7.1,195,76.5,44,16.6,14,5.5,70,40,57.1,7,10,0.06,0,-0.93,0.025,100,63.1,26.7,2.4,425.1,422.9,25.01,24.88,0.13,0.17,0.17,422.9
2025,8,Indianapolis Colts,17,Wide,100,47.950819672131146,2448,234,0.75,0.1,11.12,2603,1845,7.88,12.38,149,63.7,552,3.7,222,1.49,15,15.96,42,20,11,95,0.039,105.8,183,0,13,5.6,183,78.2,45,21.1,17,7.3,30,14,46.7,2,16,0.11,0,-0.37,0.337,100,76.1,31.6,0.9,423.5,447.1,24.91,26.3,-1.39,0.17,0.18,447.1
2025,9,Tampa Bay Buccaneers,17,Wide,100,49.887133182844245,2255,221,0.82,0.1,12.22,2701,1844,8.34,13.76,134,60.6,562,4.19,150,1.12,12,10.34,23,23,7,87,0.039,92.3,169,0,9,4.1,156,70.6,40,20.5,11,5,37,24,64.9,5,10,0.07,0,-0.18,0.174,100,65.2,33,2.3,390.4,366.8,22.96,21.57,1.39,0.17,0.16,366.8
2025,10,Green Bay Packers,17,Wide,100,53.36658354114713,2177,214,0.85,0.1,11.75,2514,1840,8.6,13.14,140,65.4,415,2.96,142,1.01,13,9.63,27,18,7,93,0.043,108.8,155,0,10,4.7,161,75.2,34,21.3,9,4.2,47,30,63.8,10,10,0.07,0,0.13,0.468,100,55.6,29.9,1.9,402,361.4,23.65,21.26,2.39,0.18,0.17,361.4
2025,11,Atlanta Falcons,17,Wide,100,53.61596009975062,2197,215,0.82,0.1,12.9,2773,1803,8.39,13.46,134,62.3,430,3.21,168,1.25,18,14.24,26,19,9,84,0.038,99.4,177,0,10,4.7,161,74.9,45,20.7,13,6,42,22,52.4,3,14,0.1,0,-0.16,0.247,100,63.7,21.4,1.4,422.3,390.7,24.84,22.98,1.86,0.19,0.18,390.7
2025,12,Las Vegas Raiders,17,Wide,100,51.66240409207161,2041,202,0.87,0.1,11.84,2391,1774,8.78,12.95,137,67.8,547,3.99,166,1.21,9,8.22,24,15,5,87,0.043,101.8,160,0,11,5.4,160,79.2,36,17.7,12,5.9,40,25,62.5,0,16,0.12,0,0.29,0.372,100,68.8,22.8,2,368.4,365.6,21.67,21.5,0.17,0.18,0.18,365.6
2025,13,New York Giants,17,Wide,100,50.72463768115942,2148,210,0.81,0.1,11.99,2517,1748,8.32,12.76,137,65.2,486,3.55,220,1.61,13,10.57,31,19,7,92,0.043,103.8,170,0,8,3.8,163,77.6,39,19.3,17,8.1,39,24,61.5,6,11,0.08,0,-0.17,0.343,100,70,25.7,1.4,389.8,379.2,22.93,22.31,0.62,0.18,0.18,379.2
2025,14,Chicago Bears,17,Wide,100,45.566502463054185,2112,185,0.81,0.09,11.91,2203,1718,9.29,14.32,120,64.9,581,4.84,149,1.24,8,8.11,18,14,4,80,0.038,77.7,148,0,10,5.4,141,76.2,39,24.8,10,5.4,39,24,61.5,6,8,0.07,0,0.79,0.189,100,82.7,36.2,0.5,339.8,311.4,19.99,18.32,1.67,0.16,0.15,311.4
2025,15,Philadelphia Eagles,17,Wide,100,51.83374083129584,2255,212,0.74,0.09,13.2,2798,1674,7.9,14.07,119,56.1,519,4.36,238,2,5,5.34,19,14,3,74,0.033,81.8,168,0,6,2.8,154,72.6,40,22.8,14,6.6,57,34,59.6,2,15,0.13,0,-0.77,0.237,100,68.4,22.2,2.4,316.4,311,18.61,18.29,0.32,0.14,0.14,311
2025,16,Arizona Cardinals,17,Wide,100,46.478873239436616,2198,198,0.76,0.09,11.26,2230,1662,8.39,12.69,131,66.2,462,3.53,204,1.56,8,10.79,26,11,4,85,0.039,99.3,155,0,7,3.5,155,78.3,28,19,7,3.5,46,25,54.3,6,20,0.15,0,0.04,0.419,100,77.8,35.9,1.5,345.2,357.9,20.31,21.06,-0.75,0.16,0.16,357.9
2025,17,Washington Commanders,17,Wide,100,46.79334916864608,2161,197,0.77,0.09,11.85,2335,1659,8.42,13.38,124,62.9,587,4.73,232,1.87,12,11.53,22,14,7,88,0.041,109.9,160,0,11,5.6,147,74.6,29,19.4,10,5.1,35,23,65.7,4,15,0.12,0,-0.06,0.421,100,76.1,33.5,3.6,361.9,350.1,21.29,20.59,0.7,0.17,0.16,350.1
2025,18,Indianapolis Colts,17,Slot,100,36.47540983606557,2448,178,0.65,0.07,10,1780,1587,8.92,13.01,122,68.5,691,5.66,209,1.71,5,7.45,32,21,2,69,0.028,84.6,138,0,20,11.2,137,77,28,22,6,3.4,28,16,57.1,2,14,0.11,0,0.89,0.238,131.5,100,41.6,1.1,310.7,298.1,18.28,17.53,0.75,0.13,0.12,298.1
2025,19,New England Patriots,17,Wide,100,50.127877237851656,2021,196,0.78,0.1,12.8,2509,1581,8.07,13.63,116,59.2,450,3.88,132,1.14,10,8.14,21,16,8,79,0.039,93.5,144,0,10,5.1,138,70.4,38,23.1,12,6.1,33,20,60.6,5,12,0.1,0,-0.79,0.173,100,68.4,28.1,2.6,334.1,314.6,19.65,18.51,1.14,0.17,0.16,314.6
2025,20,Kansas City Chiefs,17,Wide,100,46.391752577319586,1949,180,0.79,0.09,11.6,2088,1532,8.51,13.44,114,63.3,512,4.49,151,1.32,7,8.96,27,14,5,68,0.035,91.7,135,0,10,5.6,144,80,38,25,13,7.2,35,14,40,3,12,0.11,0,0.13,0.242,100,82.8,30,2.8,309.2,323,18.19,19,-0.81,0.16,0.17,323
2025,21,Denver Broncos,17,Wide,100,47.12153518123667,2482,221,0.61,0.09,12.25,2707,1521,6.88,11.52,132,59.7,479,3.63,141,1.07,5,6.79,29,17,5,73,0.029,76.8,186,0,11,5,168,76,46,16.1,15,6.8,35,15,42.9,3,14,0.11,0,-1.51,0.095,100,76.5,32.1,3.6,314.1,344.7,18.48,20.27,-1.79,0.13,0.14,344.7
2025,22,Los Angeles Chargers,17,Wide,100,51.832460732984295,2069,198,0.73,0.1,12.25,2425,1519,7.67,12.87,118,59.6,517,4.38,188,1.59,9,9.07,24,13,5,67,0.032,73.6,166,0,14,7.1,138,69.7,32,17.3,10,5.1,33,19,57.6,3,11,0.09,0,-0.9,0.027,100,67.7,22.7,2,323.9,321.9,19.05,18.94,0.11,0.16,0.16,321.9
2025,23,San Francisco 49ers,17,Wide,100,42.69406392694064,2236,187,0.68,0.08,12.22,2286,1517,8.11,12.14,125,66.8,398,3.18,166,1.33,6,6.87,13,10,4,69,0.031,102.3,145,0,14,7.5,149,79.7,35,17.1,10,5.3,29,18,62.1,4,9,0.07,0,-0.52,0.329,100,88.8,42.8,2.7,312.7,342.2,18.39,20.13,-1.74,0.14,0.15,342.2
2025,24,Washington Commanders,17,Slot,100,35.62945368171022,2161,150,0.7,0.07,9.47,1421,1511,10.07,13.49,112,74.7,661,5.9,219,1.96,11,11.56,24,12,5,74,0.034,111.3,124,0,17,11.3,124,82.7,19,19,5,3.3,24,14,58.3,0,13,0.12,0,2.19,0.458,131.3,100,44,4.7,329.1,308.1,19.36,18.12,1.24,0.15,0.14,308.1
2025,25,New Orleans Saints,17,Wide,100,48.94736842105264,1969,186,0.77,0.09,13.06,2429,1509,8.11,13.47,112,60.2,442,3.95,157,1.4,14,13.19,24,17,7,68,0.035,93.2,145,0,12,6.5,134,72,41,23.8,9,4.8,30,15,50,1,12,0.11,0,-0.59,0.206,100,66.1,35.5,2.7,346.9,349.6,20.41,20.57,-0.16,0.18,0.18,349.6
2025,26,New York Jets,17,Wide,100,47.2636815920398,1931,190,0.77,0.1,11.45,2176,1489,7.84,13.06,114,60,557,4.89,175,1.54,11,13.25,26,17,7,78,0.04,104,155,0,20,10.5,142,74.7,33,21,12,6.3,37,19,51.4,3,10,0.09,0,-0.48,0.353,100,78.4,30,3.2,328.9,350.9,19.35,20.64,-1.29,0.17,0.18,350.9
2025,27,Minnesota Vikings,17,Wide,100,45.230769230769226,1811,147,0.82,0.08,11.38,1673,1485,10.1,15.31,97,66,525,5.41,204,2.1,9,8.95,16,12,4,68,0.038,108.2,115,0,7,4.8,116,78.9,21,25,11,7.5,21,11,52.4,3,11,0.11,0,1.66,0.47,100,81.6,37.4,2,299.5,296.6,17.62,17.45,0.17,0.17,0.16,296.6
2025,28,Miami Dolphins,17,Wide,100,44.88778054862843,2066,180,0.71,0.09,11.58,2085,1467,8.15,13.1,112,62.2,556,4.96,157,1.4,11,9.49,24,17,9,67,0.032,94.4,139,0,19,10.6,132,73.3,38,23.7,10,5.6,38,22,57.9,5,20,0.18,0,-0.26,0.21,100,79.4,40.6,2.2,324.7,296.4,19.1,17.43,1.67,0.16,0.14,296.4
2025,29,Pittsburgh Steelers,17,Slot,100,35,2425,161,0.6,0.07,7.8,1256,1446,8.98,12.91,112,69.6,620,5.54,191,1.71,12,8.15,30,11,3,70,0.029,117.1,131,0,9,5.6,138,85.7,12,19.2,12,7.5,30,14,46.7,2,16,0.14,0,1.55,0.452,144.7,100,39.8,1.2,328.6,297.2,19.33,17.48,1.85,0.14,0.12,297.2
2025,30,Carolina Panthers,17,Wide,100,47.51958224543081,1961,182,0.73,0.09,11.59,2109,1425,7.83,12.84,111,61,461,4.15,199,1.79,10,10.62,24,15,4,69,0.035,85.5,148,0,11,6,138,75.8,27,19.8,13,7.1,38,20,52.6,5,12,0.11,0,-0.65,0.222,100,75.3,33,2.2,313.5,329.9,18.44,19.4,-0.96,0.16,0.17,329.9
2025,31,Chicago Bears,17,Slot,100,37.68472906403941,2112,153,0.67,0.07,10.79,1651,1419,9.27,13.14,108,70.6,404,3.74,127,1.18,15,11.26,26,17,7,67,0.032,115.9,120,0,9,5.9,122,79.7,23,26.3,9,5.9,17,10,58.8,2,7,0.06,0,1.1,0.386,120.9,100,43.8,0.7,339.9,311.4,19.99,18.32,1.67,0.16,0.15,311.4
2025,32,Cleveland Browns,17,Wide,100,49.307479224376735,1932,178,0.73,0.09,13,2314,1411,7.93,12.71,111,62.4,371,3.34,140,1.26,13,13.38,20,19,9,69,0.036,102.1,149,0,9,5.1,135,75.8,38,23.2,9,5.1,34,15,44.1,3,14,0.13,0,-0.74,0.215,100,66.3,33.7,2.8,330.1,346.4,19.42,20.37,-0.95,0.17,0.18,346.4
2025,33,Cincinnati Bengals,17,Wide,100,44.91315136476427,2070,181,0.67,0.09,12.07,2184,1387,7.66,12.96,107,59.1,493,4.61,243,2.27,5,8.53,20,15,5,69,0.033,74.1,138,0,12,6.6,134,74,29,20.2,14,7.7,36,16,44.4,1,20,0.19,0,-0.88,0.166,100,77.3,42.5,2.2,275.7,305,16.22,17.94,-1.72,0.13,0.15,305
2025,34,Houston Texans,17,Wide,100,46.44670050761421,2161,183,0.64,0.08,14.17,2593,1383,7.56,14.26,97,53,389,4.01,115,1.19,10,9.44,18,16,7,65,0.03,80,152,0,12,6.6,130,71,43,21.8,12,6.6,37,15,40.5,2,10,0.1,0,-1.54,0.176,100,81.4,31.7,1.6,295.3,309.8,17.37,18.23,-0.86,0.14,0.14,309.8
2025,35,Buffalo Bills,17,Wide,100,50.15105740181269,1825,166,0.76,0.09,12.09,2007,1379,8.31,12.65,109,65.7,427,3.92,152,1.39,9,7.91,11,12,6,69,0.038,91.9,134,0,11,6.6,133,80.1,33,19.8,7,4.2,29,13,44.8,6,8,0.07,0,-0.25,0.303,100,81.9,16.3,1.2,300.9,305.2,17.7,17.95,-0.25,0.16,0.17,305.2
2025,36,San Francisco 49ers,17,Slot,100,37.89954337899543,2236,166,0.61,0.07,9.2,1527,1356,8.17,11.59,117,70.5,478,4.09,144,1.23,13,7.74,20,10,7,70,0.031,110.9,136,0,16,9.6,130,78.3,21,15.4,8,4.8,27,21,77.8,3,18,0.15,0,0.36,0.303,112.7,100,48.2,3,330.6,286.8,19.45,16.87,2.58,0.15,0.13,286.8
2025,37,Detroit Lions,17,Slot,100,35.374149659863946,2229,156,0.59,0.07,9.68,1510,1308,8.38,12.58,104,66.7,480,4.62,183,1.76,10,8.15,24,13,7,70,0.031,111.3,126,0,12,7.7,123,78.8,20,16.9,8,5.1,37,22,59.5,5,12,0.12,0,0.48,0.437,146.2,100,33.3,3.2,294.8,268,17.34,15.76,1.58,0.13,0.12,268
2025,38,Seattle Seahawks,17,Wide,100,45.78587699316628,2405,201,0.53,0.08,10.4,2091,1266,6.3,11.01,115,57.2,430,3.74,135,1.17,9,9.45,31,17,5,63,0.026,72.3,152,0,15,7.5,149,74.1,27,12.9,16,8,41,19,46.3,3,10,0.09,0,-1.88,0.067,100,80.6,34.8,3,295.6,322.4,17.39,18.96,-1.57,0.12,0.13,322.4
2025,39,Houston Texans,17,Slot,100,37.81725888324873,2161,149,0.58,0.07,9.79,1458,1251,8.4,12.03,104,69.8,451,4.34,174,1.67,4,4.5,14,4,2,57,0.026,84.6,117,0,11,7.4,124,83.2,18,18.9,11,7.4,24,15,62.5,3,8,0.08,0,0.33,0.108,122.8,100,38.9,2,253.1,266.1,14.89,15.65,-0.76,0.12,0.12,266.1
2025,40,Arizona Cardinals,17,Slot,100,36.15023474178404,2198,154,0.57,0.07,8.68,1337,1248,8.1,11.14,112,72.7,527,4.71,206,1.84,9,9.52,30,15,6,68,0.031,110.5,122,0,10,6.5,125,81.2,15,19.4,9,5.8,23,17,73.9,1,13,0.12,0,0.44,0.382,128.6,100,46.1,1.9,290.8,281.4,17.11,16.55,0.56,0.13,0.13,281.4
2025,41,Cincinnati Bengals,17,Slot,100,34.7394540942928,2070,140,0.6,0.07,8.81,1233,1245,8.89,12.58,99,70.7,628,6.34,221,2.23,13,9.04,26,12,8,58,0.028,120.1,108,0,19,13.6,115,82.1,15,17.5,7,5,24,16,66.7,0,13,0.13,0,1.05,0.469,129.3,100,55,2.9,301.5,261.8,17.74,15.4,2.34,0.15,0.13,261.8
2025,42,New York Jets,17,Slot,100,37.06467661691542,1931,149,0.64,0.08,7.55,1125,1232,8.27,11.3,109,73.2,601,5.51,181,1.66,6,6.37,20,7,1,67,0.035,110.9,131,0,16,10.7,124,83.2,9,19.8,7,4.7,20,9,45,1,10,0.09,0,0.79,0.526,127.5,100,38.3,4,268.2,265.7,15.78,15.63,0.15,0.14,0.14,265.7
2025,43,Baltimore Ravens,17,Slot,100,32.53796095444685,2428,150,0.51,0.06,9.34,1401,1229,8.19,11.59,106,70.7,453,4.27,146,1.38,10,11.05,28,14,5,59,0.024,106.2,116,0,10,6.7,119,79.3,23,21.3,5,3.3,34,25,73.5,1,10,0.09,0,0.29,0.318,170.7,100,32.7,3.3,288.9,279.6,16.99,16.44,0.55,0.12,0.12,279.6
2025,44,Carolina Panthers,17,Slot,100,35.77023498694517,1961,137,0.63,0.07,10.34,1417,1228,8.96,12.53,98,71.5,438,4.47,158,1.61,3,4.57,18,8,1,56,0.029,94.2,103,0,12,8.8,109,79.6,16,17.2,6,4.4,23,16,69.6,2,10,0.1,0,0.89,0.466,132.8,100,43.8,2.9,238.8,236.2,14.05,13.9,0.15,0.12,0.12,236.2
2025,45,New York Giants,17,Slot,100,35.507246376811594,2148,147,0.57,0.07,9.65,1419,1220,8.3,12.58,97,66,468,4.82,135,1.39,7,6.84,18,10,4,55,0.026,99,121,0,17,11.6,122,83,25,20.9,13,8.8,28,14,50,3,8,0.08,0,0.47,0.31,142.9,100,36.7,2,261,265.7,15.35,15.63,-0.28,0.12,0.12,265.7
2025,46,Seattle Seahawks,17,Slot,100,36.90205011389522,2405,162,0.5,0.07,8.81,1427,1198,7.4,11.2,107,66,530,4.95,219,2.05,6,6.36,21,13,5,59,0.025,82.3,124,0,22,13.6,127,78.4,25,18.8,6,3.7,32,18,56.3,0,22,0.21,0,-0.47,0.179,124.1,100,43.2,3.7,262.8,257.4,15.46,15.14,0.32,0.11,0.11,257.4
2025,47,Denver Broncos,17,Slot,100,36.034115138592746,2482,169,0.47,0.07,9.98,1687,1173,6.94,11.07,106,62.7,448,4.23,156,1.47,2,2.71,18,9,1,52,0.021,84.8,137,0,14,8.3,124,73.4,25,11,7,4.1,32,20,62.5,2,11,0.1,0,-1.01,0.265,130.8,100,42,4.7,235.3,232.5,13.84,13.68,0.16,0.09,0.09,232.5
2025,48,Miami Dolphins,17,Slot,100,35.66084788029925,2066,143,0.56,0.07,7.76,1110,1149,8.03,10.84,106,74.1,533,5.03,155,1.46,10,7.49,17,7,2,54,0.026,111.9,95,0,7,4.9,120,83.9,10,17.2,9,6.3,17,9,52.9,1,18,0.17,0,0.55,0.338,125.9,100,51,2.8,280.9,260.3,16.52,15.31,1.21,0.14,0.13,260.3
2025,49,Dallas Cowboys,17,Slot,100,34.63414634146341,2224,142,0.51,0.06,8.27,1174,1138,8.01,10.64,107,75.4,503,4.7,137,1.28,11,9.65,27,14,9,52,0.023,121.2,107,0,22,15.5,117,82.4,16,17.8,5,3.5,15,9,60,1,12,0.11,0,0.37,0.385,143,100,41.5,4.2,286.8,268.9,16.87,15.82,1.05,0.13,0.12,268.9
2025,50,Atlanta Falcons,17,Slot,100,34.1645885286783,2197,137,0.51,0.06,9.77,1338,1120,8.18,12.17,92,67.2,479,5.21,158,1.72,4,4.66,17,7,3,56,0.025,89.7,105,0,8,5.8,110,80.3,20,18.3,8,5.8,30,16,53.3,2,17,0.18,0,0.19,0.375,156.9,100,33.6,2.2,228,223,13.41,13.12,0.29,0.1,0.1,223
2025,51,Tennessee Titans,17,Slot,100,31,2071,124,0.51,0.06,7.81,968,1066,8.6,11.46,93,75,481,5.17,152,1.63,10,9.54,17,8,6,48,0.023,123.9,93,0,11,8.9,106,85.5,12,15.4,1,0.8,19,8,42.1,1,14,0.15,0,1.13,0.429,158.1,100,62.1,2.4,259.6,248.9,15.27,14.64,0.63,0.13,0.12,248.9
2025,52,Tampa Bay Buccaneers,17,Slot,100,32.50564334085779,2255,144,0.47,0.06,8.66,1247,1049,7.28,10.09,104,72.2,413,3.97,141,1.36,8,6.97,16,10,6,61,0.027,99.6,113,0,13,9,119,82.6,15,12.9,7,4.9,27,16,59.3,0,14,0.13,0,-0.42,0.313,153.5,100,50.7,3.5,256.9,256.4,15.11,15.08,0.03,0.11,0.11,256.4
2025,53,Las Vegas Raiders,17,Slot,100,35.54987212276215,2041,139,0.51,0.07,8.86,1231,1046,7.53,10.16,103,74.1,399,3.87,148,1.44,9,10.44,27,12,5,52,0.025,110.8,105,0,14,10.1,113,81.3,15,11.8,5,3.6,15,9,60,0,14,0.14,0,-0.12,0.386,145.3,100,33.1,2.9,261.6,271,15.39,15.94,-0.55,0.13,0.13,271
2025,54,Jacksonville Jaguars,17,Slot,100,32.857142857142854,2465,161,0.39,0.07,9.52,1533,967,6.01,9.87,98,60.9,360,3.67,116,1.18,4,3.93,20,10,2,51,0.021,68,128,0,17,10.6,120,74.5,22,12.6,9,5.6,33,17,51.5,1,15,0.15,0,-1.93,-0.049,158.4,100,42.2,3.7,218.7,232.9,12.86,13.7,-0.84,0.09,0.09,232.9
2025,55,New England Patriots,17,Slot,100,34.52685421994885,2021,135,0.48,0.07,8.07,1090,967,7.16,10.18,95,70.4,399,4.2,112,1.18,9,8.71,17,11,6,44,0.022,97.4,102,0,15,11.1,109,80.7,13,12.6,6,4.4,23,13,56.5,3,10,0.11,0,-0.45,0.151,145.2,99.3,40.7,3.7,245.7,246.6,14.45,14.51,-0.06,0.12,0.12,246.6
2025,56,Los Angeles Chargers,17,Slot,100,35.07853403141361,2069,134,0.45,0.06,8.69,1164,940,7.01,10.56,89,66.4,430,4.83,148,1.66,6,6.22,19,10,3,46,0.022,86,104,0,19,14.2,99,73.9,20,13.8,5,3.7,13,7,53.8,0,15,0.17,0,-0.56,0.289,147.8,100,33.6,3,219,217.8,12.88,12.81,0.07,0.11,0.11,217.8
2025,57,Kansas City Chiefs,17,Slot,100,38.402061855670105,1949,149,0.48,0.08,6.7,998,935,6.28,8.66,108,72.5,441,4.08,135,1.25,6,5.92,14,4,4,48,0.025,93.7,126,0,23,15.4,120,80.5,10,9.2,9,6,21,19,90.5,3,9,0.08,0,-0.93,0.115,120.8,100,36.2,3.4,237.5,238.7,13.97,14.04,-0.07,0.12,0.12,238.7
2025,58,Buffalo Bills,17,Slot,100,41.08761329305136,1825,136,0.51,0.07,8.96,1218,931,6.85,11.22,83,61,358,4.31,142,1.71,6,6.8,23,16,5,45,0.025,93.1,105,0,15,11,99,72.8,14,16.9,9,6.6,24,15,62.5,1,13,0.16,0,-0.98,0.216,122.1,100,19.9,1.5,212.1,220.2,12.48,12.95,-0.47,0.12,0.12,220.2
2025,59,Los Angeles Rams,17,Slot,100,36.21867881548975,2319,159,0.4,0.07,7.68,1221,929,5.84,8.68,107,67.3,338,3.16,116,1.08,8,5.87,29,10,4,48,0.021,88.8,123,0,17,10.7,120,75.5,12,8.6,4,2.5,27,17,63,0,14,0.13,0,-1.69,0.065,132.7,100,42.1,1.3,247.9,235.5,14.58,13.85,0.73,0.11,0.1,235.5
2025,60,New Orleans Saints,17,Slot,100,32.36842105263158,1969,123,0.45,0.06,8.42,1036,878,7.14,10.33,85,69.1,357,4.2,112,1.32,3,4.52,10,3,2,42,0.021,94.2,95,0,11,8.9,97,78.9,13,16.5,6,4.9,20,12,60,1,11,0.13,0,-0.64,0.245,151.2,100,53.7,4.1,190.8,206.9,11.22,12.17,-0.95,0.1,0.11,206.9
2025,61,Philadelphia Eagles,17,Slot,100,35.45232273838631,2255,145,0.38,0.06,8.94,1296,857,5.91,10.08,85,58.6,345,4.06,143,1.68,1,2.9,16,8,0,39,0.017,66.4,99,0,16,11,117,80.7,19,12.7,16,11,28,13,46.4,3,10,0.12,0,-1.87,-0.163,146.2,100,32.4,3.4,176.7,223.4,10.39,13.14,-2.75,0.08,0.1,223.4
2025,62,Green Bay Packers,17,Slot,100,29.67581047381546,2177,119,0.37,0.05,6.98,831,811,6.82,9.01,90,75.6,375,4.17,155,1.72,8,6.71,19,8,6,46,0.021,105.4,86,0,16,13.4,100,84,12,7.9,4,3.4,25,19,76,1,12,0.13,0,-0.41,0.356,179.8,100,53.8,3.4,219.1,203.2,12.89,11.96,0.93,0.1,0.09,203.2
2025,63,Minnesota Vikings,17,Slot,100,36.92307692307693,1811,120,0.44,0.07,7.94,953,805,6.71,9.7,83,69.2,315,3.8,110,1.33,4,4.2,14,9,3,35,0.019,91.8,88,0,14,11.7,95,79.2,11,9.1,8,6.7,9,4,44.4,0,12,0.14,0,-0.78,0.145,122.5,100,45.8,2.5,187.5,201.6,11.03,11.86,-0.83,0.1,0.11,201.6
2025,64,Cleveland Browns,17,Slot,100,32.686980609418285,1932,118,0.41,0.06,8.48,1001,800,6.78,10.81,74,62.7,387,5.23,131,1.77,4,6.4,18,7,1,41,0.021,86.8,96,0,15,12.7,85,72,15,16.4,7,5.9,16,10,62.5,1,4,0.05,0,-1.01,0.126,150.8,100,50.8,4.2,178,195.3,10.47,11.49,-1.02,0.09,0.1,195.3
2025,65,Cincinnati Bengals,16,Inline,100,19.35483870967742,2070,78,0.36,0.04,5.81,453,736,9.44,13.14,56,71.8,490,8.75,164,2.93,7,6.26,17,6,3,37,0.018,125.8,49,0,7,9,70,89.7,4,30.2,6,7.7,8,0,0,0,12,0.21,0,2.29,0.538,232.1,179.5,98.7,5.1,171.6,160,10.72,10,0.72,0.08,0.08,160
2025,66,Tennessee Titans,17,Inline,100,19.25,2071,77,0.33,0.04,4.74,365,692,8.99,10.65,65,84.4,448,6.89,151,2.32,5,5.02,9,5,3,35,0.017,120.3,48,0,10,13,70,90.9,3,15.5,1,1.3,9,4,44.4,1,6,0.09,0,2.19,0.453,254.5,161,100,3.9,164.2,148.9,9.66,8.76,0.9,0.08,0.07,148.9
2025,67,Miami Dolphins,17,Inline,100,18.453865336658353,2066,74,0.31,0.04,5.39,399,642,8.68,9.88,65,87.8,355,5.46,77,1.18,4,4.66,12,5,3,33,0.016,120.8,59,0,5,6.8,68,91.9,4,12.5,2,2.7,6,4,66.7,0,4,0.06,0,1.68,0.462,243.2,193.2,98.6,5.4,153.2,147.1,9.01,8.65,0.36,0.07,0.07,147.1
2025,68,Indianapolis Colts,17,Inline,100,15.163934426229508,2448,74,0.25,0.03,6.26,463,606,8.19,10.45,58,78.4,305,5.26,92,1.59,1,2.11,9,4,1,33,0.013,105.3,45,0,4,5.4,69,93.2,0,9.3,4,5.4,18,12,66.7,0,2,0.03,0,0.81,0.41,316.2,240.5,100,2.7,124.6,124.3,7.33,7.31,0.02,0.05,0.05,124.3
2025,69,Washington Commanders,17,Inline,100,15.914489311163896,2161,67,0.27,0.03,4.99,334,589,8.79,11.55,51,76.1,384,7.53,120,2.35,6,5.5,12,5,2,29,0.013,132,46,0,4,6,60,89.6,4,15.6,6,9,9,6,66.7,1,7,0.14,0,1.89,0.443,294,223.9,98.5,10.4,145.9,134,8.58,7.88,0.7,0.07,0.06,134
2025,70,San Francisco 49ers,17,Inline,100,18.2648401826484,2236,80,0.26,0.04,6.05,484,587,7.34,10.48,56,70,324,5.79,97,1.73,6,5.83,15,5,3,30,0.013,105.6,47,0,8,10,63,78.8,6,16.3,3,3.8,11,7,63.6,0,7,0.13,0,-0.09,0.154,233.8,207.5,100,6.3,150.7,143.5,8.86,8.44,0.42,0.07,0.06,143.5
2025,71,Tampa Bay Buccaneers,17,Inline,100,16.478555304740404,2255,73,0.25,0.03,5.49,401,574,7.86,9.73,59,80.8,326,5.53,102,1.73,6,4.68,9,2,1,27,0.012,115.4,48,0,7,9.6,65,89,3,6,1,1.4,11,7,63.6,0,10,0.17,0,0.97,0.279,302.7,197.3,100,6.8,152.4,135.6,8.96,7.98,0.98,0.07,0.06,135.6
2025,72,Arizona Cardinals,16,Inline,100,16.666666666666664,2198,71,0.25,0.03,6.44,457,555,7.82,10.88,51,71.8,269,5.27,93,1.82,8,8.51,22,6,3,32,0.015,126.2,52,0,3,4.2,64,90.1,3,15.4,10,14.1,7,1,14.3,1,3,0.06,0,0.48,0.423,278.9,216.9,100,4.2,154.5,161.3,9.66,10.08,-0.42,0.07,0.07,161.3
2025,73,Pittsburgh Steelers,15,Inline,100,13.91304347826087,2425,64,0.23,0.03,4.03,258,555,8.67,9.57,58,90.6,336,5.79,101,1.74,3,2.58,10,2,1,22,0.009,118.4,38,0,2,3.1,60,93.8,0,11.5,2,3.1,6,5,83.3,0,10,0.17,0,2.08,0.311,364.1,251.6,100,3.1,131.5,116.1,8.77,7.74,1.03,0.05,0.05,116.1
2025,74,Jacksonville Jaguars,17,Inline,100,13.877551020408163,2465,68,0.21,0.03,7.19,489,529,7.78,10.58,50,73.5,238,4.76,75,1.5,5,3.48,11,6,4,28,0.011,120.3,52,0,5,7.4,56,82.4,7,16.7,2,2.9,10,4,40,1,4,0.08,0,0.43,0.292,375,236.8,100,8.8,132.9,121.4,7.82,7.14,0.68,0.05,0.05,121.4
2025,75,Carolina Panthers,17,Inline,100,15.66579634464752,1961,60,0.26,0.03,5.02,301,517,8.62,10.55,49,81.7,326,6.65,92,1.88,5,4.6,12,4,3,29,0.015,130.3,40,0,6,10,53,88.3,2,15,4,6.7,3,2,66.7,0,7,0.14,0,1.74,0.622,303.3,228.3,100,6.7,130.7,119.3,7.69,7.02,0.67,0.07,0.06,119.3
2025,76,Cleveland Browns,16,Inline,100,16.62049861495845,1932,60,0.26,0.03,4.55,273,510,8.5,10.41,49,81.7,352,7.18,107,2.18,5,5.24,10,5,3,23,0.012,122.9,41,0,4,6.7,54,90,4,9.8,4,6.7,3,2,66.7,0,6,0.12,0,1.63,0.267,296.7,196.7,100,8.3,130,124.5,8.13,7.78,0.35,0.07,0.06,124.5
2025,77,New Orleans Saints,17,Inline,100,17.36842105263158,1969,66,0.26,0.03,4.73,312,508,7.7,9.58,53,80.3,337,6.36,134,2.53,5,4.48,12,4,2,27,0.014,117.7,48,0,8,12.1,57,86.4,4,8.9,3,4.5,6,5,83.3,1,9,0.17,0,0.68,0.249,281.8,186.4,100,7.6,133.8,125.6,7.87,7.39,0.48,0.07,0.06,125.6
2025,78,Seattle Seahawks,17,Inline,100,15.945330296127564,2405,70,0.2,0.03,4.14,290,490,7,9.42,52,74.3,325,6.25,76,1.46,3,2.72,10,3,1,28,0.012,107.4,47,0,9,12.9,63,90,3,17.4,9,12.9,7,4,57.1,0,5,0.1,0,0.22,0.364,287.1,231.4,100,8.6,119,120.1,7,7.07,-0.07,0.05,0.05,120.1
2025,79,Kansas City Chiefs,17,Inline,100,13.917525773195877,1949,54,0.25,0.03,4.28,231,487,9.02,10.82,45,83.3,326,7.24,84,1.87,1,1.3,5,1,0,18,0.009,102.7,32,0,8,14.8,49,90.7,4,16.7,2,3.7,6,3,50,0,2,0.04,0,2.24,0.32,333.3,275.9,100,9.3,99.7,90.3,5.86,5.31,0.55,0.05,0.05,90.3
2025,80,Dallas Cowboys,17,Inline,100,14.390243902439023,2224,59,0.22,0.03,5.42,320,481,8.15,9.43,51,86.4,239,4.69,98,1.92,2,1.96,7,1,1,24,0.011,111.9,42,0,7,11.9,53,89.8,1,8.9,2,3.4,7,7,100,0,4,0.08,0,1.06,0.453,344.1,240.7,100,10.2,111.1,102.3,6.54,6.02,0.52,0.05,0.05,102.3
2025,81,Los Angeles Rams,14,Inline,100,15.261958997722095,2319,67,0.2,0.03,4.64,311,474,7.07,8.62,55,82.1,230,4.18,89,1.62,4,2.72,7,2,2,24,0.01,103.6,34,0,5,7.5,63,94,2,10.4,3,4.5,15,10,66.7,0,5,0.09,0,0.24,0.23,314.9,237.3,100,3,126.4,117,9.03,8.36,0.67,0.05,0.05,117
2025,82,Chicago Bears,17,Inline,100,16.502463054187192,2112,67,0.22,0.03,4.81,322,460,6.87,7.93,58,86.6,268,4.62,79,1.36,4,3.93,9,3,2,20,0.009,102.7,51,0,6,9,62,92.5,2,10,3,4.5,10,8,80,0,7,0.12,0,0.06,0.233,276.1,228.4,100,1.5,128,121.4,7.53,7.14,0.39,0.06,0.06,121.4
2025,83,New York Jets,16,Inline,100,14.17910447761194,1931,57,0.24,0.03,4.19,239,459,8.05,9.98,46,80.7,325,7.07,101,2.2,7,6.78,11,5,5,31,0.016,139.8,43,0,8,14,52,91.2,2,13.5,3,5.3,8,6,75,0,3,0.07,0,1.16,0.487,333.3,261.4,100,10.5,133.9,130.3,8.37,8.15,0.22,0.07,0.07,130.3
2025,84,Denver Broncos,16,Inline,100,15.13859275053305,2482,71,0.17,0.03,4.7,334,433,6.1,8.84,49,69,222,4.53,62,1.27,5,4.72,9,4,3,25,0.01,108.5,51,0,6,8.5,64,90.1,4,9.1,7,9.9,11,4,36.4,0,7,0.14,0,-0.79,0.144,311.3,238,100,11.3,122.3,136.4,7.64,8.53,-0.89,0.05,0.05,136.4
2025,85,New England Patriots,16,Inline,100,14.066496163682865,2021,55,0.2,0.03,4.22,232,408,7.42,8.33,49,89.1,218,4.45,75,1.53,3,2.71,7,2,2,20,0.01,115.8,31,0,1,1.8,52,94.5,1,9.1,1,1.8,10,8,80,0,2,0.04,0,0.64,0.266,356.4,243.6,100,9.1,107.8,97.6,6.74,6.1,0.64,0.05,0.05,97.6
2025,86,Los Angeles Chargers,16,Inline,100,12.041884816753926,2069,46,0.19,0.02,4.91,226,399,8.67,10.78,37,80.4,247,6.68,70,1.89,1,1.29,5,1,0,18,0.009,110.1,34,0,6,13,39,84.8,3,15.2,2,4.3,6,6,100,0,4,0.11,0,1.64,0.406,430.4,291.3,97.8,8.7,82.9,70.6,5.18,4.41,0.77,0.04,0.03,70.6
2025,87,Minnesota Vikings,16,Inline,100,16.923076923076923,1811,55,0.22,0.03,3.15,173,396,7.2,9.21,43,78.2,305,7.09,103,2.4,1,1.26,5,0,0,14,0.008,102.7,31,0,6,10.9,46,83.6,2,7.3,2,3.6,5,3,60,0,7,0.16,0,0.91,0.081,267.3,218.2,100,5.5,88.6,83,5.54,5.19,0.35,0.05,0.05,83
2025,88,New York Giants,16,Inline,100,13.043478260869565,2148,54,0.18,0.03,4.46,241,389,7.2,9.26,42,77.8,199,4.74,62,1.48,1,1.36,6,0,0,20,0.009,95.1,38,0,5,9.3,49,90.7,2,13.5,3,5.6,9,4,44.4,0,2,0.05,0,0.32,0.094,388.9,272.2,100,5.6,86.9,90.4,5.43,5.65,-0.22,0.04,0.04,90.4
2025,89,Baltimore Ravens,15,Inline,100,10.84598698481562,2428,50,0.15,0.02,6.68,334,370,7.4,9.49,39,78,167,4.28,69,1.77,3,3.04,10,4,2,20,0.008,117.5,31,0,4,8,43,86,5,11.8,1,2,8,5,62.5,1,3,0.08,0,0.06,0.377,512,300,98,10,94,90.1,6.27,6.01,0.26,0.04,0.04,90.1
2025,90,Green Bay Packers,17,Inline,100,15.96009975062344,2177,64,0.17,0.03,4.42,283,362,5.66,7.54,48,75,213,4.44,70,1.46,3,1.87,7,3,0,15,0.007,97.3,33,0,4,6.3,53,82.8,2,6.7,0,0,7,3,42.9,0,5,0.1,0,-1.15,0.14,334.4,185.9,100,6.3,102.2,97,6.01,5.71,0.3,0.05,0.04,97
2025,91,Atlanta Falcons,15,Inline,100,11.471321695760599,2197,46,0.14,0.02,6.28,289,314,6.83,9.52,33,71.7,151,4.58,60,1.82,0,0.39,8,1,0,9,0.004,72.2,32,0,2,4.3,40,87,2,18.5,4,8.7,10,4,40,1,1,0.03,0,-0.47,-0.116,467.4,297.8,100,6.5,64.4,71,4.29,4.73,-0.44,0.03,0.03,71
2025,92,Las Vegas Raiders,14,Inline,100,11.76470588235294,2041,46,0.15,0.02,5.13,236,314,6.83,8.97,35,76.1,185,5.29,47,1.34,4,5.61,10,2,2,17,0.008,122.9,30,0,4,8.7,41,89.1,3,14.3,4,8.7,4,2,50,1,2,0.06,0,-0.25,0.291,439.1,302.2,100,8.7,90.4,101.2,6.46,7.23,-0.77,0.04,0.05,101.2
2025,93,Philadelphia Eagles,16,Inline,100,11.491442542787286,2255,47,0.14,0.02,5.23,246,305,6.49,8.03,38,80.9,157,4.13,68,1.79,4,3.88,7,3,2,16,0.007,113.2,33,0,5,10.6,42,89.4,3,12.1,2,4.3,5,4,80,0,5,0.13,0,-0.63,0.164,451.1,308.5,100,10.6,92.5,93.5,5.78,5.84,-0.06,0.04,0.04,93.5
2025,94,Detroit Lions,15,Inline,100,11.791383219954648,2229,52,0.13,0.02,6.38,332,280,5.38,7.57,37,71.2,123,3.32,65,1.76,4,3.61,9,2,2,17,0.008,101.4,37,0,3,5.8,43,82.7,4,9.7,4,7.7,7,4,57.1,2,4,0.11,0,-1.96,-0.143,438.5,300,100,9.6,89,92.7,5.93,6.18,-0.25,0.04,0.04,92.7
2025,95,Houston Texans,16,Inline,100,14.720812182741117,2161,58,0.13,0.03,5.07,294,274,4.72,6.68,41,70.7,173,4.22,77,1.88,4,4.14,13,5,4,17,0.008,89.3,35,0,2,3.4,48,82.8,3,6.7,5,8.6,11,8,72.7,0,4,0.1,0,-2.27,-0.059,315.5,256.9,100,5.2,92.4,96.6,5.78,6.04,-0.26,0.04,0.04,96.6
2025,96,Buffalo Bills,12,Inline,100,8.157099697885197,1825,27,0.09,0.01,4.81,130,159,5.89,9.35,17,63,110,6.47,31,1.82,1,1.55,6,1,1,9,0.005,91.4,20,0,0,0,23,85.2,0,7.1,4,14.8,5,2,40,0,2,0.12,0,-0.85,0.086,614.8,503.7,100,7.4,38.9,44.2,3.24,3.68,-0.44,0.02,0.02,44.2
2025,97,Denver Broncos,7,Backfield,100,1.7057569296375266,2482,8,0.05,0,5.5,44,112,14,16,7,87.5,69,9.86,10,1.43,0,0.12,1,0,0,6,0.002,118.8,6,0,1,12.5,8,100,0,28.6,1,12.5,0,0,0,0,1,0.14,0,5.9,0.711,2762.5,2112.5,887.5,100,18.2,16.9,2.6,2.42,0.18,0.01,0.01,16.9
2025,98,New York Jets,4,Backfield,100,1.4925373134328357,1931,6,0.04,0,9.83,59,82,13.67,16.4,5,83.3,51,10.2,37,7.4,1,0.72,1,2,1,3,0.002,158.3,5,0,1,16.7,5,83.3,1,50,0,0,0,0,0,0,1,0.2,0,4.76,1.127,3166.7,2483.3,950,100,19.2,14.3,4.8,3.59,1.21,0.01,0.01,14.3
2025,99,Cincinnati Bengals,3,Backfield,100,0.9925558312655087,2070,4,0.03,0,12.5,50,56,14,18.67,3,75,23,7.67,18,6,0,0.18,1,1,0,3,0.001,116.7,2,0,0,0,4,100,1,66.7,1,25,1,1,100,0,2,0.67,0,4.83,0.754,4525,3500,1925,100,8.6,8,2.87,2.68,0.19,0,0,8
2025,100,San Francisco 49ers,4,Backfield,100,1.141552511415525,2236,5,0.02,0,3.6,18,51,10.2,10.2,5,100,33,6.6,17,3.4,0,0.03,1,0,0,3,0.001,109.2,3,0,0,0,5,100,0,0,0,0,0,0,0,0,2,0.4,0,4.25,1.083,3740,3320,1600,100,10.1,8.4,2.52,2.1,0.42,0,0,8.4
2025,101,Washington Commanders,4,Backfield,100,1.66270783847981,2161,7,0.02,0,0.71,5,47,6.71,9.4,5,71.4,55,11,22,4.4,0,0.06,1,0,0,4,0.002,89.6,5,0,2,28.6,5,71.4,0,0,0,0,0,0,0,0,1,0.2,0,1.13,0.528,2814.3,2142.9,942.9,100,9.7,8.2,2.42,2.05,0.37,0,0,8.2
2025,102,New England Patriots,5,Backfield,100,1.278772378516624,2021,5,0.02,0,2,10,46,9.2,9.2,5,100,36,7.2,8,1.6,1,0.52,1,0,0,2,0.001,144.6,4,0,1,20,5,100,0,0,0,0,0,0,0,0,0,0,0,3.05,0.473,3920,2680,1100,100,15.6,11.8,3.12,2.37,0.75,0.01,0.01,11.8
2025,103,Green Bay Packers,4,Backfield,100,0.997506234413965,2177,4,0.02,0,6.25,25,42,10.5,14,3,75,20,6.67,2,0.67,0,0.05,0,0,0,3,0.001,108.3,2,0,0,0,4,100,1,33.3,0,0,2,1,50,0,2,0.67,0,2.6,0.341,5350,2975,1600,100,7.2,6.1,1.8,1.52,0.28,0,0,6.1
2025,104,Kansas City Chiefs,5,Backfield,100,1.2886597938144329,1949,5,0.02,0,7,35,41,8.2,10.25,4,80,20,5,13,3.25,0,0.05,0,0,0,2,0.001,100.8,2,0,0,0,5,100,0,0,0,0,0,0,0,0,1,0.25,0,0.35,-0.054,3600,2980,1080,100,8.1,10.7,1.62,2.13,-0.51,0,0.01,10.7
2025,105,Miami Dolphins,3,Backfield,100,0.997506234413965,2066,4,0.02,0,2,8,41,10.25,10.25,4,100,33,8.25,7,1.75,0,0.03,0,0,0,2,0.001,109.4,1,0,0,0,4,100,0,25,0,0,0,0,0,0,0,0,0,4.6,1.36,4500,3575,1825,100,8.1,6.7,2.7,2.23,0.47,0,0,6.7
2025,106,New Orleans Saints,4,Backfield,100,1.3157894736842104,1969,5,0.02,0,3.4,17,40,8,8,5,100,23,4.6,7,1.4,0,0.16,1,0,0,2,0.001,100,3,0,0,0,5,100,0,0,0,0,0,0,0,0,0,0,0,1.42,0.357,3720,2460,1320,100,9,9.9,2.25,2.48,-0.23,0,0.01,9.9
2025,107,Pittsburgh Steelers,2,Backfield,100,0.43478260869565216,2425,2,0.01,0,8,16,35,17.5,17.5,2,100,19,9.5,4,2,0,0.02,0,0,0,2,0.001,118.8,2,0,0,0,2,100,0,0,0,0,0,0,0,0,0,0,0,9.79,0.978,11650,8050,3200,100,5.5,3.9,2.75,1.97,0.78,0,0,3.9
2025,108,Cleveland Browns,4,Backfield,100,1.3850415512465373,1932,5,0.02,0,1.8,9,34,6.8,8.5,4,80,33,8.25,9,2.25,0,0.41,1,1,0,3,0.002,95,2,0,0,0,5,100,0,0,1,20,1,0,0,0,0,0,0,0.63,0.535,3560,2360,1200,100,7.4,10.2,1.85,2.55,-0.7,0,0.01,10.2
2025,109,Arizona Cardinals,3,Backfield,100,0.7042253521126761,2198,3,0.01,0,0.33,1,31,10.33,10.33,3,100,30,10,6,2,0,0,0,0,0,2,0.001,109.7,1,0,0,0,3,100,0,0,0,0,0,0,0,0,0,0,0,4.59,0.752,6600,5133.3,2366.7,100,6.1,4.9,2.03,1.64,0.39,0,0,4.9
2025,110,Houston Texans,3,Backfield,100,0.7614213197969544,2161,3,0.01,0,2.33,7,31,10.33,10.33,3,100,24,8,9,3,0,0.01,0,0,0,1,0,109.7,2,0,0,0,3,100,0,33.3,0,0,0,0,0,0,1,0.33,0,4.45,0.375,6100,4966.7,1933.3,100,6.1,5,2.03,1.68,0.35,0,0,5
2025,111,New York Giants,2,Backfield,100,0.7246376811594203,2148,3,0.01,0,1.33,4,30,10,10,3,100,26,8.67,6,2,0,0,0,0,0,2,0.001,108.3,2,0,0,0,3,100,0,33.3,0,0,0,0,0,0,0,0,0,4.45,0.609,7000,4900,1800,100,6,5,3,2.5,0.5,0,0,5
2025,112,Atlanta Falcons,2,Backfield,100,0.7481296758104738,2197,3,0.01,0,11.67,35,28,9.33,14,2,66.7,5,2.5,1,0.5,1,0.99,1,0,0,2,0.001,136.1,2,0,0,0,2,66.7,0,0,0,0,0,0,0,0,0,0,0,0.64,1.314,7166.7,4566.7,1533.3,100,10.8,12.3,5.4,6.14,-0.74,0,0.01,12.3
2025,113,Dallas Cowboys,5,Backfield,100,1.4634146341463417,2224,6,0.01,0,-2.33,-14,28,4.67,4.67,6,100,42,7,20,3.33,0,0.02,0,0,0,2,0.001,86.1,2,0,1,16.7,6,100,0,0,0,0,0,0,0,0,1,0.17,0,-0.29,0.34,3383.3,2366.7,983.3,100,8.8,9.3,1.76,1.87,-0.11,0,0,9.3
2025,114,Los Angeles Chargers,3,Backfield,100,1.0471204188481675,2069,4,0.01,0,2,8,26,6.5,6.5,4,100,18,4.5,7,1.75,0,0.04,1,0,0,1,0,93.8,3,0,0,0,4,100,0,0,0,0,0,0,0,0,0,0,0,0.29,-0.141,4950,3350,1125,100,6.6,6.7,2.2,2.22,-0.02,0,0,6.7
2025,115,Detroit Lions,5,Backfield,100,1.1337868480725624,2229,5,0.01,0,3.6,18,25,5,6.25,4,80,17,4.25,3,0.75,1,0.79,2,0,0,2,0.001,127.1,2,0,0,0,4,80,0,0,0,0,0,0,0,0,0,0,0,-1.15,0.643,4560,3120,1040,100,12.5,10.8,2.5,2.16,0.34,0.01,0,10.8
2025,116,Las Vegas Raiders,3,Backfield,100,1.0230179028132993,2041,4,0.01,0,-2.75,-11,25,6.25,6.25,4,100,36,9,11,2.75,0,0.35,1,0,0,0,0,92.7,2,0,2,50,4,100,0,0,0,0,0,0,0,0,1,0.25,0,1.76,0.797,5050,3475,1150,100,6.5,8.2,2.17,2.72,-0.55,0,0,8.2
2025,117,Seattle Seahawks,4,Backfield,100,1.366742596810934,2405,6,0.01,0,-0.83,-5,25,4.17,6.25,4,66.7,33,8.25,7,1.75,0,0.08,1,0,0,0,0,75,1,0,0,0,5,83.3,0,0,1,16.7,0,0,0,0,0,0,0,-0.81,-0.453,3350,2700,1166.7,100,6.5,8.4,1.63,2.1,-0.47,0,0,8.4
2025,118,Philadelphia Eagles,4,Backfield,100,1.2224938875305624,2255,5,0.01,0,-0.6,-3,22,4.4,5.5,4,80,22,5.5,13,3.25,0,0.05,1,0,0,1,0,85,5,0,0,0,5,100,0,0,1,20,0,0,0,0,0,0,0,-0.86,0.093,4240,2900,940,100,6.2,7.9,1.55,1.96,-0.41,0,0,7.9
2025,119,Baltimore Ravens,5,Backfield,100,1.0845986984815619,2428,5,0.01,0,-0.2,-1,21,4.2,4.2,5,100,22,4.4,3,0.6,0,0.08,1,0,0,0,0,84.2,2,0,1,20,5,100,0,0,0,0,0,0,0,0,0,0,0,-1.03,-0.249,5120,3000,980,100,7.1,8.2,1.42,1.63,-0.21,0,0,8.2
2025,120,Los Angeles Rams,2,Backfield,100,0.45558086560364464,2319,2,0.01,0,2,4,17,8.5,8.5,2,100,13,6.5,0,0,0,0,0,0,0,1,0,102.1,1,0,0,0,2,100,0,0,0,0,0,0,0,0,0,0,0,2.78,1.09,10550,7950,3350,100,3.7,3.3,1.85,1.65,0.2,0,0,3.3
2025,121,Houston Texans,1,Untargeted,100,0.25380710659898476,2161,1,0.01,0,0,0,16,16,16,1,100,0,0,0,0,0,0,0,0,0,1,0,118.8,1,0,0,0,1,100,0,0,0,0,0,0,0,0,0,0,0,0,3.513,18300,14900,5800,300,2.6,0,2.6,0,2.6,0,0,0
2025,122,Tampa Bay Buccaneers,5,Backfield,100,1.1286681715575622,2255,5,0,0,3.2,16,11,2.2,5.5,2,40,4,2,1,0.5,0,0.01,0,0,0,0,0,47.9,2,0,0,0,4,80,0,0,1,20,2,1,50,0,0,0,0,-3.81,-0.993,4420,2880,1460,100,3.1,5.5,0.62,1.09,-0.47,0,0,5.5
2025,123,Jacksonville Jaguars,5,Backfield,100,1.2244897959183674,2465,6,0,0,-1.33,-8,10,1.67,2,5,83.3,17,3.4,1,0.2,0,0.01,0,0,0,0,0,79.2,3,0,0,0,5,83.3,0,0,0,0,1,1,100,0,0,0,0,-3.55,-0.844,4250,2683.3,1133.3,100,6,7,1.2,1.4,-0.2,0,0,7
2025,124,Indianapolis Colts,2,Backfield,100,0.4098360655737705,2448,2,0,0,0,0,9,4.5,9,1,50,13,13,7,7,0,0,0,0,0,0,0,62.5,1,0,1,50,1,50,0,0,0,0,0,0,0,0,1,1,0,-0.78,-0.255,11700,8900,3700,100,1.9,1.6,0.95,0.8,0.15,0,0,1.6
2025,125,Tennessee Titans,2,Backfield,100,0.75,2071,3,0,0,5,15,9,3,4.5,2,66.7,12,6,1,0.5,0,0.02,0,0,0,0,0,70.1,3,0,1,33.3,3,100,0,0,1,33.3,1,0,0,0,0,0,0,-5.36,-0.143,6533.3,4133.3,2566.7,100,2.9,5.2,1.45,2.6,-1.15,0,0,5.2
2025,126,Buffalo Bills,2,Backfield,100,0.6042296072507553,1825,2,0,0,0,0,7,3.5,7,1,50,7,7,3,3,0,0.04,2,0,0,1,0.001,58.3,1,0,0,0,1,50,0,0,0,0,0,0,0,0,0,0,0,-2.54,0.107,8300,6800,1350,100,1.7,1.6,0.85,0.8,0.05,0,0,1.6
2025,127,Minnesota Vikings,3,Backfield,100,0.9230769230769231,1811,3,0,0,0,0,4,1.33,4,1,33.3,5,5,2,2,1,0.18,2,0,0,1,0.001,81.9,1,0,0,0,2,66.7,0,0,1,33.3,0,0,0,0,0,0,0,-3.99,0.071,4900,4000,1833.3,100,7.4,3.5,2.47,1.18,1.29,0,0,3.5
2025,128,Carolina Panthers,4,Backfield,100,1.0443864229765014,1961,4,0,0,-1,-4,0,0,0,3,75,5,1.67,4,1.33,0,0.02,0,0,0,0,0,77.1,1,0,0,0,4,100,0,0,1,25,1,1,100,0,0,0,0,-5.83,-1.059,4550,3425,1500,100,3,5.5,0.75,1.38,-0.63,0,0,5.5
2025,129,Chicago Bears,1,Backfield,100,0.24630541871921183,2112,1,0,0,2,2,0,0,0,0,0,0,0,0,0,0,0.69,1,0,0,0,0,39.6,1,0,0,0,1,100,0,0,1,100,0,0,0,0,0,0,0,-5.33,-1.068,18500,15300,6700,100,0,5.6,0,5.59,-5.59,0,0,5.6
Exported from Data Suite 2.0 by michaelgingrave (user 380) on 2026-09-10 11:35 UTC,,,,,,,,,,,,,,,,,,,,,,,,,,,,,,,,,,,,,,,,,,,,,,,,,,,,,,,,,,,,