,Player Details,Player Details,Player Details,Player Details,Player Details,Splits,Splits,Splits,Receiving,Receiving,Receiving,Receiving,Receiving,Receiving,Receiving,Receiving,Receiving,Receiving,Receiving,Receiving,Receiving,FP,FP
Season,Rank,Name,Team,POS,G,WEEK,OPP,TGT %,TGT,TGT %,REC,YDS,TM YDS %,YPR,YPT,CR %,TD,TM TD %,i10,i20 TGT,FUM,FP,FP/G
2025,,League Avg,,,,,,,6.022132796780684,18.703018108651925,4.293762575452717,57.80281690140845,25.033802816901392,13.46,9.6,71.3,0.37424547283702214,18.432997987927568,0.36619718309859156,0.8008048289738431,0.02414486921529175,12.433199195171031,12.433239436619724
2025,1,Puka Nacua,LA,WR,1,16,SEA,9.815950920245399,16,32.7,12,225,49.2,18.75,14.06,75,2,66.7,2,2,0,46.5,46.5
2025,2,Puka Nacua,LA,WR,1,15,DET,6.748466257668712,11,28.9,9,181,49.2,20.11,16.45,81.8,0,0,0,0,0,27.9,27.9
2025,3,Puka Nacua,LA,WR,1,14,ARZ,6.748466257668712,11,35.5,7,167,59.4,23.86,15.18,63.6,2,66.7,0,0,0,35.7,35.7
2025,4,Kyle Pitts,ATL,TE,1,15,TB,10.344827586206897,12,27.3,11,166,44.5,15.09,13.83,91.7,3,100,2,3,0,45.6,45.6
2025,5,Amon-Ra St. Brown,DET,WR,1,15,LA,10.843373493975903,18,43.9,13,164,49.7,12.62,9.11,72.2,2,66.7,4,7,0,41.4,41.4
2025,6,DK Metcalf,PIT,WR,1,14,BLT,12.244897959183673,12,35.3,7,148,52.1,21.14,12.33,58.3,0,0,2,4,0,21.8,21.8
2025,7,Chris Olave,NO,WR,1,16,NYJ,10.596026490066226,16,32,10,148,42.8,14.8,9.25,62.5,2,100,0,1,0,36.8,36.8
2025,8,Parker Washington,JAX,WR,1,16,DEN,10,9,25,6,145,52,24.17,16.11,66.7,1,33.3,0,1,0,26.5,26.5
2025,9,Jameson Williams,DET,WR,1,13,GB,10.1010101010101,10,37,7,144,56.3,20.57,14.4,70,1,50,0,0,0,26.9,26.9
2025,10,Michael Wilson,ARZ,WR,1,14,LA,12.903225806451612,16,36.4,11,142,52.4,12.91,8.88,68.8,2,100,0,3,0,37.2,37.2
2025,11,Amon-Ra St. Brown,DET,WR,1,18,CHI,8.433734939759036,14,33.3,11,139,42,12.64,9.93,78.6,0,0,0,2,0,24.9,24.9
2025,12,Stefon Diggs,NE,WR,1,16,BLT,10,10,22.7,9,138,36.3,15.33,13.8,90,0,0,0,0,0,22.8,22.8
2025,13,Zay Flowers,BLT,WR,1,18,PIT,5.128205128205128,6,33.3,4,138,58,34.5,23,66.7,2,66.7,0,0,0,29.8,29.8
2025,14,Luther Burden,CHI,WR,1,17,SF,15,9,21.4,8,138,43,17.25,15.33,88.9,1,50,0,0,0,27.8,27.8
2025,15,Jameson Williams,DET,WR,1,15,LA,9.090909090909092,9,22,7,134,40.6,19.14,14.89,77.8,1,33.3,1,1,0,26.4,26.4
2025,16,Trey McBride,ARZ,TE,1,15,HST,7.878787878787878,13,32.5,12,134,53.8,11.17,10.31,92.3,2,66.7,1,3,0,37.4,37.4
2025,17,Mike Evans,TB,WR,1,15,ATL,16.94915254237288,10,29.4,6,132,47.7,22,13.2,60,0,0,1,1,0,19.2,19.2
2025,18,A.J. Brown,PHI,WR,1,13,CHI,10,12,35.3,10,132,57.4,13.2,11,83.3,2,100,1,1,0,35.2,35.2
2025,19,Ja'Marr Chase,CIN,WR,1,15,BLT,8.83977900552486,16,41,10,132,58.7,13.2,8.25,62.5,0,0,1,1,0,23.2,23.2
2025,20,Alec Pierce,IND,WR,1,18,HST,8.333333333333332,7,20,4,132,44.3,33,18.86,57.1,2,100,2,2,0,29.2,29.2
2025,21,George Pickens,DAL,WR,1,16,LAC,6.870229007633588,9,28.1,7,130,51,18.57,14.44,77.8,1,50,0,2,0,26,26
2025,22,Zay Flowers,BLT,WR,1,14,PIT,9.401709401709402,11,31.4,8,124,56.6,15.5,11.27,72.7,0,0,0,1,0,20.6,20.6
2025,23,CeeDee Lamb,DAL,WR,1,14,DET,7.079646017699115,8,17,6,121,32.2,20.17,15.13,75,0,0,0,1,0,18.1,18.1
2025,24,Nico Collins,HST,WR,1,14,KC,6.779661016949152,8,25.8,4,121,59.6,30.25,15.13,50,0,0,0,1,0,16.1,16.1
2025,25,Chris Olave,NO,WR,1,17,TEN,7.28476821192053,11,40.7,8,119,35.7,14.88,10.82,72.7,1,50,0,2,0,25.9,25.9
2025,26,George Kittle,SF,TE,1,16,IND,12.121212121212121,8,23.5,7,115,39,16.43,14.38,87.5,1,20,1,2,0,24.5,24.5
2025,27,Parker Washington,JAX,WR,1,17,IND,11.11111111111111,10,27,8,115,43.7,14.38,11.5,80,0,0,1,2,0,19,19
2025,28,Ryan Flournoy,DAL,WR,1,14,DET,24.074074074074073,13,27.7,9,115,30.6,12.78,8.85,69.2,1,100,1,3,0,26.5,26.5
2025,29,Jalen McMillan,TB,WR,1,17,MIA,60,9,20.5,7,114,32.9,16.29,12.67,77.8,0,0,0,0,0,18.4,18.4
2025,30,Harold Fannin,CLV,TE,1,14,TEN,9.615384615384617,10,23.8,8,114,31.3,14.25,11.4,80,1,33.3,1,1,0,25.4,25.4
2025,31,Courtland Sutton,DEN,WR,1,15,GB,8.333333333333332,10,29.4,7,113,37.4,16.14,11.3,70,1,25,0,2,0,24.3,24.3
2025,32,Wan'Dale Robinson,NYG,WR,1,17,LV,9.090909090909092,12,40,11,113,54.6,10.27,9.42,91.7,0,0,0,2,0,22.3,22.3
2025,33,Christian Watson,GB,WR,1,17,BLT,10.909090909090908,6,24,5,113,38.2,22.6,18.83,83.3,1,100,0,0,0,22.3,22.3
2025,34,Jaxon Smith-Njigba,SEA,WR,1,15,IND,5.7324840764331215,9,25,7,113,41.7,16.14,12.56,77.8,0,0,0,0,0,18.3,18.3
2025,35,CeeDee Lamb,DAL,WR,1,13,KC,7.964601769911504,9,23.1,7,112,35,16,12.44,77.8,1,50,0,2,0,24.2,24.2
2025,36,CeeDee Lamb,DAL,WR,1,15,MIN,7.079646017699115,8,21.1,6,111,37.8,18.5,13.88,75,0,0,0,1,0,17.1,17.1
2025,37,Ja'Marr Chase,CIN,WR,1,13,BLT,7.734806629834254,14,30.4,7,110,42.1,15.71,7.86,50,0,0,1,2,0,18,18
2025,38,Ja'Marr Chase,CIN,WR,1,16,MIA,6.077348066298343,11,33.3,9,109,34.8,12.11,9.91,81.8,0,0,0,0,0,19.9,19.9
2025,39,Chris Godwin,TB,WR,1,17,MIA,16.666666666666664,8,18.2,7,108,31.2,15.43,13.5,87.5,1,50,1,1,0,23.8,23.8
2025,40,Zach Ertz,WAS,TE,1,13,DEN,18.30985915492958,13,26,10,106,36.1,10.6,8.15,76.9,0,0,1,1,0,20.6,20.6
2025,41,Quentin Johnston,LAC,WR,1,16,DAL,6.329113924050633,5,17.2,4,104,34.7,26,20.8,80,1,50,1,1,0,20.4,20.4
2025,42,Gunner Olszewski,NYG,WR,1,18,DAL,69.23076923076923,9,27.3,8,102,44.3,12.75,11.33,88.9,0,0,0,0,0,18.2,18.2
2025,43,Adonai Mitchell,NYJ,WR,1,13,ATL,16.43835616438356,12,36.4,8,102,59.3,12.75,8.5,66.7,1,100,0,2,0,24.2,24.2
2025,44,Brandin Cooks,BUF,WR,1,17,PHI,14.705882352941178,5,14.3,4,101,41.9,25.25,20.2,80,0,0,0,0,0,14.1,14.1
2025,45,Stefon Diggs,NE,WR,1,17,NYJ,6,6,24,6,101,35.3,16.83,16.83,100,1,20,1,1,0,22.1,22.1
2025,46,Justin Jefferson,MIN,WR,1,18,GB,7.246376811594203,10,32.3,8,101,42.3,12.63,10.1,80,0,0,1,1,0,18.4,18.4
2025,47,A.J. Brown,PHI,WR,1,14,LAC,10.833333333333334,13,32.5,6,100,41.7,16.67,7.69,46.2,0,0,0,0,0,16,16
2025,48,Michael Wilson,ARZ,WR,1,18,LA,6.451612903225806,8,25,5,99,36.5,19.8,12.38,62.5,1,50,0,2,0,20.9,20.9
2025,49,Nico Collins,HST,WR,1,13,IND,7.627118644067797,9,25.7,5,98,35.5,19.6,10.89,55.6,0,0,0,0,0,21.5,21.5
2025,50,Quentin Johnston,LAC,WR,1,17,HST,10.126582278481013,8,25,5,98,41.5,19.6,12.25,62.5,0,0,0,2,0,14.8,14.8
2025,51,DJ Moore,CHI,WR,1,16,GB,8.536585365853659,7,20.6,5,97,38.8,19.4,13.86,71.4,1,50,0,0,0,21.9,21.9
2025,52,Terry McLaurin,WAS,WR,1,13,DEN,24.137931034482758,14,28,7,96,32.7,13.71,6.86,50,1,50,3,5,0,22.6,22.6
2025,53,Ja'Marr Chase,CIN,WR,1,18,CLV,5.524861878453039,10,25.6,8,96,41.7,12,9.6,80,1,33.3,1,1,0,23.6,23.6
2025,54,Jameson Williams,DET,WR,1,14,DAL,9.090909090909092,9,26.5,7,96,31.1,13.71,10.67,77.8,0,0,0,1,0,17.3,17.3
2025,55,Jaxon Smith-Njigba,SEA,WR,1,16,LA,7.643312101910828,12,35.3,8,96,35.6,12,8,66.7,1,50,3,3,0,23.6,23.6
2025,56,Ricky Pearsall,SF,WR,1,15,TEN,13.20754716981132,7,23.3,6,96,32.5,16,13.71,85.7,0,0,0,0,0,15.6,15.6
2025,57,A.J. Brown,PHI,WR,1,16,WAS,10,12,40,9,95,51.4,10.56,7.92,75,0,0,0,1,0,18.5,18.5
2025,58,Juwan Johnson,NO,TE,1,17,TEN,4,4,14.8,4,95,28.5,23.75,23.75,100,0,0,0,0,0,13.5,13.5
2025,59,Isaiah Likely,BLT,TE,1,13,CIN,16.666666666666664,6,18.8,5,95,38.6,19,15.83,83.3,0,0,0,0,1,13.5,13.5
2025,60,Cade Otton,TB,TE,1,18,CAR,11.25,9,40.9,7,94,46.3,13.43,10.44,77.8,1,100,0,2,0,22.4,22.4
2025,61,Dontayvion Wicks,GB,WR,1,13,DET,15.909090909090908,7,23.3,6,94,40.2,15.67,13.43,85.7,2,50,1,1,0,28,28
2025,62,Colston Loveland,CHI,TE,1,17,SF,11.39240506329114,9,21.4,6,94,29.3,15.67,10.44,66.7,1,50,1,2,0,21.4,21.4
2025,63,Dawson Knox,BUF,TE,1,14,CIN,14.583333333333334,7,25,6,93,37.1,15.5,13.29,85.7,0,0,2,2,0,17.3,17.3
2025,64,Devaughn Vele,NO,WR,1,13,MIA,22.22222222222222,8,21.1,8,93,38.9,11.63,11.63,100,1,50,0,1,0,23.3,23.3
2025,65,Tee Higgins,CIN,WR,1,14,BUF,11.578947368421053,11,30.6,6,92,32.4,15.33,8.36,54.5,2,50,0,1,0,27.2,27.2
2025,66,Amon-Ra St. Brown,DET,WR,1,14,DAL,5.421686746987952,9,26.5,6,92,29.8,15.33,10.22,66.7,0,0,0,0,0,15.2,15.2
2025,67,Jaxon Smith-Njigba,SEA,WR,1,14,ATL,6.369426751592357,10,33.3,7,92,36.9,13.14,9.2,70,2,66.7,2,2,0,28.1,28.1
2025,68,Rashee Rice,KC,WR,1,13,DAL,15.584415584415584,12,35.3,8,92,35.2,11.5,7.67,66.7,2,50,4,4,0,29.4,29.4
2025,69,Tyler Higbee,LA,TE,1,18,ARZ,16.666666666666664,6,15,5,91,35.1,18.2,15.17,83.3,1,25,0,1,0,20.1,20.1
2025,70,Elijah Higgins,ARZ,TE,1,16,ATL,20,7,22.6,7,91,44.8,13,13,100,0,0,0,0,0,16.1,16.1
2025,71,Colston Loveland,CHI,TE,1,18,DET,16.455696202531644,13,39.4,10,91,42.9,9.1,7,76.9,1,50,1,2,0,25.1,25.1
2025,72,Jakobi Meyers,JAX,WR,1,13,TEN,5.714285714285714,6,22.2,6,90,39.3,15,15,100,1,50,1,1,0,21.3,21.3
2025,73,Kyle Pitts,ATL,TE,1,14,SEA,7.758620689655173,9,30,6,90,55.6,15,10,66.7,0,0,0,0,0,15,15
2025,74,Juwan Johnson,NO,TE,1,16,NYJ,9,9,18,8,89,25.7,11.13,9.89,88.9,0,0,0,0,0,16.9,16.9
2025,75,Christian Watson,GB,WR,1,14,CHI,7.2727272727272725,4,16,4,89,38,22.25,22.25,100,2,66.7,0,0,0,24.9,24.9
2025,76,Michael Wilson,ARZ,WR,1,17,CIN,8.064516129032258,10,27,5,89,42,17.8,8.9,50,1,50,0,0,0,19.9,19.9
2025,77,Michael Mayer,LV,TE,1,17,NYG,20.408163265306122,10,33.3,9,89,46.4,9.89,8.9,90,0,0,0,1,0,17.9,17.9
2025,78,Isaiah Bond,CLV,WR,1,15,CHI,9.75609756097561,4,11.4,2,89,50.3,44.5,22.25,50,0,0,0,0,0,10.9,10.9
2025,79,George Kittle,SF,TE,1,15,TEN,13.636363636363635,9,30,8,88,29.8,11,9.78,88.9,1,33.3,1,1,0,22.8,22.8
2025,80,George Pickens,DAL,WR,1,13,KC,9.16030534351145,12,30.8,6,88,27.5,14.67,7.33,50,0,0,0,3,0,16.8,16.8
2025,81,Jayden Higgins,HST,WR,1,17,LAC,5.970149253731343,4,14.3,2,88,36.1,44,22,50,1,50,0,0,0,16.8,16.8
2025,82,Parker Washington,JAX,WR,1,18,TEN,10,9,28.1,5,87,32.1,17.4,9.67,55.6,1,33.3,0,0,0,19.7,19.7
2025,83,Brian Thomas,JAX,WR,1,14,IND,6.8181818181818175,6,19.4,3,87,35.2,29,14.5,50,0,0,0,0,0,11.7,11.7
2025,84,Courtland Sutton,DEN,WR,1,16,JAX,9.166666666666666,11,23.4,6,86,24.4,14.33,7.82,54.5,1,100,1,2,0,20.6,20.6
2025,85,Mike Gesicki,CIN,TE,1,14,BUF,14.285714285714285,6,16.7,6,86,30.3,14.33,14.33,100,1,25,0,1,0,20.6,20.6
2025,86,Alec Pierce,IND,WR,1,16,SF,4.761904761904762,4,11.1,4,86,31,21.5,21.5,100,2,100,0,2,0,24.6,24.6
2025,87,KaVontae Turpin,DAL,WR,1,17,WAS,2.7027027027027026,1,2.7,1,86,28,86,86,100,1,50,0,0,0,15.6,15.6
2025,88,Justin Jefferson,MIN,WR,1,16,NYG,5.797101449275362,8,34.8,6,85,53.1,14.17,10.63,75,0,0,1,1,0,14.5,14.5
2025,89,Nico Collins,HST,WR,1,15,ARZ,3.389830508474576,4,13.8,3,85,32.7,28.33,21.25,75,2,66.7,2,2,0,23.5,23.5
2025,90,Chris Olave,NO,WR,1,15,CAR,5.960264900662252,9,27.3,6,85,31.3,14.17,9.44,66.7,1,100,0,1,0,20.5,20.5
2025,91,Troy Franklin,DEN,WR,1,15,GB,5.88235294117647,6,17.6,6,85,28.1,14.17,14.17,100,1,25,0,1,0,20.8,20.8
2025,92,Ricky Pearsall,SF,WR,1,17,CHI,15.09433962264151,8,24.2,5,85,28.1,17,10.63,62.5,0,0,0,0,0,13.5,13.5
2025,93,Tetairoa McMillan,CAR,WR,1,18,TB,5.042016806722689,6,17.1,4,85,32.1,21.25,14.17,66.7,0,0,0,1,0,11.5,11.5
2025,94,Romeo Doubs,GB,WR,1,16,CHI,7.142857142857142,6,25,5,84,42.4,16.8,14,83.3,1,100,1,2,0,19.4,19.4
2025,95,Jaxon Smith-Njigba,SEA,WR,1,18,SF,5.095541401273886,8,30.8,6,84,42.4,14,10.5,75,0,0,0,0,0,14.4,14.4
2025,96,Xavier Hutchinson,HST,WR,1,18,IND,16.071428571428573,9,28.1,5,84,41,16.8,9.33,55.6,0,0,0,1,0,13.4,13.4
2025,97,Zay Flowers,BLT,WR,1,16,NE,5.982905982905983,7,35,7,84,50.6,12,12,100,0,0,0,0,1,22.2,22.2
2025,98,Luther Burden,CHI,WR,1,15,CLV,11.666666666666666,7,25,6,84,35.3,14,12,85.7,0,0,0,0,0,14.4,14.4
2025,99,Kyle Pitts,ATL,TE,1,13,NYJ,6.896551724137931,8,24.2,7,82,35,11.71,10.25,87.5,0,0,0,0,0,15.2,15.2
2025,100,Trey McBride,ARZ,TE,1,13,TB,5.454545454545454,9,22.5,8,82,27.2,10.25,9.11,88.9,1,50,0,1,0,22.2,22.2
2025,101,Xavier Smith,LA,WR,1,13,CAR,13.043478260869565,3,10.7,3,82,33.7,27.33,27.33,100,0,0,0,1,0,11.2,11.2
2025,102,Alec Pierce,IND,WR,1,14,JAX,9.523809523809524,8,22.2,5,80,39,16,10,62.5,0,0,0,1,0,13,13
2025,103,Christian Watson,GB,WR,1,13,DET,18.181818181818183,10,33.3,4,80,34.2,20,8,40,1,25,0,0,0,18.3,18.3
2025,104,Evan Engram,DEN,TE,1,13,WAS,12.162162162162163,9,20,6,79,24.6,13.17,8.78,66.7,0,0,0,2,0,13.9,13.9
2025,105,Michael Pittman,IND,WR,1,14,JAX,10.185185185185185,11,30.6,9,79,38.5,8.78,7.18,81.8,0,0,0,0,0,16.9,16.9
2025,106,Tim Patrick,JAX,WR,1,14,IND,25,6,19.4,5,78,31.6,15.6,13,83.3,1,50,2,4,0,18.8,18.8
2025,107,Chris Godwin,TB,WR,1,13,ARZ,10.416666666666668,5,17.9,3,78,40.2,26,15.6,60,0,0,2,2,0,10.8,10.8
2025,108,Dallas Goedert,PHI,TE,1,14,LAC,12.5,10,25,8,78,32.5,9.75,7.8,80,0,0,0,1,0,15.8,15.8
2025,109,David Sills,ATL,WR,1,15,TB,29.411764705882355,10,22.7,6,78,20.9,13,7.8,60,0,0,1,2,0,13.8,13.8
2025,110,Drake London,ATL,WR,1,18,NO,7.4074074074074066,8,25,4,78,43.3,19.5,9.75,50,1,100,0,2,0,17.8,17.8
2025,111,George Pickens,DAL,WR,1,17,WAS,3.816793893129771,5,13.5,4,78,25.4,19.5,15.6,80,0,0,0,0,0,11.8,11.8
2025,112,Alec Pierce,IND,WR,1,13,HST,5.952380952380952,5,18.5,4,78,38.8,19.5,15.6,80,1,50,0,1,0,17.8,17.8
2025,113,Dalton Schultz,HST,TE,1,15,ARZ,8.737864077669903,9,31,8,76,29.2,9.5,8.44,88.9,1,33.3,2,2,0,21.6,21.6
2025,114,Jerry Jeudy,CLV,WR,1,14,TEN,4.807692307692308,5,11.9,3,76,20.9,25.33,15.2,60,1,33.3,0,0,0,16.6,16.6
2025,115,Trey McBride,ARZ,TE,1,17,CIN,7.878787878787878,13,35.1,10,76,35.8,7.6,5.85,76.9,1,50,0,2,0,23.6,23.6
2025,116,Puka Nacua,LA,WR,1,18,ARZ,6.134969325153374,10,25,10,76,29.3,7.6,7.6,100,1,25,2,3,0,26,26
2025,117,Colby Parkinson,LA,TE,1,15,DET,12.727272727272727,7,18.4,5,75,20.4,15,10.71,71.4,2,100,0,4,0,24.5,24.5
2025,118,Jameson Williams,DET,WR,1,18,CHI,8.080808080808081,8,19,6,74,22.4,12.33,9.25,75,0,0,1,1,0,13.4,13.4
2025,119,Rashid Shaheed,SEA,WR,1,15,IND,7.865168539325842,7,19.4,5,74,27.3,14.8,10.57,71.4,0,0,0,1,0,12.1,12.1
2025,120,Jalen Coker,CAR,WR,1,13,LA,12.5,5,25,4,74,35.9,18.5,14.8,80,1,33.3,0,0,0,17.4,17.4
2025,121,Hunter Henry,NE,TE,1,13,NYG,7.142857142857142,6,19.4,4,73,25.9,18.25,12.17,66.7,0,0,1,4,0,11.3,11.3
2025,122,Dalton Schultz,HST,TE,1,18,IND,3.8834951456310676,4,12.5,4,73,35.6,18.25,18.25,100,0,0,0,0,0,11.3,11.3
2025,123,Tetairoa McMillan,CAR,WR,1,16,TB,8.403361344537815,10,31.3,6,73,38.2,12.17,7.3,60,1,50,0,0,0,19.3,19.3
2025,124,Jaylen Waddle,MIA,WR,1,16,CIN,9.183673469387756,9,30,5,72,27.7,14.4,8,55.6,0,0,0,0,0,12.2,12.2
2025,125,Jaxon Smith-Njigba,SEA,WR,1,17,CAR,7.006369426751593,11,40.7,9,72,49,8,6.55,81.8,0,0,0,1,0,16.2,16.2
2025,126,Puka Nacua,LA,WR,1,13,CAR,5.521472392638037,9,32.1,6,72,29.6,12,8,66.7,0,0,1,2,0,13.2,13.2
2025,127,Theo Johnson,NYG,TE,1,15,WAS,5.47945205479452,4,10.8,3,72,29.3,24,18,75,0,0,0,0,0,10.2,10.2
2025,128,Davante Adams,LA,WR,1,15,DET,7.207207207207207,8,21.1,4,71,19.3,17.75,8.88,50,0,0,1,2,0,11.1,11.1
2025,129,Jakobi Meyers,JAX,WR,1,15,NYJ,6.666666666666667,7,21.9,5,71,21.5,14.2,10.14,71.4,0,0,0,0,0,12.1,12.1
2025,130,Jauan Jennings,SF,WR,1,16,IND,6.976744186046512,6,17.6,5,71,24.1,14.2,11.83,83.3,1,20,1,2,0,18.1,18.1
2025,131,Travis Kelce,KC,TE,1,15,LAC,8.653846153846153,9,27.3,7,70,33.2,10,7.78,77.8,0,0,0,0,0,14,14
2025,132,Dallas Goedert,PHI,TE,1,15,LV,8.75,7,38.9,6,70,33.7,11.67,10,85.7,2,66.7,3,3,0,25,25
2025,133,Jameson Williams,DET,WR,1,16,PIT,9.090909090909092,9,16.7,5,70,19.2,14,7.78,55.6,0,0,1,2,0,12,12
2025,134,Mack Hollins,NE,WR,1,16,BLT,13.846153846153847,9,20.5,7,69,18.2,9.86,7.67,77.8,0,0,0,0,0,13.9,13.9
2025,135,DJ Moore,CHI,WR,1,15,CLV,6.097560975609756,5,17.9,4,69,29,17.25,13.8,80,2,100,1,1,0,22.9,22.9
2025,136,Terry McLaurin,WAS,WR,1,15,NYG,6.896551724137931,4,21.1,3,69,32.7,23,17.25,75,1,100,0,0,0,15.9,15.9
2025,137,Devaughn Vele,NO,WR,1,15,CAR,16.666666666666664,6,18.2,5,69,25.4,13.8,11.5,83.3,0,0,0,0,0,11.9,11.9
2025,138,Marvin Harrison,ARZ,WR,1,13,TB,9.58904109589041,7,17.5,6,69,22.9,11.5,9.86,85.7,0,0,0,0,0,12.9,12.9
2025,139,A.J. Brown,PHI,WR,1,17,BUF,5.833333333333333,7,25.9,5,68,61.8,13.6,9.71,71.4,0,0,0,1,0,11.8,11.8
2025,140,Deebo Samuel,WAS,WR,1,17,DAL,3.061224489795918,3,13,2,68,34.3,34,22.67,66.7,0,0,0,0,0,11.3,11.3
2025,141,Amon-Ra St. Brown,DET,WR,1,17,MIN,7.228915662650602,12,41.4,8,68,34.5,8.5,5.67,66.7,0,0,1,1,0,14.8,14.8
2025,142,Zay Flowers,BLT,WR,1,15,CIN,4.273504273504273,5,41.7,3,68,45.3,22.67,13.6,60,1,50,1,1,0,15.8,15.8
2025,143,Ryan Flournoy,DAL,WR,1,18,NYG,12.962962962962962,7,29.2,5,68,47.6,13.6,9.71,71.4,0,0,0,0,0,11.8,11.8
2025,144,George Kittle,SF,TE,1,13,CLV,7.575757575757576,5,16.7,4,67,39.9,16.75,13.4,80,0,0,0,1,0,10.7,10.7
2025,145,Tee Higgins,CIN,WR,1,18,CLV,8.421052631578947,8,20.5,6,67,29.1,11.17,8.38,75,1,33.3,0,2,0,18.7,18.7
2025,146,Rashid Shaheed,SEA,WR,1,14,ATL,5.617977528089887,5,16.7,4,67,26.9,16.75,13.4,80,0,0,0,0,0,10.7,10.7
2025,147,Xavier Smith,LA,WR,1,17,ATL,26.08695652173913,6,15.8,4,67,24.9,16.75,11.17,66.7,0,0,0,1,0,10.7,10.7
2025,148,Luther Burden,CHI,WR,1,14,GB,10,6,17.1,4,67,36,16.75,11.17,66.7,0,0,0,1,0,11,11
2025,149,Darren Waller,MIA,TE,1,15,PIT,23.52941176470588,8,28.6,7,66,26.1,9.43,8.25,87.5,2,100,1,2,0,25.6,25.6
2025,150,T.J. Hockenson,MIN,TE,1,15,DAL,7.575757575757576,5,20.8,4,66,26.4,16.5,13.2,80,0,0,0,1,0,10.6,10.6
2025,151,Jordan Addison,MIN,WR,1,15,DAL,2.73972602739726,2,8.3,2,66,26.4,33,33,100,0,0,0,0,0,8.6,8.6
2025,152,Troy Franklin,DEN,WR,1,16,JAX,4.901960784313726,5,10.6,4,66,18.8,16.5,13.2,80,0,0,0,0,0,10.6,10.6
2025,153,Brian Thomas,JAX,WR,1,15,NYJ,7.954545454545454,7,21.9,4,66,20,16.5,9.43,57.1,1,20,2,3,0,17.1,17.1
2025,154,Khalil Shakir,BUF,WR,1,15,NE,5.4945054945054945,5,17.9,5,65,33.7,13,13,100,0,0,0,0,0,11.5,11.5
2025,155,Trey McBride,ARZ,TE,1,18,LA,4.848484848484849,8,25,7,65,24,9.29,8.13,87.5,0,0,0,0,0,13.5,13.5
2025,156,Josh Downs,IND,WR,1,16,SF,10.714285714285714,9,25,5,65,23.5,13,7.22,55.6,0,0,0,0,0,11.8,11.8
2025,157,Jayden Higgins,HST,WR,1,13,IND,7.462686567164178,5,14.3,5,65,23.6,13,13,100,0,0,0,0,0,11.5,11.5
2025,158,Marquise Brown,KC,WR,1,18,LV,8.333333333333332,6,19.4,3,64,43.8,21.33,10.67,50,0,0,0,0,0,9.4,9.4
2025,159,Deebo Samuel,WAS,WR,1,13,DEN,7.142857142857142,7,14,5,64,21.8,12.8,9.14,71.4,0,0,0,0,0,11.1,11.1
2025,160,Emeka Egbuka,TB,WR,1,15,ATL,5.511811023622047,7,20.6,4,64,23.1,16,9.14,57.1,0,0,0,0,0,10.4,10.4
2025,161,Terry McLaurin,WAS,WR,1,17,DAL,12.068965517241379,7,30.4,5,63,31.8,12.6,9,71.4,0,0,0,0,0,11.3,11.3
2025,162,Pat Freiermuth,PIT,TE,1,17,CLV,9.433962264150944,5,12.8,3,63,37.5,21,12.6,60,0,0,0,0,0,9.3,9.3
2025,163,Brock Bowers,LV,TE,1,13,LAC,4.819277108433735,4,17.4,4,63,38.2,15.75,15.75,100,2,100,2,2,0,22.3,22.3
2025,164,Colston Loveland,CHI,TE,1,15,CLV,6.329113924050633,5,17.9,4,63,26.5,15.75,12.6,80,0,0,0,1,0,10.1,10.1
2025,165,Theo Wease,MIA,WR,1,17,TB,10,1,4.5,1,63,36.6,63,63,100,1,50,0,0,0,13.3,13.3
2025,166,Kalif Raymond,DET,WR,1,16,PIT,14.285714285714285,4,7.4,4,62,17,15.5,15.5,100,1,33.3,0,0,0,16.2,16.2
2025,167,Courtland Sutton,DEN,WR,1,13,WAS,5,6,13.3,5,62,19.3,12.4,10.33,83.3,1,100,0,2,0,17.2,17.2
2025,168,Courtland Sutton,DEN,WR,1,14,LV,8.333333333333332,10,26.3,6,62,29.2,10.33,6.2,60,0,0,1,1,0,12.2,12.2
2025,169,Romeo Doubs,GB,WR,1,17,BLT,3.571428571428571,3,12,3,62,20.9,20.67,20.67,100,0,0,0,0,0,9.2,9.2
2025,170,Jordan Addison,MIN,WR,1,14,WAS,9.58904109589041,7,30.4,4,62,38,15.5,8.86,57.1,0,0,1,1,0,10.2,10.2
2025,171,Juwan Johnson,NO,TE,1,18,ATL,5,5,14.3,3,61,23.6,20.33,12.2,60,0,0,0,0,1,8.1,8.1
2025,172,Josh Downs,IND,WR,1,18,HST,4.761904761904762,4,11.4,4,61,20.5,15.25,15.25,100,0,0,0,0,1,9.6,9.6
2025,173,Xavier Worthy,KC,WR,1,13,DAL,6.944444444444445,5,14.7,4,61,23.4,15.25,12.2,80,0,0,0,0,0,11.4,11.4
2025,174,Oronde Gadsden,LAC,TE,1,15,KC,7.352941176470589,5,17.2,4,61,29,15.25,12.2,80,0,0,0,0,0,10.1,10.1
2025,175,Dante Pettis,NO,WR,1,18,ATL,45.45454545454545,5,14.3,5,60,23.2,12,12,100,0,0,0,0,0,11,11
2025,176,Ja'Marr Chase,CIN,WR,1,17,ARZ,4.972375690607735,9,25,7,60,18.2,8.57,6.67,77.8,2,100,1,2,0,25,25
2025,177,Jake Tonges,SF,TE,1,17,CHI,17.77777777777778,8,24.2,7,60,19.8,8.57,7.5,87.5,1,33.3,1,1,0,19,19
2025,178,Jalen Coker,CAR,WR,1,15,NO,10,4,16.7,4,60,36.8,15,15,100,1,100,0,0,1,15,15
2025,179,T.J. Hockenson,MIN,TE,1,13,SEA,9.090909090909092,6,20,6,59,46.8,9.83,9.83,100,0,0,0,1,0,11.9,11.9
2025,180,Tee Higgins,CIN,WR,1,17,ARZ,5.263157894736842,5,13.9,4,59,17.9,14.75,11.8,80,0,0,0,1,0,9.9,9.9
2025,181,Nico Collins,HST,WR,1,16,LV,7.627118644067797,9,25.7,4,59,31.6,14.75,6.56,44.4,0,0,0,0,0,9.9,9.9
2025,182,Davante Adams,LA,WR,1,13,CAR,4.504504504504505,5,17.9,4,58,23.9,14.5,11.6,80,2,100,2,2,0,21.8,21.8
2025,183,Kyle Pitts,ATL,TE,1,18,NO,6.896551724137931,8,25,6,58,32.2,9.67,7.25,75,0,0,0,2,0,11.8,11.8
2025,184,Greg Dulcich,MIA,TE,1,17,TB,16.129032258064516,5,22.7,5,58,33.7,11.6,11.6,100,1,50,0,2,0,16.1,16.1
2025,185,Trey McBride,ARZ,TE,1,14,LA,5.454545454545454,9,20.5,5,58,21.4,11.6,6.44,55.6,0,0,0,2,0,10.8,10.8
2025,186,Jake Ferguson,DAL,TE,1,14,DET,7.000000000000001,7,14.9,5,58,15.4,11.6,8.29,71.4,0,0,0,1,1,11.8,11.8
2025,187,Adonai Mitchell,NYJ,WR,1,15,JAX,12.32876712328767,9,27.3,6,58,33,9.67,6.44,66.7,1,100,1,1,0,17.4,17.4
2025,188,Elic Ayomanor,TEN,WR,1,16,KC,4.651162790697675,4,14.3,3,58,25.4,19.33,14.5,75,0,0,0,0,0,8.8,8.8
2025,189,Terry McLaurin,WAS,WR,1,18,PHI,6.896551724137931,4,18.2,4,57,43.5,14.25,14.25,100,0,0,0,0,0,9.7,9.7
2025,190,Nico Collins,HST,WR,1,17,LAC,3.389830508474576,4,14.3,3,57,23.4,19,14.25,75,0,0,0,0,0,8.7,8.7
2025,191,Kyle Pitts,ATL,TE,1,16,ARZ,7.758620689655173,9,25.7,7,57,28.9,8.14,6.33,77.8,1,50,1,2,0,18.7,18.7
2025,192,Xavier Smith,LA,WR,1,16,SEA,8.695652173913043,2,4.1,2,57,12.5,28.5,28.5,100,0,0,0,0,0,7.7,7.7
2025,193,Hunter Henry,NE,TE,1,18,MIA,5.952380952380952,5,22.7,5,56,26.2,11.2,11.2,100,0,0,0,1,0,10.6,10.6
2025,194,Chris Godwin,TB,WR,1,14,NO,14.583333333333334,7,23.3,5,55,45.1,11,7.86,71.4,0,0,0,0,0,10.5,10.5
2025,195,Dalton Schultz,HST,TE,1,13,IND,6.796116504854369,7,20,7,55,19.9,7.86,7.86,100,0,0,0,0,0,12.5,12.5
2025,196,DK Metcalf,PIT,WR,1,15,MIA,3.061224489795918,3,11.1,3,55,24.6,18.33,18.33,100,1,50,0,0,0,14.5,14.5
2025,197,Chig Okonkwo,TEN,TE,1,17,NO,9.090909090909092,7,17.5,3,55,21.9,18.33,7.86,42.9,1,50,0,0,0,14.5,14.5
2025,198,Calvin Austin,PIT,WR,1,18,BLT,12.962962962962962,7,14.9,3,55,18.7,18.33,7.86,42.9,1,100,1,1,0,14.5,14.5
2025,199,Jayden Reed,GB,WR,1,15,DEN,27.27272727272727,6,15,5,55,19.9,11,9.17,83.3,0,0,0,1,0,10.5,10.5
2025,200,Xavier Worthy,KC,WR,1,14,HST,5.555555555555555,4,12.1,3,55,34.4,18.33,13.75,75,0,0,0,0,0,8.5,8.5
2025,201,Matthew Golden,GB,WR,1,15,DEN,9.523809523809524,4,10,3,55,19.9,18.33,13.75,75,0,0,0,0,0,8.5,8.5
2025,202,Chimere Dike,TEN,WR,1,17,NO,6.944444444444445,5,12.5,4,55,21.9,13.75,11,80,0,0,0,0,0,10.2,10.2
2025,203,Jerry Jeudy,CLV,WR,1,17,PIT,6.730769230769231,7,30.4,5,54,29,10.8,7.71,71.4,0,0,0,0,0,10.4,10.4
2025,204,Amon-Ra St. Brown,DET,WR,1,16,PIT,5.421686746987952,9,16.7,4,54,14.8,13.5,6,44.4,0,0,3,4,0,9.4,9.4
2025,205,Wan'Dale Robinson,NYG,WR,1,15,WAS,6.8181818181818175,9,24.3,5,54,22,10.8,6,55.6,1,50,2,3,0,16.4,16.4
2025,206,Michael Wilson,ARZ,WR,1,15,HST,8.870967741935484,11,27.5,5,54,21.7,10.8,4.91,45.5,1,33.3,0,1,0,16.4,16.4
2025,207,Brenton Strange,JAX,TE,1,17,IND,6.779661016949152,4,10.8,3,54,20.5,18,13.5,75,0,0,0,1,0,8.4,8.4
2025,208,Jaylin Noel,HST,WR,1,17,LAC,11.428571428571429,4,14.3,3,54,22.1,18,13.5,75,1,50,0,0,0,14.6,14.6
2025,209,Tre Harris,LAC,WR,1,16,DAL,11.904761904761903,5,17.2,4,54,18,13.5,10.8,80,0,0,0,0,0,9.4,9.4
2025,210,Terrance Ferguson,LA,TE,1,17,ATL,16,4,10.5,2,54,20.1,27,13.5,50,1,50,0,0,0,13.4,13.4
2025,211,Dante Pettis,NO,WR,1,17,TEN,36.36363636363637,4,14.8,3,53,15.9,17.67,13.25,75,0,0,0,0,1,7.3,7.3
2025,212,Darius Slayton,NYG,WR,1,15,WAS,16.39344262295082,10,27,4,53,21.5,13.25,5.3,40,0,0,0,0,0,9.3,9.3
2025,213,Terry McLaurin,WAS,WR,1,16,PHI,6.896551724137931,4,17.4,3,53,38.4,17.67,13.25,75,0,0,0,0,0,8.3,8.3
2025,214,Colby Parkinson,LA,TE,1,17,ATL,12.727272727272727,7,18.4,6,53,19.7,8.83,7.57,85.7,0,0,0,1,0,11.3,11.3
2025,215,Tee Higgins,CIN,WR,1,16,MIA,3.1578947368421053,3,9.1,3,53,16.9,17.67,17.67,100,1,25,1,1,0,14.3,14.3
2025,216,Parker Washington,JAX,WR,1,15,NYJ,3.3333333333333335,3,9.4,3,53,16.1,17.67,17.67,100,0,0,0,1,0,8.3,8.3
2025,217,Isaiah Williams,NYJ,WR,1,15,JAX,20.588235294117645,7,21.2,6,53,30.1,8.83,7.57,85.7,0,0,0,0,0,11.3,11.3
2025,218,Kalif Raymond,DET,WR,1,18,CHI,10.714285714285714,3,7.1,3,52,15.7,17.33,17.33,100,0,0,0,0,0,8.2,8.2
2025,219,DeVonta Smith,PHI,WR,1,18,WAS,3.5398230088495577,4,10,3,52,21.6,17.33,13,75,0,0,0,0,0,8.2,8.2
2025,220,Kevin Austin,NO,WR,1,17,TEN,21.73913043478261,5,18.5,4,52,15.6,13,10.4,80,1,50,1,1,0,15.2,15.2
2025,221,Michael Wilson,ARZ,WR,1,16,ATL,2.4193548387096775,3,9.7,2,52,25.6,26,17.33,66.7,1,100,0,0,0,13.2,13.2
2025,222,Brenton Strange,JAX,TE,1,18,TEN,10.16949152542373,6,18.8,6,52,19.2,8.67,8.67,100,1,33.3,1,1,0,17.2,17.2
2025,223,Luke Musgrave,GB,TE,1,15,DEN,19.35483870967742,6,15,4,52,18.8,13,8.67,66.7,0,0,0,1,0,9.2,9.2
2025,224,Isaac TeSlaa,DET,WR,1,16,PIT,25.925925925925924,7,13,4,52,14.3,13,7.43,57.1,1,33.3,1,4,0,15.2,15.2
2025,225,CeeDee Lamb,DAL,WR,1,16,LAC,6.1946902654867255,7,21.9,6,51,20,8.5,7.29,85.7,0,0,1,2,0,11.1,11.1
2025,226,Pat Freiermuth,PIT,TE,1,18,BLT,9.433962264150944,5,10.6,3,51,17.3,17,10.2,60,0,0,1,1,0,8.1,8.1
2025,227,Rashee Rice,KC,WR,1,15,LAC,14.285714285714285,11,33.3,7,51,24.2,7.29,4.64,63.6,0,0,1,1,0,12.1,12.1
2025,228,Mason Taylor,NYJ,TE,1,14,MIA,12.698412698412698,8,23.5,5,51,30.2,10.2,6.38,62.5,0,0,0,0,0,10.1,10.1
2025,229,Jaylen Waddle,MIA,WR,1,14,NYJ,7.142857142857142,7,33.3,5,50,39.4,10,7.14,71.4,1,100,1,1,0,18.1,18.1
2025,230,DeVonta Smith,PHI,WR,1,15,LV,1.7699115044247788,2,11.1,2,50,24,25,25,100,0,0,1,1,0,7,7
2025,231,Elic Ayomanor,TEN,WR,1,18,JAX,11.627906976744185,10,30.3,3,50,40.3,16.67,5,30,0,0,0,0,0,8,8
2025,232,Jack Bech,LV,WR,1,14,DEN,22.22222222222222,6,18.8,6,50,23.5,8.33,8.33,100,0,0,1,2,0,11,11
2025,233,Adam Thielen,PIT,WR,1,16,DET,12.121212121212121,4,9.8,4,49,18.4,12.25,12.25,100,0,0,0,0,0,8.9,8.9
2025,234,Hunter Henry,NE,TE,1,17,NYJ,3.571428571428571,3,12,3,49,17.1,16.33,16.33,100,1,20,0,2,0,13.9,13.9
2025,235,Jalen Nailor,MIN,WR,1,18,GB,6,3,9.7,3,49,20.5,16.33,16.33,100,0,0,0,0,0,7.9,7.9
2025,236,Tre Tucker,LV,WR,1,17,NYG,5.555555555555555,5,16.7,5,49,25.5,9.8,9.8,100,0,0,0,0,0,9.9,9.9
2025,237,AJ Barner,SEA,TE,1,16,LA,7.8125,5,14.7,4,49,18.1,12.25,9.8,80,1,50,0,1,0,15,15
2025,238,Brian Thomas,JAX,WR,1,18,TEN,4.545454545454546,4,12.5,3,49,18.1,16.33,12.25,75,0,0,0,0,0,7.9,7.9
2025,239,Keon Coleman,BUF,WR,1,18,NYJ,6.896551724137931,4,13.8,2,49,18.9,24.5,12.25,50,0,0,1,2,0,8.9,8.9
2025,240,Gunnar Helm,TEN,TE,1,15,SF,7.4074074074074066,4,13.8,4,49,28.8,12.25,12.25,100,1,50,1,2,0,14.9,14.9
2025,241,Isaac TeSlaa,DET,WR,1,17,MIN,14.814814814814813,4,13.8,3,49,24.9,16.33,12.25,75,1,100,1,1,0,13.9,13.9
2025,242,Tre Harris,LAC,WR,1,15,KC,11.904761904761903,5,17.2,3,49,23.3,16.33,9.8,60,0,0,0,0,0,7.9,7.9
2025,243,DeVonta Smith,PHI,WR,1,13,CHI,7.079646017699115,8,23.5,5,48,20.9,9.6,6,62.5,0,0,0,0,0,9.8,9.8
2025,244,Dalton Kincaid,BUF,TE,1,18,NYJ,6.122448979591836,3,10.3,3,48,18.5,16,16,100,0,0,0,0,0,7.8,7.8
2025,245,Harold Fannin,CLV,TE,1,15,CHI,13.461538461538462,14,40,7,48,27.1,6.86,3.43,50,0,0,1,2,0,12,12
2025,246,Darren Waller,MIA,TE,1,13,NO,8.823529411764707,3,13,2,47,29.9,23.5,15.67,66.7,0,0,0,1,0,6.7,6.7
2025,247,Mark Andrews,BLT,TE,1,13,CIN,7.462686567164178,5,15.6,4,47,19.1,11.75,9.4,80,0,0,0,0,0,8.7,8.7
2025,248,Mike Gesicki,CIN,TE,1,17,ARZ,4.761904761904762,2,5.6,2,47,14.3,23.5,23.5,100,0,0,0,0,0,6.7,6.7
2025,249,Adam Trautman,DEN,TE,1,13,WAS,17.391304347826086,4,8.9,3,47,14.6,15.67,11.75,75,0,0,0,0,0,7.7,7.7
2025,250,Chris Olave,NO,WR,1,13,MIA,3.9735099337748347,6,15.8,4,47,19.7,11.75,7.83,66.7,1,50,0,1,0,14.7,14.7
2025,251,Jalen Nailor,MIN,WR,1,15,DAL,10,5,20.8,3,47,18.8,15.67,9.4,60,2,100,1,2,0,19.5,19.5
2025,252,Tyquan Thornton,KC,WR,1,15,LAC,8.333333333333332,3,9.1,2,47,22.3,23.5,15.67,66.7,0,0,0,0,0,6.7,6.7
2025,253,Michael Mayer,LV,TE,1,18,KC,8.16326530612245,4,15.4,3,47,44.8,15.67,11.75,75,0,0,0,1,0,7.7,7.7
2025,254,Puka Nacua,LA,WR,1,17,ATL,6.134969325153374,10,26.3,5,47,17.5,9.4,4.7,50,1,50,0,1,0,15.7,15.7
2025,255,Jalen Coker,CAR,WR,1,16,TB,12.5,5,15.6,3,47,24.6,15.67,9.4,60,0,0,0,1,0,7.7,7.7
2025,256,Jalen Coker,CAR,WR,1,18,TB,17.5,7,20,6,47,17.7,7.83,6.71,85.7,1,50,1,1,1,16.7,16.7
2025,257,Cooper Kupp,SEA,WR,1,15,IND,10.294117647058822,7,19.4,5,46,17,9.2,6.57,71.4,0,0,0,2,0,9.6,9.6
2025,258,CeeDee Lamb,DAL,WR,1,17,WAS,8.849557522123893,10,27,5,46,15,9.2,4.6,50,0,0,0,0,0,9.6,9.6
2025,259,Van Jefferson,TEN,WR,1,17,NO,6,3,7.5,3,46,18.3,15.33,15.33,100,0,0,0,0,0,7.6,7.6
2025,260,Greg Dulcich,MIA,TE,1,15,PIT,6.451612903225806,2,7.1,2,46,18.2,23,23,100,0,0,0,0,0,6.6,6.6
2025,261,Greg Dulcich,MIA,TE,1,16,CIN,9.67741935483871,3,10,3,46,17.7,15.33,15.33,100,0,0,0,0,1,6.6,6.6
2025,262,Brock Bowers,LV,TE,1,14,DEN,6.024096385542169,5,15.6,4,46,21.6,11.5,9.2,80,1,50,2,3,0,14.6,14.6
2025,263,Devontez Walker,BLT,WR,1,18,PIT,25,2,11.1,2,46,19.3,23,23,100,1,33.3,0,0,0,12.6,12.6
2025,264,Kyle Williams,NE,WR,1,16,BLT,14.285714285714285,3,6.8,2,46,12.1,23,15.33,66.7,1,50,0,0,0,12.6,12.6
2025,265,Travis Kelce,KC,TE,1,13,DAL,5.769230769230769,6,17.6,5,45,17.2,9,7.5,83.3,1,25,1,1,0,15.5,15.5
2025,266,Evan Engram,DEN,TE,1,18,LAC,5.405405405405405,4,17.4,3,45,31.9,15,11.25,75,0,0,0,0,0,7.5,7.5
2025,267,Jakobi Meyers,JAX,WR,1,16,DEN,6.666666666666667,7,19.4,4,45,16.1,11.25,6.43,57.1,0,0,2,2,0,8.6,8.6
2025,268,Pat Freiermuth,PIT,TE,1,15,MIA,9.433962264150944,5,18.5,3,45,20.1,15,9,60,0,0,0,0,0,7.5,7.5
2025,269,Bo Melton,GB,WR,1,14,CHI,16.666666666666664,2,8,1,45,19.2,45,22.5,50,1,33.3,0,0,0,11.5,11.5
2025,270,Darnell Washington,PIT,TE,1,13,BUF,9.30232558139535,4,16.7,2,45,38.5,22.5,11.25,50,0,0,0,0,0,6.5,6.5
2025,271,Brenton Strange,JAX,TE,1,13,TEN,6.779661016949152,4,14.8,3,45,19.7,15,11.25,75,1,50,0,0,0,13.5,13.5
2025,272,Keenan Allen,LAC,WR,1,16,DAL,4.23728813559322,5,17.2,5,44,14.7,8.8,8.8,100,0,0,0,1,0,9.4,9.4
2025,273,Jakobi Meyers,JAX,WR,1,18,TEN,5.714285714285714,6,18.8,5,44,16.2,8.8,7.33,83.3,0,0,0,0,0,9.4,9.4
2025,274,Ja'Marr Chase,CIN,WR,1,14,BUF,3.867403314917127,7,19.4,5,44,15.5,8.8,6.29,71.4,0,0,0,0,0,10.2,10.2
2025,275,Chig Okonkwo,TEN,TE,1,16,KC,10.38961038961039,8,28.6,6,44,19.3,7.33,5.5,75,1,50,1,3,0,16.4,16.4
2025,276,Josh Downs,IND,WR,1,13,HST,5.952380952380952,5,18.5,2,44,21.9,22,8.8,40,0,0,0,0,0,6.4,6.4
2025,277,Theo Wease,MIA,WR,1,18,NE,50,5,20,3,44,32.1,14.67,8.8,60,0,0,0,1,0,7.4,7.4
2025,278,Adam Thielen,PIT,WR,1,18,BLT,18.181818181818183,6,12.8,3,43,14.6,14.33,7.17,50,0,0,0,0,0,7.3,7.3
2025,279,Stefon Diggs,NE,WR,1,18,MIA,3,3,13.6,3,43,20.1,14.33,14.33,100,0,0,0,0,0,7.3,7.3
2025,280,Deebo Samuel,WAS,WR,1,15,NYG,5.1020408163265305,5,26.3,3,43,20.4,14.33,8.6,60,0,0,0,0,0,7.3,7.3
2025,281,Van Jefferson,TEN,WR,1,15,SF,8,4,13.8,1,43,25.3,43,10.75,25,0,0,0,0,0,5.3,5.3
2025,282,Tre Tucker,LV,WR,1,16,HST,5.555555555555555,5,21.7,4,43,21.4,10.75,8.6,80,0,0,0,0,0,9.4,9.4
2025,283,AJ Barner,SEA,TE,1,17,CAR,4.6875,3,11.1,3,43,29.3,14.33,14.33,100,1,100,0,2,0,13.3,13.3
2025,284,Adonai Mitchell,NYJ,WR,1,16,NO,8.21917808219178,6,17.1,3,43,22.9,14.33,7.17,50,0,0,0,0,0,7.3,7.3
2025,285,Ladd McConkey,LAC,WR,1,16,DAL,5.769230769230769,6,20.7,4,43,14.3,10.75,7.17,66.7,1,50,1,1,0,14.3,14.3
2025,286,Tetairoa McMillan,CAR,WR,1,13,LA,1.680672268907563,2,10,1,43,20.9,43,21.5,50,1,33.3,0,0,0,11.3,11.3
2025,287,Tyler Warren,IND,TE,1,17,JAX,4.716981132075472,5,16.1,5,43,29.3,8.6,8.6,100,0,0,0,0,0,9.3,9.3
2025,288,Harold Fannin,CLV,TE,1,13,SF,4.807692307692308,5,19.2,3,43,28.9,14.33,8.6,60,1,100,0,0,0,12.3,12.3
2025,289,Jack Bech,LV,WR,1,16,HST,11.11111111111111,3,13,2,43,21.4,21.5,14.33,66.7,0,0,0,0,0,6.3,6.3
2025,290,Lil'Jordan Humphrey,DEN,WR,1,15,GB,17.391304347826086,4,11.8,3,42,13.9,14,10.5,75,1,25,1,1,0,13.2,13.2
2025,291,DK Metcalf,PIT,WR,1,16,DET,9.183673469387756,9,22,4,42,15.8,10.5,4.67,44.4,0,0,0,0,0,8.2,8.2
2025,292,Jauan Jennings,SF,WR,1,17,CHI,3.488372093023256,3,9.1,2,42,13.9,21,14,66.7,1,33.3,0,1,0,12.2,12.2
2025,293,Cole Kmet,CHI,TE,1,14,GB,6.666666666666667,3,8.6,2,42,22.6,21,14,66.7,0,0,0,1,0,6.2,6.2
2025,294,DeVonta Smith,PHI,WR,1,16,WAS,7.079646017699115,8,26.7,6,42,22.7,7,5.25,75,1,50,1,2,0,16.2,16.2
2025,295,Cedric Tillman,CLV,WR,1,17,PIT,2.7027027027027026,1,4.3,1,42,22.6,42,42,100,0,0,0,0,0,5.2,5.2
2025,296,Emeka Egbuka,TB,WR,1,13,ARZ,6.299212598425196,8,28.6,4,42,21.6,10.5,5.25,50,0,0,0,1,0,8.2,8.2
2025,297,Pat Bryant,DEN,WR,1,13,WAS,14.893617021276595,7,15.6,3,42,13.1,14,6,42.9,0,0,0,1,0,7.2,7.2
2025,298,Pat Bryant,DEN,WR,1,16,JAX,17.02127659574468,8,17,5,42,11.9,8.4,5.25,62.5,0,0,1,1,0,9.2,9.2
2025,299,DeAndre Hopkins,BLT,WR,1,16,NE,14.285714285714285,5,25,4,41,24.7,10.25,8.2,80,0,0,0,0,0,8.1,8.1
2025,300,Tyler Lockett,LV,WR,1,14,DEN,7.8431372549019605,4,12.5,3,41,19.2,13.67,10.25,75,0,0,0,0,0,7.1,7.1
2025,301,Mack Hollins,NE,WR,1,15,BUF,12.307692307692308,8,34.8,4,41,26.5,10.25,5.13,50,0,0,0,0,0,8.1,8.1
2025,302,Darius Slayton,NYG,WR,1,13,NE,4.918032786885246,3,12.5,2,41,29.5,20.5,13.67,66.7,1,100,0,0,0,14.1,14.1
2025,303,Terry McLaurin,WAS,WR,1,14,MIN,6.896551724137931,4,16.7,3,41,38,13.67,10.25,75,0,0,0,0,0,7.1,7.1
2025,304,A.J. Brown,PHI,WR,1,15,LV,1.6666666666666667,2,11.1,2,41,19.7,20.5,20.5,100,1,33.3,0,0,0,12.1,12.1
2025,305,Gabe Davis,BUF,WR,1,18,NYJ,38.88888888888889,7,24.1,5,41,15.8,8.2,5.86,71.4,1,25,2,2,0,15.1,15.1
2025,306,Greg Dulcich,MIA,TE,1,14,NYJ,9.67741935483871,3,14.3,3,41,32.3,13.67,13.67,100,0,0,0,1,0,7.1,7.1
2025,307,John Metchie,NYJ,WR,1,17,NE,6.25,3,8.8,3,41,26.5,13.67,13.67,100,0,0,0,0,0,7.1,7.1
2025,308,Andrei Iosivas,CIN,WR,1,17,ARZ,10.344827586206897,6,16.7,4,41,12.5,10.25,6.83,66.7,0,0,0,0,0,8.1,8.1
2025,309,Dalton Kincaid,BUF,TE,1,14,CIN,10.204081632653061,5,17.9,4,41,16.3,10.25,8.2,80,1,33.3,1,1,0,14.1,14.1
2025,310,Jayden Reed,GB,WR,1,17,BLT,18.181818181818183,4,16,4,41,13.9,10.25,10.25,100,0,0,0,0,0,8.1,8.1
2025,311,Xavier Worthy,KC,WR,1,16,TEN,4.166666666666666,3,12.5,2,41,32.5,20.5,13.67,66.7,0,0,0,0,0,6.1,6.1
2025,312,Darren Waller,MIA,TE,1,16,CIN,14.705882352941178,5,16.7,3,40,15.4,13.33,8,60,0,0,0,0,0,7,7
2025,313,Anthony Firkser,DET,TE,1,16,PIT,50,4,7.4,4,40,11,10,10,100,0,0,0,1,0,8,8
2025,314,Courtland Sutton,DEN,WR,1,17,KC,8.333333333333332,10,26.3,4,40,22,10,4,40,0,0,0,3,0,8,8
2025,315,Jaylen Waddle,MIA,WR,1,13,NO,6.122448979591836,6,26.1,3,40,25.5,13.33,6.67,50,0,0,0,0,0,7,7
2025,316,Jahan Dotson,PHI,WR,1,18,WAS,20.588235294117645,7,17.5,3,40,16.6,13.33,5.71,42.9,0,0,0,2,0,7,7
2025,317,Ryan Flournoy,DAL,WR,1,15,MIN,9.25925925925926,5,13.2,4,40,13.6,10,8,80,0,0,0,0,0,8,8
2025,318,Devaughn Vele,NO,WR,1,14,TB,13.88888888888889,5,25,3,40,27.8,13.33,8,60,0,0,0,0,0,7,7
2025,319,Emeka Egbuka,TB,WR,1,16,CAR,1.574803149606299,2,7.7,1,40,27.6,40,20,50,0,0,0,0,0,5,5
2025,320,Efton Chism,NE,WR,1,17,NYJ,66.66666666666666,2,8,2,40,14,20,20,100,1,20,1,1,0,12,12
2025,321,Konata Mumpfield,LA,WR,1,16,SEA,36.36363636363637,8,16.3,3,40,8.8,13.33,5,37.5,0,0,0,1,0,7,7
2025,322,Chimere Dike,TEN,WR,1,16,KC,6.944444444444445,5,17.9,3,40,17.5,13.33,8,60,1,50,1,1,0,13,13
2025,323,Cooper Kupp,SEA,WR,1,16,LA,5.88235294117647,4,11.8,3,39,14.4,13,9.75,75,0,0,1,1,1,7.9,7.9
2025,324,Jakobi Meyers,JAX,WR,1,14,IND,8.571428571428571,9,29,4,39,15.8,9.75,4.33,44.4,1,50,1,2,0,14.8,14.8
2025,325,Jakobi Meyers,JAX,WR,1,17,IND,8.571428571428571,9,24.3,6,39,14.8,6.5,4.33,66.7,0,0,0,1,1,8.9,8.9
2025,326,Juwan Johnson,NO,TE,1,13,MIA,8,8,21.1,5,39,16.3,7.8,4.88,62.5,0,0,0,0,0,8.9,8.9
2025,327,Jauan Jennings,SF,WR,1,13,CLV,6.976744186046512,6,20,4,39,23.2,9.75,6.5,66.7,1,100,1,1,0,13.9,13.9
2025,328,Xavier Hutchinson,HST,WR,1,13,IND,10.714285714285714,6,17.1,2,39,14.1,19.5,6.5,33.3,0,0,1,1,0,5.9,5.9
2025,329,Brenton Strange,JAX,TE,1,16,DEN,11.864406779661017,7,19.4,5,39,14,7.8,5.57,71.4,1,33.3,1,3,0,14.9,14.9
2025,330,Xavier Legette,CAR,WR,1,15,NO,4.918032786885246,3,12.5,2,39,23.9,19.5,13,66.7,0,0,0,0,0,5.9,5.9
2025,331,Brian Thomas,JAX,WR,1,17,IND,7.954545454545454,7,18.9,4,39,14.8,9.75,5.57,57.1,0,0,0,0,0,7.9,7.9
2025,332,Ladd McConkey,LAC,WR,1,13,LV,5.769230769230769,6,28.6,4,39,24.4,9.75,6.5,66.7,1,50,2,2,0,13.9,13.9
2025,333,Juwan Johnson,NO,TE,1,14,TB,4,4,20,4,38,26.4,9.5,9.5,100,0,0,0,0,0,7.8,7.8
2025,334,Tommy Tremble,CAR,TE,1,18,TB,11.11111111111111,4,11.4,3,38,14.3,12.67,9.5,75,1,50,1,1,0,12.8,12.8
2025,335,Daniel Bellinger,NYG,TE,1,18,DAL,7.6923076923076925,2,6.1,2,38,16.5,19,19,100,1,50,0,0,0,11.8,11.8
2025,336,Luke Musgrave,GB,TE,1,16,CHI,9.67741935483871,3,12.5,3,38,19.2,12.67,12.67,100,0,0,0,0,0,6.8,6.8
2025,337,Jalen McMillan,TB,WR,1,15,ATL,13.333333333333334,2,5.9,2,38,13.7,19,19,100,0,0,0,1,0,5.8,5.8
2025,338,Christian Kirk,HST,WR,1,16,LV,10.638297872340425,5,14.3,3,37,19.8,12.33,7.4,60,0,0,0,0,0,6.7,6.7
2025,339,David Sills,ATL,WR,1,17,LA,8.823529411764707,3,15,3,37,29.4,12.33,12.33,100,0,0,0,0,0,6.7,6.7
2025,340,Dawson Knox,BUF,TE,1,15,NE,8.333333333333332,4,14.3,3,37,19.2,12.33,9.25,75,2,66.7,2,3,0,18.7,18.7
2025,341,Jauan Jennings,SF,WR,1,15,TEN,4.651162790697675,4,13.3,3,37,12.5,12.33,9.25,75,2,66.7,1,3,0,18.7,18.7
2025,342,DeVonta Smith,PHI,WR,1,14,LAC,6.1946902654867255,7,17.5,4,37,15.4,9.25,5.29,57.1,0,0,0,0,0,7.7,7.7
2025,343,Kevin Austin,NO,WR,1,18,ATL,39.130434782608695,9,25.7,4,37,14.3,9.25,4.11,44.4,0,0,0,0,0,7.7,7.7
2025,344,Jameson Williams,DET,WR,1,17,MIN,2.0202020202020203,2,6.9,2,37,18.8,18.5,18.5,100,0,0,0,0,0,5.7,5.7
2025,345,George Pickens,DAL,WR,1,14,DET,6.870229007633588,9,19.1,5,37,9.8,7.4,4.11,55.6,0,0,1,2,0,8.7,8.7
2025,346,Elic Ayomanor,TEN,WR,1,17,NO,8.13953488372093,7,17.5,4,37,14.7,9.25,5.29,57.1,1,50,2,2,0,13.7,13.7
2025,347,Keenan Allen,LAC,WR,1,15,KC,5.932203389830509,7,24.1,5,36,17.1,7.2,5.14,71.4,0,0,0,0,0,8.6,8.6
2025,348,Keenan Allen,LAC,WR,1,18,DEN,11.016949152542372,13,29.5,7,36,26.5,5.14,2.77,53.8,0,0,0,0,0,10.6,10.6
2025,349,Travis Kelce,KC,TE,1,17,DEN,5.769230769230769,6,27.3,5,36,54.5,7.2,6,83.3,0,0,0,1,0,8.6,8.6
2025,350,Demarcus Robinson,SF,WR,1,15,TEN,5.714285714285714,2,6.7,2,36,12.2,18,18,100,0,0,0,1,0,5.6,5.6
2025,351,Taysom Hill,NO,TE,1,16,NYJ,37.5,6,12,4,36,10.4,9,6,66.7,0,0,0,0,0,16.3,16.32
2025,352,Evan Engram,DEN,TE,1,16,JAX,5.405405405405405,4,8.5,2,36,10.2,18,9,50,0,0,0,0,0,5.6,5.6
2025,353,Darius Slayton,NYG,WR,1,17,LV,4.918032786885246,3,10,2,36,17.4,18,12,66.7,0,0,1,1,0,5.6,5.6
2025,354,Tom Kennedy,DET,WR,1,13,GB,100,4,14.8,4,36,14.1,9,9,100,0,0,0,0,0,7.6,7.6
2025,355,Colby Parkinson,LA,TE,1,18,ARZ,12.727272727272727,7,17.5,4,36,13.9,9,5.14,57.1,2,50,1,2,0,19.6,19.6
2025,356,Cole Kmet,CHI,TE,1,13,PHI,6.666666666666667,3,8.3,3,36,23.4,12,12,100,1,100,0,0,0,12.6,12.6
2025,357,Romeo Doubs,GB,WR,1,15,DEN,3.571428571428571,3,7.5,2,36,13,18,12,66.7,0,0,1,1,0,5.6,5.6
2025,358,Jake Ferguson,DAL,TE,1,13,KC,6,6,15.4,5,36,11.3,7.2,6,83.3,0,0,0,1,0,8.6,8.6
2025,359,Darnell Washington,PIT,TE,1,16,DET,9.30232558139535,4,9.8,3,36,13.5,12,9,75,0,0,1,1,1,5.6,5.6
2025,360,Michael Wilson,ARZ,WR,1,13,TB,5.64516129032258,7,17.5,3,36,12,12,5.14,42.9,0,0,0,2,0,6.6,6.6
2025,361,Tyrell Shavers,BUF,WR,1,17,PHI,9.090909090909092,2,5.7,2,36,14.9,18,18,100,0,0,0,0,0,5.6,5.6
2025,362,Jordan Addison,MIN,WR,1,13,SEA,13.698630136986301,10,33.3,5,36,28.6,7.2,3.6,50,0,0,1,1,0,8.6,8.6
2025,363,Ben Sinnott,WAS,TE,1,15,NYG,7.6923076923076925,1,5.3,1,36,17.1,36,36,100,0,0,0,0,0,4.6,4.6
2025,364,Jahdae Walker,CHI,WR,1,18,DET,30,3,9.1,2,36,17,18,12,66.7,1,50,0,0,0,11.6,11.6
2025,365,Hunter Henry,NE,TE,1,16,BLT,8.333333333333332,7,15.9,6,35,9.2,5.83,5,85.7,1,50,1,2,0,15.5,15.5
2025,366,Cooper Kupp,SEA,WR,1,14,ATL,4.411764705882353,3,10,2,35,14.1,17.5,11.67,66.7,1,33.3,0,2,0,11.5,11.5
2025,367,Dalton Schultz,HST,TE,1,16,LV,4.854368932038835,5,14.3,5,35,18.7,7,7,100,1,100,1,1,0,14.5,14.5
2025,368,Mike Gesicki,CIN,TE,1,16,MIA,9.523809523809524,4,12.1,3,35,11.2,11.67,8.75,75,1,25,0,1,0,12.5,12.5
2025,369,Marquise Brown,KC,WR,1,14,HST,2.7777777777777777,2,6.1,1,35,21.9,35,17.5,50,0,0,0,0,0,4.5,4.5
2025,370,Deebo Samuel,WAS,WR,1,16,PHI,4.081632653061225,4,17.4,3,35,25.4,11.67,8.75,75,0,0,0,0,0,6.5,6.5
2025,371,Jauan Jennings,SF,WR,1,18,SEA,6.976744186046512,6,22.2,4,35,27.6,8.75,5.83,66.7,0,0,0,0,0,7.5,7.5
2025,372,Darnell Mooney,ATL,WR,1,15,TB,8.450704225352112,6,13.6,3,35,9.4,11.67,5.83,50,0,0,0,0,0,6.5,6.5
2025,373,Darnell Mooney,ATL,WR,1,17,LA,5.633802816901409,4,20,2,35,27.8,17.5,8.75,50,0,0,0,0,0,5.5,5.5
2025,374,Khalil Shakir,BUF,WR,1,17,PHI,7.6923076923076925,7,20,6,35,14.5,5.83,5,85.7,0,0,1,1,0,9.5,9.5
2025,375,Daniel Bellinger,NYG,TE,1,15,WAS,15.384615384615385,4,10.8,3,35,14.2,11.67,8.75,75,0,0,0,0,0,6.5,6.5
2025,376,Kayshon Boutte,NE,WR,1,13,NYG,11.11111111111111,5,16.1,4,35,12.4,8.75,7,80,1,50,1,1,0,13.5,13.5
2025,377,Jayden Reed,GB,WR,1,16,CHI,13.636363636363635,3,12.5,3,35,17.7,11.67,11.67,100,0,0,0,2,0,7.1,7.1
2025,378,AJ Barner,SEA,TE,1,13,MIN,7.8125,5,19.2,4,35,27.3,8.75,7,80,0,0,0,0,0,7.7,7.7
2025,379,Xavier Worthy,KC,WR,1,15,LAC,5.555555555555555,4,12.1,2,35,16.6,17.5,8.75,50,0,0,0,0,0,5.5,5.5
2025,380,Efton Chism,NE,WR,1,18,MIA,33.33333333333333,1,4.5,1,35,16.4,35,35,100,0,0,0,0,0,4.5,4.5
2025,381,Isaac TeSlaa,DET,WR,1,13,GB,7.4074074074074066,2,7.4,2,35,13.7,17.5,17.5,100,1,50,0,1,0,11.5,11.5
2025,382,Luther Burden,CHI,WR,1,18,DET,6.666666666666667,4,12.1,3,35,16.5,11.67,8.75,75,0,0,0,0,0,7.5,7.5
2025,383,Mike Evans,TB,WR,1,18,CAR,3.389830508474576,2,9.1,2,34,16.7,17,17,100,0,0,0,0,0,5.4,5.4
2025,384,Austin Hooper,NE,TE,1,16,BLT,12,3,6.8,2,34,8.9,17,11.33,66.7,0,0,0,0,0,5.4,5.4
2025,385,Marquez Valdes-Scantling,PIT,WR,1,18,BLT,24.137931034482758,7,14.9,5,34,11.6,6.8,4.86,71.4,0,0,0,1,0,8.4,8.4
2025,386,Darius Slayton,NYG,WR,1,18,DAL,13.114754098360656,8,24.2,4,34,14.8,8.5,4.25,50,0,0,1,2,0,9.4,9.4
2025,387,Mason Kinsey,TEN,WR,1,17,NO,25,1,2.5,1,34,13.5,34,34,100,0,0,0,0,0,4.4,4.4
2025,388,Bo Melton,GB,WR,1,17,BLT,25,3,12,1,34,11.5,34,11.33,33.3,0,0,0,0,0,4.4,4.4
2025,389,Khalil Shakir,BUF,WR,1,16,CLV,5.4945054945054945,5,26.3,4,34,26.2,8.5,6.8,80,0,0,0,1,0,7.4,7.4
2025,390,Stone Smartt,NYJ,TE,1,16,NO,55.55555555555556,5,14.3,5,34,18.1,6.8,6.8,100,0,0,0,0,0,8.4,8.4
2025,391,John Metchie,NYJ,WR,1,14,MIA,16.666666666666664,8,23.5,4,34,20.1,8.5,4.25,50,0,0,1,2,0,7.4,7.4
2025,392,Wan'Dale Robinson,NYG,WR,1,13,NE,6.0606060606060606,8,33.3,7,34,24.5,4.86,4.25,87.5,0,0,0,0,0,10.4,10.4
2025,393,Dalton Kincaid,BUF,TE,1,15,NE,8.16326530612245,4,14.3,3,34,17.6,11.33,8.5,75,0,0,2,2,0,6.4,6.4
2025,394,Josh Downs,IND,WR,1,17,JAX,4.761904761904762,4,12.9,2,34,23.1,17,8.5,50,0,0,0,1,0,5.4,5.4
2025,395,Rashee Rice,KC,WR,1,14,HST,9.090909090909092,7,21.2,4,34,21.3,8.5,4.86,57.1,0,0,0,0,0,7.4,7.4
2025,396,Davis Allen,LA,TE,1,16,SEA,15.151515151515152,5,10.2,2,34,7.4,17,6.8,40,0,0,1,1,0,5.4,5.4
2025,397,Ryan Flournoy,DAL,WR,1,13,KC,5.555555555555555,3,7.7,3,34,10.6,11.33,11.33,100,0,0,0,0,0,6.4,6.4
2025,398,Jayden Higgins,HST,WR,1,14,KC,7.462686567164178,5,16.1,3,34,16.7,11.33,6.8,60,0,0,0,0,0,6.4,6.4
2025,399,Harold Fannin,CLV,TE,1,16,BUF,4.807692307692308,5,16.7,4,34,25,8.5,6.8,80,1,100,0,1,0,19.5,19.5
2025,400,Olamide Zaccheaus,CHI,WR,1,16,GB,6.451612903225806,4,11.8,2,33,13.2,16.5,8.25,50,0,0,1,1,0,5.3,5.3
2025,401,Kevin Austin,NO,WR,1,15,CAR,21.73913043478261,5,15.2,3,33,12.1,11,6.6,60,0,0,0,0,0,6.3,6.3
2025,402,George Pickens,DAL,WR,1,15,MIN,3.0534351145038165,4,10.5,3,33,11.2,11,8.25,75,0,0,0,0,0,6.3,6.3
2025,403,Chig Okonkwo,TEN,TE,1,15,SF,7.792207792207792,6,20.7,4,33,19.4,8.25,5.5,66.7,0,0,1,1,0,7.3,7.3
2025,404,Cade Otton,TB,TE,1,17,MIA,5,4,9.1,4,33,9.5,8.25,8.25,100,0,0,0,0,0,7.3,7.3
2025,405,DeMario Douglas,NE,WR,1,13,NYG,6.8181818181818175,3,9.7,3,33,11.7,11,11,100,0,0,0,1,0,6.3,6.3
2025,406,Brock Bowers,LV,TE,1,16,HST,6.024096385542169,5,21.7,5,33,16.4,6.6,6.6,100,1,50,1,1,0,14.3,14.3
2025,407,Darius Cooper,PHI,WR,1,18,WAS,45.45454545454545,5,12.5,3,33,13.7,11,6.6,60,0,0,0,0,0,6.3,6.3
2025,408,Kyle Williams,NE,WR,1,13,NYG,4.761904761904762,1,3.2,1,33,11.7,33,33,100,1,50,0,0,0,10.3,10.3
2025,409,Luther Burden,CHI,WR,1,13,PHI,10,6,16.7,4,33,21.4,8.25,5.5,66.7,0,0,0,0,0,7.6,7.6
2025,410,Terrance Ferguson,LA,TE,1,16,SEA,16,4,8.2,3,33,7.2,11,8.25,75,1,33.3,1,1,0,12.3,12.3
2025,411,DeAndre Hopkins,BLT,WR,1,15,CIN,2.857142857142857,1,8.3,1,32,21.3,32,32,100,0,0,0,0,0,4.2,4.2
2025,412,Taysom Hill,NO,TE,1,18,ATL,18.75,3,8.6,3,32,12.4,10.67,10.67,100,0,0,0,0,0,6.2,6.2
2025,413,Dallas Goedert,PHI,TE,1,16,WAS,3.75,3,10,3,32,17.3,10.67,10.67,100,1,50,0,1,0,12.2,12.2
2025,414,DK Metcalf,PIT,WR,1,13,BUF,5.1020408163265305,5,20.8,3,32,27.4,10.67,6.4,60,0,0,0,0,0,6.2,6.2
2025,415,Colby Parkinson,LA,TE,1,14,ARZ,9.090909090909092,5,16.1,3,32,11.4,10.67,6.4,60,1,33.3,3,3,0,12.2,12.2
2025,416,Michael Pittman,IND,WR,1,16,SF,4.62962962962963,5,13.9,4,32,11.6,8,6.4,80,0,0,0,0,0,7.2,7.2
2025,417,Isaiah Likely,BLT,TE,1,18,PIT,5.555555555555555,2,11.1,2,32,13.4,16,16,100,0,0,0,0,0,5.2,5.2
2025,418,Jalen Brooks,ARZ,WR,1,14,LA,50,3,6.8,2,32,11.8,16,10.67,66.7,0,0,0,0,0,5.2,5.2
2025,419,Pat Bryant,DEN,WR,1,14,LV,10.638297872340425,5,13.2,4,32,15.1,8,6.4,80,0,0,0,1,0,7.2,7.2
2025,420,Oronde Gadsden,LAC,TE,1,17,HST,8.823529411764707,6,18.8,3,32,13.6,10.67,5.33,50,1,100,1,3,0,12.2,12.2
2025,421,Theo Wease,MIA,WR,1,16,CIN,40,4,13.3,2,32,12.3,16,8,50,0,0,0,0,0,5.2,5.2
2025,422,Mike Evans,TB,WR,1,16,CAR,15.254237288135593,9,34.6,5,31,21.4,6.2,3.44,55.6,1,100,2,2,0,14.1,14.1
2025,423,Mike Evans,TB,WR,1,17,MIA,11.864406779661017,7,15.9,3,31,9,10.33,4.43,42.9,1,50,1,1,0,12.1,12.1
2025,424,Tanner Hudson,CIN,TE,1,17,ARZ,8.333333333333332,2,5.6,2,31,9.4,15.5,15.5,100,0,0,0,0,0,5.1,5.1
2025,425,Drew Sample,CIN,TE,1,16,MIA,11.76470588235294,2,6.1,2,31,9.9,15.5,15.5,100,0,0,0,0,0,5.1,5.1
2025,426,Greg Dulcich,MIA,TE,1,18,NE,12.903225806451612,4,16,3,31,22.6,10.33,7.75,75,0,0,0,0,0,6.1,6.1
2025,427,Jalen Tolbert,DAL,WR,1,17,WAS,21.875,7,18.9,4,31,10.1,7.75,4.43,57.1,0,0,0,1,0,7.1,7.1
2025,428,Calvin Austin,PIT,WR,1,14,BLT,3.7037037037037033,2,5.9,1,31,10.9,31,15.5,50,0,0,0,0,0,4.1,4.1
2025,429,Jayden Reed,GB,WR,1,14,CHI,18.181818181818183,4,16,4,31,13.2,7.75,7.75,100,0,0,0,0,0,9.3,9.3
2025,430,Brevyn Spann-Ford,DAL,TE,1,17,WAS,15.384615384615385,2,5.4,1,31,10.1,31,15.5,50,0,0,0,0,0,4.1,4.1
2025,431,Ladd McConkey,LAC,WR,1,17,HST,1.9230769230769231,2,6.3,1,31,13.1,31,15.5,50,0,0,1,1,0,4.1,4.1
2025,432,Pat Bryant,DEN,WR,1,18,LAC,10.638297872340425,5,21.7,4,31,22,7.75,6.2,80,0,0,1,1,0,7.1,7.1
2025,433,Keleki Latu,BUF,TE,1,18,NYJ,75,3,10.3,3,31,12,10.33,10.33,100,0,0,0,0,0,6.1,6.1
2025,434,Keenan Allen,LAC,WR,1,13,LV,4.23728813559322,5,23.8,4,30,18.8,7.5,6,80,0,0,0,1,0,7,7
2025,435,Demarcus Robinson,SF,WR,1,17,CHI,5.714285714285714,2,6.1,2,30,9.9,15,15,100,0,0,0,0,0,5,5
2025,436,Chris Godwin,TB,WR,1,16,CAR,12.5,6,23.1,5,30,20.7,6,5,83.3,0,0,1,1,0,8,8
2025,437,Dawson Knox,BUF,TE,1,17,PHI,10.416666666666668,5,14.3,5,30,12.4,6,6,100,0,0,1,1,0,8,8
2025,438,Juwan Johnson,NO,TE,1,15,CAR,4,4,12.1,4,30,11,7.5,7.5,100,0,0,0,1,0,7,7
2025,439,Justin Jefferson,MIN,WR,1,17,DET,3.6231884057971016,5,31.3,4,30,58.8,7.5,6,80,0,0,1,1,0,7,7
2025,440,Noah Gray,KC,TE,1,18,LV,12.121212121212121,4,12.9,3,30,20.5,10,7.5,75,0,0,0,0,0,6,6
2025,441,Kylen Granson,PHI,TE,1,18,WAS,55.55555555555556,5,12.5,4,30,12.4,7.5,6,80,0,0,0,1,0,7,7
2025,442,Chris Olave,NO,WR,1,14,TB,3.3112582781456954,5,25,3,30,20.8,10,6,60,0,0,0,0,0,6,6
2025,443,Jalen Nailor,MIN,WR,1,14,WAS,6,3,13,3,30,18.4,10,10,100,0,0,0,0,0,6,6
2025,444,Treylon Burks,WAS,WR,1,16,PHI,21.73913043478261,5,21.7,2,30,21.7,15,6,40,0,0,1,1,0,5,5
2025,445,Tre Tucker,LV,WR,1,18,KC,6.666666666666667,6,23.1,2,30,28.6,15,5,33.3,0,0,0,1,0,5.4,5.4
2025,446,Kayshon Boutte,NE,WR,1,15,BUF,2.2222222222222223,1,4.3,1,30,19.4,30,30,100,0,0,0,0,0,4,4
2025,447,Zay Flowers,BLT,WR,1,17,GB,4.273504273504273,5,25,4,30,28,7.5,6,80,1,100,2,3,0,13,13
2025,448,Isaiah Williams,NYJ,WR,1,17,NE,14.705882352941178,5,14.7,4,30,19.4,7.5,6,80,0,0,0,0,0,7.5,7.5
2025,449,Brevyn Spann-Ford,DAL,TE,1,18,NYG,23.076923076923077,3,12.5,2,30,21,15,10,66.7,0,0,0,0,0,5,5
2025,450,Malik Washington,MIA,WR,1,13,NO,8.064516129032258,5,21.7,4,30,19.1,7.5,6,80,0,0,0,0,0,7,7
2025,451,Colston Loveland,CHI,TE,1,16,GB,5.063291139240507,4,11.8,3,30,12,10,7.5,75,0,0,0,1,0,6,6
2025,452,Tyler Warren,IND,TE,1,16,SF,7.547169811320755,8,22.2,3,30,10.8,10,3.75,37.5,0,0,0,0,0,6,6
2025,453,Jahdae Walker,CHI,WR,1,17,SF,40,4,9.5,2,30,9.3,15,7.5,50,0,0,1,1,0,5,5
2025,454,Harold Fannin,CLV,TE,1,17,PIT,1.9230769230769231,2,8.7,2,30,16.1,15,15,100,1,100,0,0,0,11,11
2025,455,Tre Harris,LAC,WR,1,13,LV,9.523809523809524,4,19,3,30,18.8,10,7.5,75,0,0,0,1,0,6,6
2025,456,Davante Adams,LA,WR,1,14,ARZ,5.405405405405405,6,19.4,4,29,10.3,7.25,4.83,66.7,0,0,2,2,0,6.9,6.9
2025,457,George Kittle,SF,TE,1,18,SEA,9.090909090909092,6,22.2,5,29,22.8,5.8,4.83,83.3,0,0,0,0,0,7.9,7.9
2025,458,Cooper Kupp,SEA,WR,1,18,SF,4.411764705882353,3,11.5,2,29,14.6,14.5,9.67,66.7,0,0,1,1,0,4.9,4.9
2025,459,Josh Oliver,MIN,TE,1,18,GB,11.11111111111111,2,6.5,2,29,12.1,14.5,14.5,100,0,0,0,0,0,4.9,4.9
2025,460,Chig Okonkwo,TEN,TE,1,13,JAX,6.493506493506493,5,13.2,4,29,20.6,7.25,5.8,80,0,0,0,0,0,6.9,6.9
2025,461,Christian Watson,GB,WR,1,15,DEN,9.090909090909092,5,12.5,3,29,10.5,9.67,5.8,60,0,0,0,1,0,5.9,5.9
2025,462,Luke Schoonmaker,DAL,TE,1,15,MIN,4.3478260869565215,1,2.6,1,29,9.9,29,29,100,0,0,0,0,0,3.9,3.9
2025,463,Andrei Iosivas,CIN,WR,1,13,BLT,3.4482758620689653,2,4.3,1,29,11.1,29,14.5,50,1,50,1,1,0,9.9,9.9
2025,464,DeMario Douglas,NE,WR,1,18,MIA,6.8181818181818175,3,13.6,2,29,13.6,14.5,9.67,66.7,0,0,0,0,0,4.9,4.9
2025,465,Marvin Mims,DEN,WR,1,15,GB,11.76470588235294,6,17.6,4,29,9.6,7.25,4.83,66.7,0,0,0,0,0,7.7,7.7
2025,466,Mason Tipton,NO,WR,1,16,NYJ,29.411764705882355,5,10,4,29,8.4,7.25,5.8,80,0,0,0,1,0,8.1,8.1
2025,467,Theo Johnson,NYG,TE,1,13,NE,10.95890410958904,8,33.3,3,29,20.9,9.67,3.63,37.5,0,0,0,0,0,5.9,5.9
2025,468,Ben Sinnott,WAS,TE,1,17,DAL,30.76923076923077,4,17.4,3,29,14.6,9.67,7.25,75,0,0,0,0,0,5.9,5.9
2025,469,Darius Cooper,PHI,WR,1,15,LV,18.181818181818183,2,11.1,2,29,13.9,14.5,14.5,100,0,0,0,0,0,4.9,4.9
2025,470,Colston Loveland,CHI,TE,1,14,GB,6.329113924050633,5,14.3,4,29,15.6,7.25,5.8,80,1,50,1,1,0,12.9,12.9
2025,471,Noah Brown,WAS,WR,1,15,NYG,10,1,5.3,1,28,13.3,28,28,100,0,0,0,0,0,3.8,3.8
2025,472,Will Dissly,LAC,TE,1,16,DAL,20,3,10.3,3,28,9.3,9.33,9.33,100,0,0,0,0,0,5.8,5.8
2025,473,Mark Andrews,BLT,TE,1,17,GB,5.970149253731343,4,20,4,28,26.2,7,7,100,0,0,0,1,0,6.8,6.8
2025,474,Dawson Knox,BUF,TE,1,13,PIT,8.333333333333332,4,17.4,3,28,22.8,9.33,7,75,0,0,1,1,0,5.8,5.8
2025,475,Cole Kmet,CHI,TE,1,15,CLV,6.666666666666667,3,10.7,2,28,11.8,14,9.33,66.7,0,0,0,1,0,4.8,4.8
2025,476,KaVontae Turpin,DAL,WR,1,13,KC,5.405405405405405,2,5.1,2,28,8.8,14,14,100,0,0,0,0,0,8.1,8.1
2025,477,Elijah Higgins,ARZ,TE,1,18,LA,8.571428571428571,3,9.4,3,28,10.3,9.33,9.33,100,0,0,0,0,0,5.8,5.8
2025,478,Brock Bowers,LV,TE,1,15,PHI,9.63855421686747,8,32,6,28,43.8,4.67,3.5,75,0,0,0,0,0,8.8,8.8
2025,479,Brian Thomas,JAX,WR,1,13,TEN,3.4090909090909087,3,11.1,2,28,12.2,14,9.33,66.7,0,0,0,0,0,4.8,4.8
2025,480,Colston Loveland,CHI,TE,1,13,PHI,7.59493670886076,6,16.7,3,28,18.2,9.33,4.67,50,0,0,0,0,0,5.8,5.8
2025,481,Tre Harris,LAC,WR,1,18,DEN,14.285714285714285,6,13.6,2,28,20.6,14,4.67,33.3,0,0,0,1,0,4.8,4.8
2025,482,Kendrick Bourne,SF,WR,1,16,IND,9.615384615384617,5,14.7,3,27,9.2,9,5.4,60,0,0,0,0,0,5.7,5.7
2025,483,Dallas Goedert,PHI,TE,1,13,CHI,5,4,11.8,2,27,11.7,13.5,6.75,50,0,0,0,0,0,4.7,4.7
2025,484,Lil'Jordan Humphrey,DEN,WR,1,14,LV,13.043478260869565,3,7.9,3,27,12.7,9,9,100,0,0,0,0,0,5.7,5.7
2025,485,Deebo Samuel,WAS,WR,1,14,MIN,6.122448979591836,6,25,4,27,25,6.75,4.5,66.7,0,0,1,1,0,6.7,6.7
2025,486,Colby Parkinson,LA,TE,1,13,CAR,7.2727272727272725,4,14.3,4,27,11.1,6.75,6.75,100,0,0,0,1,0,6.7,6.7
2025,487,Drake London,ATL,WR,1,16,ARZ,7.4074074074074066,8,22.9,3,27,13.7,9,3.38,37.5,0,0,0,1,0,5.7,5.7
2025,488,Trey McBride,ARZ,TE,1,16,ATL,4.848484848484849,8,25.8,4,27,13.3,6.75,3.38,50,0,0,1,4,0,6.7,6.7
2025,489,Isaiah Likely,BLT,TE,1,17,GB,8.333333333333332,3,15,3,27,25.2,9,9,100,0,0,0,0,0,5.7,5.7
2025,490,Brycen Tremayne,CAR,WR,1,18,TB,11.76470588235294,2,5.7,2,27,10.2,13.5,13.5,100,0,0,0,0,0,4.7,4.7
2025,491,Brenton Strange,JAX,TE,1,14,IND,10.16949152542373,6,19.4,3,27,10.9,9,4.5,50,0,0,1,2,0,5.7,5.7
2025,492,AJ Barner,SEA,TE,1,14,ATL,6.25,4,13.3,3,27,10.8,9,6.75,75,0,0,1,2,0,5.7,5.7
2025,493,AJ Barner,SEA,TE,1,15,IND,9.375,6,16.7,3,27,10,9,4.5,50,0,0,0,0,0,5.7,5.7
2025,494,Oronde Gadsden,LAC,TE,1,13,LV,2.941176470588235,2,9.5,1,27,16.9,27,13.5,50,0,0,0,0,0,3.7,3.7
2025,495,Chimere Dike,TEN,WR,1,18,JAX,5.555555555555555,4,12.1,3,27,21.8,9,6.75,75,0,0,0,0,0,5.7,5.7
2025,496,Stefon Diggs,NE,WR,1,13,NYG,4,4,12.9,3,26,9.2,8.67,6.5,75,0,0,1,1,0,5.6,5.6
2025,497,Stefon Diggs,NE,WR,1,15,BUF,3,3,13,3,26,16.8,8.67,8.67,100,0,0,0,0,0,5.6,5.6
Exported from Data Suite 2.0 by michaelgingrave (user 380) on 2026-09-10 04:13 UTC,,,,,,,,,,,,,,,,,,,,,,,