,Player Details,Player Details,Player Details,Player Details,Player Details,Splits,Splits,Splits,Splits,Receiving,Receiving,Receiving,Receiving,Receiving,Receiving,Receiving,Receiving,Receiving,Receiving,Receiving,Receiving,Receiving,Receiving,Receiving,Receiving,Receiving,Receiving,Receiving,Receiving,Receiving,Receiving,Receiving,Receiving,Receiving,Receiving,Advanced,Advanced,Advanced,Advanced,Advanced,Advanced,Advanced,Advanced,Advanced,Advanced,Advanced,Advanced,Advanced,Advanced,Advanced,Advanced,Advanced,Advanced,Advanced,Advanced,Advanced,Advanced,Alignment,Alignment,Alignment,Alignment,FP,FP,FP,FP,FP,FP,FP,FP
Season,Rank,Name,Team,POS,G,WEEK,OPP,RTE %,TGT %,SNAP %,RTE,RTE %,TGT,TGT %,YPRR,TPRR,aDOT,AY,AY Share,YDS,TM YDS %,YPT,YPR,REC,CR %,YAC,YAC/REC,YACO,YACO/REC,TD,XTD,TM TD %,i20 TGT,EZTGT,EZTD,1D,1D/RR,RATE,1READ,1READ %,DESIGN,DESIGN %,CTGT,CTGT %,DEEP,EXP %,DRP,DRP %,CT,CC,CC %,HERO,MTF,MTF/REC,THREAT %,YPTOE,EPA/TGT,WIDE RTE %,SLOT RTE %,INLINE RTE %,BACK RTE %,FP,XFP,FP/G,XFP/G,DIFF,FP/RR,XFP/RR,RecXFP
2026,,League Avg,,,,,,,,49.65243902439023,16.3739837398374,44.948780487804896,3.105691056910569,9.783739837398375,1.57,0.19,7.246056910569105,30.983739837398375,13.004065040650408,25.63821138211382,11.175203252032524,8.26,12.22,2.097560975609756,67.5,9.304878048780488,4.44,3.2357723577235773,1.54,0.17479674796747968,0.18605691056910553,8.603658536585368,0.3821138211382114,0.24796747967479674,0.12601626016260162,1.2479674796747968,0.076,67.10528455284548,2.4146341463414633,11.40487804878049,0.2601626016260163,8.4,2.5121951219512195,80.9,0.4349593495934959,19.5,0.17479674796747968,5.6,0.5609756097560976,0.3008130081300813,53.6,0.056910569105691054,0.17479674796747968,0.08,20.7,0.24,0.323,44.46910569105691,32.91951219512195,21.662601626016265,0.9532520325203252,5.769512195121953,5.885365853658536,5.769512195121953,5.885528455284554,-0.11601626016260166,0.35,0.36,5.8260162601626
2026,1,Davante Adams,LA,WR,1,2,NYG,100,100,63.3,24,72.7,10,32.3,8.13,0.42,19.9,199,58.4,195,59.6,19.5,24.38,8,80,44,5.5,6,0.75,2,0.99,50,1,1,1,7,0.292,118.8,10,40,0,0,10,100,4,57.1,0,0,3,2,66.7,2,0,0,41.7,9.08,1.175,91.7,8.3,0,0,39.5,31.3,39.5,31.28,8.22,1.65,1.3,31.3
2026,2,Jaxon Smith-Njigba,SEA,WR,1,2,ARZ,100,100,70.1,22,81.5,11,42.3,7.05,0.5,11.73,129,53.8,155,66,14.09,17.22,9,81.8,51,5.67,3,0.33,3,1.55,100,3,2,2,8,0.364,158.3,9,42.9,1,9.1,11,100,1,16.7,2,18.2,4,3,75,0,0,0,45.8,5.73,1.625,77.3,22.7,0,0,42.5,30.6,42.5,30.6,11.9,1.93,1.39,30.6
2026,3,CeeDee Lamb,DAL,WR,1,2,WAS,100,100,74.1,28,77.8,9,29,5.46,0.32,14.67,132,55,153,54.8,17,19.13,8,88.9,41,5.13,7,0.88,2,1.45,50,1,2,2,7,0.25,158.3,8,36.4,0,0,9,100,3,57.1,0,0,2,2,100,1,1,0.13,37.5,8.29,1.263,71.4,21.4,0,7.1,35.3,27.8,35.3,27.82,7.48,1.26,0.99,27.8
2026,4,Amon-Ra St. Brown,DET,WR,1,2,BUF,100,100,95.2,42,95.5,12,31.6,3.38,0.29,11.58,139,44.6,142,43.4,11.83,15.78,9,75,46,5.11,22,2.44,2,0.78,50,2,1,1,7,0.167,153.5,12,52.2,0,0,9,75,1,57.1,0,0,2,2,100,0,1,0.11,35.3,3.23,0.971,45.2,54.8,0,0,35.2,23,35.2,22.97,12.23,0.84,0.55,23
2026,5,Dalton Schultz,HST,TE,1,2,CIN,100,100,71.8,47,74.6,14,25,2.98,0.3,6.15,80,18,140,39.7,10,11.67,12,85.7,65,5.42,24,2,0,0.03,0,0,0,0,6,0.128,108.3,8,26.7,0,0,12,85.7,1,16.7,0,0,2,2,100,1,1,0.08,35.9,3.48,0.535,6.4,48.9,44.7,0,26,21.8,26,21.82,4.18,0.55,0.46,21.8
2026,6,Jaylen Waddle,DEN,WR,1,2,JAX,100,100,61,22,71,10,32.3,6.27,0.45,14.7,147,54.4,138,47.9,13.8,17.25,8,80,38,4.75,16,2,0,0.45,0,1,0,0,6,0.273,118.8,8,38.1,2,20,8,80,3,42.9,0,0,1,1,100,0,1,0.13,47.6,4.78,0.875,59.1,40.9,0,0,21.8,20.5,21.8,20.48,1.32,0.99,0.93,20.5
2026,7,Tre Tucker,LV,WR,1,2,LAC,100,100,58.3,21,65.6,7,24.1,5.67,0.33,19.43,136,49.1,119,47,17,23.8,5,71.4,6,1.2,3,0.6,1,0.71,33.3,0,1,1,4,0.19,113.7,6,30,0,0,6,85.7,2,40,0,0,3,2,66.7,1,0,0,30.4,6.74,0.481,76.2,23.8,0,0,22.9,17.7,22.9,17.68,5.22,1.09,0.84,17.7
2026,8,DeVonta Smith,PHI,WR,1,2,TEN,100,100,93.1,40,95.2,13,35.1,2.92,0.33,14.69,191,63,117,44.3,9,11.7,10,76.9,10,1,4,0.4,1,1.34,50,1,3,1,7,0.175,89.7,11,50,0,0,10,76.9,3,10,0,0,3,1,33.3,1,0,0,39.4,-0.09,0.097,70,30,0,0,27.7,29.7,27.7,29.69,-1.99,0.69,0.74,29.7
2026,9,Travis Kelce,KC,TE,1,2,IND,100,100,84.6,36,70.6,11,23.4,2.81,0.31,5.09,56,21.2,101,26.4,9.18,11.22,9,81.8,66,7.33,15,1.67,1,0.26,33.3,1,0,0,7,0.194,135.2,8,25.8,1,9.1,10,90.9,1,0,1,9.1,0,0,0,0,2,0.22,33.3,1.99,0.464,27.8,44.4,25,2.8,25.1,20.8,25.1,20.8,4.3,0.7,0.58,20.8
2026,10,Tetairoa McMillan,CAR,WR,1,2,ATL,100,100,83.3,35,89.7,9,25,2.89,0.26,15.11,136,44.9,101,35.2,11.22,20.2,5,55.6,19,3.8,31,6.2,0,0.15,0,2,2,0,4,0.114,95.1,6,27.3,0,0,5,55.6,4,60,0,0,1,1,100,1,0,0,32.1,2.28,0.77,71.4,28.6,0,0,15.1,13.3,15.1,13.31,1.79,0.43,0.38,13.3
2026,11,Parker Washington,JAX,WR,1,2,DEN,100,100,78.2,27,87.1,12,41.4,3.63,0.44,13.58,163,59.1,98,51.9,8.17,14,7,58.3,7,1,2,0.29,0,0.39,0,0,0,0,3,0.111,50,10,50,0,0,8,66.7,2,14.3,0,0,2,1,50,0,1,0.14,50,-0.88,-0.031,44.4,55.6,0,0,16.8,19.5,16.8,19.49,-2.69,0.62,0.72,19.5
2026,12,Romeo Doubs,NE,WR,1,2,PIT,100,100,66,20,74.1,4,18.2,4.8,0.2,18.75,75,39.7,96,46.2,24,32,3,75,27,9,9,3,0,0.43,0,0,0,0,2,0.1,116.7,3,23.1,1,25,4,100,2,66.7,1,25,0,0,0,0,0,0,26.7,14.27,1.389,85,15,0,0,12.6,15.6,12.6,15.63,-3.03,0.63,0.78,15.6
2026,13,Tee Higgins,CIN,WR,1,2,HST,100,100,71.2,25,69.4,10,32.3,3.8,0.4,9.2,92,50.8,95,45.9,9.5,19,5,50,35,7,14,2.8,0,0.05,0,0,0,0,5,0.2,83.3,8,40,0,0,8,80,1,60,1,10,2,1,50,0,1,0.2,45.5,1.7,0.546,80,20,0,0,14.5,14.9,14.5,14.85,-0.35,0.58,0.59,14.9
2026,14,Dalton Kincaid,BUF,TE,1,2,DET,100,100,66.7,25,65.8,8,25.8,3.8,0.32,9.5,76,34.9,95,38.3,11.88,13.57,7,87.5,44,6.29,11,1.57,1,0.75,33.3,1,0,0,5,0.2,155.7,4,22.2,0,0,7,87.5,1,33.3,0,0,1,1,100,0,0,0,38.1,3.86,0.899,12,24,64,0,22.5,17.6,22.5,17.61,4.89,0.9,0.7,17.6
2026,15,Denzel Boston,CLV,WR,1,2,TB,100,100,90.9,27,77.1,7,23.3,3.52,0.26,9,63,57.3,95,39.9,13.57,19,5,71.4,51,10.2,44,8.8,1,0.51,50,1,1,0,3,0.111,153.3,6,26.1,0,0,6,85.7,1,20,0,0,2,1,50,0,3,0.6,25,5.65,0.999,92.6,7.4,0,0,20.5,13.7,20.5,13.7,6.8,0.76,0.51,13.7
2026,16,Rashod Bateman,BLT,WR,1,2,NO,100,100,91.1,31,81.6,9,29,2.84,0.29,13.78,124,40.3,88,37.4,9.78,12.57,7,77.8,3,0.43,1,0.14,1,0.79,100,1,1,1,3,0.097,104.9,8,38.1,0,0,7,77.8,2,14.3,0,0,3,3,100,0,0,0,33.3,0.86,0.619,71,29,0,0,21.8,19.2,21.8,19.22,2.58,0.7,0.62,19.2
2026,17,Chris Olave,NO,WR,1,2,BLT,100,100,84.4,34,87.2,9,26.5,2.53,0.26,9,81,47.1,86,34.1,9.56,10.75,8,88.9,18,2.25,15,1.88,1,0.77,100,0,1,1,6,0.176,143.5,9,36,1,11.1,8,88.9,1,25,0,0,5,5,100,0,1,0.13,31,1.7,0.904,73.5,26.5,0,0,22.6,16.3,22.6,16.29,6.31,0.66,0.48,16.3
2026,18,Tyquan Thornton,KC,WR,1,2,IND,100,100,59,31,60.8,4,8.5,2.77,0.13,20.75,83,31.4,86,22.5,21.5,21.5,4,100,3,0.75,2,0.5,0,0.67,0,0,0,0,2,0.065,118.8,3,9.7,0,0,4,100,2,50,0,0,3,3,100,0,0,0,14.3,11.65,2.043,67.7,25.8,6.5,0,12.6,11.8,12.6,11.76,0.84,0.41,0.38,11.8
2026,19,Rashee Rice,KC,WR,1,2,IND,100,100,78.2,36,70.6,5,10.6,2.31,0.14,7.6,38,14.4,83,21.7,16.6,20.75,4,80,53,13.25,15,3.75,0,0.07,0,1,0,0,3,0.083,118.8,5,16.1,1,20,5,100,0,66.7,0,0,1,0,0,0,1,0.25,15.6,8.95,0.31,50,50,0,0,12.3,10.1,12.3,10.11,2.19,0.34,0.28,10.1
2026,20,George Kittle,SF,TE,1,2,MIA,100,100,49,13,52,4,18.2,6.15,0.31,10.5,42,24,80,27.9,20,20,4,100,40,10,17,4.25,1,1.03,50,2,1,1,3,0.231,158.3,3,20,0,0,4,100,0,100,0,0,1,1,100,0,1,0.25,28.6,11.1,1.442,0,23.1,76.9,0,18,13.7,18,13.71,4.29,1.38,1.05,13.7
2026,21,Ryan Miller,MIA,WR,1,2,SF,100,100,12.5,2,7.1,1,4.3,38.5,0.5,41,41,28.7,77,39.1,77,77,1,100,36,36,0,0,1,0.1,100,0,0,0,1,0.5,158.3,1,7.7,0,0,1,100,1,100,0,0,0,0,0,0,0,0,33.3,62,7.011,0,100,0,0,14.7,5.9,14.7,5.9,8.8,7.35,2.95,5.9
2026,22,Ja'Marr Chase,CIN,WR,1,2,HST,100,100,88.1,34,94.4,9,29,2.21,0.26,9.44,85,47,75,36.2,8.33,10.71,7,77.8,15,2.14,9,1.29,2,1.49,100,1,2,2,3,0.088,141,8,40,2,22.2,8,88.9,2,16.7,1,11.1,1,1,100,1,1,0.14,32.1,0.95,0.433,76.5,23.5,0,0,26.5,25.1,26.5,25.05,1.45,0.78,0.74,25.1
2026,23,Dontayvion Wicks,PHI,WR,1,2,TEN,100,100,62.5,27,64.3,6,16.2,2.74,0.22,11.67,70,23.1,74,28,12.33,14.8,5,83.3,7,1.4,3,0.6,0,0.17,0,1,0,0,5,0.185,118.1,5,22.7,0,0,6,100,2,50,1,16.7,1,0,0,0,0,0,24,3.74,1.842,66.7,33.3,0,0,12.4,14.6,12.4,14.64,-2.24,0.46,0.54,14.6
2026,24,Josh Downs,IND,WR,1,2,KC,100,100,84.1,28,84.8,9,29,2.57,0.32,6.56,59,37.8,72,34.3,8,10.29,7,77.8,33,4.71,7,1,0,0.14,0,2,0,0,6,0.214,100,9,36,0,0,8,88.9,0,20,0,0,4,3,75,0,0,0,33.3,0.88,0.909,25,75,0,0,14.2,12.9,14.2,12.95,1.25,0.51,0.46,12.9
2026,25,Elic Ayomanor,TEN,WR,1,2,PHI,100,100,52.9,12,50,3,15,5.75,0.25,13.67,41,33.6,69,37.7,23,34.5,2,66.7,39,19.5,9,4.5,0,0.02,0,1,1,0,2,0.167,109.7,3,21.4,0,0,2,66.7,0,100,0,0,0,0,0,0,2,1,30,13.37,1.26,91.7,8.3,0,0,8.9,5.4,8.9,5.4,3.5,0.74,0.45,5.4
2026,26,Juwan Johnson,NO,TE,1,2,BLT,100,100,50,22,56.4,4,11.8,3,0.18,2.75,11,6.4,66,26.2,16.5,16.5,4,100,55,13.75,25,6.25,0,0.33,0,1,0,0,2,0.091,118.8,3,12,0,0,4,100,0,66.7,0,0,1,1,100,0,1,0.25,22.2,10.34,1.754,13.6,59.1,27.3,0,10.6,8,10.6,7.98,2.62,0.48,0.36,8
2026,27,Jalen Coker,CAR,WR,1,2,ATL,100,100,78.3,33,84.6,9,25,2,0.27,5.78,52,17.2,66,23,7.33,8.25,8,88.9,21,2.63,3,0.38,0,0.9,0,4,1,0,3,0.091,97.2,7,31.8,1,11.1,8,88.9,1,20,0,0,1,1,100,1,0,0,33.3,0.54,0.189,48.5,48.5,0,3,14.6,19.8,14.6,19.79,-5.19,0.44,0.6,19.8
2026,28,Xavier Legette,CAR,WR,1,2,ATL,100,100,50,24,61.5,3,8.3,2.67,0.13,26.67,80,26.4,64,22.3,21.33,32,2,66.7,11,5.5,0,0,0,0.07,0,1,1,0,1,0.042,109.7,2,9.1,0,0,2,66.7,2,50,0,0,0,0,0,0,0,0,15,9.86,1.406,70.8,29.2,0,0,8.4,7.7,8.4,7.65,0.75,0.35,0.32,7.7
2026,29,Devaughn Vele,NO,WR,1,2,BLT,100,100,95.3,34,87.2,7,20.6,1.88,0.21,10.57,74,43,64,25.4,9.14,12.8,5,71.4,11,2.2,1,0.2,0,0.04,0,1,1,0,3,0.088,99.7,6,24,0,0,5,71.4,1,20,0,0,2,2,100,0,0,0,24.1,0.78,0.775,47.1,52.9,0,0,11.4,10.1,11.4,10.06,1.34,0.34,0.3,10.1
2026,30,Adonai Mitchell,NYJ,WR,1,2,GB,100,100,83.3,37,75.5,12,29.3,1.7,0.32,14.92,179,72.8,63,25.5,5.25,10.5,6,50,25,4.17,5,0.83,0,0.46,0,1,0,0,5,0.135,65.6,7,35,1,8.3,9,75,3,0,1,8.3,2,0,0,0,0,0,41.4,-3.78,0.463,83.8,13.5,2.7,0,12.3,23.1,12.3,23.13,-10.83,0.33,0.63,23.1
2026,31,Keon Coleman,BUF,WR,1,2,DET,100,100,75.4,26,68.4,6,19.4,2.42,0.23,7.67,46,21.1,63,25.4,10.5,10.5,6,100,17,2.83,2,0.33,0,0.12,0,1,0,0,4,0.154,110.4,5,27.8,0,0,6,100,0,20,0,0,1,1,100,0,0,0,28.6,3.42,0.978,88.5,7.7,3.8,0,12.3,11.6,12.3,11.57,0.73,0.47,0.45,11.6
2026,32,Laquon Treadwell,IND,WR,1,2,KC,100,100,73,24,72.7,3,9.7,2.54,0.13,18,54,34.6,61,29,20.33,20.33,3,100,7,2.33,0,0,0,0.14,0,0,0,0,1,0.042,118.8,3,12,0,0,3,100,1,33.3,0,0,1,1,100,0,0,0,12.5,11.16,1.188,87.5,12.5,0,0,9.1,8.8,9.1,8.8,0.3,0.38,0.37,8.8
2026,33,Matthew Golden,GB,WR,1,2,NYJ,100,100,84,26,81.3,6,20.7,2.23,0.23,13,78,35.5,58,40,9.67,14.5,4,66.7,33,8.25,11,2.75,0,0.06,0,0,0,0,4,0.154,97.9,6,26.1,1,16.7,5,83.3,1,0,1,16.7,0,0,0,0,2,0.5,24,1.33,0.216,76.9,23.1,0,0,9.8,10,9.8,10.03,-0.23,0.38,0.39,10
2026,34,Garrett Wilson,NYJ,WR,1,2,GB,100,100,87.5,37,75.5,7,17.1,1.54,0.19,10.71,75,30.5,57,23.1,8.14,11.4,5,71.4,3,0.6,0,0,1,0.74,100,1,0,0,4,0.108,135.1,6,30,0,0,5,71.4,0,0,0,0,0,0,0,0,0,0,22.6,-0.35,0.38,83.8,16.2,0,0,16.7,14.4,16.7,14.44,2.26,0.45,0.39,14.4
2026,35,Justin Jefferson,MIN,WR,1,2,CHI,100,100,100,23,95.8,6,30,2.39,0.26,16.33,98,59.8,55,38.5,9.17,18.33,3,50,12,4,3,1,0,0.83,0,1,1,0,2,0.087,81.9,6,40,0,0,6,100,3,33.3,1,16.7,3,1,33.3,0,1,0.33,31.6,-0.29,0.249,82.6,13,0,4.3,8.5,16.7,8.5,16.73,-8.23,0.37,0.73,16.7
2026,36,Mike Evans,SF,WR,1,2,MIA,100,100,57.1,18,72,3,13.6,3,0.17,13.33,40,22.9,54,18.8,18,18,3,100,14,4.67,6,2,0,0.11,0,0,0,0,3,0.167,118.8,1,6.7,0,0,3,100,0,33.3,0,0,1,1,100,0,0,0,20,8.75,1.577,88.9,11.1,0,0,8.4,6.2,8.4,6.19,2.21,0.47,0.34,6.2
2026,37,Harold Fannin,CLV,TE,1,2,TB,100,100,85.5,26,74.3,6,20,2.08,0.23,4,24,21.8,54,22.7,9,10.8,5,83.3,34,6.8,23,4.6,0,0.03,0,0,0,0,3,0.115,104.2,4,17.4,0,0,6,100,0,20,1,16.7,0,0,0,0,2,0.4,22.2,2.44,0.358,11.5,30.8,57.7,0,10.4,11.1,10.4,11.13,-0.73,0.4,0.43,11.1
2026,38,Terrance Ferguson,LA,TE,1,2,NYG,100,100,58.3,22,66.7,9,29,2.45,0.41,6.67,60,17.6,54,16.5,6,9,6,66.7,26,4.33,20,3.33,1,0.8,25,1,1,1,2,0.091,119.7,6,24,0,0,9,100,0,20,1,11.1,2,1,50,0,2,0.33,39.1,-1.48,0.199,9.1,59.1,27.3,4.5,17.4,19,17.4,18.97,-1.57,0.79,0.86,19
2026,39,Tre Harris,LAC,WR,1,2,LV,100,100,83.9,22,71,3,11.1,2.41,0.14,18.67,56,24.2,53,27.6,17.67,53,1,33.3,34,34,7,7,0,0.09,0,0,0,0,1,0.045,81.9,0,0,0,0,1,33.3,1,100,0,0,0,0,0,0,0,0,16.7,6.8,1.289,50,50,0,0,6.3,3.8,6.3,3.84,2.46,0.29,0.17,3.8
2026,40,Sam LaPorta,DET,TE,1,2,BUF,100,100,98.4,40,90.9,7,18.4,1.3,0.17,3.14,22,7.1,52,15.9,7.43,8.67,6,85.7,40,6.67,17,2.83,1,1.02,25,2,1,1,4,0.1,137.2,5,21.7,1,14.3,6,85.7,0,0,0,0,0,0,0,0,0,0,20,0.86,0.811,10,45,42.5,2.5,17.2,15.2,17.2,15.18,2.02,0.43,0.38,15.2
2026,41,Drake London,ATL,WR,1,2,CAR,100,100,62.7,21,53.8,5,15.6,2.43,0.24,2.2,11,8.7,51,35.2,10.2,12.75,4,80,40,10,17,4.25,0,0.01,0,0,0,0,4,0.19,109.2,5,19.2,0,0,4,80,0,0,0,0,0,0,0,0,1,0.25,27.8,3.95,0.661,42.9,57.1,0,0,8.9,7.3,8.9,7.33,1.57,0.43,0.33,6.9
2026,42,Terry McLaurin,WAS,WR,1,2,DAL,100,100,70.1,34,81,9,25.7,1.47,0.26,18,162,42.9,50,24.2,5.56,25,2,22.2,26,13,20,10,0,0.3,0,1,3,0,2,0.059,50.2,7,31.8,1,11.1,4,44.4,3,100,0,0,2,0,0,0,1,0.5,33.3,-3.89,0.211,85.3,14.7,0,0,7,9.5,7,9.46,-2.46,0.21,0.28,9.5
2026,43,Mark Andrews,BLT,TE,1,2,NO,100,100,71.4,25,65.8,7,22.6,1.96,0.28,6.43,45,14.6,49,20.9,7,8.17,6,85.7,11,1.83,6,1,0,0.02,0,0,0,0,4,0.16,95.8,7,33.3,0,0,7,100,0,0,1,14.3,5,5,100,0,0,0,30.4,-0.05,0.565,16,48,36,0,10.9,9.6,10.9,9.56,1.34,0.44,0.38,9.6
2026,44,Tez Johnson,TB,WR,1,2,CLV,100,100,33.9,16,40,4,11.8,3.06,0.25,35.75,143,34.7,49,26.9,12.25,49,1,25,6,6,4,4,0,0.11,0,1,0,0,1,0.063,78.1,4,16,0,0,1,25,3,100,0,0,1,0,0,0,0,0,26.7,-1.03,0.244,56.3,43.8,0,0,5.9,5.6,5.9,5.63,0.27,0.37,0.35,5.6
2026,45,Darnell Mooney,NYG,WR,1,2,LA,100,100,72.7,30,88.2,3,9.4,1.6,0.1,12.67,38,11.3,48,36.6,16,24,2,66.7,17,8.5,2,1,0,0.01,0,0,0,0,2,0.067,109.7,3,11.1,0,0,2,66.7,0,50,0,0,0,0,0,0,0,0,10.7,7.04,1.17,23.3,76.7,0,0,6.8,5.5,6.8,5.53,1.27,0.23,0.18,5.5
2026,46,Stefon Diggs,WAS,WR,1,2,DAL,100,100,47.8,22,52.4,6,17.1,2.14,0.27,13,78,20.6,47,22.7,7.83,9.4,5,83.3,4,0.8,2,0.4,2,1.72,100,3,2,1,4,0.182,138.9,5,22.7,0,0,5,83.3,2,33.3,0,0,2,2,100,0,0,0,35.3,-0.55,0.926,27.3,72.7,0,0,21.7,18.5,21.7,18.49,3.21,0.99,0.84,18.5
2026,47,Devontez Walker,BLT,WR,1,2,NO,100,100,28.6,14,36.8,2,6.5,3.36,0.14,29,58,18.8,47,20,23.5,47,1,50,3,3,3,3,0,0.02,0,0,0,0,1,0.071,95.8,1,4.8,0,0,1,50,1,100,0,0,1,1,100,0,0,0,18.2,11.09,1.467,71.4,28.6,0,0,5.7,2.1,5.7,2.07,3.63,0.41,0.15,2.1
2026,48,Chris Godwin,TB,WR,1,2,CLV,100,100,85.5,32,80,3,8.8,1.44,0.09,11,33,8,46,25.3,15.33,15.33,3,100,13,4.33,7,2.33,0,0.01,0,0,0,0,3,0.094,118.8,3,12,0,0,3,100,0,33.3,0,0,0,0,0,0,0,0,10,6.4,1.3,56.3,43.8,0,0,8.8,7.6,8.8,7.61,1.19,0.24,0.22,7.2
2026,49,Josh Palmer,BUF,WR,1,2,DET,100,100,37.7,14,36.8,3,9.7,3.07,0.21,12.67,38,17.4,43,17.3,14.33,43,1,33.3,11,11,0,0,1,0.52,33.3,0,0,0,1,0.071,121.5,1,5.6,0,0,3,100,1,100,1,33.3,1,0,0,0,0,0,20,6.68,1.607,71.4,28.6,0,0,11.3,10.1,11.3,10.12,1.18,0.81,0.72,10.1
2026,50,Jake Ferguson,DAL,TE,1,2,WAS,100,100,57.4,20,55.6,4,12.9,2.15,0.2,8.5,34,14.2,43,15.4,10.75,10.75,4,100,15,3.75,2,0.5,2,1.59,50,2,2,2,3,0.15,151,3,13.6,0,0,4,100,0,0,0,0,1,1,100,0,0,0,19,2.46,1.618,10,50,40,0,20.3,16.5,20.3,16.49,3.81,1.02,0.82,16.5
2026,51,Malik Washington,MIA,WR,1,2,SF,100,100,71.4,21,75,5,21.7,2.05,0.24,5,25,17.5,43,21.8,8.6,10.75,4,80,22,5.5,11,2.75,0,0.02,0,0,0,0,2,0.095,102.5,3,23.1,2,40,4,80,1,25,0,0,0,0,0,0,1,0.25,26.3,2.16,0.351,52.4,42.9,0,4.8,8.7,7.4,8.7,7.37,1.33,0.4,0.33,6.9
2026,52,Rome Odunze,CHI,WR,1,2,MIN,100,100,84.3,34,81,4,11.4,1.26,0.12,11.75,47,28.5,43,22.4,10.75,14.33,3,75,1,0.33,0,0,0,0.06,0,0,0,0,2,0.059,109.4,2,14.3,0,0,4,100,1,33.3,0,0,2,1,50,0,0,0,15.4,1.99,0.388,70.6,29.4,0,0,7.3,7.3,7.3,7.27,0.03,0.21,0.21,7.3
2026,53,Trey McBride,ARZ,TE,1,2,SEA,100,100,87.2,23,74.2,10,35.7,1.78,0.43,4.8,48,45.3,41,43.2,4.1,5.13,8,80,10,1.25,4,0.5,1,0.84,100,2,2,1,3,0.13,117.1,8,47.1,0,0,8,80,0,0,0,0,2,2,100,0,0,0,45.5,-2.75,0.513,13,78.3,8.7,0,18.1,16.9,18.1,16.94,1.16,0.79,0.74,16.9
2026,54,Christian Watson,GB,WR,1,2,NYJ,100,100,92,26,81.3,10,34.5,1.58,0.38,9.6,96,43.6,41,28.3,4.1,10.25,4,40,6,1.5,2,0.5,1,0.9,50,2,1,1,2,0.077,85.8,8,34.8,0,0,8,80,1,33.3,0,0,5,1,20,0,0,0,38.5,-3.84,-0.248,50,50,0,0,14.1,17.2,14.1,17.18,-3.08,0.54,0.66,17.2
2026,55,Kalif Raymond,CHI,WR,1,2,MIN,100,100,65.7,30,71.4,5,14.3,1.33,0.17,1.2,6,3.6,40,20.8,8,8,5,100,34,6.8,9,1.8,0,0.63,0,1,0,0,2,0.067,100,2,14.3,0,0,5,100,0,0,0,0,1,1,100,0,1,0.2,23.8,2.5,1.038,56.7,43.3,0,0,9,11.2,9,11.16,-2.16,0.3,0.37,11.2
2026,56,Hunter Henry,NE,TE,1,2,PIT,100,100,92.5,21,77.8,4,18.2,1.9,0.19,11.25,45,23.8,40,19.2,10,13.33,3,75,17,5.67,3,1,0,0.11,0,1,0,0,1,0.048,66.7,3,23.1,1,25,3,75,1,50,0,0,0,0,0,0,0,0,22.2,1.29,-0.584,4.8,42.9,47.6,4.8,7,6.9,7,6.93,0.07,0.33,0.33,6.9
2026,57,George Pickens,DAL,WR,1,2,WAS,100,100,75.9,27,75,8,25.8,1.48,0.3,9.13,73,30.4,40,14.3,5,6.67,6,75,4,0.67,1,0.17,0,0.39,0,1,0,0,4,0.148,85.4,5,22.7,0,0,6,75,1,0,0,0,1,1,100,0,0,0,33.3,-2.55,0.06,96.3,3.7,0,0,10,12.7,10,12.71,-2.71,0.37,0.47,12.7
2026,58,Brian Thomas,JAX,WR,1,2,DEN,100,100,56.4,22,71,7,24.1,1.82,0.32,13.29,93,33.7,40,21.2,5.71,13.33,3,42.9,7,2.33,1,0.33,0,0.05,0,0,0,0,3,0.136,61.6,5,25,0,0,6,85.7,1,33.3,2,28.6,3,1,33.3,0,0,0,35,-3.08,-0.01,77.3,22.7,0,0,7,11.9,7,11.86,-4.86,0.32,0.54,11.9
2026,59,Khalil Shakir,BUF,WR,1,2,DET,100,100,49.3,20,52.6,6,19.4,1.9,0.3,9.33,56,25.7,38,15.3,6.33,12.67,3,50,31,10.33,3,1,0,0.02,0,0,0,0,2,0.1,70.1,4,22.2,1,16.7,5,83.3,1,0,1,16.7,0,0,0,0,0,0,31.6,-1.54,0.092,30,65,5,0,6.8,9.2,6.8,9.23,-2.43,0.34,0.46,9.2
2026,60,Cade Otton,TB,TE,1,2,CLV,100,100,90.3,30,75,6,17.6,1.27,0.2,6.5,39,9.5,38,20.9,6.33,7.6,5,83.3,16,3.2,6,1.2,0,0.02,0,0,0,0,1,0.033,93.1,4,16,1,16.7,5,83.3,0,0,0,0,1,0,0,1,0,0,19.4,-1.01,-0.242,20,26.7,50,3.3,8.8,9.1,8.8,9.07,-0.27,0.29,0.3,9.1
2026,61,Kayshon Boutte,HST,WR,1,2,CIN,100,100,75.6,46,73,5,8.9,0.8,0.11,14.4,72,16.2,37,10.5,7.4,12.33,3,60,2,0.67,0,0,0,0.03,0,1,1,0,1,0.022,82.9,5,16.7,0,0,3,60,1,33.3,0,0,0,0,0,0,0,0,12.5,-2.33,0.087,76.1,23.9,0,0,6.7,6.5,6.7,6.54,0.16,0.15,0.14,6.5
2026,62,Xavier Hutchinson,HST,WR,1,2,CIN,100,100,78.2,50,79.4,8,14.3,0.74,0.16,14.75,118,26.5,37,10.5,4.63,12.33,3,37.5,13,4.33,5,1.67,0,0.73,0,1,2,0,2,0.04,52.6,7,23.3,0,0,5,62.5,2,0,0,0,2,0,0,0,0,0,20,-4.42,-0.152,60,40,0,0,6.7,12.7,6.7,12.66,-5.96,0.13,0.25,12.7
2026,63,Calvin Ridley,TEN,WR,1,2,PHI,100,100,62.7,12,50,2,10,2.92,0.17,13.5,27,22.1,35,19.1,17.5,17.5,2,100,8,4,2,1,0,0.04,0,0,0,0,2,0.167,118.8,2,14.3,0,0,2,100,0,50,0,0,0,0,0,0,0,0,20,8.32,1.101,100,0,0,0,5.5,5.4,5.5,5.37,0.13,0.46,0.45,5.4
2026,64,Rashid Shaheed,SEA,WR,1,2,ARZ,100,100,55.2,21,77.8,6,23.1,1.67,0.29,11.33,68,28.3,35,14.9,5.83,11.67,3,50,26,8.67,6,2,0,0.06,0,0,0,0,1,0.048,68.1,5,23.8,2,33.3,5,83.3,1,33.3,2,33.3,0,0,0,0,0,0,28.6,-2.3,-0.26,66.7,33.3,0,0,6.9,11.8,6.9,11.76,-4.86,0.31,0.52,11
2026,65,Ladd McConkey,LAC,WR,1,2,LV,100,100,45.2,21,67.7,3,11.1,1.67,0.14,11.33,34,14.7,35,18.2,11.67,11.67,3,100,1,0.33,9,3,0,0.01,0,0,0,0,2,0.095,115.3,2,11.8,0,0,3,100,0,0,0,0,0,0,0,0,0,0,17.6,3,1.714,57.1,42.9,0,0,6.5,7,6.5,6.97,-0.47,0.31,0.33,7
2026,66,Germie Bernard,PIT,WR,1,2,NE,100,100,77.6,35,76.1,8,20,1,0.23,7.88,63,34.8,35,18.7,4.38,8.75,4,50,11,2.75,7,1.75,0,0.07,0,1,0,0,2,0.057,22.4,4,15.4,1,12.5,6,75,1,0,1,12.5,2,2,100,0,0,0,24.2,-3.16,-0.46,85.7,14.3,0,0,7.5,9.9,7.5,9.9,-2.4,0.21,0.28,9.9
2026,67,Demarcus Robinson,SF,WR,1,2,MIA,100,100,32.7,7,28,3,13.6,4.86,0.43,8.67,26,14.9,34,11.8,11.33,11.33,3,100,8,2.67,2,0.67,0,0.77,0,0,0,0,3,0.429,113.9,2,13.3,0,0,3,100,0,0,0,0,0,0,0,0,0,0,50,3.31,1.12,71.4,28.6,0,0,6.4,10.6,6.4,10.65,-4.25,0.91,1.52,10.6
2026,68,Foster Moreau,HST,TE,1,2,CIN,100,100,23.1,7,11.1,2,3.6,4.86,0.29,6.5,13,2.9,34,9.6,17,17,2,100,21,10.5,10,5,0,0.01,0,0,0,0,2,0.286,118.8,1,3.3,0,0,2,100,0,50,0,0,0,0,0,0,0,0,22.2,9.37,1.245,0,28.6,71.4,0,5.4,4.2,5.4,4.17,1.23,0.77,0.6,4.2
2026,69,Isaiah Williams,NYJ,WR,1,2,GB,100,100,81.9,39,79.6,6,14.6,0.87,0.15,-0.17,-1,-0.4,34,13.8,5.67,5.67,6,100,35,5.83,8,1.33,0,0.06,0,1,0,0,0,0,90.3,4,20,3,50,6,100,0,0,0,0,1,1,100,0,0,0,20,0.21,-0.011,30.8,69.2,0,0,10.8,9.7,10.8,9.74,1.06,0.24,0.24,9.2
2026,70,Darren Waller,CAR,TE,1,2,ATL,100,100,43.3,22,56.4,3,8.3,1.5,0.14,10,30,9.9,33,11.5,11,11,3,100,7,2.33,3,1,2,1.57,66.7,2,2,2,3,0.136,152.1,3,13.6,0,0,3,100,0,0,0,0,1,1,100,0,0,0,20,2.73,1.856,31.8,40.9,27.3,0,18.3,14.3,18.3,14.27,4.03,0.83,0.65,14.3
2026,71,Jameson Williams,DET,WR,1,2,BUF,100,100,96.8,41,93.2,3,7.9,0.8,0.07,12.67,38,12.2,33,10.1,11,16.5,2,66.7,0,0,1,0.5,0,0.02,0,0,0,0,2,0.049,103.5,2,8.7,0,0,3,100,0,0,1,33.3,1,1,100,0,1,0.5,9.1,1.63,0.632,75.6,24.4,0,0,5.3,6.6,5.3,6.58,-1.28,0.13,0.16,6.6
2026,72,Isaiah Likely,NYG,TE,1,2,LA,100,100,70.9,29,85.3,9,28.1,1.14,0.31,5.11,46,13.6,33,25.2,3.67,6.6,5,55.6,4,0.8,3,0.6,0,0.03,0,0,0,0,3,0.103,63.7,9,33.3,0,0,7,77.8,0,0,0,0,3,0,0,1,0,0,33.3,-3.04,0.033,24.1,75.9,0,0,8.3,10.8,8.3,10.82,-2.52,0.29,0.37,10.8
2026,73,Jared Wayne,HST,WR,1,2,CIN,100,100,48.7,31,49.2,7,12.5,1.06,0.23,14.57,102,22.9,33,9.3,4.71,16.5,2,28.6,17,8.5,10,5,0,0.01,0,0,1,0,2,0.065,46.7,4,13.3,0,0,3,42.9,2,0,0,0,2,1,50,0,1,0.5,30.4,-4.28,-0.639,87.1,12.9,0,0,5.3,4.3,5.3,4.32,0.98,0.17,0.14,4.3
2026,74,Pat Freiermuth,PIT,TE,1,2,NE,100,100,65.7,26,56.5,5,12.5,1.23,0.19,9,45,24.9,32,17.1,6.4,8,4,80,15,3.75,8,2,0,0.01,0,0,0,0,1,0.038,93.3,3,11.5,1,20,4,80,1,0,0,0,0,0,0,0,0,0,21.7,-1.53,-0.066,3.8,76.9,19.2,0,7.4,7.5,7.4,7.51,-0.11,0.28,0.28,7.2
2026,75,Nate Adkins,DEN,TE,1,2,JAX,100,100,39,6,19.4,3,9.7,5.33,0.5,7.67,23,8.5,32,11.1,10.67,10.67,3,100,9,3,0,0,1,0.32,100,1,0,0,3,0.5,150.7,2,9.5,0,0,3,100,0,0,0,0,0,0,0,0,0,0,37.5,2.63,1.238,0,0,100,0,12.8,8.4,12.8,8.42,4.38,2.03,1.31,7.9
2026,76,Luther Burden,CHI,WR,1,2,MIN,100,100,55.7,27,64.3,7,20,1.19,0.26,11.43,80,48.5,32,16.7,4.57,10.67,3,42.9,5,1.67,4,1.33,0,0.45,0,2,1,0,1,0.037,17.3,5,35.7,0,0,6,85.7,0,0,1,14.3,2,0,0,0,0,0,31.8,-4.33,-0.513,44.4,55.6,0,0,6.2,13.4,6.2,13.42,-7.22,0.23,0.5,13.4
2026,77,Deebo Samuel,SF,WR,1,2,MIA,100,100,59.2,20,80,4,18.2,1.55,0.2,4.75,19,10.9,31,10.8,7.75,10.33,3,75,16,5.33,3,1,0,0.01,0,0,0,0,1,0.05,96.9,3,20,1,25,4,100,0,33.3,1,25,0,0,0,0,0,0,22.2,0.92,0.51,55,40,0,5,6.5,8.3,6.5,8.32,-1.82,0.3,0.39,7.8
2026,78,Jaylin Noel,HST,WR,1,2,CIN,100,100,61.5,39,61.9,4,7.1,0.79,0.1,14,42,9.4,31,8.8,7.75,31,1,25,1,1,0,0,0,0.01,0,0,0,0,1,0.026,59.4,2,6.7,0,0,2,50,1,100,0,0,1,0,0,0,0,0,12.5,2.06,-0.018,30.8,69.2,0,0,5.4,5.7,5.4,5.72,-0.32,0.11,0.13,5.1
2026,79,Malachi Fields,NYG,WR,1,2,LA,100,100,80,26,76.5,6,18.8,1.15,0.23,22,132,39.2,30,22.9,5,15,2,33.3,6,3,3,1.5,0,0.04,0,0,0,0,2,0.077,50.7,5,18.5,0,0,4,66.7,3,0,2,33.3,1,0,0,0,0,0,25,-5.7,-0.854,92.3,7.7,0,0,5,9.2,5,9.21,-4.21,0.19,0.35,9.2
2026,80,Eli Raridon,NE,TE,1,2,PIT,100,100,17,5,18.5,1,4.5,6,0.2,26,26,13.8,30,14.4,30,30,1,100,4,4,4,4,0,0.07,0,0,0,0,1,0.2,118.8,1,7.7,0,0,1,100,1,100,0,0,1,1,100,0,0,0,20,18.85,2.172,20,20,60,0,4,2.3,4,2.32,1.68,0.8,0.46,2.3
2026,81,T.J. Hockenson,MIN,TE,1,2,CHI,100,100,70.6,18,75,4,20,1.61,0.22,7.5,30,18.3,29,20.3,7.25,9.67,3,75,9,3,4,1.33,0,0.05,0,0,0,0,2,0.111,94.8,2,13.3,0,0,3,75,0,0,0,0,0,0,0,0,0,0,25,-0.37,0.819,5.6,38.9,55.6,0,5.9,6.2,5.9,6.23,-0.33,0.33,0.35,6.2
2026,82,Jakobi Meyers,JAX,WR,1,2,DEN,100,100,89.1,28,90.3,1,3.4,1,0.04,19,19,6.9,28,14.8,28,28,1,100,9,9,4,4,0,0.01,0,0,0,0,1,0.036,118.8,1,5,0,0,1,100,0,100,0,0,0,0,0,0,0,0,4,16.07,3.139,75,25,0,0,3.8,3.2,3.8,3.22,0.58,0.14,0.12,3.2
2026,83,Roman Wilson,PIT,WR,1,2,NE,100,100,79.1,39,84.8,6,15,0.72,0.15,3.17,19,10.5,28,15,4.67,5.6,5,83.3,23,4.6,3,0.6,0,0.03,0,0,0,0,3,0.077,86.1,6,23.1,3,50,5,83.3,0,0,0,0,0,0,0,0,0,0,18.8,-1.94,0.062,41,59,0,0,7.8,8.3,7.8,8.29,-0.49,0.2,0.21,8.3
2026,84,KC Concepcion,CLV,WR,1,2,TB,100,100,67.3,26,74.3,6,20,1.08,0.23,1.5,9,8.2,28,11.8,4.67,4.67,6,100,19,3.17,5,0.83,0,0.12,0,2,0,0,1,0.038,86.1,6,26.1,3,50,6,100,0,0,0,0,0,0,0,0,0,0,28.6,-1.23,0.037,26.9,73.1,0,0,8.2,10.9,8.2,10.92,-2.72,0.34,0.4,10.5
2026,85,DK Metcalf,PIT,WR,1,2,NE,100,100,97,44,95.7,9,22.5,0.61,0.2,6.11,55,30.4,27,14.4,3,6.75,4,44.4,17,4.25,8,2,0,0.03,0,0,0,0,1,0.023,51.6,9,34.6,2,22.2,8,88.9,0,0,2,22.2,2,0,0,0,1,0.25,25,-4.05,-0.354,79.5,20.5,0,0,6.7,12.9,6.7,12.92,-6.22,0.15,0.29,12.9
2026,86,Dareke Young,LV,WR,1,2,LAC,100,100,20,2,6.3,1,3.4,13.5,0.5,11,11,4,27,10.7,27,27,1,100,16,16,0,0,0,0.03,0,0,0,0,1,0.5,118.8,1,5,0,0,1,100,0,100,0,0,0,0,0,0,0,0,100,18.68,1.785,50,50,0,0,3.7,2.5,3.7,2.5,1.2,1.85,1.25,2.5
2026,87,Troy Franklin,DEN,WR,1,2,JAX,100,100,16.9,8,25.8,2,6.5,3.38,0.25,17.5,35,13,27,9.4,13.5,27,1,50,3,3,0,0,0,0.23,0,1,1,0,1,0.125,95.8,2,9.5,0,0,1,50,1,100,0,0,0,0,0,1,0,0,28.6,3.47,0.785,25,75,0,0,3.7,4.8,3.7,4.8,-1.1,0.46,0.6,4.8
2026,88,Ted Hurst,TB,WR,1,2,CLV,100,100,72.6,22,55,7,20.6,1.23,0.32,21.86,153,37.1,27,14.8,3.86,13.5,2,28.6,2,1,1,0.5,0,0.44,0,2,2,0,1,0.045,3.6,5,20,0,0,4,57.1,5,100,1,14.3,3,0,0,0,0,0,33.3,-7.39,-0.92,63.6,36.4,0,0,4.7,10.4,4.7,10.44,-5.74,0.21,0.47,10.4
2026,89,Carnell Tate,TEN,WR,1,2,PHI,100,100,76.5,18,75,5,25,1.5,0.28,10.2,51,41.8,27,14.8,5.4,9,3,60,2,0.67,2,0.67,0,0.01,0,0,0,0,1,0.056,74.6,4,28.6,0,0,4,80,0,0,1,20,2,1,50,0,0,0,33.3,-3.03,-0.709,72.2,27.8,0,0,5.7,6.9,5.7,6.86,-1.16,0.32,0.38,6.9
2026,90,Darius Cooper,PHI,WR,1,2,TEN,100,100,40.3,12,28.6,3,8.1,2.17,0.25,8.67,26,8.6,26,9.8,8.67,13,2,66.7,18,9,8,4,1,0.98,50,1,1,1,2,0.167,133.3,1,4.5,0,0,2,66.7,0,100,0,0,0,0,0,0,1,0.5,33.3,1.05,1.066,41.7,58.3,0,0,10.6,8.8,10.6,8.82,1.78,0.88,0.73,8.8
2026,91,Isaac TeSlaa,DET,WR,1,2,BUF,100,100,74.2,33,75,5,13.2,0.79,0.15,15.6,78,25,26,8,5.2,13,2,40,5,2.5,1,0.5,0,0,0,1,1,0,1,0.03,57.1,2,8.7,0,0,2,40,1,50,0,0,0,0,0,0,0,0,19.2,-4.75,0.36,69.7,21.2,9.1,0,4.6,4.5,4.6,4.55,0.05,0.14,0.14,4.5
2026,92,Courtland Sutton,DEN,WR,1,2,JAX,100,100,76.3,26,83.9,4,12.9,0.96,0.15,8,32,11.9,25,8.7,6.25,8.33,3,75,8,2.67,7,2.33,0,0.47,0,1,1,0,1,0.038,51,4,19,0,0,4,100,0,0,0,0,1,0,0,0,0,0,16.7,-1.33,-0.63,73.1,26.9,0,0,5.5,9,5.5,8.97,-3.47,0.21,0.34,9
2026,93,Xavier Worthy,KC,WR,1,2,IND,100,100,87.2,43,84.3,7,14.9,0.58,0.16,6.43,45,17,25,6.5,3.57,5,5,71.4,20,4,4,0.8,1,1.63,33.3,3,1,1,2,0.047,116.1,7,22.6,3,42.9,7,100,1,0,2,28.6,1,0,0,0,2,0.4,19.4,-3.78,0.064,62.8,37.2,0,0,13.5,21.7,13.5,21.73,-8.23,0.31,0.51,21.7
2026,94,Jack Bech,LV,WR,1,2,LAC,100,100,55,18,56.3,2,6.9,1.39,0.11,9,18,6.5,25,9.9,12.5,12.5,2,100,7,3.5,3,1.5,0,0.07,0,0,0,0,1,0.056,118.8,2,10,0,0,2,100,0,50,0,0,1,1,100,0,0,0,10,4.5,0.759,33.3,66.7,0,0,4.5,3.6,4.5,3.61,0.89,0.25,0.2,3.6
2026,95,Josh Oliver,MIN,TE,1,2,CHI,100,100,56.9,3,12.5,1,5,8,0.33,5,5,3,24,16.8,24,24,1,100,19,19,6,6,0,0,0,0,0,0,1,0.333,118.8,1,6.7,0,0,1,100,0,100,0,0,0,0,0,0,0,0,20,17.52,1.608,0,0,100,0,3.4,1.8,3.4,1.78,1.62,1.13,0.59,1.8
2026,96,Cody White,LV,WR,1,2,LAC,100,100,11.7,6,18.8,2,6.9,4,0.33,16.5,33,11.9,24,9.5,12,12,2,100,0,0,0,0,2,1.39,66.7,2,2,2,2,0.333,156.3,1,5,0,0,2,100,0,0,0,0,1,1,100,1,0,0,40,1.35,2.937,83.3,16.7,0,0,16.4,11.1,16.4,11.09,5.31,2.73,1.85,11.1
2026,97,Antonio Williams,WAS,WR,1,2,DAL,100,100,47.8,23,54.8,3,8.6,1.04,0.13,5.33,16,4.2,24,11.6,8,8,3,100,8,2.67,3,1,0,0.01,0,0,0,0,1,0.043,100,1,4.5,0,0,3,100,0,0,0,0,0,0,0,0,1,0.33,15.8,1.68,0.554,56.5,43.5,0,0,5.4,4.6,5.4,4.63,0.77,0.23,0.2,4.6
2026,98,Michael Mayer,LV,TE,1,2,LAC,100,100,83.3,24,75,4,13.8,0.96,0.17,4,16,5.8,23,9.1,5.75,7.67,3,75,19,6.33,6,2,0,0.01,0,0,0,0,1,0.042,88.5,2,10,1,25,3,75,0,0,0,0,0,0,0,0,0,0,14.8,-0.65,0.315,4.2,20.8,75,0,5.3,5.2,5.3,5.16,0.14,0.22,0.22,5.2
2026,99,Ryan Flournoy,DAL,WR,1,2,WAS,100,100,75.9,28,77.8,6,19.4,0.82,0.21,1.5,9,3.8,23,8.2,3.83,4.6,5,83.3,15,3,11,2.2,0,0.06,0,0,0,0,2,0.071,82.6,5,22.7,2,33.3,6,100,0,0,0,0,2,1,50,0,1,0.2,24,-2.1,0.033,42.9,57.1,0,0,7.3,9,7.3,8.99,-1.69,0.26,0.32,9
2026,100,Dyami Brown,WAS,WR,1,2,DAL,100,100,55.2,24,57.1,6,17.1,0.88,0.25,9,54,14.3,21,10.1,3.5,5.25,4,66.7,4,1,1,0.25,0,0.41,0,1,1,0,2,0.083,72.2,4,18.2,1,16.7,5,83.3,1,0,0,0,1,0,0,0,0,0,27.3,-4.08,-0.937,66.7,33.3,0,0,5.1,12.2,5.1,12.16,-7.06,0.25,0.49,11.9
2026,101,Charlie Kolar,LAC,TE,1,2,LV,100,100,64.5,10,32.3,3,11.1,2.1,0.3,3.33,10,4.3,21,10.9,7,7,3,100,11,3.67,5,1.67,0,0.01,0,0,0,0,1,0.1,95.8,2,11.8,0,0,3,100,0,0,0,0,0,0,0,0,0,0,23.1,0.84,0.421,30,30,30,10,5.1,5.3,5.1,5.33,-0.23,0.51,0.53,5.3
2026,102,Jordan Addison,MIN,WR,1,2,CHI,100,100,90.2,21,87.5,5,25,1,0.24,8.2,41,25,21,14.7,4.2,10.5,2,40,10,5,3,1.5,0,0.01,0,0,0,0,1,0.048,52.9,5,33.3,0,0,3,60,0,0,0,0,1,0,0,0,0,0,27.8,-3.28,-0.121,66.7,33.3,0,0,4.1,4.5,4.1,4.52,-0.42,0.2,0.22,4.5
2026,103,Tyler Warren,IND,TE,1,2,KC,100,100,88.9,25,75.8,7,22.6,0.84,0.28,-1,-7,-4.5,21,10,3,3.5,6,85.7,35,5.83,2,0.33,1,1,100,2,1,1,1,0.04,118.8,6,24,2,28.6,6,85.7,0,0,0,0,0,0,0,0,0,0,24.1,-2.97,-0.009,12,36,48,4,14.4,14.9,14.4,14.92,-0.52,0.56,0.58,14.5
2026,104,Austin Hooper,ATL,TE,1,2,CAR,100,100,43.3,18,46.2,4,12.5,1.11,0.22,3,12,9.4,20,13.8,5,10,2,50,15,7.5,5,2.5,0,0.01,0,0,0,0,2,0.111,64.6,3,11.5,1,25,2,50,0,0,0,0,0,0,0,0,0,0,25,-1.25,0.393,22.2,5.6,72.2,0,4,3.6,4,3.56,0.44,0.22,0.2,3.6
2026,105,Cooper Kupp,SEA,WR,1,2,ARZ,100,100,41.8,12,44.4,2,7.7,1.67,0.17,7,14,5.8,20,8.5,10,10,2,100,6,3,2,1,0,0.01,0,0,0,0,1,0.083,108.3,2,9.5,0,0,2,100,0,0,0,0,0,0,0,0,0,0,14.3,2.98,0.119,50,50,0,0,4,4.1,4,4.1,-0.1,0.33,0.34,4.1
2026,106,Tutu Atwell,LA,WR,1,2,NYG,100,100,18.3,9,27.3,2,6.5,2.11,0.22,30.5,61,17.9,19,5.8,9.5,19,1,50,0,0,0,0,0,0,0,0,0,0,1,0.111,83.3,2,8,0,0,1,50,1,0,0,0,0,0,0,0,0,0,22.2,-3.97,0.659,44.4,55.6,0,0,2.9,3.2,2.9,3.18,-0.28,0.32,0.35,3.2
2026,107,Caleb Douglas,MIA,WR,1,2,SF,100,100,83.9,20,71.4,3,13,0.95,0.15,5,15,10.5,19,9.6,6.33,9.5,2,66.7,7,3.5,3,1.5,0,0.13,0,1,0,0,2,0.1,84,2,15.4,0,0,3,100,0,0,1,33.3,0,0,0,0,1,0.5,15,0.04,0.644,90,10,0,0,3.9,6,3.9,6.02,-2.12,0.2,0.3,6
2026,108,Mack Hollins,NE,WR,1,2,PIT,100,100,69.8,20,74.1,2,9.1,0.9,0.1,5.5,11,5.8,18,8.7,9,9,2,100,7,3.5,3,1.5,0,0,0,0,0,0,1,0.05,104.2,2,15.4,0,0,2,100,0,0,0,0,0,0,0,0,0,0,15.4,2.34,0.535,80,20,0,0,3.8,3.7,3.8,3.66,0.14,0.19,0.18,3.7
2026,109,KhaDarel Hodge,SF,WR,1,2,MIA,100,100,34.7,6,24,1,4.5,3,0.17,16,16,9.1,18,6.3,18,18,1,100,2,2,2,2,0,0,0,0,0,0,0,0,118.8,1,6.7,0,0,1,100,0,0,0,0,0,0,0,0,0,0,16.7,7.9,1.039,66.7,33.3,0,0,2.8,2.7,2.8,2.66,0.14,0.47,0.44,2.7
2026,110,Michael Wilson,ARZ,WR,1,2,SEA,100,100,93.6,31,100,6,21.4,0.58,0.19,9.17,55,51.9,18,18.9,3,9,2,33.3,10,5,3,1.5,0,0,0,0,0,0,1,0.032,2.8,5,29.4,1,16.7,2,33.3,1,0,0,0,0,0,0,0,0,0,25,-5.44,-0.703,71,29,0,0,3.8,3.6,3.8,3.59,0.21,0.12,0.12,3.6
2026,111,Oronde Gadsden,LAC,TE,1,2,LV,100,100,43.5,14,45.2,2,7.4,1.29,0.14,11.5,23,10,18,9.4,9,9,2,100,1,0.5,0,0,1,0.81,100,1,1,1,1,0.071,143.8,2,11.8,0,0,2,100,0,0,0,0,0,0,0,0,0,0,13.3,0.25,1.007,28.6,35.7,28.6,7.1,9.8,8.6,9.8,8.6,1.2,0.7,0.61,8.6
2026,112,Evan Engram,DEN,TE,1,2,JAX,100,100,54.2,11,35.5,1,3.2,1.55,0.09,17,17,6.3,17,5.9,17,17,1,100,0,0,0,0,0,0.01,0,0,0,0,1,0.091,118.8,1,4.8,0,0,1,100,0,0,0,0,0,0,0,1,0,0,7.7,5.32,1.011,18.2,36.4,45.5,0,2.7,1.9,2.7,1.91,0.79,0.25,0.17,1.9
2026,113,Greg Dulcich,MIA,TE,1,2,SF,100,100,57.1,14,50,3,13,1.21,0.21,3.33,10,7,17,8.6,5.67,8.5,2,66.7,15,7.5,4,2,0,0.04,0,1,0,0,1,0.071,81.3,2,15.4,1,33.3,3,100,0,0,0,0,1,0,0,0,0,0,20,-1.02,0.051,7.1,28.6,64.3,0,3.7,4.6,3.7,4.6,-0.9,0.26,0.33,4.6
2026,114,Blake Whiteheart,CLV,TE,1,2,TB,100,100,49.1,8,22.9,2,6.7,2.13,0.25,4,8,7.3,17,7.1,8.5,17,1,50,14,14,0,0,1,0.51,50,1,0,0,1,0.125,118.8,1,4.3,0,0,1,50,0,0,0,0,0,0,0,0,0,0,16.7,2.1,1.257,25,12.5,62.5,0,8.7,4.6,8.7,4.64,4.06,1.09,0.58,4.6
2026,115,Brenton Strange,JAX,TE,1,2,DEN,100,100,80,25,80.6,2,6.9,0.68,0.08,8.5,17,6.2,17,9,8.5,8.5,2,100,0,0,0,0,0,0.2,0,1,0,0,1,0.04,102.1,2,10,0,0,2,100,0,0,0,0,0,0,0,0,0,0,8.7,0.2,0.983,8,44,44,4,3.7,5.2,3.7,5.24,-1.54,0.15,0.21,5.2
2026,116,Elijah Arroyo,SEA,TE,1,2,ARZ,100,100,22.4,11,40.7,1,3.8,1.55,0.09,14,14,5.8,17,7.2,17,17,1,100,3,3,0,0,0,0.01,0,0,0,0,1,0.091,118.8,1,4.8,0,0,1,100,0,0,0,0,0,0,0,0,0,0,9.1,6.72,1.363,9.1,63.6,27.3,0,2.7,2.6,2.7,2.62,0.08,0.25,0.24,2.6
2026,117,Kenyon Sadiq,NYJ,TE,1,2,GB,100,100,36.1,18,36.7,2,4.9,0.94,0.11,0.5,1,0.4,17,6.9,8.5,8.5,2,100,16,8,1,0.5,0,0,0,0,0,0,0,0,102.1,1,5,1,50,2,100,0,0,0,0,0,0,0,0,1,0.5,12.5,2.53,-0.013,16.7,27.8,50,5.6,3.7,3.3,3.7,3.31,0.39,0.21,0.18,3.3
2026,118,Emeka Egbuka,TB,WR,1,2,CLV,100,100,83.9,31,77.5,5,14.7,0.52,0.16,16.2,81,19.7,16,8.8,3.2,5.33,3,60,-1,-0.33,0,0,1,1,100,2,2,1,1,0.032,105,4,16,0,0,3,60,2,0,0,0,0,0,0,0,0,0,17.9,-5.78,-0.345,58.1,41.9,0,0,10.3,11.5,10.3,11.5,-1.2,0.34,0.35,10.9
2026,119,Colby Parkinson,LA,TE,1,2,NYG,100,100,70,10,30.3,2,6.5,1.5,0.2,-1.5,-3,-0.9,15,4.6,7.5,7.5,2,100,18,9,3,1.5,0,0.02,0,0,0,0,1,0.1,97.9,2,8,1,50,2,100,0,0,0,0,0,0,0,0,1,0.5,14.3,1.92,0.709,30,10,60,0,3.5,3.3,3.5,3.27,0.23,0.35,0.33,3.3
2026,120,Kyle Pitts,ATL,TE,1,2,CAR,100,100,38.8,17,43.6,3,9.4,0.88,0.18,8.33,25,19.7,15,10.3,5,15,1,33.3,5,5,0,0,0,0,0,0,0,0,1,0.059,11.1,3,11.5,0,0,2,66.7,0,0,0,0,1,0,0,0,0,0,21.4,-2.53,-2.77,23.5,41.2,35.3,0,2.5,3.4,2.5,3.36,-0.86,0.15,0.2,3.4
2026,121,Tucker Kraft,GB,TE,1,2,NYJ,100,100,100,24,75,3,10.3,0.63,0.13,3,9,4.1,15,10.3,5,7.5,2,66.7,12,6,4,2,0,0.02,0,0,0,0,0,0,78.5,2,8.7,1,33.3,3,100,0,0,1,33.3,0,0,0,0,0,0,10.7,-1.68,-0.074,16.7,33.3,50,0,3.5,5.3,3.5,5.33,-1.83,0.15,0.22,5.3
2026,122,Colson Yankoff,WAS,TE,1,2,DAL,100,100,29.9,16,38.1,1,2.9,0.88,0.06,4,4,1.1,14,6.8,14,14,1,100,10,10,2,2,0,0,0,0,0,0,1,0.063,118.8,1,4.5,0,0,1,100,0,0,0,0,0,0,0,0,0,0,7.1,7.93,0.836,18.8,56.3,25,0,2.4,1.7,2.4,1.73,0.67,0.15,0.11,1.7
2026,123,LaJohntay Wester,BLT,WR,1,2,NO,100,100,50,20,52.6,2,6.5,0.7,0.1,5,10,3.2,14,6,7,14,1,50,19,19,2,2,0,0,0,0,0,0,1,0.05,72.9,2,9.5,1,50,1,50,0,0,0,0,0,0,0,0,0,0,13.3,-0.28,0.035,25,75,0,0,2.4,1.6,2.4,1.55,0.85,0.12,0.08,1.6
2026,124,Makai Lemon,PHI,WR,1,2,TEN,100,100,65.3,31,73.8,1,2.7,0.45,0.03,14,14,4.6,14,5.3,14,14,1,100,0,0,0,0,0,0.03,0,0,0,0,1,0.032,118.8,0,0,0,0,1,100,0,0,0,0,0,0,0,0,0,0,3.8,4.19,2.495,48.4,48.4,0,3.2,1.9,3.4,1.9,3.38,-1.48,0.08,0.09,2.8
2026,125,Zachariah Branch,ATL,WR,1,2,CAR,100,100,19.4,6,15.4,2,6.3,2.33,0.33,-3.5,-7,-5.5,14,9.7,7,7,2,100,21,10.5,11,5.5,0,0.01,0,0,0,0,1,0.167,95.8,2,7.7,2,100,2,100,0,0,0,0,0,0,0,0,1,0.5,40,2.29,0.258,83.3,16.7,0,0,3.4,3.1,3.4,3.11,0.29,0.57,0.52,3.1
2026,126,Mitchell Evans,CAR,TE,1,2,ATL,100,100,55,12,30.8,1,2.8,1.08,0.08,-2,-2,-0.7,13,4.5,13,13,1,100,15,15,5,5,0,0,0,0,0,0,0,0,118.8,1,4.5,1,100,1,100,0,0,0,0,0,0,0,0,0,0,9.1,8.15,0.021,0,0,100,0,2.3,1.6,2.3,1.61,0.69,0.19,0.13,1.6
2026,127,Gunnar Helm,TEN,TE,1,2,PHI,100,100,84.3,17,70.8,2,10,0.76,0.12,0,0,0,13,7.1,6.5,6.5,2,100,13,6.5,2,1,0,0.07,0,1,0,0,0,0,93.8,2,14.3,1,50,2,100,0,0,0,0,0,0,0,0,0,0,15.4,0.3,-0.012,17.6,47.1,35.3,0,3.3,3.6,3.3,3.58,-0.28,0.19,0.21,3.6
2026,128,Brenen Thompson,LAC,WR,1,2,LV,100,100,16.1,7,22.6,3,11.1,1.86,0.43,15.67,47,20.3,13,6.8,4.33,13,1,33.3,-2,-2,1,1,0,0.04,0,0,0,0,1,0.143,47.9,2,11.8,0,0,3,100,0,0,1,33.3,0,0,0,0,0,0,50,-6.49,-0.284,71.4,28.6,0,0,2.3,8.5,2.3,8.53,-6.23,0.33,1.22,8.5
2026,129,Konata Mumpfield,LA,WR,1,2,NYG,100,100,70,20,60.6,2,6.5,0.6,0.1,11.5,23,6.7,12,3.7,6,12,1,50,7,7,4,4,0,0.01,0,0,0,0,1,0.05,68.8,1,4,0,0,2,100,0,0,0,0,1,0,0,0,1,1,10,-2.63,-0.192,70,30,0,0,2.2,3.9,2.2,3.85,-1.65,0.11,0.19,3.9
2026,130,Kendrick Bourne,ARZ,WR,1,2,SEA,100,100,57.4,23,74.2,3,10.7,0.48,0.13,2.33,7,6.6,11,11.6,3.67,5.5,2,66.7,8,4,6,3,0,0.01,0,0,0,0,0,0,72.9,3,17.6,0,0,3,100,0,0,1,33.3,0,0,0,0,0,0,17.6,-2.18,-0.575,39.1,60.9,0,0,3.1,5.1,3.1,5.09,-1.99,0.13,0.22,5.1
2026,131,Ian Thomas,LV,TE,1,2,LAC,100,100,48.3,7,21.9,1,3.4,1.57,0.14,1,1,0.4,11,4.3,11,11,1,100,10,10,7,7,0,0,0,0,0,0,1,0.143,112.5,0,0,0,0,1,100,0,0,0,0,0,0,0,0,1,1,10,5.22,0.722,28.6,0,71.4,0,2.1,1.7,2.1,1.65,0.45,0.3,0.24,1.7
2026,132,Alec Pierce,IND,WR,1,2,KC,100,100,27,6,18.2,1,3.2,1.83,0.17,10,10,6.4,11,5.2,11,11,1,100,1,1,0,0,0,0,0,0,0,0,1,0.167,112.5,1,4,0,0,1,100,0,0,0,0,0,0,0,0,0,0,16.7,3.5,0.671,100,0,0,0,2.1,2.2,2.1,2.23,-0.13,0.35,0.37,2.2
2026,133,Jahan Dotson,ATL,WR,1,2,CAR,100,100,76.1,31,79.5,4,12.5,0.35,0.13,11.75,47,37,11,7.6,2.75,5.5,2,50,8,4,2,1,0,0.02,0,0,0,0,1,0.032,16.7,4,15.4,1,25,3,75,1,0,0,0,1,0,0,0,0,0,16.7,-4.89,-1.499,87.1,12.9,0,0,3.1,4.3,3.1,4.35,-1.25,0.1,0.14,4.3
2026,134,Kyle Williams,NE,WR,1,2,PIT,100,100,20.8,9,33.3,2,9.1,1.11,0.22,12,24,12.7,10,4.8,5,10,1,50,1,1,1,1,0,0.01,0,0,0,0,1,0.111,64.6,2,15.4,0,0,2,100,0,0,0,0,1,0,0,0,0,0,33.3,-3.93,0.483,88.9,11.1,0,0,2,3.5,2,3.54,-1.54,0.22,0.39,3.5
2026,135,Isaiah Bond,CLV,WR,1,2,TB,100,100,5.5,2,5.7,1,3.3,5,0.5,7,7,6.4,10,4.2,10,10,1,100,3,3,1,1,0,0.01,0,0,0,0,1,0.5,108.3,1,4.3,0,0,1,100,0,0,0,0,0,0,0,0,0,0,50,2.94,0.716,100,0,0,0,2,1.9,2,1.94,0.06,1,0.97,1.9
2026,136,David Njoku,LAC,TE,1,2,LV,100,100,17.7,7,22.6,3,11.1,1.29,0.43,5,15,6.5,9,4.7,3,9,1,33.3,8,8,2,2,0,0.01,0,0,0,0,0,0,2.8,3,17.6,1,33.3,2,66.7,1,0,1,33.3,0,0,0,0,0,0,50,-5.28,-1.579,28.6,42.9,28.6,0,1.9,5.1,1.9,5.11,-3.21,0.27,0.73,5.1
2026,137,Jalen Nailor,LV,WR,1,2,LAC,100,100,60,18,56.3,3,10.3,0.5,0.17,10.67,32,11.6,9,3.6,3,9,1,33.3,3,3,1,1,0,0.48,0,1,1,0,1,0.056,42.4,2,10,0,0,3,100,0,0,1,33.3,1,0,0,0,0,0,15.8,-5.45,0.209,83.3,16.7,0,0,1.9,7.8,1.9,7.78,-5.88,0.11,0.43,7.8
2026,138,Wan'Dale Robinson,TEN,WR,1,2,PHI,100,100,52.9,16,66.7,1,5,0.56,0.06,6,6,4.9,9,4.9,9,9,1,100,3,3,0,0,0,0.01,0,0,0,0,1,0.063,104.2,1,7.1,0,0,1,100,0,0,0,0,0,0,0,0,0,0,7.7,2.05,1.623,6.3,93.8,0,0,1.9,1.9,1.9,1.9,0,0.12,0.12,1.9
2026,139,DeMario Douglas,NE,WR,1,2,PIT,100,100,45.3,18,66.7,1,4.5,0.5,0.06,5,5,2.6,9,4.3,9,9,1,100,4,4,-1,-1,0,0,0,0,0,0,0,0,104.2,1,7.7,0,0,1,100,0,0,0,0,0,0,0,0,0,0,8.3,2.64,1.105,11.1,88.9,0,0,1.9,1.8,1.9,1.76,0.14,0.11,0.1,1.8
2026,140,Sam Roush,CHI,TE,1,2,MIN,100,100,25.7,7,16.7,3,8.6,1.29,0.43,5.33,16,9.7,9,4.7,3,9,1,33.3,12,12,3,3,0,0.13,0,1,0,0,0,0,42.4,1,7.1,0,0,3,100,0,0,1,33.3,1,0,0,0,0,0,50,-4.28,-0.06,42.9,0,14.3,42.9,1.9,5.9,1.9,5.9,-4,0.27,0.84,5.9
2026,141,Johnny Mundt,PHI,TE,1,2,TEN,100,100,56.9,16,38.1,3,8.1,0.5,0.19,2.33,7,2.3,8,3,2.67,4,2,66.7,4,2,2,1,0,0.01,0,0,0,0,0,0,70.1,1,4.5,0,0,3,100,0,0,0,0,0,0,0,0,0,0,15.8,-3.23,-0.588,6.3,43.8,50,0,2.8,5.1,2.8,5.11,-2.31,0.17,0.32,5.1
2026,142,AJ Barner,SEA,TE,1,2,ARZ,100,100,79.1,18,66.7,1,3.8,0.44,0.06,8,8,3.3,8,3.4,8,8,1,100,0,0,0,0,0,0,0,0,0,0,0,0,100,1,4.8,0,0,1,100,0,0,0,0,0,0,0,0,0,0,4.5,0.28,0.53,5.6,11.1,83.3,0,7.9,5.4,7.9,5.44,2.46,0.1,0.11,2.1
2026,143,Oscar Delp,NO,TE,1,2,BLT,100,100,14.1,3,7.7,1,2.9,2.67,0.33,7,7,4.1,8,3.2,8,8,1,100,1,1,1,1,0,0,0,0,0,0,0,0,100,0,0,0,0,1,100,0,0,0,0,1,1,100,0,0,0,25,0.69,0.64,33.3,33.3,33.3,0,1.8,1.3,1.8,1.31,0.49,0.6,0.44,1.3
2026,144,Bryce Lance,NO,WR,1,2,BLT,100,100,78.1,27,69.2,1,2.9,0.3,0.04,8,8,4.7,8,3.2,8,8,1,100,0,0,0,0,0,0,0,0,0,0,0,0,100,1,4,0,0,1,100,0,0,0,0,0,0,0,0,0,0,4,0.49,0.49,70.4,29.6,0,0,1.8,2,1.8,2,-0.2,0.07,0.07,2
2026,145,Quintin Morris,JAX,TE,1,2,DEN,100,100,25.5,3,9.7,1,3.4,2.33,0.33,3,3,1.1,7,3.7,7,7,1,100,4,4,2,2,0,0,0,0,0,0,0,0,95.8,1,5,0,0,1,100,0,0,0,0,0,0,0,0,0,0,25,0.68,0.514,0,33.3,66.7,0,1.7,1.6,1.7,1.64,0.06,0.57,0.55,1.6
2026,146,Kevin Austin,NO,WR,1,2,BLT,100,100,7.8,2,5.1,1,2.9,3.5,0.5,6,6,3.5,7,2.8,7,7,1,100,1,1,0,0,0,0,0,0,0,0,0,0,95.8,1,4,0,0,1,100,0,0,0,0,0,0,0,0,0,0,50,0.05,0.386,50,50,0,0,1.7,1.9,1.7,1.86,-0.16,0.85,0.93,1.9
2026,147,Quentin Johnston,LAC,WR,1,2,LV,100,100,79,23,74.2,4,14.8,0.3,0.17,11,33,14.3,7,3.6,1.75,7,1,25,11,11,2,2,0,0.01,0,0,0,0,1,0.043,39.6,4,23.5,1,25,2,50,1,0,1,25,0,0,0,0,0,0,21.1,-4.7,-0.209,82.6,17.4,0,0,2.4,4.9,2.4,4.91,-2.51,0.07,0.19,4.4
2026,148,Darnell Washington,PIT,TE,1,2,NE,100,100,53.7,11,23.9,2,5,0.64,0.18,2,4,2.2,7,3.7,3.5,7,1,50,7,7,4,4,0,0,0,0,0,0,0,0,58.3,1,3.8,0,0,1,50,0,0,0,0,0,0,0,0,0,0,12.5,-2.18,-0.034,0,18.2,81.8,0,1.7,1.6,1.7,1.64,0.06,0.15,0.15,1.6
2026,149,Andrei Iosivas,CIN,WR,1,2,HST,100,100,54.2,21,58.3,1,3.2,0.33,0.05,6,6,3.3,7,3.4,7,7,1,100,1,1,0,0,0,0.01,0,0,0,0,0,0,95.8,0,0,0,0,1,100,0,0,0,0,0,0,0,0,0,0,5.9,0.05,-0.314,33.3,66.7,0,0,1.7,1.9,1.7,1.92,-0.22,0.08,0.09,1.9
2026,150,Davis Allen,LA,TE,1,2,NYG,100,100,53.3,6,18.2,1,3.2,1.17,0.17,2,2,0.6,7,2.1,7,7,1,100,5,5,1,1,0,0.02,0,0,0,0,1,0.167,95.8,1,4,0,0,1,100,0,0,0,0,0,0,0,0,0,0,10,0.63,1.213,33.3,0,66.7,0,1.7,1.8,1.7,1.77,-0.07,0.28,0.3,1.8
2026,151,Colbie Young,CIN,WR,1,2,HST,100,100,18.6,4,11.1,1,3.2,1.75,0.25,6,6,3.3,7,3.4,7,7,1,100,1,1,1,1,0,0,0,0,0,0,0,0,95.8,0,0,0,0,1,100,0,0,0,0,0,0,0,0,0,0,25,0.05,-0.205,75,25,0,0,1.7,1.8,1.7,1.84,-0.14,0.42,0.46,1.8
2026,152,Chris Moore,BLT,WR,1,2,NO,100,100,58.9,18,47.4,3,9.7,0.33,0.17,31.67,95,30.8,6,2.6,2,6,1,33.3,-1,-1,-1,-1,0,0,0,0,0,0,1,0.056,42.4,1,4.8,0,0,1,33.3,2,0,0,0,0,0,0,0,0,0,21.4,-9.26,-0.645,77.8,22.2,0,0,1.6,1.7,1.6,1.66,-0.06,0.09,0.09,1.7
2026,153,Chris Blair,ATL,WR,1,2,CAR,100,100,50.7,17,43.6,3,9.4,0.35,0.18,7.67,23,18.1,6,4.1,2,6,1,33.3,1,1,0,0,0,0.03,0,0,0,0,0,0,42.4,2,7.7,0,0,2,66.7,0,0,1,33.3,0,0,0,0,0,0,17.6,-5.21,-0.602,64.7,29.4,0,5.9,1.6,4.2,1.6,4.21,-2.61,0.09,0.25,4.2
2026,154,Skyy Moore,GB,WR,1,2,NYJ,100,100,36,16,50,3,10.3,0.38,0.19,14.33,43,19.5,6,4.1,2,3,2,66.7,5,2.5,2,1,0,0,0,0,0,0,0,0,70.1,2,8.7,1,33.3,2,66.7,1,0,0,0,0,0,0,0,0,0,20,-6.65,-0.485,50,37.5,6.3,6.3,2.6,3.2,2.6,3.15,-0.55,0.16,0.2,3.2
2026,155,Ben Sinnott,WAS,TE,1,2,DAL,100,100,67.2,17,40.5,1,2.9,0.35,0.06,3,3,0.8,6,2.9,6,6,1,100,3,3,0,0,0,0,0,0,0,0,0,0,91.7,1,4.5,0,0,1,100,0,0,0,0,0,0,0,0,0,0,6.3,-0.32,0.327,0,17.6,82.4,0,1.6,1.6,1.6,1.65,-0.05,0.09,0.1,1.6
2026,156,Jalen Royals,KC,WR,1,2,IND,100,100,14.1,4,7.8,2,4.3,1.5,0.5,4,8,3,6,1.6,3,3,2,100,6,3,0,0,1,0.92,33.3,1,1,1,2,0.5,118.8,2,6.5,1,50,2,100,0,0,0,0,0,0,0,0,0,0,40,-3.81,1.281,75,0,25,0,8.6,8.1,8.6,8.05,0.55,2.15,2.01,8.1
2026,157,Keenan Allen,IND,WR,1,2,KC,100,100,50.8,19,57.6,5,16.1,0.26,0.26,6.8,34,21.8,5,2.4,1,5,1,20,0,0,0,0,0,0.03,0,0,0,0,0,0,0,5,20,0,0,3,60,0,0,0,0,3,1,33.3,0,0,0,29.4,-6.21,-1.527,78.9,21.1,0,0,1.5,3.1,1.5,3.13,-1.63,0.08,0.16,3.1
2026,158,Dawson Knox,BUF,TE,1,2,DET,100,100,73.9,16,42.1,2,6.5,0.31,0.13,1.5,3,1.4,5,2,2.5,2.5,2,100,3,1.5,1,0.5,1,0.86,33.3,1,1,1,2,0.125,118.8,1,5.6,0,0,2,100,0,0,0,0,0,0,0,0,0,0,11.1,-3.57,0.885,12.5,18.8,62.5,6.3,8.5,7.9,8.5,7.85,0.65,0.53,0.49,7.9
2026,159,Jeremy Ruckert,NYJ,TE,1,2,GB,100,100,33.3,10,20.4,2,4.9,0.5,0.2,-5,-10,-4.1,5,2,2.5,2.5,2,100,15,7.5,2,1,0,0.04,0,1,0,0,0,0,79.2,1,5,1,50,2,100,0,0,0,0,0,0,0,0,0,0,18.2,-4.23,-0.434,10,30,60,0,2.5,3,2.5,3.03,-0.53,0.25,0.3,3
2026,160,Erick All,CIN,TE,1,2,HST,100,100,40.7,4,11.1,2,6.5,1.25,0.5,-0.5,-1,-0.6,5,2.4,2.5,2.5,2,100,6,3,3,1.5,0,0.01,0,0,0,0,0,0,79.2,1,5,0,0,2,100,0,0,0,0,0,0,0,0,0,0,66.7,-2.6,-0.264,25,0,50,25,2.5,3.2,2.5,3.19,-0.69,0.63,0.8,3.2
2026,161,Dallas Goedert,PHI,TE,1,2,TEN,100,100,33.3,10,23.8,2,5.4,0.4,0.2,1.5,3,1,4,1.5,2,4,1,50,1,1,1,1,0,0.01,0,0,0,0,0,0,56.3,0,0,0,0,1,50,0,0,0,0,0,0,0,0,0,0,20,-3.81,-0.309,10,40,50,0,1.4,1.7,1.4,1.67,-0.27,0.14,0.17,1.7
2026,162,Tommy Tremble,CAR,TE,1,2,ATL,100,100,53.3,17,43.6,2,5.6,0.24,0.12,8.5,17,5.6,4,1.4,2,4,1,50,4,4,4,4,0,0.12,0,1,0,0,0,0,56.3,2,9.1,0,0,1,50,0,0,0,0,0,0,0,0,0,0,14.3,-6.48,-0.442,0,58.8,35.3,5.9,1.4,2.2,1.4,2.2,-0.8,0.08,0.13,2.2
2026,163,Jayden Reed,GB,WR,1,2,NYJ,100,100,4,2,6.3,1,3.4,2,0.5,-5,-5,-2.3,4,2.8,4,4,1,100,9,9,0,0,0,0,0,0,0,0,0,0,83.3,1,4.3,1,100,1,100,0,0,0,0,0,0,0,0,0,0,100,-0.16,-0.098,0,100,0,0,1.4,1.5,1.4,1.51,-0.11,0.7,0.76,1.5
2026,164,Will Kacmarek,MIA,TE,1,2,SF,100,100,50,8,28.6,1,4.3,0.5,0.13,3,3,2.1,4,2,4,4,1,100,1,1,1,1,0,0,0,0,0,0,0,0,83.3,0,0,0,0,1,100,0,0,0,0,0,0,0,0,0,0,10,-2.32,-0.727,12.5,0,87.5,0,1.4,1.7,1.4,1.66,-0.26,0.17,0.21,1.7
2026,165,Olamide Zaccheaus,ATL,WR,1,2,CAR,100,100,41.8,19,48.7,3,9.4,0.16,0.16,2.33,7,5.5,3,2.1,1,3,1,33.3,1,1,1,1,0,0,0,0,0,0,0,0,42.4,2,7.7,0,0,1,33.3,0,0,0,0,0,0,0,0,0,0,16.7,-4.5,-0.695,15.8,84.2,0,0,1.3,1.7,1.3,1.67,-0.37,0.07,0.09,1.7
2026,166,Colston Loveland,CHI,TE,1,2,MIN,100,100,87.1,26,61.9,2,5.7,0.12,0.08,8,16,9.7,3,1.6,1.5,3,1,50,-1,-1,-1,-1,0,0,0,1,1,0,0,0,56.3,2,14.3,0,0,1,50,0,0,0,0,0,0,0,0,0,0,8.3,-5.87,-0.474,34.6,30.8,30.8,3.8,1.3,1.7,1.3,1.67,-0.37,0.05,0.06,1.7
2026,167,Ben Skowronek,PIT,WR,1,2,NE,100,100,20.9,2,4.3,1,2.5,1,0.5,1,1,0.6,2,1.1,2,2,1,100,1,1,1,1,0,0,0,0,0,0,0,0,79.2,1,3.8,0,0,1,100,0,0,0,0,0,0,0,0,0,0,33.3,-3.12,-0.468,50,50,0,0,1.2,1.6,1.2,1.59,-0.39,0.6,0.79,1.6
2026,168,Malik Nabers,NYG,WR,1,2,LA,100,100,76.4,28,82.4,4,12.5,0.04,0.14,20.75,83,24.6,1,0.8,0.25,1,1,25,4,4,0,0,0,0.21,0,1,1,0,0,0,0,4,14.8,0,0,3,75,2,0,0,0,2,0,0,0,0,0,15.4,-9.37,-1.777,71.4,28.6,0,0,1.1,8.9,1.1,8.95,-7.85,0.04,0.32,8.9
2026,169,Odell Beckham,NYG,WR,1,2,LA,100,0,3.6,2,5.9,0,0,0,0,,0,0,0,0,,,0,,0,,0,,0,0,0,0,0,0,0,0,,0,0,0,,0,,0,,0,,0,0,,0,0,,0,,,100,0,0,0,0,0,0,0,0,0,0,0
2026,170,Chris Manhertz,NYG,TE,1,2,LA,100,0,32.7,5,14.7,0,0,0,0,,0,0,0,0,,,0,,0,,0,,0,0,0,0,0,0,0,0,,0,0,0,,0,,0,,0,,0,0,,0,0,,0,,,0,40,60,0,0,0,0,0,0,0,0,0
2026,171,Tyler Higbee,LA,TE,1,2,NYG,100,0,25,2,6.1,0,0,0,0,,0,0,0,0,,,0,,0,,0,,0,0,0,0,0,0,0,0,,0,0,0,,0,,0,,0,,0,0,,0,0,,0,,,0,0,100,0,0,0,0,0,0,0,0,0
2026,172,Mo Alie-Cox,IND,TE,1,2,KC,100,0,38.1,4,12.1,0,0,0,0,,0,0,0,0,,,0,,0,,0,,0,0,0,0,0,0,0,0,,0,0,0,,0,,0,,0,,0,0,,0,0,,0,,,0,0,100,0,0,0,0,0,0,0,0,0
2026,173,Robert Tonyan,PIT,TE,1,2,NE,100,0,3,1,2.2,0,0,0,0,,0,0,0,0,,,0,,0,,0,,0,0,0,0,0,0,0,0,,0,0,0,,0,,0,,0,,0,0,,0,0,,0,,,0,100,0,0,0,0,0,0,0,0,0,0
2026,174,Jonnu Smith,GB,TE,1,2,NYJ,100,0,24,3,9.4,0,0,0,0,,0,0,0,0,,,0,,0,,0,,0,0,0,0,0,0,0,0,,0,0,0,,0,,0,,0,,0,0,,0,0,,0,,,33.3,0,66.7,0,0,0,0,0,0,0,0,0
2026,175,Tyler Conklin,DET,TE,1,2,BUF,100,0,6.5,2,4.5,0,0,0,0,,0,0,0,0,,,0,,0,,0,,0,0,0,0,0,0,0,0,,0,0,0,,0,,0,,0,,0,0,,0,0,,0,,,50,0,50,0,0,0,0,0,0,0,0,0
2026,176,Braxton Berrios,NYG,WR,1,2,LA,100,0,9.1,3,8.8,0,0,0,0,,0,0,0,0,,,0,,0,,0,,0,0,0,0,0,0,0,0,,0,0,0,,0,,0,,0,,0,0,,0,0,,0,,,100,0,0,0,0,0,0,0,0,0,0,0
2026,177,Durham Smythe,BLT,TE,1,2,NO,100,100,53.6,11,28.9,1,3.2,0,0.09,-3,-3,-1,0,0,0,0,0,0,0,0,0,0,0,0,0,0,0,0,0,0,39.6,0,0,0,0,0,0,0,0,0,0,0,0,0,0,0,0,7.7,-5.87,-0.827,9.1,9.1,72.7,9.1,0,0.1,0,0.05,-0.05,0,0,0.1
2026,178,DJ Moore,BUF,WR,1,2,DET,100,0,29,9,23.7,0,0,0,0,,0,0,0,0,,,0,,0,,0,,0,0,0,0,0,0,0,0,,0,0,0,,0,,0,,0,,0,0,,0,0,,0,,,66.7,22.2,0,11.1,-0.1,0.5,-0.1,0.45,-0.55,0,0,0
2026,179,Mike Gesicki,CIN,TE,1,2,HST,100,0,37.3,18,50,0,0,0,0,,0,0,0,0,,,0,,0,,0,,0,0,0,0,0,0,0,0,,0,0,0,,0,,0,,0,,0,0,,0,0,,0,,,11.1,88.9,0,0,0,0,0,0,0,0,0,0
2026,180,Lil'Jordan Humphrey,DEN,WR,1,2,JAX,100,100,11.9,2,6.5,1,3.2,0,0.5,14,14,5.2,0,0,0,0,0,0,0,0,0,0,0,0.03,0,0,0,0,0,0,39.6,1,4.8,0,0,1,100,0,0,0,0,1,0,0,0,0,0,100,-9.81,-0.362,100,0,0,0,0,1.5,0,1.46,-1.46,0,0.73,1.5
2026,181,Drew Sample,CIN,TE,1,2,HST,100,0,61,12,33.3,0,0,0,0,,0,0,0,0,,,0,,0,,0,,0,0,0,0,0,0,0,0,,0,0,0,,0,,0,,0,,0,0,,0,0,,0,,,8.3,0,83.3,8.3,0,0,0,0,0,0,0,0
2026,182,Noah Fant,NO,TE,1,2,BLT,100,0,45.3,10,25.6,0,0,0,0,,0,0,0,0,,,0,,0,,0,,0,0,0,0,0,0,0,0,,0,0,0,,0,,0,,0,,0,0,,0,0,,0,,,10,30,60,0,0,0,0,0,0,0,0,0
2026,183,Marquise Brown,PHI,WR,1,2,TEN,100,0,16.7,6,14.3,0,0,0,0,,0,0,0,0,,,0,,0,,0,,0,0,0,0,0,0,0,0,,0,0,0,,0,,0,,0,,0,0,,0,0,,0,,,0,100,0,0,1.2,1,1.2,1.03,0.17,0,0,0
2026,184,Cole Kmet,CHI,TE,1,2,MIN,100,100,68.6,14,33.3,1,2.9,0,0.07,9,9,5.5,0,0,0,0,0,0,0,0,0,0,0,0,0,0,0,0,0,0,39.6,0,0,0,0,0,0,0,0,0,0,0,0,0,0,0,0,6.7,-7.26,-1.192,7.1,21.4,64.3,7.1,0,0,0,0,0,0,0,0
2026,185,Jerry Jeudy,CLV,WR,1,2,TB,100,100,60,23,65.7,1,3.3,0,0.04,10,10,9.1,0,0,0,0,0,0,0,0,0,0,0,0,0,0,0,0,0,0,39.6,1,4.3,0,0,0,0,0,0,0,0,0,0,0,0,0,0,4.8,-7.5,-0.894,69.6,30.4,0,0,0,0,0,0,0,0,0,0
2026,186,Adam Trautman,DEN,TE,1,2,JAX,100,0,66.1,6,19.4,0,0,0,0,,0,0,0,0,,,0,,0,,0,,0,0,0,0,0,0,0,0,,0,0,0,,0,,0,,0,,0,0,,0,0,,0,,,0,0,100,0,0,0,0,0,0,0,0,0
2026,187,Charlie Woerner,ATL,TE,1,2,CAR,100,100,49.3,11,28.2,1,3.1,0,0.09,0,0,0,0,0,0,0,0,0,0,0,0,0,0,0,0,0,0,0,0,0,39.6,1,3.8,0,0,0,0,0,0,0,0,0,0,0,0,0,0,9.1,-5.29,-0.552,27.3,18.2,54.5,0,0,0,0,0.01,-0.01,0,0,0
2026,188,John Bates,WAS,TE,1,2,DAL,100,0,32.8,5,11.9,0,0,0,0,,0,0,0,0,,,0,,0,,0,,0,0,0,0,0,0,0,0,,0,0,0,,0,,0,,0,,0,0,,0,0,,0,,,0,20,80,0,0,0,0,0,0,0,0,0
2026,189,Tylan Wallace,CLV,WR,1,2,TB,100,0,21.8,4,11.4,0,0,0,0,,0,0,0,0,,,0,,0,,0,,0,0,0,0,0,0,0,0,,0,0,0,,0,,0,,0,,0,0,,0,0,,0,,,50,25,25,0,0,0,0,0,0,0,0,0
2026,190,Noah Gray,KC,TE,1,2,IND,100,100,50,13,25.5,1,2.1,0,0.08,16,16,6.1,0,0,0,0,0,0,0,0,0,0,0,0,0,0,0,0,0,0,39.6,1,3.2,0,0,0,0,0,0,0,0,0,0,0,0,0,0,5.9,-10.19,-0.818,30.8,38.5,23.1,7.7,0,0,0,0.01,-0.01,0,0,0
2026,191,Brock Wright,DET,TE,1,2,BUF,100,0,27.4,5,11.4,0,0,0,0,,0,0,0,0,,,0,,0,,0,,0,0,0,0,0,0,0,0,,0,0,0,,0,,0,,0,,0,0,,0,0,,0,,,20,20,60,0,0,0,0,0,0,0,0,0
2026,192,Luke Farrell,SF,TE,1,2,MIA,100,0,53.1,11,44,0,0,0,0,,0,0,0,0,,,0,,0,,0,,0,0,0,0,0,0,0,0,,0,0,0,,0,,0,,0,,0,0,,0,0,,0,,,0,0,90.9,9.1,0,0,0,0,0,0,0,0
2026,193,Hunter Long,ARZ,TE,1,2,SEA,100,0,31.9,3,9.7,0,0,0,0,,0,0,0,0,,,0,,0,,0,,0,0,0,0,0,0,0,0,,0,0,0,,0,,0,,0,,0,0,,0,0,,0,,,0,0,100,0,0,0,0,0,0,0,0,0
2026,194,Bo Melton,GB,WR,1,2,NYJ,100,100,14,4,12.5,1,3.4,0,0.25,6,6,2.7,0,0,0,0,0,0,0,0,0,0,0,0,0,0,0,0,0,0,39.6,1,4.3,0,0,0,0,0,0,0,0,0,0,0,0,0,0,25,-6.95,-0.592,50,50,0,0,0,0,0,0,0,0,0,0
2026,195,Andrew Ogletree,IND,TE,1,2,KC,100,100,30.2,5,15.2,1,3.2,0,0.2,4,4,2.6,0,0,0,0,0,0,0,0,0,0,0,0,0,0,0,0,0,0,39.6,0,0,0,0,0,0,0,0,0,0,0,0,0,0,0,0,14.3,-6.07,-0.558,0,40,60,0,0,0,0,0,0,0,0,0
2026,196,Nick Muse,ATL,TE,1,2,CAR,100,0,20.9,5,12.8,0,0,0,0,,0,0,0,0,,,0,,0,,0,,0,0,0,0,0,0,0,0,,0,0,0,,0,,0,,0,,0,0,,0,0,,0,,,0,0,100,0,0,0,0,0,0,0,0,0
2026,197,John Metchie,CAR,WR,1,2,ATL,100,0,11.7,4,10.3,0,0,0,0,,0,0,0,0,,,0,,0,,0,,0,0,0,0,0,0,0,0,,0,0,0,,0,,0,,0,,0,0,,0,0,,0,,,25,75,0,0,0,0,0,0,0,0,0,0
2026,198,Treylon Burks,WAS,WR,1,2,DAL,100,100,31.3,10,23.8,1,2.9,0,0.1,53,53,14,0,0,0,0,0,0,0,0,0,0,0,0,0,0,0,0,0,0,39.6,1,4.5,0,0,0,0,1,0,0,0,0,0,0,0,0,0,10,-15,-0.646,70,30,0,0,0,-0.7,0,-0.67,0.67,0,-0.07,-0.7
2026,199,Jelani Woods,NYJ,TE,1,2,GB,100,0,29.2,2,4.1,0,0,0,0,,0,0,0,0,,,0,,0,,0,,0,0,0,0,0,0,0,0,,0,0,0,,0,,0,,0,,0,0,,0,0,,0,,,0,50,50,0,0,0,0,0,0,0,0,0
2026,200,KaVontae Turpin,DAL,WR,1,2,WAS,100,0,9.3,3,8.3,0,0,0,0,,0,0,0,0,,,0,,0,,0,,0,0,0,0,0,0,0,0,,0,0,0,,0,,0,,0,,0,0,,0,0,,0,,,33.3,66.7,0,0,0.1,0.9,0.1,0.93,-0.83,0,0,0
2026,201,Daniel Bellinger,TEN,TE,1,2,PHI,100,100,47.1,5,20.8,1,5,0,0.2,2,2,1.6,0,0,0,0,0,0,0,0,0,0,0,0,0,0,0,0,0,0,39.6,0,0,0,0,0,0,0,0,0,0,0,0,0,0,0,0,16.7,-6.37,-0.622,0,80,20,0,0,0,0,0.04,-0.04,0,0.01,0
2026,202,Xavier Smith,LA,WR,1,2,NYG,100,100,41.7,16,48.5,1,3.2,0,0.06,0,0,0,0,0,0,0,0,0,0,0,0,0,0,0.16,0,1,0,0,0,0,39.6,1,4,0,0,1,100,0,0,1,100,0,0,0,0,0,0,5.9,-6.04,-0.781,43.8,56.3,0,0,0,2.3,0,2.33,-2.33,0,0.15,2.3
2026,203,E.J. Jenkins,PHI,TE,1,2,TEN,100,0,31.9,9,21.4,0,0,0,0,,0,0,0,0,,,0,,0,,0,,0,0,0,0,0,0,0,0,,0,0,0,,0,,0,,0,,0,0,,0,0,,0,,,22.2,66.7,11.1,0,0,0,0,0,0,0,0,0
2026,204,Luke Schoonmaker,DAL,TE,1,2,WAS,100,0,29.6,7,19.4,0,0,0,0,,0,0,0,0,,,0,,0,,0,,0,0,0,0,0,0,0,0,,0,0,0,,0,,0,,0,,0,0,,0,0,,0,,,14.3,14.3,71.4,0,0,0,0,0,0,0,0,0
2026,205,Cameron Latu,NE,TE,1,2,PIT,100,0,26.4,2,7.4,0,0,0,0,,0,0,0,0,,,0,,0,,0,,0,0,0,0,0,0,0,0,,0,0,0,,0,,0,,0,,0,0,,0,0,,0,,,50,0,50,0,0,0,0,0,0,0,0,0
2026,206,Derius Davis,LAC,WR,1,2,LV,100,100,9.7,3,9.7,1,3.7,0,0.33,19,19,8.2,0,0,0,0,0,0,0,0,0,0,0,0,0,0,0,0,0,0,0,1,5.9,0,0,1,100,0,0,0,0,1,0,0,0,0,0,50,-11.93,-3.348,33.3,66.7,0,0,0,1.6,0,1.58,-1.58,0,0.53,1.6
2026,207,Brayden Willis,SF,TE,1,2,MIA,100,0,22.4,1,4,0,0,0,0,,0,0,0,0,,,0,,0,,0,,0,0,0,0,0,0,0,0,,0,0,0,,0,,0,,0,,0,0,,0,0,,0,,,100,0,0,0,0,0,0,0,0,0,0,0
2026,208,Brycen Tremayne,CAR,WR,1,2,ATL,100,0,15,1,2.6,0,0,0,0,,0,0,0,0,,,0,,0,,0,,0,0,0,0,0,0,0,0,,0,0,0,,0,,0,,0,,0,0,,0,0,,0,,,100,0,0,0,0,0,0,0,0,0,0,0
2026,209,Elijah Higgins,ARZ,TE,1,2,SEA,100,0,27.7,3,9.7,0,0,0,0,,0,0,0,0,,,0,,0,,0,,0,0,0,0,0,0,0,0,,0,0,0,,0,,0,,0,,0,0,,0,0,,0,,,0,0,100,0,0,0,0,0,0,0,0,0
2026,210,Jonathan Mingo,DAL,WR,1,2,WAS,100,0,20.4,4,11.1,0,0,0,0,,0,0,0,0,,,0,,0,,0,,0,0,0,0,0,0,0,0,,0,0,0,,0,,0,,0,,0,0,,0,0,,0,,,75,25,0,0,0,0,0,0,0,0,0,0
2026,211,Jacob Cowing,SF,WR,1,2,MIA,100,0,44.9,7,28,0,0,0,0,,0,0,0,0,,,0,,0,,0,,0,0,0,0,0,0,0,0,,0,0,0,,0,,0,,0,,0,0,,0,0,,0,,,71.4,28.6,0,0,0,0,0,0,0,0,0,0
2026,212,Brevyn Spann-Ford,DAL,TE,1,2,WAS,100,0,40.7,5,13.9,0,0,0,0,,0,0,0,0,,,0,,0,,0,,0,0,0,0,0,0,0,0,,0,0,0,,0,,0,,0,,0,0,,0,0,,0,,,20,20,60,0,0,0,0,0,0,0,0,0
2026,213,Theo Johnson,NYG,TE,1,2,LA,100,100,25.5,6,17.6,4,12.5,0,0.67,11.75,47,13.9,0,0,0,0,0,0,0,0,0,0,0,0.08,0,0,0,0,0,0,39.6,3,11.1,0,0,1,25,1,0,0,0,1,0,0,0,0,0,80,-9.64,-0.854,0,33.3,66.7,0,0,2.9,0,2.9,-2.9,0,0.48,2.9
2026,214,Marvin Harrison,ARZ,WR,1,2,SEA,100,0,72.3,27,87.1,0,0,0,0,,0,0,0,0,,,0,,0,,0,,0,0,0,0,0,0,0,0,,0,0,0,,0,,0,,0,,0,0,,0,0,,0,,,81.5,18.5,0,0,0,0,0,0,0,0,0,0
2026,215,Jalen McMillan,TB,WR,1,2,CLV,100,0,9.7,2,5,0,0,0,0,,0,0,0,0,,,0,,0,,0,,0,0,0,0,0,0,0,0,,0,0,0,,0,,0,,0,,0,0,,0,0,,0,,,50,50,0,0,0,0,0,0,0,0,0,0
2026,216,Jake Briningstool,KC,TE,1,2,IND,100,0,12.8,4,7.8,0,0,0,0,,0,0,0,0,,,0,,0,,0,,0,0,0,0,0,0,0,0,,0,0,0,,0,,0,,0,,0,0,,0,0,,0,,,0,75,25,0,0,0,0,0,0,0,0,0
2026,217,Pat Bryant,DEN,WR,1,2,JAX,100,100,62.7,21,67.7,1,3.2,0,0.05,5,5,1.9,0,0,0,0,0,0,0,0,0,0,0,0,0,0,0,0,0,0,39.6,1,4.8,0,0,0,0,0,0,0,0,0,0,0,0,0,0,4.8,-6.36,-1.424,85.7,14.3,0,0,1.6,0.5,1.6,0.54,1.06,0,0,0
2026,218,Jaylin Lane,WAS,WR,1,2,DAL,100,0,16.4,5,11.9,0,0,0,0,,0,0,0,0,,,0,,0,,0,,0,0,0,0,0,0,0,0,,0,0,0,,0,,0,,0,,0,0,,0,0,,0,,,80,20,0,0,0,0,0,0,0,0,0,0
2026,219,Jackson Hawes,BUF,TE,1,2,DET,100,0,50.7,6,15.8,0,0,0,0,,0,0,0,0,,,0,,0,,0,,0,0,0,0,0,0,0,0,,0,0,0,,0,,0,,0,,0,0,,0,0,,0,,,0,0,100,0,0,0,0,0,0,0,0,0
2026,220,Jahdae Walker,CHI,WR,1,2,MIN,100,0,10,4,9.5,0,0,0,0,,0,0,0,0,,,0,,0,,0,,0,0,0,0,0,0,0,0,,0,0,0,,0,,0,,0,,0,0,,0,0,,0,,,75,25,0,0,0,0,0,0,0,0,0,0
2026,221,Keleki Latu,BUF,TE,1,2,DET,100,0,8.7,2,5.3,0,0,0,0,,0,0,0,0,,,0,,0,,0,,0,0,0,0,0,0,0,0,,0,0,0,,0,,0,,0,,0,0,,0,0,,0,,,50,0,50,0,0,0,0,0,0,0,0,0
2026,222,Jackson Meeks,DET,TE,1,2,BUF,100,0,1.6,1,2.3,0,0,0,0,,0,0,0,0,,,0,,0,,0,,0,0,0,0,0,0,0,0,,0,0,0,,0,,0,,0,,0,0,,0,0,,0,,,0,0,100,0,0,0,0,0,0,0,0,0
2026,223,Myles Price,MIN,WR,1,2,CHI,100,100,51,16,66.7,1,5,0,0.06,2,2,1.2,0,0,0,0,0,0,0,0,0,0,0,0,0,0,0,0,0,0,39.6,0,0,0,0,1,100,0,0,0,0,0,0,0,0,0,0,7.1,-5.33,-0.208,43.8,56.3,0,0,0,1.7,0,1.66,-1.66,0,0.1,1.7
2026,224,Arian Smith,NYJ,WR,1,2,GB,100,0,1.4,1,2,0,0,0,0,,0,0,0,0,,,0,,0,,0,,0,0,0,0,0,0,0,0,,0,0,0,,0,,0,,0,,0,0,,0,0,,0,,,100,0,0,0,0,0,0,0,0,0,0,0
2026,225,Mark Redman,GB,TE,1,2,NYJ,100,0,34,4,12.5,0,0,0,0,,0,0,0,0,,,0,,0,,0,,0,0,0,0,0,0,0,0,,0,0,0,,0,,0,,0,,0,0,,0,0,,0,,,50,0,50,0,0,0,0,0,0,0,0,0
2026,226,Tory Horton,SEA,WR,1,2,ARZ,100,0,29.9,4,14.8,0,0,0,0,,0,0,0,0,,,0,,0,,0,,0,0,0,0,0,0,0,0,,0,0,0,,0,,0,,0,,0,0,,0,0,,0,,,50,50,0,0,0,0,0,0,0,0,0,0
2026,227,Chimere Dike,TEN,WR,1,2,PHI,100,0,3.9,1,4.2,0,0,0,0,,0,0,0,0,,,0,,0,,0,,0,0,0,0,0,0,0,0,,0,0,0,,0,,0,,0,,0,0,,0,0,,0,,,100,0,0,0,0,0,0,0,0,0,0,0
2026,228,Mason Taylor,NYJ,TE,1,2,GB,100,0,45.8,20,40.8,0,0,0,0,,0,0,0,0,,,0,,0,,0,,0,0,0,0,0,0,0,0,,0,0,0,,0,,0,,0,,0,0,,0,0,,0,,,0,55,45,0,0,0,0,0,0,0,0,0
2026,229,Dohnte Meyers,CIN,WR,1,2,HST,100,100,16.9,7,19.4,1,3.2,0,0.14,-4,-4,-2.2,0,0,0,0,0,0,0,0,0,0,0,0,0,0,0,0,0,0,39.6,1,5,1,100,1,100,0,0,1,100,0,0,0,0,0,0,16.7,-4.49,-0.803,42.9,57.1,0,0,0,1.5,0,1.5,-1.5,0,0.21,1.5
2026,230,Matthew Hibner,BLT,TE,1,2,NO,100,0,37.5,10,26.3,0,0,0,0,,0,0,0,0,,,0,,0,,0,,0,0,0,0,0,0,0,0,,0,0,0,,0,,0,,0,,0,0,,0,0,,0,,,30,10,50,10,0,0,0,0,0,0,0,0
2026,231,Josh Cuevas,BLT,TE,1,2,NO,100,0,7.1,4,10.5,0,0,0,0,,0,0,0,0,,,0,,0,,0,,0,0,0,0,0,0,0,0,,0,0,0,,0,,0,,0,,0,0,,0,0,,0,,,75,25,0,0,0,0,0,0,0,0,0,0
2026,232,Cyrus Allen,KC,WR,1,2,IND,100,0,3.8,3,5.9,0,0,0,0,,0,0,0,0,,,0,,0,,0,,0,0,0,0,0,0,0,0,,0,0,0,,0,,0,,0,,0,0,,0,0,,0,,,66.7,33.3,0,0,0,0,0,0,0,0,0,0
2026,233,Malik Benson,LV,WR,1,2,LAC,100,100,11.7,4,12.5,1,3.4,0,0.25,28,28,10.1,0,0,0,0,0,0,0,0,0,0,0,0,0,0,0,0,0,0,39.6,1,5,0,0,0,0,1,0,0,0,0,0,0,0,0,0,20,-11.08,-1.737,50,50,0,0,0,0.1,0,0.06,-0.06,0,0.01,0.1
2026,234,J. Sturdivant,GB,WR,1,2,NYJ,100,0,12,6,18.8,0,0,0,0,,0,0,0,0,,,0,,0,,0,,0,0,0,0,0,0,0,0,,0,0,0,,0,,0,,0,,0,0,,0,0,,0,,,50,50,0,0,0,0,0,0,0,0,0,0
2026,235,Bauer Sharp,TB,TE,1,2,CLV,100,0,3.2,2,5,0,0,0,0,,0,0,0,0,,,0,,0,,0,,0,0,0,0,0,0,0,0,,0,0,0,,0,,0,,0,,0,0,,0,0,,0,,,50,0,50,0,0,0,0,0,0,0,0,0
2026,236,Barion Brown,NO,WR,1,2,BLT,100,0,3.1,1,2.6,0,0,0,0,,0,0,0,0,,,0,,0,,0,,0,0,0,0,0,0,0,0,,0,0,0,,0,,0,,0,,0,0,,0,0,,0,,,0,100,0,0,0,0,0,0,0,0,0,0
2026,237,Josh Cameron,JAX,WR,1,2,DEN,100,0,18.2,3,9.7,0,0,0,0,,0,0,0,0,,,0,,0,,0,,0,0,0,0,0,0,0,0,,0,0,0,,0,,0,,0,,0,0,,0,0,,0,,,100,0,0,0,0,0,0,0,0,0,0,0
2026,238,Carsen Ryan,CLV,TE,1,2,TB,100,0,1.8,1,2.9,0,0,0,0,,0,0,0,0,,,0,,0,,0,,0,0,0,0,0,0,0,0,,0,0,0,,0,,0,,0,,0,0,,0,0,,0,,,0,100,0,0,0,0,0,0,0,0,0,0
2026,239,Deion Burks,IND,WR,1,2,KC,100,0,4.8,1,3,0,0,0,0,,0,0,0,0,,,0,,0,,0,,0,0,0,0,0,0,0,0,,0,0,0,,0,,0,,0,,0,0,,0,0,,0,,,100,0,0,0,1.4,1.1,1.4,1.14,0.26,0,0,0
2026,240,Lewis Bond,HST,WR,1,2,CIN,100,0,17.9,10,15.9,0,0,0,0,,0,0,0,0,,,0,,0,,0,,0,0,0,0,0,0,0,0,,0,0,0,,0,,0,,0,,0,0,,0,0,,0,,,30,70,0,0,0,0,0,0,0,0,0,0
2026,241,Marlin Klein,HST,TE,1,2,CIN,100,0,7.7,1,1.6,0,0,0,0,,0,0,0,0,,,0,,0,,0,,0,0,0,0,0,0,0,0,,0,0,0,,0,,0,,0,,0,0,,0,0,,0,,,0,0,100,0,0,0,0,0,0,0,0,0
2026,242,Nate Boerkircher,JAX,TE,1,2,DEN,100,0,38.2,7,22.6,0,0,0,0,,0,0,0,0,,,0,,0,,0,,0,0,0,0,0,0,0,0,,0,0,0,,0,,0,,0,,0,0,,0,0,,0,,,14.3,28.6,57.1,0,0,0,0,0,0,0,0,0
2026,243,Chris Bell,MIA,WR,1,2,SF,100,100,39.3,11,39.3,1,4.3,0,0.09,12,12,8.4,0,0,0,0,0,0,0,0,0,0,0,0,0,0,0,0,0,0,39.6,1,7.7,0,0,1,100,0,0,1,100,1,0,0,0,0,0,12.5,-9.05,-0.967,100,0,0,0,0,1.2,0,1.18,-1.18,0,0.11,1.2
2026,244,Kevin Coleman,MIA,WR,1,2,SF,100,0,42.9,12,42.9,0,0,0,0,,0,0,0,0,,,0,,0,,0,,0,0,0,0,0,0,0,0,,0,0,0,,0,,0,,0,,0,0,,0,0,,0,,,33.3,66.7,0,0,0,0,0,0,0,0,0,0
2026,245,Efton Chism,NE,WR,1,2,PIT,100,100,18.9,1,3.7,1,4.5,-2,1,-1,-1,-0.5,-2,-1,-2,-2,1,100,-1,-1,-1,-1,0,0.03,0,0,0,0,0,0,79.2,1,7.7,1,100,1,100,0,0,0,0,0,0,0,0,0,0,100,-8.17,-2.376,100,0,0,0,0.8,1.7,0.8,1.75,-0.95,0.8,1.75,1.7
2026,246,Eric Saubert,SEA,TE,1,2,ARZ,100,100,22.4,4,14.8,1,3.8,-2.5,0.25,-11,-11,-4.6,-10,-4.3,-10,-10,1,100,1,1,1,1,0,0.08,0,1,0,0,0,0,79.2,0,0,0,0,1,100,0,0,0,0,0,0,0,0,0,0,20,-16.1,-1.632,25,0,75,0,0,2.5,0,2.5,-2.5,0,0.62,2.5
Exported from Data Suite 2.0 by michaelgingrave (user 380) on 2026-09-23 21:54 UTC,,,,,,,,,,,,,,,,,,,,,,,,,,,,,,,,,,,,,,,,,,,,,,,,,,,,,,,,,,,,,,,,,,,,,