,Player Details,Player Details,Player Details,Player Details,Player Details,Splits,Splits,Splits,Splits,Overall,Overall,Overall,Overall,Overall,Overall,Overall,Overall,Overall,Overall,Overall,Overall,Overall,Overall,Overall,Overall,Overall,Man,Man,Man,Man,Man,Zone,Zone,Zone,Zone,Zone,Red Zone,Red Zone,Red Zone,Red Zone,Red Zone,Cover 2,Cover 2,Cover 2,Cover 3,Cover 3,Cover 3,Cover 4,Cover 4,Cover 4,Cover 6,Cover 6,Cover 6
Season,Rank,Name,Team,POS,G,WEEK,OPP,RTE %,TGT %,RTE,SEP SCORE,YPRR,TPRR,WIN RATE,SEP MS,ADOR,TGT %,+1 Rate,+2 Rate,+3 Rate,Neg Rate,TGT,REC,YDS,TD,AY,RTE,SEP SCORE,YPRR,TPRR,WIN RATE,RTE,SEP SCORE,YPRR,TPRR,WIN RATE,RTE,SEP SCORE,YPRR,TPRR,WIN RATE,RTE,SEP SCORE,WIN RATE,RTE,SEP SCORE,WIN RATE,RTE,SEP SCORE,WIN RATE,RTE,SEP SCORE,WIN RATE
2026,,League Avg,,,,,,,,15.845528455284553,0.044,1.62,0.2,10.9,12.721544715447147,6.40447154471545,9.78373983739837,8.4,2.1,0.3,9,3.105691056910569,2.097560975609756,25.63821138211382,0.17479674796747968,30.983739837398375,3.7439024390243905,0.074,1.3,0.21,22.1,11.508130081300813,0.037,1.76,0.19,7.4,0.5934959349593496,-0.007,0.55,0.16,6.8,2.2764227642276422,0.007,2.5,5.1138211382113825,0.045,8.9,2.2235772357723578,0.018,7.1,1.8943089430894309,0.075,9.4
2026,1,Xavier Hutchinson,HST,WR,1,2,CIN,90,100,45,0.067,0.82,0.18,17.8,27.6,6.7,14.3,13.3,2.2,2.2,15.6,8,3,37,0,118,11,-0.364,1.73,0.36,18.2,33,0.212,0.55,0.12,18.2,1,0,0,0,0,8,0,0,13,0.231,23.1,3,0,0,9,0.444,33.3
2026,2,Dalton Schultz,HST,TE,1,2,CIN,91.48936170212765,100,43,0.163,3.26,0.33,14,20.7,5.8,25,11.6,0,2.3,2.3,14,12,140,0,80,9,0.111,0,0,22.2,32,0.094,4.38,0.44,9.4,2,1.5,0,0,50,10,0,0,13,0.154,15.4,3,0,0,6,0.167,16.7
2026,3,DK Metcalf,PIT,WR,1,2,NE,97.72727272727273,100,43,0,0.63,0.21,9.3,36.4,4.6,22.5,9.3,0,0,9.3,9,4,27,0,55,24,0.083,0.38,0.17,16.7,19,-0.105,0.95,0.26,0,0,0,0,0,0,5,0,0,7,-0.143,0,6,-0.167,0,1,0,0
2026,4,Kayshon Boutte,HST,WR,1,2,CIN,93.47826086956522,100,43,-0.023,0.86,0.12,9.3,13.8,6.4,8.9,9.3,0,0,11.6,5,3,37,0,72,8,0,2.63,0.25,25,34,-0.029,0.47,0.06,5.9,1,0,0,1,0,10,0,0,13,0,15.4,3,0,0,8,-0.125,0
2026,5,Xavier Worthy,KC,WR,1,2,IND,97.67441860465115,100,42,-0.048,0.6,0.17,9.5,20,5.7,14.9,7.1,2.4,0,16.7,7,5,25,1,45,13,-0.154,0.38,0.15,15.4,29,0,0.69,0.17,6.9,0,0,0,0,0,11,0,0,11,0.091,18.2,4,-0.25,0,3,0,0
2026,6,Amon-Ra St. Brown,DET,WR,1,2,BUF,97.61904761904762,100,41,0,3.46,0.29,19.5,32,7.5,31.6,14.6,4.9,0,24.4,12,9,142,2,139,6,0.333,7.5,0.5,50,33,-0.091,2.67,0.24,12.1,2,0.5,4.5,0.5,50,6,-0.167,0,14,0.071,21.4,8,-0.375,0,5,0,20
2026,7,Jameson Williams,DET,WR,1,2,BUF,97.5609756097561,100,40,0.2,0.83,0.08,22.5,36,12.6,7.9,15,7.5,0,10,3,2,33,0,38,6,0,0,0.17,33.3,33,0.212,1,0.06,18.2,1,1,0,0,100,6,0,0,13,0,7.7,9,0.444,33.3,5,0.6,40
2026,8,Sam LaPorta,DET,TE,1,2,BUF,97.5,100,39,0,1.33,0.18,10.3,16,3.3,18.4,10.3,0,0,10.3,7,6,52,1,22,5,0,0,0,20,32,0.031,1.59,0.19,9.4,2,-0.5,0.5,0.5,0,6,-0.167,0,12,0,8.3,9,0.222,22.2,5,0,0
2026,9,DeVonta Smith,PHI,WR,1,2,TEN,95,100,38,0.158,3.08,0.34,21.1,53.3,9.9,35.1,15.8,2.6,2.6,10.5,13,10,117,1,191,5,0.2,2.8,0.4,60,32,0.156,3.22,0.31,15.6,1,0,0,1,0,6,0,0,5,0,20,11,0.364,18.2,10,0.1,20
2026,10,Roman Wilson,PIT,WR,1,2,NE,97.43589743589743,100,38,-0.079,0.74,0.16,5.3,18.2,7.9,15,5.3,0,0,13.2,6,5,28,0,19,20,-0.15,0.45,0.15,10,18,0,1.06,0.17,0,0,0,0,0,0,6,0,0,6,0,0,5,0,0,1,0,0
2026,11,Isaiah Williams,NYJ,WR,1,2,GB,94.87179487179486,100,37,-0.027,0.92,0.16,0,0,5.8,14.6,0,0,0,2.7,6,6,34,0,-1,5,0,0,0,0,32,-0.031,1.03,0.16,0,0,0,0,0,0,5,0,0,12,0,0,11,0,0,4,-0.25,0
2026,12,Garrett Wilson,NYJ,WR,1,2,GB,97.2972972972973,100,36,0.111,1.58,0.19,13.9,50,12,17.1,11.1,2.8,0,5.6,7,5,57,1,75,5,0.2,4.8,0.6,20,31,0.097,1.06,0.13,12.9,0,0,0,0,0,4,0,25,11,0.091,9.1,12,0.083,8.3,4,0.25,25
2026,13,Travis Kelce,KC,TE,1,2,IND,97.22222222222221,100,35,-0.029,2.89,0.31,2.9,5,4.5,23.4,2.9,0,0,5.7,11,9,101,1,56,9,-0.111,-0.11,0.22,11.1,26,0,3.92,0.35,0,0,0,0,0,0,8,0,0,11,0,0,3,0,0,4,0,0
2026,14,Adonai Mitchell,NYJ,WR,1,2,GB,94.5945945945946,100,35,0.057,1.8,0.34,11.4,40,9.4,29.3,8.6,2.9,0,8.6,12,6,63,0,179,4,0.25,0,0.25,25,31,0.032,2.03,0.32,9.7,0,0,0,0,0,5,0,0,10,0.2,20,11,-0.182,0,5,0.2,20
2026,15,Jaylin Noel,HST,WR,1,2,CIN,89.74358974358975,100,35,0.086,0.89,0.11,8.6,10.3,6.3,7.1,2.9,5.7,0,5.7,4,1,31,0,42,4,-0.25,0,0.25,25,29,0.138,1.07,0.1,6.9,2,0,0,0,0,8,0,0,9,0.222,11.1,3,0,0,9,0.222,11.1
2026,16,Terry McLaurin,WAS,WR,1,2,DAL,100,100,34,0,1.47,0.26,17.6,31.6,9.1,25.7,17.6,0,0,17.6,9,2,50,0,162,7,0.286,0,0.29,42.9,26,-0.038,1.92,0.23,11.5,1,-1,0,1,0,0,0,0,13,0,15.4,7,-0.286,0,6,0.167,16.7
2026,17,Rome Odunze,CHI,WR,1,2,MIN,100,100,34,0.176,1.26,0.12,11.8,57.1,12.1,11.4,5.9,5.9,0,0,4,3,43,0,47,2,0,0,0,0,27,0.185,1.59,0.15,11.1,5,0.2,0,0,20,7,0,0,12,0.417,25,2,0,0,6,0,0
2026,18,Germie Bernard,PIT,WR,1,2,NE,97.14285714285714,100,34,-0.088,1.03,0.24,8.8,27.3,5,20,8.8,0,0,17.6,8,4,35,0,63,20,-0.15,0.8,0.35,15,14,0,1.36,0.07,0,0,0,0,0,0,6,0,0,6,0,0,1,0,0,1,0,0
2026,19,Rashee Rice,KC,WR,1,2,IND,91.66666666666666,100,33,0,2.52,0.15,15.2,25,7.2,10.6,15.2,0,0,15.2,5,4,83,0,38,9,0.111,0,0.11,44.4,24,-0.042,2.17,0.13,4.2,0,0,0,0,0,7,0,0,10,0,10,3,-0.333,0,4,0,0
2026,20,Devaughn Vele,NO,WR,1,2,BLT,97.05882352941177,100,33,-0.061,1.94,0.21,3,14.3,8.5,20.6,3,0,0,9.1,7,5,64,0,74,8,-0.25,0,0.13,0,25,0,2.56,0.24,4,0,0,0,0,0,9,0,0,9,0,0,6,0,16.7,1,0,0
2026,21,Jalen Coker,CAR,WR,1,2,ATL,100,100,33,0.121,2,0.27,18.2,27.3,5.5,25,12.1,6.1,0,12.1,9,8,66,0,52,8,0.125,1,0.25,37.5,20,0.2,2.75,0.25,15,5,-0.2,0.6,0.4,0,2,0,0,12,0.333,25,4,0,0,2,0,0
2026,22,Isaac TeSlaa,DET,WR,1,2,BUF,100,100,33,-0.061,0.79,0.15,6.1,8,6.6,13.2,6.1,0,0,12.1,5,2,26,0,78,5,-0.2,0,0.2,0,27,-0.037,0.96,0.15,7.4,1,0,0,0,0,4,0,0,12,0,16.7,6,0,0,5,-0.2,0
2026,23,Chris Godwin,TB,WR,1,2,CLV,100,100,32,0.125,1.44,0.09,18.8,18.8,8.8,8.8,15.6,3.1,0,9.4,3,3,46,0,33,22,0.091,2.09,0.14,22.7,10,0.2,0,0,10,0,0,0,0,0,2,0,0,6,0,0,2,1,50,0,0,0
2026,24,Chris Olave,NO,WR,1,2,BLT,94.11764705882352,100,32,-0.031,2.69,0.28,12.5,57.1,8.5,26.5,9.4,3.1,0,18.8,9,8,86,1,81,7,0.286,4.86,0.43,42.9,25,-0.12,2.08,0.24,4,0,0,0,0,0,9,0,0,9,-0.333,0,6,0,16.7,1,0,0
2026,25,Tetairoa McMillan,CAR,WR,1,2,ATL,91.42857142857143,100,32,-0.094,3.16,0.28,12.5,18.2,6.7,25,9.4,3.1,0,25,9,5,101,0,136,9,-0.333,1.33,0.33,11.1,18,0,4.94,0.28,11.1,5,0,0,0.2,20,2,0,0,11,0.182,18.2,5,-0.4,0,0,0,0
2026,26,Rashod Bateman,BLT,WR,1,2,NO,100,100,31,0.161,2.84,0.29,19.4,33.3,12.7,29,12.9,6.5,0,9.7,9,7,88,1,124,5,0.2,0,0.2,40,26,0.154,3.38,0.31,15.4,0,0,0,0,0,0,0,0,19,0.053,10.5,3,0.333,33.3,4,0.5,25
2026,27,Ja'Marr Chase,CIN,WR,1,2,HST,91.17647058823529,100,31,0.065,2.42,0.29,6.5,66.7,7.4,29,0,6.5,0,6.5,9,7,75,2,85,2,1,0,0,50,29,0,2.59,0.31,3.4,0,0,0,0,0,5,0,0,13,0.077,7.7,6,-0.167,0,5,0,0
2026,28,Jahan Dotson,ATL,WR,1,2,CAR,100,100,31,0.032,0.35,0.13,6.5,20,7.3,12.5,3.2,3.2,0,6.5,4,2,11,0,47,6,0,0,0.17,16.7,25,0.04,0.44,0.12,4,0,0,0,0,0,0,0,0,18,0.056,5.6,3,0,0,4,0,0
2026,29,Michael Wilson,ARZ,WR,1,2,SEA,100,100,31,0,0.58,0.19,12.9,44.4,8.2,21.4,12.9,0,0,12.9,6,2,18,0,55,1,1,0,0,100,29,-0.034,0.62,0.21,10.3,1,0,0,0,0,7,0,14.3,9,-0.222,0,4,0,25,9,0.111,11.1
2026,30,Darnell Mooney,NYG,WR,1,2,LA,100,100,30,0.167,1.6,0.1,20,30,9.6,9.4,16.7,0,3.3,10,3,2,48,0,38,14,0.357,3.43,0.21,35.7,16,0,0,0,6.3,0,0,0,0,0,2,0,0,5,0,0,8,0.125,12.5,1,-1,0
2026,31,Tyquan Thornton,KC,WR,1,2,IND,96.7741935483871,100,30,0.167,2.87,0.13,23.3,35,6.8,8.5,13.3,10,0,16.7,4,4,86,0,83,11,0.545,3.27,0.18,45.5,19,-0.053,2.63,0.11,10.5,0,0,0,0,0,7,0,0,7,-0.143,14.3,3,0,0,2,0,50
2026,32,Emeka Egbuka,TB,WR,1,2,CLV,96.7741935483871,100,30,0.2,0.53,0.17,30,28.1,8.8,14.7,30,0,0,10,5,3,16,1,81,19,0.263,0.84,0.26,42.1,10,0.1,0,0,10,1,0,0,0,0,2,0,0,7,0.143,14.3,1,0,0,0,0,0
2026,33,Kalif Raymond,CHI,WR,1,2,MIN,96.66666666666667,100,29,-0.034,1.38,0.17,0,0,7.4,14.3,0,0,0,3.4,5,5,40,0,6,2,-0.5,0,0,0,23,0,1.39,0.17,0,4,0,2,0.25,0,8,0,0,8,0,0,1,0,0,6,0,0
2026,34,Isaiah Likely,NYG,TE,1,2,LA,100,100,29,0.069,1.14,0.31,13.8,20,5.5,28.1,6.9,6.9,0,13.8,9,5,33,0,46,13,0.077,0.77,0.31,23.1,16,0.063,1.44,0.31,6.3,0,0,0,0,0,2,0,0,3,0,0,9,0.111,11.1,2,0,0
2026,35,Cade Otton,TB,TE,1,2,CLV,96.66666666666667,100,29,0.138,1.31,0.21,20.7,18.8,3.6,17.6,20.7,0,0,6.9,6,5,38,0,39,20,0.2,1.45,0.25,30,9,0,1,0.11,0,0,0,0,0,0,1,0,0,7,0,0,1,0,0,0,0,0
2026,36,Makai Lemon,PHI,WR,1,2,TEN,93.54838709677419,100,29,0,0.48,0.03,3.4,6.7,4.5,2.7,0,3.4,0,6.9,1,1,14,0,14,5,-0.4,0,0,0,23,0.087,0.61,0.04,4.3,1,0,0,0,0,4,0,0,4,0,0,8,0,0,7,0.286,14.3
2026,37,Jakobi Meyers,JAX,WR,1,2,DEN,100,100,28,0.107,1,0.04,21.4,40,10.9,3.4,17.9,3.6,0,14.3,1,1,28,0,19,12,-0.083,0,0,25,15,0.267,1.87,0.07,20,1,0,0,0,0,3,0,0,2,1,50,3,0.333,33.3,7,0.143,14.3
2026,38,Jared Wayne,HST,WR,1,2,CIN,90.32258064516128,100,28,0,1.18,0.25,14.3,13.8,8.4,12.5,14.3,0,0,14.3,7,2,33,0,102,7,0.143,2.57,0.43,42.9,19,0,0.79,0.21,5.3,2,-0.5,0,0,0,4,0,0,9,0,11.1,2,0,0,4,0,0
2026,39,Malik Nabers,NYG,WR,1,2,LA,100,100,28,-0.143,0.04,0.14,7.1,10,3,12.5,7.1,0,0,21.4,4,1,1,0,83,13,-0.385,0,0.08,0,15,0.067,0.07,0.2,13.3,0,0,0,0,0,2,0,0,4,0.25,25,8,0.125,12.5,1,-1,0
2026,40,Ryan Flournoy,DAL,WR,1,2,WAS,100,100,28,0,0.82,0.21,3.6,7.1,3.6,19.4,3.6,0,0,3.6,6,5,23,0,9,3,0,0,0.33,0,21,0,1.1,0.24,4.8,4,0,0,0,0,8,0,0,2,0,0,8,-0.125,0,3,0.333,33.3
2026,41,Parker Washington,JAX,WR,1,2,DEN,100,100,27,0,3.63,0.44,14.8,26.7,9.5,41.4,14.8,0,0,14.8,12,7,98,0,163,13,0.077,3.46,0.46,30.8,13,-0.077,4.08,0.46,0,1,0,0,0,0,3,-0.333,0,2,0,0,3,0,0,5,0,0
2026,42,Josh Downs,IND,WR,1,2,KC,96.42857142857143,100,27,0.296,2.67,0.33,25.9,33.3,6.7,29,14.8,11.1,0,7.4,9,7,72,0,59,12,0.417,3.17,0.5,41.7,15,0.2,2.27,0.2,13.3,0,0,0,0,0,2,0,0,8,0.375,25,3,0,0,2,0,0
2026,43,Marvin Harrison,ARZ,WR,1,2,SEA,100,0,27,-0.185,0,0,0,0,9.6,0,0,0,0,18.5,0,0,0,0,0,1,0,0,0,0,25,-0.2,0,0,0,1,0,0,0,0,6,0,0,9,-0.111,0,3,-1,0,7,-0.143,0
2026,44,Denzel Boston,CLV,WR,1,2,TB,100,100,27,0.185,3.52,0.26,22.2,42.9,8.5,23.3,14.8,7.4,0,11.1,7,5,95,1,63,10,0.3,0.9,0.3,40,17,0.118,5.06,0.24,11.8,0,0,0,0,0,4,0,0,9,0,11.1,4,0.5,25,0,0,0
2026,45,Courtland Sutton,DEN,WR,1,2,JAX,100,100,26,0.038,0.96,0.15,7.7,22.2,7.3,12.9,7.7,0,0,3.8,4,3,25,0,32,6,0,0,0.17,16.7,18,0.056,1.39,0.17,5.6,2,0,0,0,0,1,0,0,8,0.125,12.5,5,0,0,4,0,0
2026,46,CeeDee Lamb,DAL,WR,1,2,WAS,92.85714285714286,100,26,0.308,5.88,0.35,23.1,42.9,4.9,29,11.5,7.7,3.8,7.7,9,8,153,2,132,3,0,3.33,0.33,33.3,19,0.316,7.37,0.37,21.1,4,0.5,0.75,0.25,25,8,0.125,12.5,1,0,0,6,0.333,16.7,4,0.75,50
2026,47,George Pickens,DAL,WR,1,2,WAS,96.29629629629629,100,26,0.115,1.54,0.31,15.4,28.6,7.7,25.8,15.4,0,0,3.8,8,6,40,0,73,3,0.333,1,0.67,33.3,21,0.048,1.76,0.24,9.5,2,0.5,0,0.5,50,7,0.143,14.3,2,0,0,8,0.125,12.5,4,-0.25,0
2026,48,Christian Watson,GB,WR,1,2,NYJ,100,100,26,0.231,1.58,0.38,19.2,62.5,4.2,34.5,15.4,3.8,0,0,10,4,41,1,96,8,0.5,1,0.63,50,17,0.118,1.94,0.29,5.9,1,0,0,0,0,12,0.167,8.3,4,0,0,1,0,0,0,0,0
2026,49,Dontayvion Wicks,PHI,WR,1,2,TEN,96.29629629629629,100,26,0.154,2.85,0.23,11.5,20,10.3,16.2,3.8,7.7,0,3.8,6,5,74,0,70,4,0.5,5,0.25,50,21,0.095,2.57,0.24,4.8,1,0,0,0,0,5,0,0,3,0,0,7,0.286,14.3,6,0,0
2026,50,Colston Loveland,CHI,TE,1,2,MIN,100,100,26,0,0.12,0.08,3.8,14.3,5.8,5.7,3.8,0,0,3.8,2,1,3,0,16,2,0,0,0,50,20,0,0.15,0.05,0,4,0,0,0.25,0,5,0,0,7,0,0,2,0,0,6,0,0
2026,51,Matthew Golden,GB,WR,1,2,NYJ,100,100,26,0.115,2.23,0.23,11.5,37.5,4.8,20.7,3.8,7.7,0,7.7,6,4,58,0,78,8,0.5,2.25,0.25,37.5,17,-0.059,2.35,0.24,0,1,0,0,0,0,11,-0.091,0,4,0,0,2,0,0,0,0,0
2026,52,Luther Burden,CHI,WR,1,2,MIN,96.29629629629629,100,26,0.038,1.23,0.27,7.7,28.6,9.4,20,7.7,0,0,3.8,7,3,32,0,80,2,0.5,0,0.5,50,20,0.05,1.6,0.3,5,4,-0.25,0,0,0,3,0,0,13,0.077,7.7,1,0,0,3,0,0
2026,53,Malachi Fields,NYG,WR,1,2,LA,100,100,26,0.077,1.15,0.23,15.4,20,5.9,18.8,11.5,3.8,0,11.5,6,2,30,0,132,10,0.3,1.4,0.2,30,16,-0.062,1,0.25,6.3,0,0,0,0,0,2,0,0,4,0,0,9,-0.111,11.1,1,0,0
2026,54,Bryce Lance,NO,WR,1,2,BLT,96.29629629629629,100,26,0.038,0.31,0.04,7.7,28.6,7.7,2.9,7.7,0,0,3.8,1,1,8,0,8,6,0,0,0,16.7,20,0.05,0.4,0.05,5,0,0,0,0,0,8,0,0,5,0,0,6,0,0,1,1,100
2026,55,KC Concepcion,CLV,WR,1,2,TB,100,100,26,0.192,1.08,0.23,15.4,28.6,7.1,20,7.7,7.7,0,3.8,6,6,28,0,9,9,0.444,1.44,0.44,33.3,17,0.059,0.88,0.12,5.9,0,0,0,0,0,5,0.4,20,9,0,0,3,-0.333,0,0,0,0
2026,56,Mark Andrews,BLT,TE,1,2,NO,100,100,25,0.2,1.96,0.28,20,27.8,6.9,22.6,20,0,0,0,7,6,49,0,45,4,0.75,3,0.75,75,21,0.095,1.76,0.19,9.5,0,0,0,0,0,0,0,0,16,0,0,2,0,0,3,0.667,66.7
2026,57,Pat Freiermuth,PIT,TE,1,2,NE,96.15384615384616,100,25,-0.04,1.28,0.2,8,18.2,4,12.5,8,0,0,12,5,4,32,0,45,15,0,1.53,0.2,13.3,10,-0.1,0.9,0.2,0,0,0,0,0,0,3,-0.333,0,3,0,0,3,0,0,1,0,0
2026,58,Brenton Strange,JAX,TE,1,2,DEN,100,100,25,0,0.68,0.08,4,6.7,5.4,6.9,4,0,0,4,2,2,17,0,17,13,0.077,1.08,0.08,7.7,11,-0.091,0.27,0.09,0,1,0,0,0,0,2,0,0,2,0,0,3,0,0,4,-0.25,0
2026,59,Keon Coleman,BUF,WR,1,2,DET,96.15384615384616,100,25,0.08,2.52,0.24,16,40,9.6,19.4,16,0,0,8,6,6,63,0,46,3,0,1.33,0.33,0,22,0.091,2.68,0.23,18.2,0,0,0,0,0,5,0.2,20,12,-0.083,8.3,2,0.5,50,3,0.333,33.3
2026,60,Tyler Warren,IND,TE,1,2,KC,100,100,25,-0.12,0.84,0.28,4,4.8,3.2,22.6,4,0,0,16,7,6,21,1,-7,13,-0.154,0.46,0.31,7.7,12,-0.083,1.25,0.25,0,0,0,0,0,0,2,0,0,6,-0.167,0,2,0,0,2,0,0
2026,61,Harold Fannin,CLV,TE,1,2,TB,96.15384615384616,100,25,0.12,2.16,0.24,12,21.4,4.7,20,12,0,0,0,6,5,54,0,24,9,0.333,0,0,33.3,16,0,3.38,0.38,0,0,0,0,0,0,4,0,0,9,0,0,3,0,0,0,0,0
2026,62,Laquon Treadwell,IND,WR,1,2,KC,100,100,24,0.167,2.54,0.13,29.2,33.3,4.6,9.7,25,4.2,0,16.7,3,3,61,0,54,12,0.333,0.25,0.08,50,12,0,4.83,0.17,8.3,0,0,0,0,0,2,-0.5,0,5,0.2,20,3,0,0,2,0,0
2026,63,Dyami Brown,WAS,WR,1,2,DAL,100,100,24,0.042,0.88,0.25,12.5,15.8,9.7,17.1,12.5,0,0,8.3,6,4,21,0,54,4,-0.25,4.5,0.5,25,19,0.105,0.16,0.21,10.5,1,0,0,0,0,0,0,0,7,0,0,5,0.2,20,7,0.143,14.3
2026,64,Dalton Kincaid,BUF,TE,1,2,DET,96,100,24,0.042,3.96,0.33,8.3,20,5.3,25.8,8.3,0,0,4.2,8,7,95,1,76,2,0,0,0,0,21,0.048,4.52,0.38,9.5,1,0,0,0,0,3,0.333,33.3,14,-0.071,0,2,0.5,50,2,0,0
2026,65,Tucker Kraft,GB,TE,1,2,NYJ,100,100,24,-0.083,0.63,0.13,0,0,2.6,10.3,0,0,0,8.3,3,2,15,0,9,7,-0.286,0,0,0,16,0,0.94,0.19,0,1,0,0,0,0,11,0,0,3,0,0,2,0,0,0,0,0
2026,66,Michael Mayer,LV,TE,1,2,LAC,100,100,24,0.083,0.96,0.17,8.3,25,3.6,13.8,8.3,0,0,0,4,3,23,0,16,4,0.25,0,0,25,18,0.056,1.28,0.22,5.6,2,0,0,0,0,5,0,0,7,0.143,14.3,2,0,0,4,0,0
2026,67,Xavier Legette,CAR,WR,1,2,ATL,100,100,24,0,2.67,0.13,16.7,18.2,7.8,8.3,12.5,4.2,0,20.8,3,2,64,0,80,6,-0.5,0,0,0,17,0.235,3.76,0.18,23.5,1,-1,0,0,0,2,0.5,50,12,0.25,25,3,0,0,0,0,0
2026,68,Davante Adams,LA,WR,1,2,NYG,95.83333333333334,100,23,0.304,8.48,0.43,21.7,38.5,9.2,32.3,8.7,8.7,4.3,8.7,10,8,195,2,199,6,0.5,9,0.5,33.3,15,0.267,9.4,0.47,20,2,0,0,0,0,2,0,0,9,0,11.1,1,0,0,3,1.333,66.7
2026,69,Kendrick Bourne,ARZ,WR,1,2,SEA,100,100,23,0.087,0.48,0.13,8.7,22.2,7.1,10.7,8.7,0,0,0,3,2,11,0,7,1,0,8,1,0,21,0.095,0.14,0.1,9.5,1,0,0,0,0,6,0,0,8,0.125,12.5,3,0.333,33.3,4,0,0
2026,70,Justin Jefferson,MIN,WR,1,2,CHI,100,100,23,0.087,2.39,0.26,26.1,60,9.1,30,21.7,4.3,0,21.7,6,3,55,0,98,10,-0.1,3,0.1,20,13,0.231,1.92,0.38,30.8,0,0,0,0,0,2,-0.5,0,8,0.625,50,2,-0.5,0,1,0,0
2026,71,Jerry Jeudy,CLV,WR,1,2,TB,100,100,23,-0.043,0,0.04,4.3,7.1,8.5,3.3,4.3,0,0,8.7,1,0,0,0,10,9,-0.111,0,0,11.1,14,0,0,0.07,0,0,0,0,0,0,4,0,0,7,0,0,3,0,0,0,0,0
2026,72,Trey McBride,ARZ,TE,1,2,SEA,100,100,23,0.13,1.78,0.43,13,33.3,4.8,35.7,13,0,0,0,10,8,41,1,48,1,0,0,0,0,21,0.095,1.86,0.43,9.5,1,1,2,1,100,4,0,0,7,0.286,28.6,3,0,0,7,0,0
2026,73,Darren Waller,CAR,TE,1,2,ATL,100,100,22,0.182,1.5,0.14,27.3,27.3,5.9,8.3,27.3,0,0,9.1,3,3,33,2,30,5,0.2,1.4,0.2,40,13,0.308,2,0.15,30.8,4,-0.25,0,0,0,1,0,0,10,0.4,40,2,0,0,0,0,0
2026,74,Tee Higgins,CIN,WR,1,2,HST,88,100,22,-0.136,4.32,0.45,0,0,8.3,32.3,0,0,0,13.6,10,5,95,0,92,1,-1,46,2,0,21,-0.095,2.33,0.38,0,0,0,0,0,0,3,0,0,11,-0.091,0,3,-0.333,0,4,0,0
2026,75,Quentin Johnston,LAC,WR,1,2,LV,95.65217391304348,100,22,-0.136,0.32,0.18,0,0,6.9,14.8,0,0,0,13.6,4,1,7,0,33,3,-0.333,0,0,0,19,-0.105,0.37,0.21,0,0,0,0,0,0,1,0,0,9,0,0,4,-0.5,0,5,0,0
2026,76,Brian Thomas,JAX,WR,1,2,DEN,100,100,22,-0.045,1.82,0.32,13.6,20,10.6,24.1,13.6,0,0,18.2,7,3,40,0,93,8,-0.125,0,0.38,25,13,0,3.08,0.31,7.7,1,0,0,0,0,3,0,0,2,0.5,50,2,0,0,6,-0.167,0
2026,77,Antonio Williams,WAS,WR,1,2,DAL,95.65217391304348,100,22,0.091,1.09,0.14,9.1,10.5,6.1,8.6,9.1,0,0,0,3,3,24,0,16,4,0,0,0,0,17,0.118,1.41,0.18,11.8,1,0,0,0,0,0,0,0,10,0.1,10,4,0.25,25,3,0,0
2026,78,Ted Hurst,TB,WR,1,2,CLV,100,100,22,0.091,1.23,0.32,27.3,18.8,9,20.6,27.3,0,0,18.2,7,2,27,0,153,16,0.063,0.38,0.25,31.3,6,0.167,3.5,0.5,16.7,0,0,0,0,0,2,0,0,3,0,0,1,1,100,0,0,0
2026,79,Stefon Diggs,WAS,WR,1,2,DAL,95.45454545454545,100,21,-0.095,2.24,0.29,9.5,10.5,10.6,17.1,9.5,0,0,19,6,5,47,2,78,5,-0.2,1.8,0.6,0,15,0,2.53,0.2,13.3,1,-1,0,0,0,0,0,0,7,-0.143,14.3,5,0.2,20,3,0,0
2026,80,Hunter Henry,NE,TE,1,2,PIT,100,100,21,0.19,1.9,0.19,9.5,22.2,4.8,18.2,0,9.5,0,0,4,3,40,0,45,6,0.333,4.83,0.17,16.7,13,0,0.85,0.23,0,2,1,0,0,50,6,0,0,3,0,0,4,0,0,0,0,0
2026,81,Juwan Johnson,NO,TE,1,2,BLT,95.45454545454545,100,21,-0.143,3.14,0.19,0,0,3,11.8,0,0,0,14.3,4,4,66,0,11,6,-0.167,5.17,0.33,0,15,-0.133,2.33,0.13,0,0,0,0,0,0,5,0,0,5,0,0,4,-0.5,0,1,0,0
2026,82,Jaylen Waddle,DEN,WR,1,2,JAX,95.45454545454545,100,21,0.286,6.57,0.48,19,44.4,6.2,32.3,9.5,9.5,0,0,10,8,138,0,147,5,0.2,7.4,0.6,20,16,0.313,6.31,0.44,18.8,0,0,0,0,0,0,0,0,8,0.5,25,5,0.2,20,3,0,0
2026,83,Drake London,ATL,WR,1,2,CAR,100,100,21,0.095,2.43,0.24,19,40,7.1,15.6,19,0,0,9.5,5,4,51,0,11,4,-0.5,0,0,0,17,0.235,3,0.29,23.5,0,0,0,0,0,0,0,0,11,0.364,36.4,3,0,0,3,0,0
2026,84,Jordan Addison,MIN,WR,1,2,CHI,100,100,21,-0.143,1,0.24,9.5,20,8.3,25,4.8,4.8,0,28.6,5,2,21,0,41,8,-0.125,2.63,0.5,25,13,-0.154,0,0.08,0,0,0,0,0,0,2,0,0,8,-0.25,0,2,0,0,1,0,0
2026,85,Malik Washington,MIA,WR,1,2,SF,100,100,21,0.095,2.05,0.24,14.3,30,7.2,21.7,14.3,0,0,4.8,5,4,43,0,25,0,0,0,0,0,21,0.095,2.05,0.24,14.3,0,0,0,0,0,5,0,0,14,0.143,21.4,2,0,0,0,0,0
2026,86,Ladd McConkey,LAC,WR,1,2,LV,100,100,21,-0.048,1.67,0.14,9.5,28.6,7.2,11.1,9.5,0,0,9.5,3,3,35,0,34,3,0,4,0.33,33.3,18,-0.056,1.28,0.11,5.6,0,0,0,0,0,2,0.5,50,7,0,0,3,0,0,6,-0.333,0
2026,87,Pat Bryant,DEN,WR,1,2,JAX,100,100,21,0,0,0.05,4.8,11.1,9.8,3.2,4.8,0,0,4.8,1,0,0,0,5,7,0.143,0,0.14,14.3,13,-0.077,0,0,0,1,0,0,0,0,1,0,0,8,-0.125,0,2,0,0,2,0,0
2026,88,Tre Harris,LAC,WR,1,2,LV,95.45454545454545,100,21,0.095,2.52,0.14,4.8,14.3,10.2,11.1,0,4.8,0,0,3,1,53,0,56,4,0,0,0,0,17,0.118,3.12,0.18,5.9,0,0,0,0,0,2,0,0,6,0,0,4,0.5,25,5,0,0
2026,89,Terrance Ferguson,LA,TE,1,2,NYG,95.45454545454545,100,21,0.143,2.57,0.43,14.3,23.1,5.8,29,14.3,0,0,0,9,6,54,1,60,4,0.5,0,0.75,50,15,0.067,3.27,0.33,6.7,2,0,2.5,0.5,0,2,0,0,9,0.111,11.1,1,0,0,3,0,0
2026,90,Mack Hollins,NE,WR,1,2,PIT,100,100,20,-0.05,0.9,0.1,0,0,9.3,9.1,0,0,0,5,2,2,18,0,11,4,0,0,0,0,14,-0.071,1.29,0.14,0,2,0,0,0,0,7,-0.143,0,4,0,0,3,0,0,0,0,0
2026,91,Deebo Samuel,SF,WR,1,2,MIA,100,100,20,0.05,1.55,0.2,10,15.4,3.4,18.2,10,0,0,5,4,3,31,0,19,5,0.4,0,0,40,14,-0.071,2.21,0.29,0,1,0,0,0,0,4,0,0,7,-0.143,0,2,0,0,1,0,0
2026,92,Khalil Shakir,BUF,WR,1,2,DET,100,100,20,0,1.9,0.3,0,0,4.8,19.4,0,0,0,0,6,3,38,0,56,1,0,0,0,0,19,0,2,0.32,0,0,0,0,0,0,3,0,0,13,0,0,1,0,0,2,0,0
2026,93,Jaxon Smith-Njigba,SEA,WR,1,2,ARZ,90.9090909090909,100,20,0.25,7.75,0.55,30,50,10.2,42.3,20,10,0,15,11,9,155,3,129,3,1.667,5.33,1,100,16,-0.062,7.94,0.44,12.5,1,1,12,1,100,3,0,0,5,0,0,2,-0.5,0,6,0,33.3
2026,94,Tre Tucker,LV,WR,1,2,LAC,95.23809523809523,100,20,0.15,5.95,0.35,15,37.5,7.5,24.1,10,5,0,5,7,5,119,1,136,2,1,4.5,0.5,50,16,0.063,6.88,0.38,12.5,2,0,0,0,0,3,0,0,8,0,12.5,3,0,0,2,0.5,50
2026,95,Andrei Iosivas,CIN,WR,1,2,HST,95.23809523809523,100,20,-0.05,0.35,0.05,0,0,5.2,3.2,0,0,0,5,1,1,7,0,6,1,-1,0,0,0,19,0,0.37,0.05,0,0,0,0,0,0,4,0,0,9,0,0,4,0,0,2,0,0
2026,96,LaJohntay Wester,BLT,WR,1,2,NO,100,100,20,-0.05,0.7,0.1,10,11.1,7.1,6.5,10,0,0,15,2,1,14,0,10,3,-0.333,0,0,33.3,17,0,0.82,0.12,5.9,0,0,0,0,0,0,0,0,15,0,6.7,1,0,0,1,0,0
2026,97,Caleb Douglas,MIA,WR,1,2,SF,100,100,20,0,0.95,0.15,15,30,9.2,13,10,5,0,20,3,2,19,0,15,0,0,0,0,0,20,0,0.95,0.15,15,0,0,0,0,0,5,0,0,14,0,21.4,1,0,0,0,0,0
2026,98,Keenan Allen,IND,WR,1,2,KC,100,100,19,0.158,0.26,0.26,21.1,19,6.2,16.1,10.5,5.3,5.3,21.1,5,1,5,0,34,9,0.222,0,0.44,22.2,10,0.1,0.5,0.1,20,0,0,0,0,0,1,0,0,5,0.4,40,2,-0.5,0,2,0,0
2026,99,Olamide Zaccheaus,ATL,WR,1,2,CAR,100,100,19,0.053,0.16,0.16,10.5,20,4.7,9.4,10.5,0,0,5.3,3,1,3,0,7,5,0,0,0,20,14,0.071,0.21,0.21,7.1,0,0,0,0,0,0,0,0,10,0.1,10,2,0,0,2,0,0
2026,100,Rashid Shaheed,SEA,WR,1,2,ARZ,90.47619047619048,100,19,0.053,1.84,0.32,10.5,16.7,9.6,23.1,10.5,0,0,5.3,6,3,35,0,68,3,0,0,0,33.3,15,0.067,2.33,0.4,6.7,1,0,0,0,0,4,0,0,4,0,0,2,0,0,5,0.2,20
2026,101,Romeo Doubs,NE,WR,1,2,PIT,95,100,19,0.263,5.05,0.21,21.1,44.4,6.4,18.2,15.8,5.3,0,0,4,3,96,0,75,5,0.6,0,0.2,60,12,0.167,8,0.25,8.3,2,0,0,0,0,4,0.5,25,4,0,0,4,0,0,0,0,0
2026,102,Konata Mumpfield,LA,WR,1,2,NYG,95,100,19,0.105,0.63,0.11,10.5,15.4,9.7,6.5,5.3,5.3,0,5.3,2,1,12,0,23,5,0.6,0,0,40,13,-0.077,0.92,0.15,0,1,0,0,0,0,1,0,0,10,-0.1,0,0,0,0,2,0,0
2026,103,Mason Taylor,NYJ,TE,1,2,GB,95,0,19,-0.053,0,0,0,0,6.7,0,0,0,0,5.3,0,0,0,0,0,1,0,0,0,0,18,-0.056,0,0,0,0,0,0,0,0,3,0,0,5,0,0,9,0,0,1,-1,0
2026,104,Mike Evans,SF,WR,1,2,MIA,100,100,18,0.056,3,0.17,16.7,23.1,9.3,13.6,16.7,0,0,11.1,3,3,54,0,40,4,0.25,0,0,50,13,0,4.15,0.23,7.7,1,0,0,0,0,2,0,0,7,0,14.3,2,0,0,2,0,0
2026,105,Austin Hooper,ATL,TE,1,2,CAR,100,100,18,0,1.11,0.22,5.6,10,5.1,12.5,5.6,0,0,5.6,4,2,20,0,12,2,0.5,0,0.5,50,16,-0.062,1.25,0.19,0,0,0,0,0,0,0,0,0,13,-0.077,0,0,0,0,3,0,0
2026,106,Chris Moore,BLT,WR,1,2,NO,100,100,18,0.111,0.33,0.17,22.2,22.2,8.1,9.7,22.2,0,0,11.1,3,1,6,0,95,4,0,0,0,25,14,0.143,0.43,0.21,21.4,0,0,0,0,0,0,0,0,13,0.154,23.1,0,0,0,1,0,0
2026,107,Jalen Nailor,LV,WR,1,2,LAC,100,100,18,0,0.5,0.17,5.6,12.5,10.5,10.3,5.6,0,0,5.6,3,1,9,0,32,3,0.333,0,0,33.3,14,-0.071,0.64,0.14,0,1,0,0,1,0,4,0,0,6,0,0,1,0,0,3,-0.333,0
2026,108,Jake Ferguson,DAL,TE,1,2,WAS,90,100,18,0,2.39,0.22,5.6,7.1,4.9,12.9,5.6,0,0,5.6,4,4,43,2,34,3,0,0,0,0,12,0,1.75,0.17,8.3,3,0,7.33,0.67,0,3,0,0,1,0,0,6,-0.167,0,2,0.5,50
2026,109,DeMario Douglas,NE,WR,1,2,PIT,100,100,18,0,0.5,0.06,11.1,22.2,7.9,4.5,5.6,5.6,0,16.7,1,1,9,0,5,6,0.333,1.5,0.17,33.3,10,0,0,0,0,2,-1,0,0,0,5,0,0,3,0,0,2,0,0,0,0,0
2026,110,AJ Barner,SEA,TE,1,2,ARZ,100,100,18,0.111,0.44,0.06,11.1,16.7,4,3.8,11.1,0,0,0,1,1,8,0,8,2,0,0,0,0,16,0.125,0.5,0.06,12.5,0,0,0,0,0,3,0,0,5,0.4,40,2,0,0,6,0,0
2026,111,T.J. Hockenson,MIN,TE,1,2,CHI,94.44444444444444,100,17,0,1.71,0.24,5.9,10,4.1,20,0,5.9,0,11.8,4,3,29,0,30,6,0.333,3.17,0.17,16.7,11,-0.182,0.91,0.27,0,0,0,0,0,0,2,-0.5,0,7,-0.143,0,1,0,0,1,0,0
2026,112,Chris Blair,ATL,WR,1,2,CAR,100,100,17,0.059,0.35,0.18,5.9,10,9.4,9.4,0,5.9,0,5.9,3,1,6,0,23,2,1,0,0,50,15,-0.067,0.4,0.2,0,0,0,0,0,0,0,0,0,11,-0.091,0,1,0,0,3,0,0
2026,113,Tommy Tremble,CAR,TE,1,2,ATL,100,100,17,0.118,0.24,0.12,11.8,9.1,2.5,5.6,5.9,5.9,0,5.9,2,1,4,0,17,5,-0.2,0.8,0.2,0,11,0.273,0,0.09,18.2,1,0,0,0,0,4,0,0,4,0.5,25,3,0.333,33.3,0,0,0
2026,114,Ben Sinnott,WAS,TE,1,2,DAL,100,100,17,0.059,0.35,0.06,5.9,5.3,5.9,2.9,5.9,0,0,0,1,1,6,0,3,3,0,0,0,0,14,0.071,0.43,0.07,7.1,0,0,0,0,0,0,0,0,7,0.143,14.3,3,0,0,4,0,0
2026,115,Gunnar Helm,TEN,TE,1,2,PHI,100,100,17,-0.059,0.76,0.12,0,0,4.9,10,0,0,0,5.9,2,2,13,0,0,3,-0.333,0,0,0,14,0,0.93,0.14,0,0,0,0,0,0,0,0,0,8,0,0,1,0,0,5,0,0
2026,116,Jack Bech,LV,WR,1,2,LAC,94.44444444444444,100,17,-0.059,1.47,0.12,0,0,6.4,6.9,0,0,0,5.9,2,2,25,0,18,4,-0.25,1.25,0.25,0,12,0,1.67,0.08,0,1,0,0,0,0,3,0,0,5,0,0,2,0,0,2,0,0
2026,117,Kenyon Sadiq,NYJ,TE,1,2,GB,94.44444444444444,100,17,0.059,1,0.12,5.9,10,5.6,4.9,5.9,0,0,0,2,2,17,0,1,3,0,0,0,0,14,0.071,1.21,0.14,7.1,0,0,0,0,0,1,1,100,3,0,0,6,0,0,4,0,0
2026,118,Mike Gesicki,CIN,TE,1,2,HST,88.88888888888889,0,16,0,0,0,6.3,33.3,5.6,0,6.3,0,0,6.3,0,0,0,0,0,2,0,0,0,50,14,0,0,0,0,0,0,0,0,0,3,0,0,5,0,0,4,0,0,2,0,0
2026,119,Dawson Knox,BUF,TE,1,2,DET,100,100,16,0.125,0.31,0.13,12.5,20,5.2,6.5,12.5,0,0,0,2,2,5,1,3,1,0,0,0,0,14,0.143,0.29,0.07,14.3,1,0,1,1,0,4,0.25,25,8,0.125,12.5,1,0,0,1,0,0
2026,120,Kyle Pitts,ATL,TE,1,2,CAR,94.11764705882352,100,16,-0.25,0.94,0.19,0,0,6.8,9.4,0,0,0,25,3,1,15,0,25,4,-1,0,0.25,0,12,0,1.25,0.17,0,0,0,0,0,0,0,0,0,9,0,0,2,0,0,1,0,0
2026,121,Skyy Moore,GB,WR,1,2,NYJ,100,100,16,-0.062,0.38,0.19,0,0,3.4,10.3,0,0,0,6.3,3,2,6,0,43,6,-0.167,0,0,0,9,0,0.67,0.33,0,1,0,0,0,0,6,0,0,2,0,0,1,0,0,0,0,0
2026,122,Colson Yankoff,WAS,TE,1,2,DAL,100,100,16,0,0.88,0.06,6.3,5.3,6.1,2.9,6.3,0,0,6.3,1,1,14,0,4,5,0,0,0,0,11,0,1.27,0.09,9.1,0,0,0,0,0,0,0,0,6,-0.167,0,2,0,0,3,0.333,33.3
2026,123,Tez Johnson,TB,WR,1,2,CLV,100,100,16,0,3.06,0.25,18.8,9.4,10.4,11.8,12.5,6.3,0,25,4,1,49,0,143,10,-0.1,0,0.1,10,6,0.167,8.17,0.5,33.3,0,0,0,0,0,0,0,0,5,0,20,1,1,100,0,0,0
2026,124,Myles Price,MIN,WR,1,2,CHI,100,100,16,-0.062,0,0.06,6.3,10,4.1,5,6.3,0,0,12.5,1,0,0,0,2,4,0,0,0,0,12,-0.083,0,0.08,8.3,0,0,0,0,0,1,-1,0,8,0.125,12.5,2,0,0,1,-1,0
2026,125,Johnny Mundt,PHI,TE,1,2,TEN,93.75,100,15,-0.067,0.53,0.2,0,0,4.7,8.1,0,0,0,6.7,3,2,8,0,7,4,-0.25,0,0,0,11,0,0.73,0.27,0,0,0,0,0,0,0,0,0,3,0,0,6,0,0,2,0,0
2026,126,Xavier Smith,LA,WR,1,2,NYG,93.75,100,15,0.067,0,0.07,6.7,7.7,6.9,3.2,0,6.7,0,6.7,1,0,0,0,0,3,0,0,0,0,10,0.1,0,0,10,2,0,0,0.5,0,1,0,0,8,-0.125,0,0,0,0,1,2,100
2026,127,Carnell Tate,TEN,WR,1,2,PHI,83.33333333333334,100,15,-0.133,1.8,0.33,0,0,4.9,25,0,0,0,13.3,5,3,27,0,51,1,0,6,1,0,14,-0.143,0.43,0.21,0,0,0,0,0,0,0,0,0,10,-0.1,0,0,0,0,4,-0.25,0
2026,128,Greg Dulcich,MIA,TE,1,2,SF,100,100,14,-0.071,1.21,0.21,0,0,5.5,13,0,0,0,7.1,3,2,17,0,10,0,0,0,0,0,14,-0.071,1.21,0.21,0,0,0,0,0,0,3,0,0,9,-0.111,0,1,0,0,1,0,0
2026,129,Devontez Walker,BLT,WR,1,2,NO,100,100,14,-0.214,3.36,0.14,7.1,5.6,11.4,6.5,7.1,0,0,28.6,2,1,47,0,58,2,0,0,0,0,12,-0.25,3.92,0.17,8.3,0,0,0,0,0,0,0,0,10,-0.3,10,1,0,0,1,0,0
2026,130,Cole Kmet,CHI,TE,1,2,MIN,92.85714285714286,100,13,0,0,0.08,0,0,1.4,2.9,0,0,0,0,1,0,0,0,9,0,0,0,0,0,9,0,0,0.11,0,4,0,0,0,0,4,0,0,3,0,0,0,0,0,2,0,0
2026,131,Noah Gray,KC,TE,1,2,IND,100,100,13,0.308,0,0.08,15.4,10,7.5,2.1,7.7,0,7.7,0,1,0,0,0,16,2,0,0,0,0,11,0.364,0,0.09,18.2,0,0,0,0,0,4,0,0,4,0.75,25,1,0,0,2,0.5,50
2026,132,Josh Palmer,BUF,WR,1,2,DET,92.85714285714286,100,13,0.077,3.31,0.23,15.4,20,9.2,9.7,15.4,0,0,7.7,3,1,43,1,38,0,0,0,0,0,13,0.077,3.31,0.23,15.4,0,0,0,0,0,1,0,0,9,-0.111,0,2,0.5,50,1,1,100
2026,133,Oronde Gadsden,LAC,TE,1,2,LV,92.85714285714286,100,13,0.154,1.38,0.15,7.7,14.3,4.5,7.4,0,7.7,0,0,2,2,18,1,23,3,0.667,0,0,33.3,10,0,1.8,0.2,0,0,0,0,0,0,0,0,0,6,0,0,2,0,0,2,0,0
2026,134,George Kittle,SF,TE,1,2,MIA,92.3076923076923,100,12,0.417,6.67,0.33,25,23.1,4.5,18.2,8.3,8.3,8.3,8.3,4,4,80,1,42,3,1,4,0.33,33.3,8,0.25,8.25,0.25,25,1,0,2,1,0,2,0,0,3,-0.333,0,1,0,0,2,1.5,100
2026,135,Cooper Kupp,SEA,WR,1,2,ARZ,100,100,12,-0.083,1.67,0.17,0,0,5.8,7.7,0,0,0,8.3,2,2,20,0,14,0,0,0,0,0,11,-0.091,1.82,0.18,0,1,0,0,0,0,2,0,0,4,0,0,1,0,0,4,-0.25,0
2026,136,Wan'Dale Robinson,TEN,WR,1,2,PHI,75,100,12,0,0.75,0.08,0,0,4.2,5,0,0,0,0,1,1,9,0,6,1,0,0,0,0,11,0,0.82,0.09,0,0,0,0,0,0,0,0,0,7,0,0,0,0,0,4,0,0
2026,137,Mitchell Evans,CAR,TE,1,2,ATL,100,100,12,-0.167,1.08,0.08,0,0,3.7,2.8,0,0,0,16.7,1,1,13,0,-2,3,0,0,0,0,8,-0.125,1.63,0.13,0,1,-1,0,0,0,3,0,0,3,-0.333,0,1,0,0,1,0,0
2026,138,Kevin Coleman,MIA,WR,1,2,SF,100,0,12,-0.083,0,0,0,0,7.8,0,0,0,0,8.3,0,0,0,0,0,0,0,0,0,0,12,-0.083,0,0,0,0,0,0,0,0,1,0,0,9,-0.111,0,2,0,0,0,0,0
2026,139,Evan Engram,DEN,TE,1,2,JAX,100,100,11,-0.091,1.55,0.09,9.1,11.1,4,3.2,9.1,0,0,18.2,1,1,17,0,17,4,-0.25,0,0,0,6,0,2.83,0.17,16.7,1,0,0,0,0,0,0,0,4,0,25,1,0,0,1,0,0
2026,140,Durham Smythe,BLT,TE,1,2,NO,100,100,11,-0.091,0,0.09,0,0,3.8,3.2,0,0,0,9.1,1,0,0,0,-3,1,0,0,0,0,10,-0.1,0,0.1,0,0,0,0,0,0,0,0,0,5,0,0,2,0,0,3,-0.333,0
2026,141,Drew Sample,CIN,TE,1,2,HST,91.66666666666666,0,11,0,0,0,0,0,0.6,0,0,0,0,0,0,0,0,0,0,0,0,0,0,0,11,0,0,0,0,0,0,0,0,0,1,0,0,4,0,0,4,0,0,2,0,0
2026,142,Charlie Woerner,ATL,TE,1,2,CAR,100,100,11,0,0,0.09,0,0,6.7,3.1,0,0,0,0,1,0,0,0,0,0,0,0,0,0,11,0,0,0.09,0,0,0,0,0,0,0,0,0,9,0,0,1,0,0,1,0,0
2026,143,Darnell Washington,PIT,TE,1,2,NE,100,100,11,-0.182,0.64,0.18,0,0,3.5,5,0,0,0,18.2,2,1,7,0,4,6,-0.333,1.17,0.17,0,5,0,0,0.2,0,0,0,0,0,0,2,0,0,2,0,0,1,0,0,0,0,0
2026,144,Darius Cooper,PHI,WR,1,2,TEN,91.66666666666666,100,11,0.091,2.36,0.27,9.1,6.7,10.4,8.1,9.1,0,0,0,3,2,26,1,26,1,0,3,1,0,10,0.1,2.3,0.2,10,0,0,0,0,0,1,0,0,1,1,100,4,0,0,4,0,0
2026,145,Elic Ayomanor,TEN,WR,1,2,PHI,91.66666666666666,100,11,0.455,6.27,0.27,27.3,75,9.7,15,9.1,18.2,0,0,3,2,69,0,41,2,2,0,0.5,100,9,0.111,7.67,0.22,11.1,0,0,0,0,0,0,0,0,5,0,0,1,1,100,3,0,0
2026,146,Chris Bell,MIA,WR,1,2,SF,100,100,11,0,0,0.09,27.3,30,11.7,4.3,27.3,0,0,27.3,1,0,0,0,12,0,0,0,0,0,11,0,0,0.09,27.3,0,0,0,0,0,1,0,0,8,0.125,37.5,1,-1,0,1,0,0
2026,147,Noah Fant,NO,TE,1,2,BLT,100,0,10,0,0,0,0,0,8.2,0,0,0,0,0,0,0,0,0,0,2,0,0,0,0,8,0,0,0,0,0,0,0,0,0,2,0,0,2,0,0,4,0,0,0,0,0
2026,148,Colby Parkinson,LA,TE,1,2,NYG,100,100,10,0,1.5,0.2,0,0,4.9,6.5,0,0,0,0,2,2,15,0,-3,2,0,0,0,0,6,0,2.5,0.33,0,2,0,0,0,0,1,0,0,3,0,0,1,0,0,1,0,0
2026,149,Luke Farrell,SF,TE,1,2,MIA,90.9090909090909,0,10,-0.1,0,0,0,0,4.3,0,0,0,0,10,0,0,0,0,0,2,-0.5,0,0,0,8,0,0,0,0,0,0,0,0,0,1,0,0,4,0,0,1,0,0,2,0,0
2026,150,Treylon Burks,WAS,WR,1,2,DAL,100,100,10,0.2,0,0.1,30,15.8,11.8,2.9,20,10,0,20,1,0,0,0,53,1,-1,0,0,0,9,0.333,0,0.11,33.3,0,0,0,0,0,0,0,0,5,0.4,40,1,1,100,3,0,0
2026,151,Jeremy Ruckert,NYJ,TE,1,2,GB,100,100,10,0,0.5,0.2,0,0,3.5,4.9,0,0,0,0,2,2,5,0,-10,1,0,0,0,0,9,0,0.56,0.22,0,0,0,0,0,0,3,0,0,2,0,0,3,0,0,1,0,0
2026,152,Charlie Kolar,LAC,TE,1,2,LV,100,100,10,0,2.1,0.3,0,0,1.7,11.1,0,0,0,0,3,3,21,0,10,1,0,8,1,0,9,0,1.44,0.22,0,0,0,0,0,0,2,0,0,3,0,0,1,0,0,3,0,0
2026,153,Elijah Arroyo,SEA,TE,1,2,ARZ,90.9090909090909,100,10,0.1,1.7,0.1,20,16.7,9.4,3.8,20,0,0,10,1,1,17,0,14,2,0,0,0,50,7,0.143,2.43,0.14,14.3,1,0,0,0,0,2,0,0,3,0,0,1,0,0,1,1,100
2026,154,Matthew Hibner,BLT,TE,1,2,NO,100,0,10,0,0,0,0,0,4.9,0,0,0,0,0,0,0,0,0,0,0,0,0,0,0,10,0,0,0,0,0,0,0,0,0,0,0,0,4,0,0,3,0,0,3,0,0
2026,155,Dallas Goedert,PHI,TE,1,2,TEN,90,100,9,-0.222,0.44,0.22,0,0,2,5.4,0,0,0,22.2,2,1,4,0,3,1,-1,0,0,0,6,-0.167,0.67,0.33,0,2,0,0,0,0,1,0,0,0,0,0,3,0,0,2,-0.5,0
2026,156,DJ Moore,BUF,WR,1,2,DET,100,0,9,0,0,0,0,0,12,0,0,0,0,0,0,0,0,0,0,2,0,0,0,0,7,0,0,0,0,0,0,0,0,0,1,0,0,5,0,0,0,0,0,1,0,0
2026,157,Calvin Ridley,TEN,WR,1,2,PHI,75,100,9,0.111,3.89,0.22,11.1,25,9.1,10,11.1,0,0,0,2,2,35,0,27,0,0,0,0,0,9,0.111,3.89,0.22,11.1,0,0,0,0,0,0,0,0,6,0.167,16.7,0,0,0,3,0,0
2026,158,Tutu Atwell,LA,WR,1,2,NYG,100,100,9,0.444,2.11,0.22,22.2,15.4,7.8,6.5,0,22.2,0,0,2,1,19,0,61,1,0,0,0,0,8,0.5,2.38,0.25,25,0,0,0,0,0,0,0,0,6,0.333,16.7,0,0,0,2,1,50
2026,159,Kyle Williams,NE,WR,1,2,PIT,100,100,9,-0.111,1.11,0.22,0,0,6.2,9.1,0,0,0,11.1,2,1,10,0,24,3,0,3.33,0.33,0,6,-0.167,0,0.17,0,0,0,0,0,0,4,0,0,1,-1,0,1,0,0,0,0,0
2026,160,E.J. Jenkins,PHI,TE,1,2,TEN,88.88888888888889,0,8,0,0,0,0,0,6.6,0,0,0,0,0,0,0,0,0,0,0,0,0,0,0,8,0,0,0,0,0,0,0,0,0,2,0,0,1,0,0,1,0,0,4,0,0
2026,161,Troy Franklin,DEN,WR,1,2,JAX,100,100,8,0,3.38,0.25,12.5,11.1,8.5,6.5,12.5,0,0,12.5,2,1,27,0,35,3,0.333,9,0.33,33.3,4,0,0,0,0,1,-1,0,1,0,1,0,0,1,0,0,1,0,0,1,0,0
2026,162,Will Kacmarek,MIA,TE,1,2,SF,100,100,8,0,0.5,0.13,0,0,1.4,4.3,0,0,0,0,1,1,4,0,3,0,0,0,0,0,8,0,0.5,0.13,0,0,0,0,0,0,2,0,0,5,0,0,1,0,0,0,0,0
2026,163,David Njoku,LAC,TE,1,2,LV,100,100,7,0,1.29,0.43,0,0,2.9,11.1,0,0,0,0,3,1,9,0,15,1,0,0,0,0,6,0,1.5,0.5,0,0,0,0,0,0,1,0,0,2,0,0,2,0,0,1,0,0
2026,164,Ian Thomas,LV,TE,1,2,LAC,100,100,7,0,1.57,0.14,0,0,3.6,3.4,0,0,0,0,1,1,11,0,1,0,0,0,0,0,6,0,1.83,0.17,0,1,0,0,0,0,1,0,0,4,0,0,1,0,0,0,0,0
2026,165,Luke Schoonmaker,DAL,TE,1,2,WAS,100,0,7,0,0,0,0,0,7.4,0,0,0,0,0,0,0,0,0,0,0,0,0,0,0,4,0,0,0,0,3,0,0,0,0,1,0,0,0,0,0,3,0,0,0,0,0
2026,166,Blake Whiteheart,CLV,TE,1,2,TB,87.5,100,7,-0.143,2.43,0.29,0,0,7.3,6.7,0,0,0,14.3,2,1,17,1,8,2,-0.5,8.5,0.5,0,5,0,0,0.2,0,0,0,0,0,0,1,0,0,4,0,0,0,0,0,0,0,0
2026,167,Jacob Cowing,SF,WR,1,2,MIA,100,0,7,0.143,0,0,14.3,7.7,10.7,0,0,14.3,0,14.3,0,0,0,0,0,3,0.333,0,0,33.3,3,0,0,0,0,1,0,0,0,0,1,0,0,0,0,0,1,0,0,1,0,0
2026,168,Dohnte Meyers,CIN,WR,1,2,HST,100,100,7,0,0,0.14,0,0,0.7,3.2,0,0,0,0,1,0,0,0,-4,1,0,0,0,0,6,0,0,0.17,0,0,0,0,0,0,1,0,0,3,0,0,0,0,0,2,0,0
2026,169,Lewis Bond,HST,WR,1,2,CIN,70,0,7,0.429,0,0,28.6,6.9,11.1,0,14.3,14.3,0,0,0,0,0,0,0,1,1,0,0,100,6,0.333,0,0,16.7,0,0,0,0,0,2,0,0,3,0.667,33.3,0,0,0,1,0,0
2026,170,Nate Boerkircher,JAX,TE,1,2,DEN,100,0,7,0,0,0,0,0,5.1,0,0,0,0,0,0,0,0,0,0,3,0,0,0,0,4,0,0,0,0,0,0,0,0,0,0,0,0,2,0,0,1,0,0,1,0,0
2026,171,Brenen Thompson,LAC,WR,1,2,LV,100,100,7,0.429,1.86,0.43,42.9,42.9,11.9,11.1,28.6,14.3,0,14.3,3,1,13,0,47,1,2,0,1,100,6,0.167,2.17,0.33,33.3,0,0,0,0,0,2,0.5,50,3,0,33.3,1,0,0,0,0,0
2026,172,Sam Roush,CHI,TE,1,2,MIN,100,100,7,0,1.29,0.43,0,0,3.7,8.6,0,0,0,0,3,1,9,0,16,0,0,0,0,0,6,0,1.5,0.5,0,1,0,0,0,0,2,0,0,2,0,0,2,0,0,0,0,0
2026,173,Demarcus Robinson,SF,WR,1,2,MIA,85.71428571428571,100,6,0.333,5.67,0.5,33.3,15.4,7.7,13.6,33.3,0,0,0,3,3,34,0,26,1,0,0,0,0,5,0.4,6.8,0.6,40,0,0,0,0,0,1,0,0,2,0.5,50,1,1,100,1,0,0
2026,174,KhaDarel Hodge,SF,WR,1,2,MIA,100,100,6,0.333,3,0.17,16.7,7.7,11.7,4.5,0,16.7,0,0,1,1,18,0,16,2,0,0,0,0,4,0.5,4.5,0.25,25,0,0,0,0,0,2,0,0,1,0,0,0,0,0,1,2,100
2026,175,Foster Moreau,HST,TE,1,2,CIN,85.71428571428571,100,6,0.5,5.67,0.33,16.7,3.4,5.2,3.6,0,0,16.7,0,2,2,34,0,13,1,3,0,0,100,5,0,6.8,0.4,0,0,0,0,0,0,1,0,0,1,0,0,0,0,0,3,0,0
2026,176,Marquise Brown,PHI,WR,1,2,TEN,100,0,6,0.333,0,0,16.7,6.7,4,0,0,16.7,0,0,0,0,0,0,0,0,0,0,0,0,6,0.333,0,0,16.7,0,0,0,0,0,1,0,0,1,0,0,2,0,0,2,1,50
2026,177,Adam Trautman,DEN,TE,1,2,JAX,100,0,6,0,0,0,0,0,3.7,0,0,0,0,0,0,0,0,0,0,1,0,0,0,0,5,0,0,0,0,0,0,0,0,0,0,0,0,3,0,0,1,0,0,1,0,0
2026,178,Alec Pierce,IND,WR,1,2,KC,100,100,6,0.167,1.83,0.17,33.3,9.5,6.5,3.2,16.7,16.7,0,33.3,1,1,11,0,10,3,0.333,0,0,33.3,3,0,3.67,0.33,33.3,0,0,0,0,0,0,0,0,3,0,33.3,0,0,0,0,0,0
2026,179,Nate Adkins,DEN,TE,1,2,JAX,100,100,6,0,5.33,0.5,0,0,2.7,9.7,0,0,0,0,3,3,32,1,23,0,0,0,0,0,6,0,5.33,0.5,0,0,0,0,0,0,0,0,0,4,0,0,1,0,0,1,0,0
2026,180,Davis Allen,LA,TE,1,2,NYG,100,100,6,0,1.17,0.17,0,0,4.5,3.2,0,0,0,0,1,1,7,0,2,1,0,0,0,0,4,0,1.75,0.25,0,1,0,0,0,0,0,0,0,2,0,0,1,0,0,1,0,0
2026,181,Theo Johnson,NYG,TE,1,2,LA,100,100,6,0.5,0,0.67,50,15,5.5,12.5,50,0,0,0,4,0,0,0,47,3,0.667,0,0.67,66.7,3,0.333,0,0.67,33.3,0,0,0,0,0,0,0,0,2,0,0,1,1,100,0,0,0
2026,182,Jackson Hawes,BUF,TE,1,2,DET,100,0,6,-0.167,0,0,0,0,3,0,0,0,0,16.7,0,0,0,0,0,0,0,0,0,0,5,0,0,0,0,1,-1,0,0,0,3,0,0,2,0,0,0,0,0,0,0,0
2026,183,J. Sturdivant,GB,WR,1,2,NYJ,100,0,6,0,0,0,0,0,9.5,0,0,0,0,0,0,0,0,0,0,4,0,0,0,0,2,0,0,0,0,0,0,0,0,0,1,0,0,0,0,0,1,0,0,0,0,0
2026,184,Zachariah Branch,ATL,WR,1,2,CAR,100,100,6,0,2.33,0.33,0,0,-1.2,6.3,0,0,0,0,2,2,14,0,-7,1,0,0,0,0,5,0,2.8,0.4,0,0,0,0,0,0,0,0,0,3,0,0,1,0,0,1,0,0
2026,185,Chris Manhertz,NYG,TE,1,2,LA,100,0,5,-0.2,0,0,0,0,5.4,0,0,0,0,20,0,0,0,0,0,1,0,0,0,0,4,-0.25,0,0,0,0,0,0,0,0,0,0,0,0,0,0,3,-0.333,0,1,0,0
2026,186,John Bates,WAS,TE,1,2,DAL,100,0,5,0,0,0,0,0,1.2,0,0,0,0,0,0,0,0,0,0,1,0,0,0,0,4,0,0,0,0,0,0,0,0,0,0,0,0,2,0,0,2,0,0,0,0,0
2026,187,Brock Wright,DET,TE,1,2,BUF,100,0,5,0,0,0,0,0,3.6,0,0,0,0,0,0,0,0,0,0,0,0,0,0,0,3,0,0,0,0,2,0,0,0,0,1,0,0,1,0,0,1,0,0,0,0,0
2026,188,Andrew Ogletree,IND,TE,1,2,KC,100,100,5,-0.2,0,0.2,0,0,-0.8,3.2,0,0,0,20,1,0,0,0,4,2,-0.5,0,0,0,3,0,0,0.33,0,0,0,0,0,0,0,0,0,3,0,0,0,0,0,0,0,0
2026,189,Nick Muse,ATL,TE,1,2,CAR,100,0,5,0,0,0,0,0,5.4,0,0,0,0,0,0,0,0,0,0,0,0,0,0,0,5,0,0,0,0,0,0,0,0,0,0,0,0,4,0,0,0,0,0,1,0,0
2026,190,Brevyn Spann-Ford,DAL,TE,1,2,WAS,100,0,5,0.2,0,0,20,7.1,1.8,0,20,0,0,0,0,0,0,0,0,0,0,0,0,0,4,0.25,0,0,25,1,0,0,0,0,3,0,0,0,0,0,1,1,100,0,0,0
2026,191,Jaylin Lane,WAS,WR,1,2,DAL,100,0,5,0,0,0,0,0,10.4,0,0,0,0,0,0,0,0,0,0,1,0,0,0,0,4,0,0,0,0,0,0,0,0,0,0,0,0,3,0,0,1,0,0,0,0,0
2026,192,Eli Raridon,NE,TE,1,2,PIT,100,100,5,0.2,6,0.2,20,11.1,2.8,4.5,20,0,0,0,1,1,30,0,26,3,0.333,10,0.33,33.3,2,0,0,0,0,0,0,0,0,0,1,0,0,1,0,0,0,0,0,0,0,0
2026,193,Mo Alie-Cox,IND,TE,1,2,KC,100,0,4,0,0,0,0,0,5,0,0,0,0,0,0,0,0,0,0,3,0,0,0,0,1,0,0,0,0,0,0,0,0,0,0,0,0,1,0,0,0,0,0,0,0,0
2026,194,Eric Saubert,SEA,TE,1,2,ARZ,100,100,4,0,-2.5,0.25,0,0,-1.7,3.8,0,0,0,0,1,1,-10,0,-11,0,0,0,0,0,4,0,-2.5,0.25,0,0,0,0,0,0,0,0,0,1,0,0,2,0,0,1,0,0
2026,195,Cody White,LV,WR,1,2,LAC,66.66666666666666,100,4,-0.25,6,0.5,0,0,11.5,6.9,0,0,0,25,2,2,24,2,33,0,0,0,0,0,3,0,0,0,0,1,-1,13,1,0,1,0,0,0,0,0,1,0,0,1,0,0
2026,196,Tylan Wallace,CLV,WR,1,2,TB,100,0,4,-0.25,0,0,0,0,7,0,0,0,0,25,0,0,0,0,0,1,0,0,0,0,3,-0.333,0,0,0,0,0,0,0,0,1,-1,0,2,0,0,0,0,0,0,0,0
2026,197,Bo Melton,GB,WR,1,2,NYJ,100,100,4,-0.25,0,0.25,0,0,7.5,3.4,0,0,0,25,1,0,0,0,6,1,-1,0,0,0,3,0,0,0.33,0,0,0,0,0,0,3,0,0,0,0,0,0,0,0,0,0,0
2026,198,John Metchie,CAR,WR,1,2,ATL,100,0,4,0,0,0,0,0,6.5,0,0,0,0,0,0,0,0,0,0,0,0,0,0,0,1,0,0,0,0,3,0,0,0,0,0,0,0,0,0,0,0,0,0,1,0,0
2026,199,Erick All,CIN,TE,1,2,HST,100,100,4,0,1.25,0.5,0,0,-0.7,6.5,0,0,0,0,2,2,5,0,-1,0,0,0,0,0,4,0,1.25,0.5,0,0,0,0,0,0,1,0,0,3,0,0,0,0,0,0,0,0
2026,200,Jake Briningstool,KC,TE,1,2,IND,100,0,4,-0.25,0,0,0,0,9.5,0,0,0,0,25,0,0,0,0,0,1,-1,0,0,0,3,0,0,0,0,0,0,0,0,0,2,0,0,1,0,0,0,0,0,0,0,0
2026,201,Jahdae Walker,CHI,WR,1,2,MIN,100,0,4,0,0,0,0,0,10,0,0,0,0,0,0,0,0,0,0,0,0,0,0,0,2,0,0,0,0,2,0,0,0,0,0,0,0,1,0,0,1,0,0,0,0,0
2026,202,Mark Redman,GB,TE,1,2,NYJ,100,0,4,0,0,0,0,0,1,0,0,0,0,0,0,0,0,0,0,0,0,0,0,0,4,0,0,0,0,0,0,0,0,0,3,0,0,1,0,0,0,0,0,0,0,0
2026,203,Jalen Royals,KC,WR,1,2,IND,100,100,4,-0.25,1.5,0.5,0,0,1.5,4.3,0,0,0,25,2,2,6,1,8,2,-0.5,0.5,0.5,0,2,0,2.5,0.5,0,0,0,0,0,0,0,0,0,1,0,0,1,0,0,0,0,0
2026,204,Josh Cuevas,BLT,TE,1,2,NO,100,0,4,-0.25,0,0,0,0,5.8,0,0,0,0,25,0,0,0,0,0,1,-1,0,0,0,3,0,0,0,0,0,0,0,0,0,0,0,0,3,0,0,0,0,0,0,0,0
2026,205,Jonnu Smith,GB,TE,1,2,NYJ,100,0,3,0,0,0,0,0,0,0,0,0,0,0,0,0,0,0,0,0,0,0,0,0,3,0,0,0,0,0,0,0,0,0,2,0,0,0,0,0,1,0,0,0,0,0
2026,206,Braxton Berrios,NYG,WR,1,2,LA,100,0,3,0,0,0,0,0,11,0,0,0,0,0,0,0,0,0,0,1,0,0,0,0,2,0,0,0,0,0,0,0,0,0,0,0,0,2,0,0,0,0,0,0,0,0
2026,207,Josh Oliver,MIN,TE,1,2,CHI,100,100,3,0,8,0.33,0,0,6.3,5,0,0,0,0,1,1,24,0,5,1,0,24,1,0,2,0,0,0,0,0,0,0,0,0,0,0,0,1,0,0,1,0,0,0,0,0
2026,208,Quintin Morris,JAX,TE,1,2,DEN,100,100,3,0,2.33,0.33,0,0,9,3.4,0,0,0,0,1,1,7,0,3,0,0,0,0,0,3,0,2.33,0.33,0,0,0,0,0,0,1,0,0,1,0,0,0,0,0,1,0,0
2026,209,Hunter Long,ARZ,TE,1,2,SEA,100,0,3,0,0,0,0,0,0.3,0,0,0,0,0,0,0,0,0,0,0,0,0,0,0,3,0,0,0,0,0,0,0,0,0,0,0,0,1,0,0,0,0,0,2,0,0
2026,210,KaVontae Turpin,DAL,WR,1,2,WAS,100,0,3,1,0,0,33.3,7.1,7,0,0,0,33.3,0,0,0,0,0,0,2,0,0,0,0,1,3,0,0,100,0,0,0,0,0,0,0,0,0,0,0,0,0,0,1,3,100
2026,211,Daniel Bellinger,TEN,TE,1,2,PHI,60,100,3,0,0,0.33,0,0,4.3,5,0,0,0,0,1,0,0,0,2,1,0,0,0,0,2,0,0,0.5,0,0,0,0,0,0,0,0,0,1,0,0,0,0,0,1,0,0
2026,212,Derius Davis,LAC,WR,1,2,LV,100,100,3,-0.667,0,0.33,0,0,8.3,3.7,0,0,0,66.7,1,0,0,0,19,0,0,0,0,0,3,-0.667,0,0.33,0,0,0,0,0,0,0,0,0,2,-0.5,0,0,0,0,1,-1,0
2026,213,Elijah Higgins,ARZ,TE,1,2,SEA,100,0,3,0,0,0,0,0,4.7,0,0,0,0,0,0,0,0,0,0,0,0,0,0,0,3,0,0,0,0,0,0,0,0,0,0,0,0,0,0,0,1,0,0,2,0,0
2026,214,Jonathan Mingo,DAL,WR,1,2,WAS,75,0,3,-0.333,0,0,0,0,8.7,0,0,0,0,33.3,0,0,0,0,0,0,0,0,0,0,3,-0.333,0,0,0,0,0,0,0,0,0,0,0,0,0,0,3,-0.333,0,0,0,0
2026,215,Tory Horton,SEA,WR,1,2,ARZ,75,0,3,-0.333,0,0,0,0,18,0,0,0,0,33.3,0,0,0,0,0,2,-0.5,0,0,0,1,0,0,0,0,0,0,0,0,0,1,0,0,0,0,0,0,0,0,0,0,0
2026,216,Cyrus Allen,KC,WR,1,2,IND,100,0,3,-1,0,0,0,0,5.3,0,0,0,0,66.7,0,0,0,0,0,2,-0.5,0,0,0,1,-2,0,0,0,0,0,0,0,0,0,0,0,0,0,0,1,-2,0,0,0,0
2026,217,Malik Benson,LV,WR,1,2,LAC,75,100,3,0,0,0.33,0,0,7,3.4,0,0,0,0,1,0,0,0,28,0,0,0,0,0,3,0,0,0.33,0,0,0,0,0,0,0,0,0,2,0,0,1,0,0,0,0,0
2026,218,Oscar Delp,NO,TE,1,2,BLT,100,100,3,0,2.67,0.33,0,0,3.7,2.9,0,0,0,0,1,1,8,0,7,0,0,0,0,0,3,0,2.67,0.33,0,0,0,0,0,0,2,0,0,1,0,0,0,0,0,0,0,0
2026,219,Colbie Young,CIN,WR,1,2,HST,75,100,3,0,2.33,0.33,0,0,6.3,3.2,0,0,0,0,1,1,7,0,6,0,0,0,0,0,3,0,2.33,0.33,0,0,0,0,0,0,1,0,0,1,0,0,0,0,0,1,0,0
2026,220,Josh Cameron,JAX,WR,1,2,DEN,100,0,3,0,0,0,0,0,5.7,0,0,0,0,0,0,0,0,0,0,1,0,0,0,0,2,0,0,0,0,0,0,0,0,0,0,0,0,1,0,0,0,0,0,1,0,0
2026,221,Odell Beckham,NYG,WR,1,2,LA,100,0,2,0.5,0,0,50,5,6,0,50,0,0,0,0,0,0,0,0,1,1,0,0,100,1,0,0,0,0,0,0,0,0,0,0,0,0,0,0,0,0,0,0,1,0,0
2026,222,Tyler Conklin,DET,TE,1,2,BUF,100,0,2,0,0,0,0,0,4,0,0,0,0,0,0,0,0,0,0,0,0,0,0,0,0,0,0,0,0,2,0,0,0,0,0,0,0,0,0,0,0,0,0,0,0,0
2026,223,Lil'Jordan Humphrey,DEN,WR,1,2,JAX,100,100,2,-0.5,0,0.5,0,0,5,3.2,0,0,0,50,1,0,0,0,14,1,-1,0,1,0,0,0,0,0,0,1,0,0,0,0,0,0,0,0,0,0,0,0,0,0,0,0
2026,224,Ben Skowronek,PIT,WR,1,2,NE,100,100,2,0,1,0.5,0,0,7.5,2.5,0,0,0,0,1,1,2,0,1,1,0,2,1,0,1,0,0,0,0,0,0,0,0,0,0,0,0,1,0,0,0,0,0,0,0,0
2026,225,Kevin Austin,NO,WR,1,2,BLT,100,100,2,0,3.5,0.5,0,0,7.5,2.9,0,0,0,0,1,1,7,0,6,0,0,0,0,0,2,0,3.5,0.5,0,0,0,0,0,0,0,0,0,1,0,0,1,0,0,0,0,0
2026,226,Jelani Woods,NYJ,TE,1,2,GB,100,0,2,0,0,0,0,0,1,0,0,0,0,0,0,0,0,0,0,0,0,0,0,0,2,0,0,0,0,0,0,0,0,0,0,0,0,1,0,0,1,0,0,0,0,0
2026,227,Cameron Latu,NE,TE,1,2,PIT,100,0,2,0,0,0,0,0,4,0,0,0,0,0,0,0,0,0,0,0,0,0,0,0,2,0,0,0,0,0,0,0,0,0,1,0,0,1,0,0,0,0,0,0,0,0
2026,228,Ryan Miller,MIA,WR,1,2,SF,100,100,2,0.5,38.5,0.5,50,10,8,4.3,50,0,0,0,1,1,77,1,41,0,0,0,0,0,2,0.5,38.5,0.5,50,0,0,0,0,0,0,0,0,2,0.5,50,0,0,0,0,0,0
2026,229,Jayden Reed,GB,WR,1,2,NYJ,100,100,2,0,2,0.5,0,0,-6,3.4,0,0,0,0,1,1,4,0,-5,0,0,0,0,0,2,0,2,0.5,0,0,0,0,0,0,0,0,0,1,0,0,0,0,0,1,0,0
2026,230,Jalen McMillan,TB,WR,1,2,CLV,100,0,2,0,0,0,0,0,15,0,0,0,0,0,0,0,0,0,0,0,0,0,0,0,2,0,0,0,0,0,0,0,0,0,0,0,0,1,0,0,1,0,0,0,0,0
2026,231,Keleki Latu,BUF,TE,1,2,DET,100,0,2,0,0,0,0,0,-1.5,0,0,0,0,0,0,0,0,0,0,0,0,0,0,0,1,0,0,0,0,1,0,0,0,0,0,0,0,0,0,0,0,0,0,1,0,0
2026,232,Isaiah Bond,CLV,WR,1,2,TB,100,100,2,0,5,0.5,0,0,5.5,3.3,0,0,0,0,1,1,10,0,7,2,0,5,0.5,0,0,0,0,0,0,0,0,0,0,0,0,0,0,0,0,0,0,0,0,0,0,0
2026,233,Bauer Sharp,TB,TE,1,2,CLV,100,0,2,0.5,0,0,50,3.1,5.5,0,50,0,0,0,0,0,0,0,0,1,1,0,0,100,1,0,0,0,0,0,0,0,0,0,1,0,0,0,0,0,0,0,0,0,0,0
2026,234,Tyler Higbee,LA,TE,1,2,NYG,50,0,1,0,0,0,0,0,8,0,0,0,0,0,0,0,0,0,0,0,0,0,0,0,1,0,0,0,0,0,0,0,0,0,0,0,0,1,0,0,0,0,0,0,0,0
2026,235,Robert Tonyan,PIT,TE,1,2,NE,100,0,1,0,0,0,0,0,5,0,0,0,0,0,0,0,0,0,0,1,0,0,0,0,0,0,0,0,0,0,0,0,0,0,0,0,0,0,0,0,0,0,0,0,0,0
2026,236,Dareke Young,LV,WR,1,2,LAC,50,100,1,0,27,1,0,0,10,3.4,0,0,0,0,1,1,27,0,11,0,0,0,0,0,1,0,27,1,0,0,0,0,0,0,1,0,0,0,0,0,0,0,0,0,0,0
2026,237,Brayden Willis,SF,TE,1,2,MIA,100,0,1,0,0,0,0,0,15,0,0,0,0,0,0,0,0,0,0,0,0,0,0,0,1,0,0,0,0,0,0,0,0,0,0,0,0,0,0,0,0,0,0,1,0,0
2026,238,Brycen Tremayne,CAR,WR,1,2,ATL,100,0,1,0,0,0,0,0,18,0,0,0,0,0,0,0,0,0,0,0,0,0,0,0,1,0,0,0,0,0,0,0,0,0,0,0,0,1,0,0,0,0,0,0,0,0
2026,239,Jackson Meeks,DET,TE,1,2,BUF,100,0,1,0,0,0,0,0,2,0,0,0,0,0,0,0,0,0,0,0,0,0,0,0,0,0,0,0,0,1,0,0,0,0,0,0,0,0,0,0,0,0,0,0,0,0
2026,240,Efton Chism,NE,WR,1,2,PIT,100,100,1,0,-2,1,0,0,-3,4.5,0,0,0,0,1,1,-2,0,-1,0,0,0,0,0,1,0,-2,1,0,0,0,0,0,0,0,0,0,1,0,0,0,0,0,0,0,0
2026,241,Arian Smith,NYJ,WR,1,2,GB,100,0,1,0,0,0,0,0,13,0,0,0,0,0,0,0,0,0,0,1,0,0,0,0,0,0,0,0,0,0,0,0,0,0,0,0,0,0,0,0,0,0,0,0,0,0
2026,242,Chimere Dike,TEN,WR,1,2,PHI,100,0,1,0,0,0,0,0,-11,0,0,0,0,0,0,0,0,0,0,1,0,0,0,0,0,0,0,0,0,0,0,0,0,0,0,0,0,0,0,0,0,0,0,0,0,0
2026,243,Barion Brown,NO,WR,1,2,BLT,100,0,1,0,0,0,0,0,13,0,0,0,0,0,0,0,0,0,0,0,0,0,0,0,1,0,0,0,0,0,0,0,0,0,0,0,0,1,0,0,0,0,0,0,0,0
2026,244,Carsen Ryan,CLV,TE,1,2,TB,100,0,1,0,0,0,0,0,0,0,0,0,0,0,0,0,0,0,0,1,0,0,0,0,0,0,0,0,0,0,0,0,0,0,0,0,0,0,0,0,0,0,0,0,0,0
2026,245,Deion Burks,IND,WR,1,2,KC,100,0,1,0,0,0,0,0,14,0,0,0,0,0,0,0,0,0,0,0,0,0,0,0,1,0,0,0,0,0,0,0,0,0,0,0,0,1,0,0,0,0,0,0,0,0
2026,246,Marlin Klein,HST,TE,1,2,CIN,100,0,1,0,0,0,0,0,3,0,0,0,0,0,0,0,0,0,0,0,0,0,0,0,1,0,0,0,0,0,0,0,0,0,1,0,0,0,0,0,0,0,0,0,0,0
Exported from Data Suite 2.0 by michaelgingrave (user 380) on 2026-09-23 21:56 UTC,,,,,,,,,,,,,,,,,,,,,,,,,,,,,,,,,,,,,,,,,,,,,,,,,,,,,