,Player Details,Player Details,Player Details,Player Details,Player Details,Splits,Splits,Splits,Receiving,Receiving,Receiving,Receiving,Receiving,Receiving,Receiving,Receiving,Receiving,Receiving,Receiving,Receiving,Receiving,Receiving,Receiving,Receiving,Receiving,Receiving,Receiving,Receiving,Receiving,Receiving,Receiving,Receiving,Receiving,Receiving,Advanced,Advanced,Advanced,Advanced,Advanced,Advanced,Advanced,Advanced,Advanced,Advanced,Advanced,Advanced,Advanced,Advanced,Advanced,Advanced,Advanced,Advanced,Advanced,Advanced,Advanced,Advanced,Alignment,Alignment,Alignment,Alignment,FP,FP,FP,FP,FP,FP,FP,FP
Season,Rank,Name,Team,POS,G,PERS,RTE %,TGT %,SNAP %,RTE,RTE %,TGT,TGT %,YPRR,TPRR,aDOT,AY,AY Share,YDS,TM YDS %,YPT,YPR,REC,CR %,YAC,YAC/REC,YACO,YACO/REC,TD,XTD,TM TD %,i20 TGT,EZTGT,EZTD,1D,1D/RR,RATE,1READ,1READ %,DESIGN,DESIGN %,CTGT,CTGT %,DEEP,EXP %,DRP,DRP %,CT,CC,CC %,HERO,MTF,MTF/REC,THREAT %,YPTOE,EPA/TGT,WIDE RTE %,SLOT RTE %,INLINE RTE %,BACK RTE %,FP,XFP,FP/G,XFP/G,DIFF,FP/RR,XFP/RR,RecXFP
2026,,League Avg,,,,,,,63.41219512195128,9.883468834688347,56.62303523035228,1.8184281842818428,13.599728997289974,1.36,0.18,3.6094579945799454,10.7289972899729,12.721680216802168,13.466124661246612,12.275338753387535,7.41,10.02,1.3441734417344173,73.9,7.094850948509485,5.28,2.5934959349593494,1.93,0.13821138211382114,0.1250135501355014,7.356910569105691,0.2981029810298103,0.14092140921409213,0.0948509485094851,0.6802168021680217,0.069,54.57777777777764,1.2737127371273713,13.168563685636858,0.12466124661246612,6.9,1.5067750677506775,82.9,0.0921409214092141,11,0.07859078590785908,4.3,0.23035230352303523,0.13550135501355012,58.8,0.02710027100271003,0.14634146341463414,0.11,18,0.23,0.274,15.096476964769652,22.956368563685647,59.69674796747968,2.2490514905149053,3.5200542005420052,3.313279132791326,1.9615176151761506,1.8119783197831985,0.1495392953929539,0.36,0.34,3.313279132791326
2026,1,Dalton Schultz,HST,TE,3,11,88.77551020408163,92,79.7,87,78.4,23,23.7,2.18,0.26,5.78,133,15.5,190,28.9,8.26,10.56,18,78.3,87,4.83,29,1.61,0,0.27,0,1,0,0,7,0.08,101.1,16,24.2,0,0,20,87,2,11.8,2,8.7,5,4,80,1,3,0.17,30.7,1.13,0.151,13.8,50.6,34.5,1.1,37,35.3,12.33,11.76,0.57,0.43,0.41,35.3
2026,2,Trey McBride,ARZ,TE,3,11,75.24752475247524,72.72727272727273,85.2,76,79.2,24,26.4,2.17,0.32,5.48,126,21.8,165,30.4,6.88,8.25,20,83.3,52,2.6,33,1.65,1,1.88,100,5,2,1,9,0.118,109.2,18,29.5,1,4.2,21,87.5,1,5.9,0,0,5,4,80,0,4,0.2,32,0.18,0.548,9.2,72.4,18.4,0,42.5,44.9,14.17,14.98,-0.81,0.56,0.59,44.9
2026,3,Juwan Johnson,NO,TE,3,11,80,66.66666666666666,67.9,80,72.7,12,12.1,1.89,0.15,5.58,67,9.5,151,21,12.58,13.73,11,91.7,91,8.27,36,3.27,1,1.25,33.3,1,1,1,8,0.1,146.5,10,15.2,0,0,12,100,1,40,0,0,2,1,50,0,2,0.18,17.9,5.74,0.676,15,56.3,28.7,0,32.1,28.5,10.7,9.49,1.21,0.4,0.36,28.5
2026,4,Travis Kelce,KC,TE,2,11,60.256410256410255,38.88888888888889,79.8,47,66.2,7,11.1,2.6,0.15,6.14,43,14.7,122,22.4,17.43,20.33,6,85.7,100,16.67,62,10.33,0,0.09,0,0,0,0,5,0.106,118.8,5,11.9,1,14.3,7,100,1,16.7,1,14.3,0,0,0,0,3,0.5,15.9,9.91,1.094,21.3,38.3,40.4,0,18.2,14.3,9.1,7.13,1.97,0.39,0.3,14.3
2026,5,Dalton Kincaid,BUF,TE,3,13,30.88235294117647,35.294117647058826,98.3,21,95.5,6,33.3,5.81,0.29,15.67,94,37.2,122,75.8,20.33,24.4,5,83.3,53,10.6,7,1.4,0,0.03,0,0,0,0,5,0.238,118.8,4,50,0,0,5,83.3,2,60,0,0,0,0,0,0,2,0.4,37.5,10.22,1.099,14.3,19,66.7,0,17.2,10.7,5.73,3.58,2.15,0.82,0.51,10.7
2026,6,Dalton Kincaid,BUF,TE,3,11,45.588235294117645,41.17647058823529,63.2,31,58.5,7,14.6,3.81,0.23,10.57,74,17.1,118,25.2,16.86,19.67,6,85.7,50,8.33,25,4.17,1,0.8,25,1,0,0,3,0.097,158.3,5,18.5,0,0,7,100,1,60,1,14.3,1,1,100,0,0,0,21.9,7.75,0.974,25.8,35.5,38.7,0,23.8,20,7.93,6.67,1.26,0.77,0.65,20
2026,7,George Kittle,SF,TE,3,21,27.27272727272727,43.75,52.9,15,50,7,25.9,6.13,0.47,9.57,67,41.4,92,44,13.14,18.4,5,71.4,47,9.4,22,4.4,0,0.04,0,0,0,0,5,0.333,74.1,7,36.8,0,0,6,85.7,0,20,0,0,2,1,50,0,2,0.4,46.7,4.95,0.151,6.7,0,93.3,0,14.2,10.1,4.73,3.35,1.38,0.95,0.67,10.1
2026,8,Harold Fannin,CLV,TE,3,11,72.5,77.77777777777779,89.6,58,77.3,14,24.1,1.55,0.24,4.14,58,17.1,90,21.4,6.43,8.18,11,78.6,53,4.82,30,2.73,2,1.67,50,2,2,2,5,0.086,133,7,17.1,0,0,13,92.9,0,0,2,14.3,1,0,0,0,3,0.27,28,-0.27,0.509,8.6,34.5,56.9,0,32,31.2,10.67,10.4,0.27,0.55,0.54,31.2
2026,9,Sam LaPorta,DET,TE,3,11,64.70588235294117,61.111111111111114,85.5,66,81.5,11,15.1,1.27,0.17,2.64,29,6.1,84,14.8,7.64,8.4,10,90.9,48,4.8,25,2.5,0,0.29,0,2,0,0,3,0.045,98.5,8,16.7,2,18.2,10,90.9,0,0,0,0,0,0,0,0,0,0,18.3,1.17,0.716,7.6,45.5,43.9,3,18.4,18.4,6.13,6.14,-0.01,0.28,0.28,18.4
2026,10,Kenyon Sadiq,NYJ,TE,2,12,18.181818181818183,38.46153846153847,40.9,10,47.6,5,26.3,8.4,0.5,11.2,56,39.4,84,37,16.8,16.8,5,100,29,5.8,3,0.6,1,0.35,50,0,1,1,2,0.2,158.3,3,25,0,0,5,100,2,40,0,0,1,1,100,1,0,0,55.6,8.55,1.192,20,30,40,10,19.4,12,9.7,5.99,3.71,1.94,1.2,12
2026,11,Dallas Goedert,PHI,TE,2,11,91.17647058823529,100,39.4,31,45.6,7,12.5,2.61,0.23,8.57,60,13.1,81,21.8,11.57,16.2,5,71.4,33,6.6,7,1.4,2,0.82,50,2,1,1,3,0.097,149.4,4,11.4,0,0,5,71.4,1,25,0,0,0,0,0,1,2,0.4,26.9,4.25,1.097,6.5,41.9,51.6,0,25.1,15.8,12.55,7.88,4.67,0.81,0.51,15.8
2026,12,Brock Bowers,LV,TE,1,12,80,69.23076923076923,58.9,28,96.6,9,34.6,2.86,0.32,10.25,82,39,80,41.2,8.89,13.33,6,66.7,21,3.5,10,1.67,1,0.86,50,3,2,1,6,0.214,131.7,7,43.8,0,0,6,66.7,0,20,0,0,1,1,100,0,0,0,37.5,1.26,0.764,25,53.6,17.9,3.6,20,16.5,20,16.52,3.48,0.71,0.59,16.5
2026,13,Darnell Washington,PIT,TE,2,11,52.27272727272727,75,47.2,23,24.5,6,7.1,3.22,0.26,3.33,20,2.7,74,15.6,12.33,18.5,4,66.7,63,15.75,56,14,0,0.01,0,0,0,0,2,0.087,109,5,9.3,0,0,4,66.7,0,25,0,0,0,0,0,0,2,0.5,17.6,6.22,0.662,8.7,13,78.3,0,11.4,6.9,5.7,3.46,2.24,0.5,0.3,6.9
2026,14,Darren Waller,CAR,TE,3,11,77.27272727272727,76.92307692307693,44.7,51,51,10,11.2,1.35,0.2,6.56,59,7.6,69,11,6.9,9.86,7,70,24,3.43,7,1,2,1.58,33.3,2,2,2,5,0.098,89.2,4,8,0,0,8,80,0,0,1,10,1,1,100,0,0,0,23.8,0.49,0.079,31.4,56.9,11.8,0,25.9,23.2,8.63,7.72,0.91,0.51,0.45,23.2
2026,15,Tyler Higbee,LA,TE,2,11,69.38775510204081,76.92307692307693,39.1,34,39.1,10,12.3,2.03,0.29,5.1,51,6.7,69,11.9,6.9,7.67,9,90,19,2.11,3,0.33,0,0.06,0,1,0,0,5,0.147,95.4,8,13.8,0,0,9,90,0,0,0,0,0,0,0,1,0,0,34.5,0.09,-0.325,14.7,47.1,38.2,0,15.9,16.1,7.95,8.05,-0.1,0.47,0.47,16.1
2026,16,AJ Barner,SEA,TE,2,12,39.705882352941174,66.66666666666666,92.6,27,77.1,8,23.5,2.3,0.3,3.38,27,11.8,62,17.8,7.75,12.4,5,62.5,50,10,32,6.4,0,1.25,0,3,2,0,2,0.074,86.5,6,27.3,1,12.5,8,100,0,25,1,12.5,3,0,0,0,2,0.4,25.8,1.32,-0.082,18.5,0,77.8,3.7,11.2,18.5,5.6,9.23,-3.63,0.41,0.68,18.5
2026,17,Tommy Tremble,CAR,TE,3,12,42.592592592592595,77.77777777777779,86.3,23,85.2,7,25.9,2.65,0.3,5,35,15.6,61,19.2,8.71,10.17,6,85.7,37,6.17,26,4.33,0,0.17,0,1,0,0,4,0.174,103,6,31.6,0,0,6,85.7,0,0,0,0,0,0,0,0,3,0.5,31.8,1.97,0.162,0,26.1,73.9,0,12.1,11.6,4.03,3.87,0.16,0.53,0.51,11.6
2026,18,Isaiah Likely,NYG,TE,3,11,64.86486486486487,63.63636363636363,83.5,48,84.2,14,26.9,1.27,0.29,5.43,76,19.2,61,25.1,4.36,6.78,9,64.3,10,1.11,4,0.44,1,1.14,100,3,1,1,5,0.104,97.6,12,29.3,0,0,11,78.6,0,0,1,7.1,3,1,33.3,1,0,0,31.1,-2.49,0.293,12.5,85.4,2.1,0,21.1,24.1,7.03,8.03,-1,0.44,0.5,24.1
2026,19,Mike Gesicki,CIN,TE,2,11,55.172413793103445,60,37.2,32,43.8,6,8.8,1.88,0.19,6,36,10.2,60,14.2,10,12,5,83.3,29,5.8,6,1.2,1,0.73,50,1,0,0,4,0.125,147.9,5,10.4,0,0,6,100,0,25,0,0,1,0,0,0,0,0,20,2.89,0.763,12.5,87.5,0,0,17,14.8,8.5,7.42,1.08,0.53,0.46,14.8
2026,20,Tyler Warren,IND,TE,3,11,75.28089887640449,59.09090909090909,93.6,67,88.2,13,18.8,0.88,0.19,3.46,45,8.7,59,13,4.54,5.36,11,84.6,39,3.55,11,1,2,1.22,66.7,3,1,1,3,0.045,125.2,7,12.5,1,7.7,12,92.3,0,0,0,0,4,3,75,0,0,0,20,-2.43,0.149,29.9,43.3,26.9,0,28.9,23.6,9.63,7.88,1.75,0.43,0.35,23.6
2026,21,Travis Kelce,KC,TE,2,13,8.974358974358974,22.22222222222222,66.7,7,87.5,4,50,8.29,0.57,6.5,26,32.5,58,77.3,14.5,19.33,3,75,32,10.67,4,1.33,0,0.04,0,0,0,0,2,0.286,116.7,4,50,0,0,3,75,1,33.3,0,0,0,0,0,0,0,0,57.1,6.54,0.673,28.6,0,71.4,0,8.8,7.2,4.4,3.6,0.8,1.26,1.03,7.2
2026,22,T.J. Hockenson,MIN,TE,3,11,75.80645161290323,83.33333333333334,81.9,47,74.6,10,19.2,1.21,0.21,5.7,57,15.4,57,20,5.7,7.13,8,80,27,3.38,5,0.63,1,0.8,33.3,1,1,1,3,0.064,123.8,7,20.6,2,20,8,80,0,0,0,0,1,1,100,0,0,0,21.7,-1.47,0.462,10.6,48.9,40.4,0,19.7,17.8,6.57,5.93,0.64,0.42,0.38,17.8
2026,23,Jake Ferguson,DAL,TE,3,11,77.02702702702703,54.54545454545454,71.7,57,66.3,6,7.8,1,0.11,8.17,49,8.1,57,9.1,9.5,11.4,5,83.3,15,3,1,0.2,2,1.28,50,2,1,1,3,0.053,145.8,4,7.5,0,0,6,100,0,0,0,0,2,1,50,0,0,0,9.7,1.42,0.969,10.5,56.1,33.3,0,22.7,18,7.57,5.99,1.58,0.4,0.32,18
2026,24,George Kittle,SF,TE,2,22,7.2727272727272725,18.75,58.3,4,66.7,3,50,14,0.75,10.33,31,72.1,56,88.9,18.67,18.67,3,100,25,8.33,2,0.67,2,1.13,66.7,2,0,0,3,0.75,158.3,3,50,0,0,3,100,0,100,0,0,0,0,0,0,0,0,60,10.49,2.909,25,0,75,0,20.6,13.1,10.3,6.54,3.76,5.15,3.27,13.1
2026,25,Mike Gesicki,CIN,TE,2,12,41.37931034482759,40,48.5,24,75,4,13.8,2.29,0.17,15.75,63,21.7,55,18.3,13.75,18.33,3,75,2,0.67,0,0,1,0.95,33.3,1,1,0,2,0.083,156.3,3,15,0,0,3,75,2,66.7,0,0,0,0,0,0,0,0,17.4,3.25,1.84,16.7,83.3,0,0,14.5,14.4,7.25,7.18,0.07,0.6,0.6,14.4
2026,26,Gunnar Helm,TEN,TE,3,11,92.06349206349206,100,81.3,58,70.7,11,14.9,0.95,0.19,5.45,60,13.4,55,12.2,5,6.88,8,72.7,38,4.75,13,1.63,0,0.11,0,3,2,0,3,0.052,83.5,8,15.7,2,18.2,8,72.7,0,0,0,0,1,1,100,0,0,0,19.6,-2.07,-0.254,13.8,65.5,19,1.7,13.5,13.1,4.5,4.37,0.13,0.23,0.23,13.1
2026,27,Travis Kelce,KC,TE,3,12,30.76923076923077,38.88888888888889,89.7,24,82.8,7,26.9,2.13,0.29,7.71,54,34.6,51,27,7.29,10.2,5,71.4,23,4.6,8,1.6,2,0.96,66.7,2,1,1,4,0.167,131.5,6,33.3,0,0,5,71.4,0,0,0,0,0,0,0,0,0,0,33.3,-0.44,0.892,8.3,29.2,50,12.5,22.1,14.4,7.37,4.82,2.55,0.92,0.6,14.4
2026,28,Pat Freiermuth,PIT,TE,2,11,64.1025641025641,50,52.8,50,53.2,7,8.3,1,0.14,8.86,62,8.5,50,10.6,7.14,8.33,6,85.7,25,4.17,9,1.5,1,0.92,33.3,2,1,1,3,0.06,136,4,7.4,2,28.6,6,85.7,1,0,0,0,1,1,100,0,0,0,15.9,-1.43,0.19,8,78,14,0,17,15.4,8.5,7.7,0.8,0.34,0.31,15.4
2026,29,Foster Moreau,HST,TE,3,11,46.15384615384615,62.5,15.8,12,10.8,5,5.2,4.08,0.42,7.6,38,4.4,49,7.4,9.8,12.25,4,80,31,7.75,15,3.75,0,0.47,0,1,1,0,2,0.167,107.5,4,6.1,0,0,5,100,1,25,0,0,2,1,50,0,0,0,41.7,2.04,0.534,8.3,16.7,75,0,8.9,10.5,2.97,3.51,-0.54,0.74,0.88,10.5
2026,30,Terrance Ferguson,LA,TE,3,11,52.38095238095239,83.33333333333334,23.6,22,25.3,10,12.3,2.23,0.45,6,60,7.9,49,8.5,4.9,9.8,5,50,41,8.2,21,4.2,0,0.05,0,0,0,0,2,0.091,64.2,8,13.8,1,10,8,80,1,20,1,10,1,0,0,0,3,0.6,41.7,-2.66,-0.261,9.1,59.1,31.8,0,9.9,13.2,3.3,4.39,-1.09,0.45,0.6,13.2
2026,31,Kenyon Sadiq,NYJ,TE,2,11,61.81818181818181,46.15384615384615,39.3,34,40,6,8.3,1.38,0.18,5.33,32,6.3,47,9.2,7.83,9.4,5,83.3,34,6.8,2,0.4,0,0.01,0,0,0,0,2,0.059,99.3,3,6.8,0,0,6,100,0,0,0,0,2,1,50,0,0,0,18.8,1.2,0.148,11.8,44.1,44.1,0,9.7,9.9,4.85,4.94,-0.09,0.29,0.29,9.9
2026,32,Brenton Strange,JAX,TE,2,11,69.35483870967742,50,75.3,43,69.4,5,8.6,1.07,0.12,6.2,31,6,46,10,9.2,11.5,4,80,22,5.5,7,1.75,1,0.8,20,1,1,1,2,0.047,105,2,4.9,0,0,5,100,0,33.3,1,20,1,1,100,0,1,0.25,11.9,2.18,-0.44,11.6,41.9,44.2,2.3,14.6,12.4,7.3,6.19,1.11,0.34,0.29,12.4
2026,33,Darren Waller,CAR,TE,2,12,13.636363636363635,23.076923076923077,27.5,9,33.3,3,11.1,4.78,0.33,8.67,26,11.6,43,13.6,14.33,14.33,3,100,17,5.67,7,2.33,0,0.01,0,0,0,0,3,0.333,118.8,3,15.8,0,0,3,100,0,0,0,0,1,1,100,0,0,0,33.3,6.57,1.335,0,55.6,44.4,0,7.3,5.6,3.65,2.79,0.86,0.81,0.62,5.6
2026,34,Jonnu Smith,GB,TE,1,13,5.714285714285714,16.666666666666664,57.9,2,33.3,1,16.7,21.5,0.5,19,19,32.2,43,44.8,43,43,1,100,24,24,7,7,0,0.09,0,0,0,0,1,0.5,118.8,1,20,0,0,1,100,0,100,0,0,0,0,0,0,0,0,33.3,32.4,3.483,50,0,50,0,5.3,3.8,5.3,3.81,1.49,2.65,1.9,3.8
2026,35,Mark Andrews,BLT,TE,3,11,50.847457627118644,50,60,30,55.6,9,20.5,1.43,0.3,6.33,57,12.8,43,9.6,4.78,8.6,5,55.6,13,2.6,5,1,0,0.07,0,1,0,0,2,0.067,68.3,6,19.4,0,0,7,77.8,0,0,2,22.2,2,2,100,0,0,0,31,-2.41,-0.251,16.7,56.7,26.7,0,9.3,11.6,3.1,3.86,-0.76,0.31,0.39,11.6
2026,36,Mark Andrews,BLT,TE,3,13,23.728813559322035,22.22222222222222,82.9,14,93.3,4,28.6,3.07,0.29,7.75,31,22.6,43,24.6,10.75,10.75,4,100,12,3,6,1.5,0,0.01,0,0,0,0,2,0.143,111.5,4,33.3,0,0,4,100,0,0,0,0,1,1,100,0,0,0,28.6,3.09,1.092,21.4,50,28.6,0,8.3,7.4,2.77,2.48,0.29,0.59,0.53,7.4
2026,37,Jeremy Ruckert,NYJ,TE,3,12,35.483870967741936,75,72.7,11,52.4,6,31.6,3.91,0.55,1.83,11,7.7,43,18.9,7.17,7.17,6,100,35,5.83,2,0.33,1,0.55,50,1,1,1,2,0.182,136.1,4,33.3,0,0,6,100,0,0,0,0,1,1,100,0,0,0,40,0.82,0.619,0,9.1,90.9,0,16.3,12.2,5.43,4.06,1.37,1.48,1.11,12.2
2026,38,Hunter Henry,NE,TE,2,12,10.606060606060606,22.22222222222222,88.6,7,43.8,2,14.3,6,0.29,14.5,29,27.1,42,32.1,21,21,2,100,13,6.5,1,0.5,0,0.01,0,0,0,0,2,0.286,118.8,2,25,0,0,2,100,0,50,0,0,1,1,100,0,0,0,15.4,10.83,1.244,0,42.9,57.1,0,6.2,4.6,3.1,2.28,0.82,0.89,0.65,4.6
2026,39,Greg Dulcich,MIA,TE,1,22,3.3333333333333335,16.666666666666664,28.6,2,100,2,100,21,1,31.5,63,100,42,100,21,42,1,50,4,4,3,3,0,0.02,0,0,0,0,1,0.5,95.8,2,100,0,0,1,50,2,100,0,0,1,1,100,1,0,0,100,10.64,1.412,0,0,100,0,5.2,2.4,5.2,2.36,2.84,2.6,1.18,2.4
2026,40,Cade Otton,TB,TE,3,11,76.53061224489795,70.58823529411765,95.8,75,82.4,12,16.7,0.55,0.16,7.17,86,11.7,41,10,3.42,6.83,6,50,31,5.17,10,1.67,0,0.13,0,1,0,0,2,0.027,58,10,18.2,2,16.7,8,66.7,0,0,2,16.7,3,0,0,0,0,0,17.9,-4.46,-0.313,16,46.7,36,1.3,10.1,14.1,3.37,4.69,-1.32,0.13,0.19,14.1
2026,41,Tucker Kraft,GB,TE,3,11,67.46987951807229,52.94117647058824,73,56,57.1,9,9.7,0.71,0.16,3.33,30,3.9,40,6.3,4.44,10,4,44.4,26,6.5,15,3.75,0,0.06,0,1,0,0,1,0.018,57.6,6,8.3,2,22.2,8,88.9,0,33.3,3,33.3,1,0,0,0,1,0.25,14.8,-2.31,-0.25,10.7,48.2,41.1,0,8,13.9,2.67,4.64,-1.97,0.14,0.25,13.9
2026,42,Oronde Gadsden,LAC,TE,3,11,68.18181818181817,85.71428571428571,50,30,52.6,6,12.2,1.33,0.2,7,28,5.2,40,12.2,6.67,13.33,3,50,27,9,6,2,0,0.02,0,1,0,0,1,0.033,71.5,4,12.9,0,0,4,66.7,0,33.3,1,16.7,0,0,0,0,0,0,23.1,1.57,-0.489,20,33.3,46.7,0,7,8,2.33,2.67,-0.34,0.23,0.27,8
2026,43,Noah Gray,KC,TE,2,12,67.74193548387096,80,98.3,21,72.4,4,15.4,1.86,0.19,9,36,23.1,39,20.6,9.75,13,3,75,19,6.33,5,1.67,0,0.11,0,1,0,0,2,0.095,105.2,3,16.7,1,25,3,75,1,50,0,0,1,1,100,0,0,0,18.2,1.16,0.382,19,33.3,38.1,9.5,6.9,5.3,3.45,2.65,0.8,0.33,0.25,5.3
2026,44,Davis Allen,LA,TE,3,13,88.88888888888889,100,89.3,16,51.6,5,17.2,2.44,0.31,4.6,23,8.9,39,13.4,7.8,9.75,4,80,34,8.5,6,1.5,0,0.04,0,0,0,0,3,0.188,99.2,4,20,0,0,5,100,0,0,0,0,1,0,0,0,1,0.25,21.7,0.53,0.603,25,6.3,68.8,0,7.9,8.3,2.63,2.77,-0.14,0.49,0.52,8.3
2026,45,Cade Otton,TB,TE,1,13,1.0204081632653061,5.88235294117647,100,1,100,1,100,37,1,12,12,100,37,100,37,37,1,100,25,25,8,8,0,0.01,0,0,0,0,1,1,118.8,1,100,0,0,1,100,0,100,0,0,0,0,0,0,0,0,100,28.33,3.004,0,0,100,0,4.7,2.4,4.7,2.39,2.31,4.7,2.39,2.4
2026,46,Mark Andrews,BLT,TE,3,12,25.423728813559322,27.77777777777778,50,15,71.4,5,27.8,2.4,0.33,5.8,29,15.8,36,29,7.2,9,4,80,14,3.5,10,2.5,0,0.02,0,0,0,0,3,0.2,96.7,4,36.4,0,0,4,80,0,0,0,0,2,2,100,0,1,0.25,35.7,0.24,0.664,33.3,33.3,33.3,0,7.6,5.9,2.53,1.96,0.57,0.51,0.39,5.9
2026,47,Tucker Kraft,GB,TE,3,12,25.301204819277107,41.17647058823529,86,21,75,7,28,1.71,0.33,8.57,60,35.1,36,32.4,5.14,9,4,57.1,14,3.5,8,2,0,0.04,0,0,0,0,2,0.095,71.1,4,22.2,0,0,4,57.1,1,0,0,0,0,0,0,0,0,0,31.8,-3.11,-0.004,4.8,4.8,90.5,0,7.6,7.6,2.53,2.54,-0.01,0.36,0.36,7.6
2026,48,Cole Kmet,CHI,TE,1,13,28.26086956521739,60,100,13,81.3,3,23.1,2.69,0.23,16.33,49,71,35,43.8,11.67,17.5,2,66.7,8,4,1,0.5,1,0.32,100,0,1,1,2,0.154,145.8,3,42.9,0,0,2,66.7,2,50,0,0,1,1,100,1,0,0,27.3,1.29,1.192,15.4,15.4,61.5,7.7,11.5,4.9,11.5,4.91,6.59,0.88,0.38,4.9
2026,49,Evan Engram,DEN,TE,2,11,80,71.42857142857143,65.6,44,62,5,7.7,0.77,0.11,7.25,29,6.6,34,6.6,6.8,11.33,3,60,8,2.67,8,2.67,1,0.82,33.3,1,1,1,3,0.068,120,2,5.6,1,20,3,60,1,0,0,0,0,0,0,0,1,0.33,12.2,0.48,0.132,22.7,11.4,65.9,0,12.4,10.9,6.2,5.46,0.74,0.28,0.25,10.9
2026,50,Josh Oliver,MIN,TE,2,21,37.5,40,93.3,6,75,2,33.3,5.5,0.33,4.5,9,12.5,33,50.8,16.5,16.5,2,100,24,12,8,4,0,0.01,0,0,0,0,1,0.167,118.8,1,20,0,0,2,100,0,50,0,0,0,0,0,0,0,0,40,10.23,1.149,0,0,100,0,5.3,3.6,2.65,1.78,0.87,0.88,0.59,3.6
2026,51,Tyler Warren,IND,TE,3,12,15.730337078651685,31.818181818181817,87,14,58.3,7,31.8,2.29,0.5,-0.86,-6,-8.2,32,22.5,4.57,5.33,6,85.7,38,6.33,8,1.33,0,0.04,0,0,0,0,1,0.071,85.7,5,38.5,3,42.9,6,85.7,0,0,0,0,0,0,0,0,0,0,33.3,-1.56,0.158,7.1,7.1,85.7,0,9.2,9.9,3.07,3.31,-0.24,0.66,0.71,9.9
2026,52,Pat Freiermuth,PIT,TE,2,13,5.128205128205128,14.285714285714285,100,4,100,2,50,7.75,0.5,7,14,82.4,31,93.9,15.5,15.5,2,100,17,8.5,8,4,0,0.01,0,0,0,0,1,0.25,118.8,1,50,0,0,2,100,0,50,0,0,0,0,0,0,0,0,50,8.63,0.828,50,25,25,0,5.1,3.8,2.55,1.91,0.64,1.27,0.96,3.8
2026,53,Isaiah Likely,NYG,TE,3,12,21.62162162162162,18.181818181818183,95.2,16,94.1,4,26.7,1.94,0.25,8.25,33,19.4,31,23.1,7.75,15.5,2,50,6,3,0,0,0,0.01,0,0,0,0,2,0.125,76,4,33.3,0,0,3,75,0,0,0,0,2,1,50,0,0,0,26.7,-0.04,0.515,31.3,68.8,0,0,5.1,4.7,1.7,1.55,0.15,0.32,0.29,4.7
2026,54,Brock Bowers,LV,TE,1,22,11.428571428571429,23.076923076923077,24.2,4,100,3,100,7.75,0.75,7.67,23,100,31,100,10.33,10.33,3,100,8,2.67,6,2,0,0.01,0,0,0,0,1,0.25,109.7,3,100,0,0,3,100,0,0,0,0,1,1,100,0,0,0,100,2.92,0.553,100,0,0,0,6.1,5.4,6.1,5.35,0.75,1.52,1.34,5.4
2026,55,Tucker Kraft,GB,TE,1,13,7.228915662650602,5.88235294117647,100,6,100,1,16.7,5,0.17,19,19,32.2,30,31.3,30,30,1,100,11,11,3,3,0,0,0,0,0,0,1,0.167,118.8,1,20,0,0,1,100,0,100,0,0,0,0,0,0,0,0,20,19.4,1.858,0,16.7,83.3,0,4,3.3,4,3.25,0.75,0.67,0.54,3.3
2026,56,Mitchell Evans,CAR,TE,3,11,37.93103448275862,66.66666666666666,16.7,11,11,4,4.5,2.73,0.36,4.5,18,2.3,30,4.8,7.5,10,3,75,23,7.67,12,4,0,0.48,0,1,1,0,1,0.091,95.8,4,8,1,25,4,100,0,0,0,0,2,1,50,0,0,0,36.4,0.97,-0.053,9.1,9.1,81.8,0,6,8.2,2,2.72,-0.72,0.55,0.74,8.2
2026,57,Eli Raridon,NE,TE,1,12,53.84615384615385,50,57.1,7,46.7,1,7.1,4.29,0.14,26,26,24.3,30,22.9,30,30,1,100,4,4,4,4,0,0.07,0,0,0,0,1,0.143,118.8,1,12.5,0,0,1,100,1,100,0,0,1,1,100,0,0,0,9.1,18.85,2.172,14.3,14.3,71.4,0,4,2.3,4,2.32,1.68,0.57,0.33,2.3
2026,58,Hunter Henry,NE,TE,3,11,77.27272727272727,66.66666666666666,77.7,51,63.7,6,9.4,0.57,0.12,3.17,19,3.6,29,6.1,4.83,5.8,5,83.3,24,4.8,10,2,0,0.11,0,1,0,0,0,0,86.8,4,9.5,2,33.3,5,83.3,0,0,0,0,0,0,0,0,1,0.2,12.5,-2.12,-0.332,9.8,47.1,33.3,9.8,7.9,8.9,2.63,2.98,-0.35,0.15,0.18,8.9
2026,59,Michael Mayer,LV,TE,1,12,42.10526315789473,14.285714285714285,96.4,32,82.1,2,5.7,0.91,0.06,4,8,2.9,29,12.6,14.5,14.5,2,100,21,10.5,5,2.5,0,0.01,0,0,0,0,2,0.063,118.8,1,4.5,0,0,2,100,0,0,0,0,0,0,0,0,0,0,6.5,8.1,1.173,3.1,15.6,81.3,0,4.9,3.5,4.9,3.54,1.36,0.15,0.11,3.5
2026,60,Greg Dulcich,MIA,TE,2,11,81.66666666666667,50,84.8,49,64.5,6,10,0.57,0.12,2.4,12,2.8,28,5.9,4.67,7,4,66.7,24,6,7,1.75,0,0.05,0,1,0,0,1,0.02,77.1,5,12.2,2,33.3,5,83.3,0,0,0,0,1,0,0,0,0,0,12,-0.92,-0.222,12.2,20.4,67.3,0,6.8,8,3.4,4.01,-0.61,0.14,0.16,8
2026,61,Sam LaPorta,DET,TE,2,13,12.745098039215685,16.666666666666664,94.3,13,92.9,3,25,2.15,0.23,15.67,47,56.6,28,34.1,9.33,28,1,33.3,9,9,4,4,0,0.79,0,2,2,0,1,0.077,68.8,2,25,0,0,2,66.7,0,100,0,0,1,0,0,0,0,0,27.3,-1.11,-0.046,23.1,15.4,61.5,0,3.8,9.3,1.9,4.63,-2.73,0.29,0.71,9.3
2026,62,Mitchell Evans,CAR,TE,2,12,44.827586206896555,33.33333333333333,78.4,13,48.1,2,7.4,2.15,0.15,6.5,13,5.8,28,8.8,14,14,2,100,15,7.5,3,1.5,0,0.2,0,1,0,0,1,0.077,118.8,2,10.5,0,0,2,100,0,0,0,0,0,0,0,0,0,0,11.8,6.9,1.105,0,15.4,84.6,0,4.8,4.9,2.4,2.45,-0.05,0.37,0.38,4.9
2026,63,Pat Freiermuth,PIT,TE,2,12,29.48717948717949,35.714285714285715,100,23,92,5,20.8,1.17,0.22,9.6,48,31.8,27,15.3,5.4,9,3,60,18,6,11,3.67,0,0.01,0,0,0,0,1,0.043,74.6,3,23.1,0,0,3,60,1,0,0,0,0,0,0,0,0,0,25,-2.76,-0.027,13,39.1,43.5,4.3,5.7,5.3,2.85,2.63,0.22,0.25,0.23,5.3
2026,64,Noah Fant,NO,TE,2,12,38.63636363636363,41.66666666666667,97.3,17,68,5,22.7,1.53,0.29,4.4,22,10.9,26,16,5.2,8.67,3,60,15,5,3,1,1,0.77,50,1,1,1,1,0.059,73.8,4,22.2,0,0,3,60,0,0,0,0,0,0,0,0,0,0,23.8,-1.31,-0.772,23.5,23.5,52.9,0,11.6,9.4,5.8,4.72,1.08,0.68,0.55,9.4
2026,65,Michael Mayer,LV,TE,2,11,30.263157894736842,35.714285714285715,85.4,23,76.7,5,17.2,1.13,0.22,3.6,18,6.5,26,11.7,5.2,6.5,4,80,20,5,6,1.5,0,0.02,0,0,0,0,1,0.043,88.3,1,5.6,1,20,4,80,0,0,0,0,0,0,0,0,1,0.25,19.2,-1.19,0.188,4.3,17.4,78.3,0,6.6,6.8,3.3,3.42,-0.12,0.29,0.3,6.8
2026,66,Greg Dulcich,MIA,TE,2,21,8.333333333333332,25,17.8,5,20.8,3,15,5,0.6,-0.67,-2,-0.8,25,23.1,8.33,8.33,3,100,27,9,5,1.67,0,0.02,0,0,0,0,1,0.2,101.4,2,14.3,2,66.7,3,100,0,0,0,0,0,0,0,0,0,0,75,2.98,0.607,0,0,100,0,5.5,4.9,2.75,2.44,0.31,1.1,0.98,4.9
2026,67,Brevyn Spann-Ford,DAL,TE,2,11,47.368421052631575,66.66666666666666,18.3,9,10.5,2,2.6,2.78,0.22,4,8,1.3,25,4,12.5,12.5,2,100,17,8.5,17,8.5,0,0,0,0,0,0,1,0.111,118.8,1,1.9,0,0,2,100,0,0,0,0,0,0,0,0,4,2,25,5.77,0.591,11.1,44.4,44.4,0,4.5,3.5,2.25,1.73,0.52,0.5,0.38,3.5
2026,68,Sam Roush,CHI,TE,2,13,86.66666666666667,75,100,13,81.3,3,23.1,1.92,0.23,4,12,17.4,25,31.3,8.33,12.5,2,66.7,25,12.5,3,1.5,0,0.14,0,1,0,0,1,0.077,92.4,2,28.6,0,0,3,100,0,0,0,0,1,0,0,0,0,0,27.3,1.38,0.993,38.5,7.7,38.5,15.4,4.5,5.7,2.25,2.84,-0.59,0.35,0.44,5.7
2026,69,AJ Barner,SEA,TE,2,21,10.294117647058822,16.666666666666664,76.7,7,53.8,2,16.7,3.43,0.29,-2,-4,-10.3,24,16.6,12,12,2,100,28,14,6,3,0,0.03,0,1,0,0,2,0.286,116.7,2,25,1,50,2,100,0,0,0,0,0,0,0,0,0,0,18.2,6.93,1.246,0,0,100,0,4.4,3.3,2.2,1.63,0.57,0.63,0.46,3.3
2026,70,Cade Otton,TB,TE,2,21,4.081632653061225,11.76470588235294,84.6,4,66.7,2,33.3,5.75,0.5,6,12,120,23,62.2,11.5,11.5,2,100,11,5.5,4,2,0,0.03,0,1,0,0,2,0.5,114.6,2,66.7,0,0,2,100,0,0,0,0,0,0,0,1,0,0,33.3,4.52,0.611,0,25,50,25,4.3,4.1,2.15,2.04,0.11,1.07,1.02,4.1
2026,71,Michael Mayer,LV,TE,1,21,19.736842105263158,28.57142857142857,72.7,15,71.4,4,21.1,1.4,0.27,6.25,25,14.2,21,13.8,5.25,7,3,75,11,3.67,5,1.67,0,0.01,0,1,1,0,2,0.133,86.5,1,7.7,0,0,3,75,0,0,0,0,0,0,0,0,0,0,26.7,-2.17,0.067,0,13.3,86.7,0,5.1,5.2,5.1,5.18,-0.08,0.34,0.35,5.2
2026,72,Harold Fannin,CLV,TE,2,22,3.75,11.11111111111111,100,3,100,2,66.7,7,0.67,27.5,55,101.9,21,100,10.5,21,1,50,6,6,1,1,0,0.01,0,0,0,0,1,0.333,87.5,2,66.7,0,0,1,50,1,100,0,0,0,0,0,0,0,0,66.7,1.18,0.439,0,0,100,0,3.1,2.6,1.55,1.3,0.25,1.03,0.87,2.6
2026,73,Matthew Hibner,BLT,TE,1,11,17.391304347826086,33.33333333333333,11.3,4,7.4,1,2.3,5.25,0.25,2,2,0.4,21,4.7,21,21,1,100,19,19,2,2,0,0,0,0,0,0,1,0.25,118.8,1,3.2,0,0,1,100,0,100,0,0,0,0,0,0,0,0,33.3,14.63,1.27,0,25,75,0,3.1,1.7,3.1,1.71,1.39,0.78,0.43,1.7
2026,74,Austin Hooper,ATL,TE,1,11,36,50,15.5,9,16.1,3,5.9,2.22,0.33,3.33,10,9.1,20,6.8,6.67,10,2,66.7,15,7.5,5,2.5,0,0.01,0,0,0,0,2,0.222,85.4,2,5.6,1,33.3,2,66.7,0,0,0,0,0,0,0,0,0,0,27.3,0.45,0.649,33.3,11.1,55.6,0,4,3.6,4,3.56,0.44,0.44,0.4,3.6
2026,75,Jelani Woods,NYJ,TE,1,11,41.66666666666667,100,12,5,5.9,1,1.4,4,0.2,17,17,3.3,20,3.9,20,20,1,100,3,3,0,0,0,0.02,0,0,0,0,1,0.2,118.8,1,2.3,0,0,1,100,0,100,0,0,0,0,0,1,0,0,16.7,8.32,1.264,20,0,80,0,3,3,3,2.98,0.02,0.6,0.6,3
2026,76,T.J. Hockenson,MIN,TE,2,22,9.67741935483871,16.666666666666664,100,6,100,2,40,3.17,0.33,15.5,31,58.5,19,57.6,9.5,19,1,50,5,5,3,3,0,0.01,0,0,0,0,1,0.167,83.3,2,40,0,0,2,100,0,0,0,0,0,0,0,0,0,0,40,-1.48,0.552,16.7,0,83.3,0,2.9,5.6,1.45,2.78,-1.33,0.48,0.93,5.6
2026,77,Cade Otton,TB,TE,1,12,18.367346938775512,11.76470588235294,100,18,85.7,2,11.1,1.06,0.11,1,2,2.1,19,14.7,9.5,9.5,2,100,17,8.5,4,2,0,0,0,0,0,0,1,0.056,106.3,1,11.1,0,0,2,100,0,0,0,0,0,0,0,0,1,0.5,11.1,2.82,0.768,16.7,27.8,55.6,0,3.9,3.6,3.9,3.63,0.27,0.22,0.2,3.6
2026,78,Sam LaPorta,DET,TE,1,21,2.941176470588235,5.555555555555555,100,3,100,1,50,6.33,0.33,11,11,84.6,19,63.3,19,19,1,100,8,8,3,3,0,0,0,0,0,0,1,0.333,118.8,0,0,0,0,1,100,0,0,0,0,0,0,0,0,0,0,50,10.26,2.055,0,33.3,66.7,0,2.9,2.2,2.9,2.21,0.69,0.97,0.74,2.2
2026,79,George Kittle,SF,TE,2,12,14.545454545454545,18.75,62.5,8,66.7,3,27.3,2.25,0.38,11.67,35,26.3,18,12.3,6,9,2,66.7,9,4.5,6,3,1,0.94,33.3,1,1,1,1,0.125,122.2,3,37.5,1,33.3,2,66.7,1,0,0,0,0,0,0,0,1,0.5,42.9,-4.53,0.462,0,25,75,0,9.8,9.1,4.9,4.56,0.34,1.23,1.14,9.1
2026,80,Noah Fant,NO,TE,2,11,40.909090909090914,33.33333333333333,27.6,18,16.4,4,4,1,0.22,4.5,18,2.5,18,2.5,4.5,6,3,75,7,2.33,0,0,1,0.85,33.3,1,1,1,2,0.111,83.3,4,6.1,0,0,3,75,0,0,0,0,0,0,0,0,0,0,21.1,-1.77,-0.392,16.7,16.7,66.7,0,10.8,9.6,5.4,4.81,0.59,0.6,0.53,9.6
2026,81,Trey McBride,ARZ,TE,2,12,6.9306930693069315,9.090909090909092,58.3,7,77.8,3,37.5,2.57,0.43,8,16,66.7,18,41.9,6,9,2,66.7,2,1,0,0,0,0.01,0,0,0,0,1,0.143,82.6,1,50,0,0,2,66.7,0,0,0,0,0,0,0,0,0,0,50,0.57,-0.045,0,57.1,28.6,14.3,3.8,4.2,1.9,2.11,-0.21,0.54,0.6,4.2
2026,82,Darnell Washington,PIT,TE,1,12,38.63636363636363,25,100,17,68,2,8.3,1.06,0.12,2.5,5,3.3,18,10.2,9,9,2,100,13,6.5,10,5,0,0,0,0,0,0,1,0.059,104.2,1,7.7,0,0,2,100,0,0,0,0,0,0,0,0,1,0.5,10,2.65,0.318,0,11.8,82.4,5.9,3.8,3.3,3.8,3.34,0.46,0.22,0.2,3.3
2026,83,Nate Adkins,DEN,TE,1,22,6.25,20,80,1,50,1,50,18,1,17,17,73.9,18,100,18,18,1,100,1,1,0,0,0,0.01,0,0,0,0,1,1,118.8,1,100,0,0,1,100,0,0,0,0,0,0,0,0,0,0,100,6.32,0.995,0,0,100,0,2.8,3,2.8,2.98,-0.18,2.8,2.98,3
2026,84,Evan Engram,DEN,TE,1,12,12.727272727272727,14.285714285714285,54.3,7,38.9,1,5.6,2.43,0.14,17,17,18.7,17,28.3,17,17,1,100,0,0,0,0,0,0.01,0,0,0,0,1,0.143,118.8,1,9.1,0,0,1,100,0,0,0,0,0,0,0,1,0,0,10,5.32,1.011,42.9,14.3,42.9,0,2.7,1.9,2.7,1.91,0.79,0.39,0.27,1.9
2026,85,John Bates,WAS,TE,2,11,40.74074074074074,75,22.5,11,12.6,3,3.9,1.55,0.27,4.67,14,2,17,3.7,5.67,8.5,2,66.7,13,6.5,4,2,0,0,0,1,1,0,0,0,81.3,3,6,0,0,2,66.7,0,0,0,0,0,0,0,0,0,0,20,-1.17,-0.084,9.1,9.1,81.8,0,3.7,3.4,1.85,1.68,0.17,0.34,0.31,3.4
2026,86,Isaiah Likely,NYG,TE,2,21,2.7027027027027026,9.090909090909092,29.2,2,40,2,50,8.5,1,6.5,13,68.4,17,170,8.5,8.5,2,100,4,2,0,0,0,0,0,0,0,0,1,0.5,102.1,2,66.7,0,0,2,100,0,0,0,0,0,0,0,0,2,1,100,1.3,0.786,0,50,50,0,3.7,3.8,1.85,1.9,-0.05,1.85,1.9,3.8
2026,87,Daniel Bellinger,TEN,TE,2,11,70.58823529411765,50,18.8,12,14.6,2,2.7,1.42,0.17,0,0,0,17,3.8,8.5,8.5,2,100,17,8.5,3,1.5,0,0.01,0,0,0,0,0,0,102.1,0,0,0,0,2,100,0,0,0,0,0,0,0,0,1,0.5,16.7,3.16,-0.34,16.7,50,33.3,0,3.7,3.3,1.85,1.67,0.18,0.31,0.28,3.3
2026,88,Blake Whiteheart,CLV,TE,1,12,58.333333333333336,66.66666666666666,100,14,73.7,2,11.1,1.21,0.14,4,8,11.6,17,13.4,8.5,17,1,50,14,14,0,0,1,0.51,100,1,0,0,1,0.071,118.8,1,10,0,0,1,50,0,0,0,0,0,0,0,0,0,0,11.8,2.1,1.257,14.3,7.1,78.6,0,8.7,4.6,8.7,4.64,4.06,0.62,0.33,4.6
2026,89,Brenton Strange,JAX,TE,2,13,9.67741935483871,30,82.6,6,100,3,50,2.83,0.5,10.33,31,63.3,17,51.5,5.67,8.5,2,66.7,0,0,0,0,0,0.2,0,1,0,0,1,0.167,81.3,3,75,0,0,2,66.7,0,0,0,0,0,0,0,0,0,0,60,-3.3,0.488,33.3,0,50,16.7,3.7,5.2,1.85,2.62,-0.77,0.62,0.87,5.2
2026,90,Colston Loveland,CHI,TE,3,12,33.33333333333333,50,95.6,27,84.4,4,15.4,0.63,0.15,4.25,17,11,17,12.5,4.25,5.67,3,75,13,4.33,2,0.67,0,0.01,0,0,0,0,2,0.074,82.3,3,23.1,1,25,3,75,0,0,0,0,0,0,0,0,0,0,20,-2.47,-0.119,33.3,22.2,40.7,3.7,4.7,5.1,1.57,1.71,-0.14,0.17,0.19,5.1
2026,91,Elijah Arroyo,SEA,TE,1,13,12.903225806451612,100,100,4,100,1,25,4.25,0.25,14,14,28.6,17,70.8,17,17,1,100,3,3,0,0,0,0.01,0,0,0,0,1,0.25,118.8,1,33.3,0,0,1,100,0,0,0,0,0,0,0,0,0,0,25,6.72,1.363,25,25,50,0,2.7,2.6,2.7,2.62,0.08,0.68,0.65,2.6
2026,92,Mo Alie-Cox,IND,TE,1,12,61.53846153846154,100,70.4,8,33.3,1,4.5,2,0.13,0,0,0,16,11.3,16,16,1,100,16,16,10,10,0,0,0,0,0,0,1,0.125,118.8,0,0,0,0,1,100,0,0,0,0,0,0,0,0,1,1,6.7,10.71,0.984,0,0,100,0,2.6,1.6,2.6,1.63,0.97,0.33,0.2,1.6
2026,93,Jonnu Smith,GB,TE,2,11,60,50,27,21,21.4,3,3.2,0.76,0.14,5.33,16,2.1,16,2.5,5.33,8,2,66.7,9,4.5,3,1.5,0,0.02,0,1,0,0,1,0.048,40.3,3,4.2,0,0,2,66.7,0,0,0,0,0,0,0,0,0,0,12.5,-1.37,-0.929,19,81,0,0,3.6,3.5,1.8,1.77,0.03,0.17,0.17,3.5
2026,94,Noah Fant,NO,TE,1,22,2.272727272727273,8.333333333333332,90.9,1,50,1,100,16,1,4,4,100,16,100,16,16,1,100,12,12,3,3,1,0.06,100,1,0,0,1,1,158.3,1,100,0,0,1,100,0,0,0,0,0,0,0,0,0,0,100,9.93,1.788,0,0,100,0,8.6,2,8.6,2,6.6,8.6,2,2
2026,95,Colson Yankoff,WAS,TE,2,11,86.66666666666667,66.66666666666666,25.6,26,29.9,2,2.6,0.62,0.08,1,2,0.3,16,3.5,8,8,2,100,14,7,2,1,0,0.01,0,0,0,0,1,0.038,100,1,2,0,0,2,100,0,0,0,0,0,0,0,0,0,0,8,2.54,-0.181,23.1,57.7,19.2,0,3.6,3.3,1.8,1.67,0.13,0.14,0.13,3.3
2026,96,Marlin Klein,HST,TE,1,13,40,100,39.3,2,50,1,25,8,0.5,14,14,38.9,16,42.1,16,16,1,100,2,2,1,1,0,0.01,0,0,0,0,1,0.5,118.8,0,0,0,0,1,100,0,0,0,0,0,0,0,0,0,0,50,5.72,1.046,0,50,50,0,2.6,2.7,2.6,2.72,-0.12,1.3,1.36,2.7
2026,97,Dalton Schultz,HST,TE,1,01,1.0204081632653061,4,100,1,100,1,100,15,1,7,7,100,15,100,15,15,1,100,8,8,3,3,0,0,0,0,0,0,1,1,118.8,0,0,0,0,1,100,0,0,0,0,0,0,0,0,0,0,100,7.69,0.948,0,0,100,0,2.5,2,2.5,1.96,0.54,2.5,1.96,2
2026,98,Juwan Johnson,NO,TE,2,12,15,16.666666666666664,70.3,15,60,3,13.6,1,0.2,10,30,14.9,15,9.3,5,7.5,2,66.7,3,1.5,3,1.5,1,1.13,50,3,1,1,1,0.067,118.1,3,16.7,0,0,2,66.7,0,0,0,0,1,1,100,0,0,0,17.6,-3.42,0.798,33.3,33.3,33.3,0,9.5,9.3,4.75,4.64,0.11,0.63,0.62,9.3
2026,99,Kyle Pitts,ATL,TE,2,12,22.641509433962266,33.33333333333333,43.6,12,57.1,2,11.8,1.25,0.17,18.5,37,21.9,15,9.2,7.5,15,1,50,5,5,0,0,0,0.05,0,0,0,0,1,0.083,75,2,14.3,0,0,2,100,1,0,0,0,1,0,0,0,0,0,20,-3.17,0.192,16.7,25,58.3,0,2.5,4.7,1.25,2.36,-1.11,0.21,0.39,4.7
2026,100,Trey McBride,ARZ,TE,2,21,3.9603960396039604,9.090909090909092,88.9,4,80,3,60,3.75,0.75,5.67,17,113.3,15,68.2,5,7.5,2,66.7,7,3.5,3,1.5,0,0.04,0,0,0,0,0,0,78.5,3,75,0,0,3,100,0,0,1,33.3,0,0,0,0,0,0,75,-1.46,0.189,25,25,50,0,3.5,5.6,1.75,2.79,-1.04,0.88,1.4,5.6
2026,101,Chig Okonkwo,WAS,TE,1,12,15,33.33333333333333,21.1,3,75,1,25,5,0.33,13,13,118.2,15,75,15,15,1,100,2,2,1,1,0,0,0,0,0,0,1,0.333,118.8,1,33.3,0,0,1,100,0,0,0,0,0,0,0,0,0,0,33.3,5.04,1.869,33.3,33.3,33.3,0,2.5,2.3,2.5,2.34,0.16,0.83,0.78,2.3
2026,102,Harold Fannin,CLV,TE,2,12,21.25,11.11111111111111,96.8,17,89.5,2,11.1,0.88,0.12,0,0,0,15,11.8,7.5,7.5,2,100,15,7.5,6,3,0,0.02,0,0,0,0,1,0.059,97.9,1,10,0,0,2,100,0,0,0,0,0,0,0,0,0,0,12.5,2.16,0.584,11.8,35.3,52.9,0,3.5,3.3,1.75,1.63,0.12,0.21,0.19,3.3
2026,103,Matthew Hibner,BLT,TE,2,13,56.52173913043478,66.66666666666666,78,13,86.7,2,14.3,1.15,0.15,3.5,7,5.1,15,8.6,7.5,7.5,2,100,11,5.5,2,1,1,0.9,100,1,1,1,2,0.154,137.5,1,8.3,0,0,2,100,0,0,0,0,0,0,0,0,0,0,16.7,1.07,1.44,7.7,30.8,53.8,7.7,9.5,8.1,4.75,4.07,0.68,0.73,0.63,8.1
2026,104,Colby Parkinson,LA,TE,3,13,37.5,60,95.2,15,48.4,3,10.3,0.93,0.2,1.67,5,1.9,14,4.8,4.67,7,2,66.7,12,6,2,1,0,0.41,0,2,0,0,1,0.067,77.1,3,15,0,0,3,100,0,0,1,33.3,0,0,0,0,0,0,12,-1.33,0.374,26.7,0,73.3,0,3.4,6.3,1.13,2.1,-0.97,0.23,0.42,6.3
2026,105,Luke Farrell,SF,TE,1,12,30,33.33333333333333,100,9,75,1,9.1,1.56,0.11,2,2,1.5,14,9.6,14,14,1,100,12,12,4,4,0,0,0,0,0,0,1,0.111,118.8,0,0,0,0,1,100,0,0,0,0,0,0,0,0,0,0,9.1,7.63,1.653,22.2,0,77.8,0,2.4,1.6,2.4,1.61,0.79,0.27,0.18,1.6
2026,106,Blake Whiteheart,CLV,TE,1,21,16.666666666666664,33.33333333333333,85.7,4,66.7,1,25,3.5,0.25,6,6,40,14,77.8,14,14,1,100,8,8,3,3,0,0,0,0,0,0,1,0.25,118.8,0,0,0,0,1,100,0,0,0,0,0,0,0,0,0,0,50,6.91,1.046,0,0,100,0,2.4,1.9,2.4,1.86,0.54,0.6,0.47,1.9
2026,107,Nate Adkins,DEN,TE,1,12,37.5,40,48.6,6,33.3,2,11.1,2.33,0.33,3,6,6.6,14,23.3,7,7,2,100,8,4,0,0,1,0.3,100,1,0,0,2,0.333,135.4,1,9.1,0,0,2,100,0,0,0,0,0,0,0,0,0,0,28.6,0.78,1.359,0,16.7,83.3,0,9.4,4.9,9.4,4.89,4.51,1.57,0.82,4.9
2026,108,Terrance Ferguson,LA,TE,1,13,40.476190476190474,16.666666666666664,65.5,17,54.8,2,6.9,0.82,0.12,12,24,9.3,14,4.8,7,7,2,100,-1,-0.5,-1,-0.5,1,0.76,33.3,1,1,1,1,0.059,135.4,1,5,0,0,2,100,0,0,0,0,1,1,100,0,0,0,10.5,-2.03,1.15,11.8,29.4,52.9,5.9,9.4,7.3,9.4,7.33,2.07,0.55,0.43,7.3
2026,109,Josh Cuevas,BLT,TE,1,11,21.428571428571427,100,6.3,3,5.6,1,2.3,4.67,0.33,3,3,0.7,14,3.1,14,14,1,100,11,11,4,4,0,0.02,0,0,0,0,1,0.333,118.8,1,3.2,0,0,1,100,0,0,0,0,0,0,0,0,0,0,33.3,7.68,1.188,0,66.7,33.3,0,2.4,1.8,2.4,1.76,0.64,0.8,0.59,1.8
2026,110,Eric Saubert,SEA,TE,1,12,71.42857142857143,66.66666666666666,44.4,10,28.6,2,5.9,1.3,0.2,1.5,3,1.3,13,3.7,6.5,13,1,50,10,10,4,4,1,0.08,20,1,0,0,1,0.1,110.4,0,0,0,0,1,50,0,0,0,0,0,0,0,0,1,1,15.4,0.69,0.726,0,0,100,0,8.3,2.1,8.3,2.1,6.2,0.83,0.21,2.1
2026,111,Josh Oliver,MIN,TE,1,12,25,40,88.9,4,36.4,2,20,3.25,0.5,6,12,17.1,13,16.5,6.5,13,1,50,1,1,1,1,0,0,0,0,0,0,1,0.25,70.8,2,28.6,0,0,1,50,0,0,0,0,0,0,0,0,0,0,33.3,-0.48,-0.056,0,0,100,0,2.3,2.4,2.3,2.41,-0.11,0.57,0.6,2.4
2026,112,Drew Sample,CIN,TE,2,11,50,60,39.4,20,27.4,3,4.4,0.65,0.15,-1.67,-5,-1.4,13,3.1,4.33,4.33,3,100,18,6,2,0.67,0,0.07,0,1,0,0,1,0.05,84.7,2,4.2,1,33.3,3,100,0,0,0,0,0,0,0,0,0,0,13.6,-1.86,0.025,5,0,80,15,4.3,5.1,2.15,2.54,-0.39,0.21,0.25,5.1
2026,113,Trey McBride,ARZ,TE,2,13,13.861386138613863,9.090909090909092,100,14,100,3,23.1,0.93,0.21,8.33,25,36.2,13,29.5,4.33,6.5,2,66.7,5,2.5,3,1.5,1,0.83,33.3,2,2,1,2,0.143,115.3,3,30,0,0,2,66.7,0,0,0,0,0,0,0,0,0,0,23.1,-3.53,0.395,0,42.9,57.1,0,9.3,7.8,4.65,3.92,0.73,0.66,0.56,7.8
2026,114,Isaiah Likely,NYG,TE,1,22,8.108108108108109,4.545454545454546,56.8,6,60,1,12.5,2.17,0.17,13,13,21,13,27.1,13,13,1,100,0,0,0,0,0,0,0,0,0,0,1,0.167,118.8,1,16.7,0,0,1,100,0,0,0,0,0,0,0,0,0,0,25,3.04,1.54,16.7,50,33.3,0,2.3,2.5,2.3,2.45,-0.15,0.38,0.41,2.5
2026,115,Charlie Kolar,LAC,TE,1,11,42.857142857142854,66.66666666666666,22.4,9,25,2,6.7,1.44,0.22,5.5,11,2.9,13,6.1,6.5,6.5,2,100,2,1,1,0.5,0,0.01,0,0,0,0,1,0.111,93.8,2,9.5,0,0,2,100,0,0,0,0,0,0,0,0,0,0,25,-0.29,0.273,22.2,33.3,44.4,0,3.3,3.7,3.3,3.72,-0.42,0.37,0.41,3.7
2026,116,Elijah Higgins,ARZ,TE,1,12,20,66.66666666666666,70.8,4,44.4,2,25,3.25,0.5,4.5,9,37.5,13,30.2,6.5,6.5,2,100,4,2,2,1,0,0,0,0,0,0,0,0,93.8,1,50,0,0,2,100,0,0,0,0,0,0,0,0,0,0,40,-0.34,0.378,25,25,50,0,3.3,3.5,3.3,3.54,-0.24,0.82,0.88,3.5
2026,117,Johnny Mundt,PHI,TE,2,11,89.65517241379311,100,35.6,26,27.1,4,5.1,0.46,0.15,0.25,1,0.2,12,2.3,3,4,3,75,14,4.67,2,0.67,0,0.01,0,0,0,0,0,0,77.1,1,2,0,0,4,100,0,0,0,0,0,0,0,0,0,0,15.4,-3.21,-0.731,7.7,46.2,46.2,0,4.2,6.7,2.1,3.33,-1.23,0.16,0.26,6.7
2026,118,Luke Schoonmaker,DAL,TE,1,11,29.411764705882355,50,9.2,5,5.8,1,1.3,2.4,0.2,12,12,2,12,1.9,12,12,1,100,0,0,0,0,0,0.02,0,0,0,0,0,0,116.7,1,1.9,0,0,1,100,0,0,0,0,0,0,0,0,0,0,20,3.33,0.87,20,20,60,0,2.2,2.3,2.2,2.3,-0.1,0.44,0.46,2.3
2026,119,Sam LaPorta,DET,TE,1,12,18.627450980392158,11.11111111111111,97.6,19,86.4,2,9.5,0.63,0.11,4.5,9,5.6,12,9.8,6,12,1,50,12,12,2,2,0,0,0,0,0,0,1,0.053,68.8,0,0,0,0,1,50,0,0,0,0,0,0,0,0,0,0,10,-0.27,0.137,26.3,10.5,57.9,5.3,2.2,1.6,2.2,1.63,0.57,0.12,0.09,1.6
2026,120,Colston Loveland,CHI,TE,1,13,18.51851851851852,12.5,100,15,93.8,1,7.7,0.8,0.07,1,1,1.4,12,15,12,12,1,100,11,11,6,6,0,0,0,0,0,0,1,0.067,116.7,1,14.3,0,0,1,100,0,0,0,0,0,0,0,0,0,0,9.1,6.22,0.436,60,20,20,0,2.2,1.7,2.2,1.68,0.52,0.15,0.11,1.7
2026,121,Ian Thomas,LV,TE,1,11,25,100,10.4,2,6.7,1,3.4,5.5,0.5,1,1,0.4,11,4.9,11,11,1,100,10,10,7,7,0,0,0,0,0,0,1,0.5,112.5,0,0,0,0,1,100,0,0,0,0,0,0,0,0,1,1,50,5.22,0.722,50,0,50,0,2.1,1.7,2.1,1.65,0.45,1.05,0.83,1.7
2026,122,Tanner Hudson,CIN,TE,2,12,61.53846153846154,66.66666666666666,17.6,8,33.3,2,9.1,1.38,0.25,3,6,2.6,11,5,5.5,5.5,2,100,5,2.5,1,0.5,0,0.01,0,0,0,0,0,0,89.6,2,11.8,0,0,2,100,0,0,0,0,0,0,0,0,0,0,33.3,-0.72,-0.155,12.5,25,62.5,0,3.1,3.4,1.55,1.68,-0.13,0.39,0.42,3.4
2026,123,Dawson Knox,BUF,TE,2,13,34.090909090909086,50,91.7,15,68.2,2,11.1,0.73,0.13,1.5,3,1.2,11,6.8,5.5,5.5,2,100,8,4,4,2,0,0,0,0,0,0,1,0.067,89.6,1,12.5,0,0,2,100,0,0,0,0,0,0,0,0,0,0,12.5,-0.57,0.624,0,0,100,0,3.1,3.3,1.55,1.67,-0.12,0.21,0.22,3.3
2026,124,Dalton Kincaid,BUF,TE,1,21,1.4705882352941175,5.88235294117647,100,1,100,1,100,11,1,12,12,100,11,100,11,11,1,100,-1,-1,0,0,0,0.03,0,0,0,0,1,1,112.5,0,0,0,0,1,100,0,0,0,0,1,1,100,0,0,0,100,2.33,0.659,0,0,100,0,2.1,1.7,2.1,1.74,0.36,2.1,1.74,1.7
2026,125,Adam Trautman,DEN,TE,1,12,50,100,97.1,10,55.6,3,16.7,1,0.3,-0.33,-1,-1.1,10,16.7,3.33,5,2,66.7,8,4,3,1.5,0,0,0,0,0,0,0,0,71.5,1,9.1,1,33.3,3,100,0,0,1,33.3,0,0,0,0,0,0,17.6,-2.51,-0.222,0,0,100,0,3,4.8,3,4.82,-1.82,0.3,0.48,4.8
2026,126,Jake Ferguson,DAL,TE,1,13,4.054054054054054,9.090909090909092,100,3,75,1,25,3.33,0.33,15,15,60,10,55.6,10,10,1,100,0,0,0,0,1,0.85,100,1,1,1,1,0.333,147.9,1,33.3,0,0,1,100,0,0,0,0,0,0,0,0,0,0,33.3,-0.64,1.874,0,33.3,66.7,0,8,6.9,8,6.91,1.09,2.67,2.3,6.9
2026,127,Oronde Gadsden,LAC,TE,1,12,20.454545454545457,14.285714285714285,66.7,9,56.3,1,6.7,1.11,0.11,16,16,12.3,10,7.5,10,10,1,100,0,0,0,0,1,0.81,100,1,1,1,1,0.111,147.9,1,7.7,0,0,1,100,0,0,0,0,0,0,0,0,0,0,10,-0.19,2.029,33.3,33.3,22.2,11.1,8,6.7,8,6.69,1.31,0.89,0.74,6.7
2026,128,Zach Ertz,PHI,TE,1,11,100,100,13.6,11,39.3,2,8.7,0.82,0.18,4.5,9,5.4,9,6.4,4.5,9,1,50,5,5,1,1,0,0.03,0,1,0,0,0,0,62.5,2,12.5,0,0,1,50,0,0,0,0,0,0,0,0,0,0,16.7,-1.77,-0.417,0,36.4,63.6,0,1.9,1.9,1.9,1.85,0.05,0.17,0.17,1.9
2026,129,Evan Engram,DEN,TE,1,13,5.454545454545454,14.285714285714285,81.3,3,100,1,33.3,3,0.33,2,2,100,9,100,9,9,1,100,7,7,1,1,0,0,0,0,0,0,0,0,104.2,1,100,0,0,1,100,0,0,0,0,0,0,0,0,0,0,50,2.63,0.742,33.3,0,66.7,0,1.9,1.7,1.9,1.66,0.24,0.63,0.55,1.7
2026,130,Tommy Tremble,CAR,TE,1,11,48.148148148148145,11.11111111111111,35.6,26,26,1,1.1,0.35,0.04,6,6,0.8,9,1.4,9,9,1,100,3,3,1,1,0,0,0,0,0,0,1,0.038,104.2,0,0,0,0,1,100,0,0,0,0,0,0,0,0,0,0,4.5,1.91,1.166,3.8,65.4,30.8,0,1.9,1.9,1.9,1.85,0.05,0.07,0.07,1.9
2026,131,Luke Schoonmaker,DAL,TE,1,12,41.17647058823529,50,39.4,7,41.2,1,7.1,1.29,0.14,6,6,15.4,9,25.7,9,9,1,100,3,3,0,0,0,0,0,0,0,0,0,0,104.2,1,11.1,0,0,1,100,0,0,0,0,0,0,0,0,0,0,25,1.91,0.802,14.3,0,85.7,0,1.9,1.9,1.9,1.86,0.04,0.27,0.27,1.9
2026,132,Brenton Strange,JAX,TE,1,12,19.35483870967742,20,72.2,12,66.7,2,12.5,0.75,0.17,9.5,19,21.3,9,8.7,4.5,9,1,50,0,0,1,1,0,0.03,0,0,0,0,0,0,62.5,2,16.7,0,0,2,100,0,0,0,0,1,0,0,0,0,0,13.3,-3.01,0.127,8.3,58.3,33.3,0,1.9,3.7,1.9,3.75,-1.85,0.16,0.31,3.7
2026,133,Theo Johnson,NYG,TE,2,11,23.076923076923077,40,13.9,6,10.5,2,3.8,1.5,0.33,2.5,5,1.3,9,3.7,4.5,9,1,50,8,8,1,1,0,0,0,0,0,0,0,0,62.5,2,4.9,0,0,1,50,0,0,0,0,0,0,0,0,0,0,50,-1.42,0.155,0,50,50,0,1.9,1.7,0.95,0.83,0.12,0.32,0.28,1.7
2026,134,Jake Briningstool,KC,TE,1,12,28.57142857142857,50,5.2,2,6.9,1,3.8,4.5,0.5,4,4,2.6,9,4.8,9,9,1,100,5,5,0,0,0,0.01,0,0,0,0,0,0,104.2,0,0,0,0,1,100,0,0,0,0,0,0,0,0,0,0,50,2.93,0.793,50,0,50,0,1.9,1.8,1.9,1.76,0.14,0.95,0.88,1.8
2026,135,Nate Boerkircher,JAX,TE,1,12,63.1578947368421,50,94.4,12,66.7,1,6.3,0.75,0.08,1,1,1.1,9,8.7,9,9,1,100,8,8,1,1,0,0,0,0,0,0,0,0,104.2,1,8.3,0,0,1,100,0,0,0,0,0,0,0,0,0,0,6.7,3.22,0.932,25,25,50,0,1.9,1.6,1.9,1.56,0.34,0.16,0.13,1.6
2026,136,George Kittle,SF,TE,3,11,47.27272727272727,18.75,64.2,26,66.7,3,8.1,0.31,0.12,1,3,1.3,8,2.7,2.67,4,2,66.7,9,4.5,1,0.5,0,0.31,0,2,0,0,0,0,70.1,1,4.2,1,33.3,2,66.7,0,0,0,0,1,1,100,0,0,0,11.5,-3.43,-0.256,7.7,46.2,46.2,0,2.8,3.8,0.93,1.26,-0.33,0.11,0.15,3.8
2026,137,Charlie Kolar,LAC,TE,1,21,28.57142857142857,33.33333333333333,46.7,6,54.5,1,14.3,1.33,0.17,-1,-1,-3.8,8,11.8,8,8,1,100,9,9,4,4,0,0,0,0,0,0,0,0,100,0,0,0,0,1,100,0,0,0,0,0,0,0,0,0,0,16.7,3.1,0.717,33.3,0,66.7,0,1.8,1.6,1.8,1.6,0.2,0.3,0.27,1.6
2026,138,Nate Adkins,DEN,TE,1,11,31.25,20,14.6,5,7,1,1.5,1.6,0.2,4,4,0.9,8,1.6,8,8,1,100,4,4,0,0,1,0.36,33.3,1,0,0,1,0.2,139.6,0,0,0,0,1,100,0,0,0,0,0,0,0,0,0,0,12.5,1.93,2.025,0,0,100,0,7.8,3.6,7.8,3.65,4.15,1.56,0.73,3.6
2026,139,Michael Mayer,LV,TE,2,22,6.578947368421052,14.285714285714285,69.7,5,55.6,2,25,1.6,0.4,1,2,7.1,8,15.4,4,4,2,100,6,3,4,2,0,0,0,0,0,0,1,0.2,83.3,2,33.3,0,0,2,100,0,0,0,0,0,0,0,0,0,0,33.3,-1.46,0.069,0,20,80,0,2.8,3.3,1.4,1.63,-0.23,0.56,0.65,3.3
2026,140,Brevyn Spann-Ford,DAL,TE,1,13,10.526315789473683,33.33333333333333,100,2,50,1,25,4,0.5,1,1,4,8,44.4,8,8,1,100,7,7,1,1,0,0,0,0,0,0,0,0,100,1,33.3,0,0,1,100,0,0,0,0,0,0,0,0,0,0,33.3,2.22,0.574,100,0,0,0,1.8,1.6,1.8,1.63,0.17,0.9,0.81,1.6
2026,141,Jackson Meeks,DET,TE,1,13,85.71428571428571,100,28.6,6,54.5,1,11.1,1.33,0.17,5,5,6.9,8,10.7,8,8,1,100,3,3,1,1,0,0,0,0,0,0,0,0,100,0,0,0,0,1,100,0,0,0,0,1,1,100,0,0,0,25,1.52,0.58,83.3,0,16.7,0,1.8,1.2,1.8,1.22,0.58,0.3,0.2,1.2
2026,142,Oscar Delp,NO,TE,1,11,28.57142857142857,100,4.5,2,3,1,1.7,4,0.5,7,7,1.8,8,1.9,8,8,1,100,1,1,1,1,0,0,0,0,0,0,0,0,100,0,0,0,0,1,100,0,0,0,0,1,1,100,0,0,0,50,0.69,0.64,0,50,50,0,1.8,1.3,1.8,1.31,0.49,0.9,0.65,1.3
2026,143,Jonnu Smith,GB,TE,2,12,34.285714285714285,33.33333333333333,46,12,42.9,2,8,0.58,0.17,4.5,9,5.3,7,6.3,3.5,7,1,50,2,2,0,0,0,0,0,0,0,0,0,0,58.3,2,11.1,0,0,2,100,0,0,0,0,1,0,0,0,0,0,20,-2.77,-0.152,0,0,100,0,1.7,2.6,0.85,1.29,-0.44,0.14,0.22,2.6
2026,144,Juwan Johnson,NO,TE,2,13,4,16.666666666666664,100,4,66.7,3,50,1.75,0.75,5,15,40.5,7,50,2.33,3.5,2,66.7,2,1,2,1,1,1.35,50,2,2,1,1,0.25,109.7,3,60,0,0,3,100,0,0,0,0,2,1,50,0,0,0,50,-4.37,0.142,25,0,75,0,8.7,11.1,4.35,5.54,-1.19,2.17,2.77,11.1
2026,145,Colby Parkinson,LA,TE,2,11,52.5,40,32.7,21,24.1,2,2.5,0.33,0.1,2.5,5,0.7,7,1.2,3.5,7,1,50,10,10,3,3,0,0,0,0,0,0,0,0,58.3,1,1.7,1,50,1,50,0,0,0,0,0,0,0,0,1,1,10.5,-3.29,-0.241,19,9.5,71.4,0,1.7,1.6,0.85,0.78,0.07,0.08,0.07,1.6
2026,146,Quintin Morris,JAX,TE,1,11,45.45454545454545,50,16.9,5,8.1,1,1.7,1.4,0.2,3,3,0.6,7,1.5,7,7,1,100,4,4,2,2,0,0,0,0,0,0,0,0,95.8,1,2.4,0,0,1,100,0,0,0,0,0,0,0,0,0,0,14.3,0.68,0.514,0,20,80,0,1.7,1.6,1.7,1.64,0.06,0.34,0.33,1.6
2026,147,Brock Wright,DET,TE,2,12,44.827586206896555,66.66666666666666,90.5,13,59.1,2,9.5,0.54,0.15,1,2,1.2,7,5.7,3.5,3.5,2,100,5,2.5,1,0.5,0,0,0,0,0,0,0,0,81.3,0,0,0,0,2,100,0,0,0,0,0,0,0,0,0,0,10,-2.33,-0.336,7.7,0,92.3,0,2.7,3.4,1.35,1.69,-0.34,0.21,0.26,3.4
2026,148,Elijah Higgins,ARZ,TE,1,13,60,33.33333333333333,91.1,12,85.7,1,7.7,0.58,0.08,-2,-2,-2.9,7,15.9,7,7,1,100,9,9,3,3,0,0,0,0,0,0,1,0.083,95.8,1,10,0,0,1,100,0,0,0,0,0,0,0,0,1,1,9.1,2.15,0.703,16.7,0,83.3,0,1.7,1.6,1.7,1.57,0.13,0.14,0.13,1.6
2026,149,Kenyon Sadiq,NYJ,TE,1,13,9.090909090909092,7.6923076923076925,61.1,5,83.3,1,16.7,1.4,0.2,-8,-8,-160,7,21.9,7,7,1,100,15,15,5,5,0,0.01,0,0,0,0,0,0,95.8,1,50,1,100,1,100,0,0,0,0,0,0,0,0,0,0,25,0.9,0.369,20,0,80,0,1.7,1.5,1.7,1.46,0.24,0.34,0.29,1.5
2026,150,Austin Hooper,ATL,TE,1,13,36,16.666666666666664,100,9,90,1,11.1,0.67,0.11,5,5,13.9,6,6.9,6,6,1,100,1,1,1,1,0,0.01,0,0,0,0,0,0,91.7,1,12.5,0,0,1,100,0,0,0,0,0,0,0,0,0,0,11.1,-0.48,0.588,11.1,11.1,77.8,0,1.6,1.8,1.6,1.82,-0.22,0.18,0.2,1.8
2026,151,Tanner Hudson,CIN,TE,1,11,38.46153846153847,33.33333333333333,5.3,5,9.8,1,2.1,1.2,0.2,6,6,2.6,6,1.9,6,6,1,100,0,0,0,0,0,0.02,0,0,0,0,0,0,91.7,1,2.9,0,0,1,100,0,0,0,0,0,0,0,0,0,0,20,-1.09,0.314,20,80,0,0,1.6,1.9,1.6,1.87,-0.27,0.32,0.37,1.9
2026,152,Foster Moreau,HST,TE,1,12,42.30769230769231,25,90.9,11,68.8,2,13.3,0.55,0.18,3,3,2.7,6,8.2,3,6,1,50,3,3,0,0,0,0.01,0,0,0,0,0,0,56.3,0,0,0,0,1,50,0,0,0,0,0,0,0,0,0,0,15.4,-0.16,-0.193,9.1,0,90.9,0,1.6,1.7,1.6,1.73,-0.13,0.15,0.16,1.7
2026,153,Drew Sample,CIN,TE,2,12,47.5,40,83.8,19,59.4,2,6.9,0.32,0.11,5.5,11,3.8,6,2,3,6,1,50,0,0,0,0,0,0,0,0,0,0,0,0,56.3,0,0,0,0,1,50,0,0,0,0,1,0,0,0,0,0,9.1,-3.79,-0.109,0,10.5,73.7,15.8,1.6,1.8,0.8,0.92,-0.12,0.08,0.1,1.8
2026,154,Noah Fant,NO,TE,1,13,11.363636363636363,16.666666666666664,100,5,83.3,2,33.3,1.2,0.4,7.5,15,40.5,6,42.9,3,6,1,50,2,2,0,0,0,0,0,0,0,0,0,0,56.3,1,20,0,0,1,50,0,0,0,0,0,0,0,0,0,0,33.3,-4.4,-0.114,0,0,100,0,1.6,1.7,1.6,1.73,-0.13,0.32,0.35,1.7
2026,155,Daniel Bellinger,TEN,TE,2,12,23.52941176470588,50,100,4,50,2,28.6,1.5,0.5,1,2,6.3,6,18.2,3,6,1,50,6,6,1,1,0,0,0,0,0,0,0,0,56.3,0,0,0,0,1,50,0,0,0,0,0,0,0,0,0,0,33.3,-2.83,-0.206,0,25,50,25,1.6,1.7,0.8,0.84,-0.04,0.4,0.42,1.7
2026,156,Dalton Kincaid,BUF,TE,1,02,5.88235294117647,5.88235294117647,100,4,100,1,25,1.5,0.25,4,4,12.9,6,42.9,6,6,1,100,2,2,0,0,0,0,0,0,0,0,0,0,91.7,0,0,0,0,1,100,0,0,0,0,1,1,100,0,0,0,25,-0.07,-0.053,0,100,0,0,1.6,1.1,1.6,1.1,0.5,0.4,0.27,1.1
2026,157,Dalton Kincaid,BUF,TE,1,12,13.23529411764706,5.88235294117647,42.1,9,50,1,7.7,0.67,0.11,4,4,8.3,6,5,6,6,1,100,2,2,1,1,0,0,0,0,0,0,1,0.111,91.7,0,0,0,0,1,100,0,0,0,0,0,0,0,0,0,0,16.7,-0.07,-0.047,33.3,44.4,22.2,0,1.6,1.7,1.6,1.72,-0.12,0.18,0.19,1.7
2026,158,Ben Sinnott,WAS,TE,1,12,21.62162162162162,50,76.3,8,57.1,1,8.3,0.75,0.13,3,3,2.5,6,11.8,6,6,1,100,3,3,0,0,0,0,0,0,0,0,0,0,91.7,1,11.1,0,0,1,100,0,0,0,0,0,0,0,0,0,0,12.5,-0.32,0.327,0,12.5,75,12.5,1.6,1.6,1.6,1.65,-0.05,0.2,0.21,1.6
2026,159,Austin Hooper,ATL,TE,2,12,28.000000000000004,33.33333333333333,29.1,7,33.3,2,11.8,0.71,0.29,4,8,4.7,5,3.1,2.5,5,1,50,0,0,0,0,1,0.81,50,1,1,1,1,0.143,95.8,2,14.3,0,0,1,50,0,0,0,0,0,0,0,0,0,0,40,-4.23,1.611,0,0,100,0,7.5,6.3,3.75,3.15,0.6,1.07,0.9,6.3
2026,160,Tyler Higbee,LA,TE,1,13,28.57142857142857,23.076923076923077,50,14,45.2,3,10.3,0.36,0.21,11.33,34,13.1,5,1.7,1.67,5,1,33.3,4,4,1,1,1,0.5,33.3,1,0,0,1,0.071,81.9,2,10,0,0,1,33.3,0,0,0,0,0,0,0,0,0,0,17.6,-8.13,0.127,14.3,28.6,57.1,0,7.5,4.3,7.5,4.27,3.23,0.54,0.3,4.3
2026,161,Dawson Knox,BUF,TE,1,12,22.727272727272727,25,97.4,10,55.6,1,7.7,0.5,0.1,3,3,6.3,5,4.2,5,5,1,100,2,2,1,1,0,0,0,0,0,0,0,0,87.5,0,0,0,0,1,100,0,0,0,0,0,0,0,0,0,0,8.3,-1.32,-0.078,10,40,50,0,1.5,1.7,1.5,1.71,-0.21,0.15,0.17,1.7
2026,162,John Bates,WAS,TE,1,12,40.74074074074074,25,97.4,11,78.6,1,8.3,0.45,0.09,-5,-5,-4.1,5,9.8,5,5,1,100,10,10,3,3,0,0,0,0,0,0,0,0,87.5,1,11.1,1,100,1,100,0,0,0,0,0,0,0,0,0,0,9.1,0.63,0.316,9.1,9.1,81.8,0,1.5,1.5,1.5,1.51,-0.01,0.14,0.14,1.5
2026,163,Noah Gray,KC,TE,1,11,12.903225806451612,20,19.2,4,5.6,1,1.6,1.25,0.25,5,5,1.7,5,0.9,5,5,1,100,0,0,0,0,0,0.01,0,0,0,0,0,0,87.5,1,2.4,0,0,1,100,0,0,0,0,0,0,0,0,0,0,10,-1.48,0.435,0,0,100,0,1.5,1.8,1.5,1.82,-0.32,0.38,0.45,1.8
2026,164,Brock Wright,DET,TE,1,13,37.93103448275862,33.33333333333333,100,11,78.6,1,8.3,0.45,0.09,5,5,6,5,6.1,5,5,1,100,0,0,0,0,0,0,0,0,0,0,1,0.091,87.5,1,12.5,0,0,1,100,0,0,0,0,0,0,0,0,0,0,9.1,-1.48,0.996,9.1,27.3,63.6,0,1.5,1.8,1.5,1.77,-0.27,0.14,0.16,1.8
2026,165,Luke Farrell,SF,TE,1,22,13.333333333333334,33.33333333333333,100,4,66.7,1,16.7,1.25,0.25,0,0,0,5,7.9,5,5,1,100,5,5,5,5,0,0,0,0,0,0,0,0,87.5,1,16.7,0,0,1,100,0,0,0,0,0,0,0,0,0,0,16.7,-0.29,-0.128,0,25,75,0,1.5,1.6,1.5,1.64,-0.14,0.38,0.41,1.6
2026,166,Kyle Pitts,ATL,TE,1,13,18.867924528301888,16.666666666666664,76.9,10,100,1,11.1,0.5,0.1,4,4,11.1,5,5.7,5,5,1,100,1,1,0,0,0,0,0,0,0,0,0,0,87.5,1,12.5,0,0,1,100,0,0,0,0,0,0,0,0,0,0,11.1,-1.07,0.051,50,30,20,0,1.5,1.7,1.5,1.69,-0.19,0.15,0.17,1.7
2026,167,Hunter Long,ARZ,TE,1,13,42.857142857142854,100,86.7,6,42.9,1,7.7,0.83,0.17,4,4,5.8,5,11.4,5,5,1,100,1,1,0,0,0,0,0,0,0,0,0,0,87.5,0,0,0,0,1,100,0,0,0,0,0,0,0,0,0,0,8.3,-1.07,-0.177,0,0,100,0,1.5,1.7,1.5,1.72,-0.22,0.25,0.29,1.7
2026,168,Jeremy Ruckert,NYJ,TE,1,11,45.16129032258064,12.5,16.2,14,16.5,1,1.4,0.36,0.07,2,2,0.4,5,1,5,5,1,100,3,3,0,0,0,0.01,0,0,0,0,1,0.071,87.5,1,2.3,0,0,1,100,0,0,0,0,0,0,0,0,0,0,10,-1.37,0.238,7.1,57.1,35.7,0,1.5,1.7,1.5,1.67,-0.17,0.11,0.12,1.7
2026,169,Jake Ferguson,DAL,TE,3,12,14.864864864864865,36.36363636363637,66.7,11,64.7,4,28.6,0.45,0.36,-3.5,-14,-35.9,5,14.3,1.25,1.67,3,75,11,3.67,1,0.33,0,0.71,0,1,0,0,0,0,77.1,3,33.3,1,25,3,75,0,0,0,0,0,0,0,0,0,0,50,-4.18,-1.518,0,27.3,72.7,0,3.5,8.3,1.17,2.77,-1.6,0.32,0.76,8.3
2026,170,Brock Bowers,LV,TE,1,11,2.857142857142857,7.6923076923076925,2.1,1,100,1,100,5,1,3,3,100,5,100,5,5,1,100,2,2,2,2,0,0,0,0,0,0,0,0,87.5,1,100,0,0,1,100,0,0,0,0,1,1,100,0,0,0,100,-1.32,0.05,0,0,100,0,1.5,1,1.5,1.04,0.46,1.5,1.04,1
2026,171,Erick All,CIN,TE,1,12,42.857142857142854,50,50,6,18.8,1,3.4,0.83,0.17,-1,-1,-0.3,5,1.7,5,5,1,100,6,6,3,3,0,0,0,0,0,0,0,0,87.5,0,0,0,0,1,100,0,0,0,0,0,0,0,0,0,0,20,0.1,0.011,0,33.3,50,16.7,1.5,1.6,1.5,1.62,-0.12,0.25,0.27,1.6
2026,172,Colston Loveland,CHI,TE,2,11,46.913580246913575,25,73,38,58.5,2,3.5,0.13,0.05,8,16,4,5,1,2.5,5,1,50,3,3,1,1,0,0.32,0,2,1,0,0,0,56.3,2,5,0,0,1,50,0,0,0,0,0,0,0,0,0,0,4.7,-5.83,0.016,31.6,28.9,36.8,2.6,1.5,3.2,0.75,1.61,-0.86,0.04,0.08,3.2
2026,173,Kenyon Sadiq,NYJ,TE,1,14,5.454545454545454,7.6923076923076925,100,3,100,1,50,1.67,0.33,-3,-3,0,5,100,5,5,1,100,8,8,0,0,0,0,0,0,0,0,0,0,87.5,1,50,1,100,1,100,0,0,0,0,0,0,0,0,1,1,50,-0.87,-0.246,33.3,0,0,66.7,1.5,1.5,1.5,1.52,-0.02,0.5,0.51,1.5
2026,174,Durham Smythe,BLT,TE,1,13,33.33333333333333,50,92.7,8,53.3,1,7.1,0.5,0.13,4,4,2.9,4,2.3,4,4,1,100,0,0,0,0,0,0.37,0,1,0,0,0,0,83.3,1,8.3,0,0,1,100,0,0,0,0,0,0,0,0,0,0,9.1,-2.07,0.078,12.5,0,75,12.5,1.4,3.6,1.4,3.65,-2.25,0.17,0.46,3.6
2026,175,AJ Barner,SEA,TE,2,11,44.11764705882353,16.666666666666664,80.7,30,63.8,2,4.5,0.13,0.07,-1,-2,-0.6,4,1.5,2,4,1,50,7,7,2,2,0,0,0,0,0,0,0,0,16.7,1,2.9,0,0,1,50,0,0,0,0,0,0,0,0,0,0,5.6,-3.82,-4.409,10,30,60,0,1.4,1.6,0.7,0.8,-0.1,0.05,0.05,1.6
2026,176,Will Kacmarek,MIA,TE,1,11,26.31578947368421,50,14.3,5,6.6,1,1.7,0.8,0.2,3,3,0.7,4,0.8,4,4,1,100,1,1,1,1,0,0,0,0,0,0,0,0,83.3,0,0,0,0,1,100,0,0,0,0,0,0,0,0,0,0,14.3,-2.32,-0.727,0,0,100,0,1.4,1.7,1.4,1.66,-0.26,0.28,0.33,1.7
2026,177,Michael Mayer,LV,TE,1,23,1.3157894736842104,7.142857142857142,100,1,100,1,100,3,1,8,8,100,3,100,3,3,1,100,0,0,0,0,1,0.54,100,1,1,1,1,1,118.8,1,100,0,0,1,100,0,0,0,0,0,0,0,0,0,0,100,-4.72,0.94,0,0,100,0,7.3,3.9,7.3,3.88,3.42,7.3,3.88,3.9
2026,178,Robert Tonyan,PIT,TE,1,13,100,100,100,3,75,1,25,0.67,0.33,0,0,0,2,6.1,2,2,1,100,2,2,2,2,0,0.06,0,1,0,0,0,0,79.2,1,50,0,0,1,100,0,0,0,0,0,0,0,0,0,0,25,-3.29,-0.437,0,100,0,0,1.2,1.9,1.2,1.86,-0.66,0.4,0.62,1.9
2026,179,Isaiah Likely,NYG,TE,1,13,2.7027027027027026,4.545454545454546,100,2,100,1,100,1,0.5,-2,-2,0,2,100,2,2,1,100,4,4,0,0,1,0.4,100,1,0,0,1,0.5,118.8,1,100,0,0,1,100,0,0,0,0,0,0,0,0,0,0,100,-2.85,0.941,100,0,0,0,7.2,3.4,7.2,3.43,3.77,3.6,1.72,3.4
2026,180,Eli Raridon,NE,TE,1,23,7.6923076923076925,50,100,1,100,1,100,2,1,7,7,100,2,100,2,2,1,100,0,0,0,0,1,0.98,100,1,1,1,1,1,118.8,1,100,0,0,1,100,0,0,0,0,0,0,0,0,0,0,100,-5.31,0.841,0,0,100,0,7.2,7,7.2,7.03,0.17,7.2,7.03,7
2026,181,Foster Moreau,HST,TE,1,14,3.8461538461538463,12.5,100,1,100,1,100,1,1,8,8,100,1,100,1,1,1,100,0,0,0,0,1,0.88,100,1,1,1,1,1,118.8,1,100,0,0,1,100,0,0,0,0,0,0,0,0,0,0,100,-6.72,0.516,0,0,100,0,7.1,6.3,7.1,6.34,0.76,7.1,6.34,6.3
2026,182,Dawson Knox,BUF,TE,1,14,2.272727272727273,25,100,1,50,1,100,1,1,2,2,100,1,100,1,1,1,100,0,0,0,0,1,0.85,100,1,1,1,1,1,118.8,1,100,0,0,1,100,0,0,0,0,0,0,0,0,0,0,100,-5.37,0.813,0,0,0,100,7.1,6.2,7.1,6.2,0.9,7.1,6.2,6.2
2026,183,Chig Okonkwo,WAS,TE,1,13,10,33.33333333333333,17.4,2,50,1,50,0.5,0.5,2,2,100,1,100,1,1,1,100,-1,-1,-1,-1,0,0,0,0,0,0,0,0,79.2,1,100,0,0,1,100,0,0,0,0,0,0,0,0,0,0,100,-5.37,-0.504,50,0,50,0,1.1,1.6,1.1,1.63,-0.53,0.55,0.81,1.6
2026,184,Sam LaPorta,DET,TE,1,14,0.9803921568627451,5.555555555555555,100,1,100,1,100,1,1,2,2,100,1,100,1,1,1,100,0,0,0,0,1,0.96,100,1,1,1,1,1,118.8,1,100,0,0,1,100,0,0,0,0,0,0,0,0,0,0,100,-5.37,0.691,0,0,100,0,7.1,6.8,7.1,6.83,0.27,7.1,6.83,6.8
2026,185,Chris Manhertz,NYG,TE,1,12,16.666666666666664,0,19,2,11.8,0,0,0,0,,0,0,0,0,,,0,,0,,0,,0,0,0,0,0,0,0,0,,0,0,0,,0,,0,,0,,0,0,,0,0,,0,,,0,50,50,0,0,0,0,0,0,0,0,0
2026,186,Chris Manhertz,NYG,TE,2,13,16.666666666666664,0,100,2,100,0,0,0,0,,0,0,0,0,,,0,,0,,0,,0,0,0,0,0,0,0,0,,0,0,0,,0,,0,,0,,0,0,,0,0,,0,,,0,0,100,0,0,0,0,0,0,0,0,0
2026,187,Chris Manhertz,NYG,TE,3,22,66.66666666666666,0,95.5,8,80,0,0,0,0,,0,0,0,0,,,0,,0,,0,,0,0,0,0,0,0,0,0,,0,0,0,,0,,0,,0,,0,0,,0,0,,0,,,0,12.5,87.5,0,0,0,0,0,0,0,0,0
2026,188,Darren Waller,CAR,TE,2,13,9.090909090909092,0,83.3,6,100,0,0,0,0,,0,0,0,0,,,0,,0,,0,,0,0,0,0,0,0,0,0,,0,0,0,,0,,0,,0,,0,0,,0,0,,0,,,16.7,16.7,66.7,0,0,0,0,0,0,0,0,0
2026,189,Hunter Henry,NE,TE,1,21,9.090909090909092,11.11111111111111,47.8,6,75,1,14.3,0,0.17,22,22,50,0,0,0,0,0,0,0,0,0,0,0,0,0,0,0,0,0,0,0,1,25,0,0,0,0,1,0,0,0,0,0,0,0,0,0,20,-10.57,-4.119,0,0,100,0,0,0,0,0,0,0,0,0
2026,190,Hunter Henry,NE,TE,1,22,1.5151515151515151,0,100,1,100,0,0,0,0,,0,0,0,0,,,0,,0,,0,,0,0,0,0,0,0,0,0,,0,0,0,,0,,0,,0,,0,0,,0,0,,0,,,0,0,100,0,0,0,0,0,0,0,0,0
2026,191,Hunter Henry,NE,TE,1,23,1.5151515151515151,0,100,1,100,0,0,0,0,,0,0,0,0,,,0,,0,,0,,0,0,0,0,0,0,0,0,,0,0,0,,0,,0,,0,,0,0,,0,0,,0,,,0,0,100,0,0,0,0,0,0,0,0,0
2026,192,Tyler Higbee,LA,TE,1,12,2.0408163265306123,0,20,1,25,0,0,0,0,,0,0,0,0,,,0,,0,,0,,0,0,0,0,0,0,0,0,,0,0,0,,0,,0,,0,,0,0,,0,0,,0,,,0,100,0,0,0,0,0,0,0,0,0,0
2026,193,Mo Alie-Cox,IND,TE,3,13,38.46153846153847,0,100,5,62.5,0,0,0,0,,0,0,0,0,,,0,,0,,0,,0,0,0,0,0,0,0,0,,0,0,0,,0,,0,,0,,0,0,,0,0,,0,,,0,0,100,0,0,0,0,0,0,0,0,0
2026,194,Johnny Mundt,PHI,TE,2,12,10.344827586206897,0,91.9,3,33.3,0,0,0,0,,0,0,0,0,,,0,,0,,0,,0,0,0,0,0,0,0,0,,0,0,0,,0,,0,,0,,0,0,,0,0,,0,,,0,0,100,0,0,0,0,0,0,0,0,0
2026,195,George Kittle,SF,TE,2,02,3.6363636363636362,0,100,2,100,0,0,0,0,,0,0,0,0,,,0,,0,,0,,0,0,0,0,0,0,0,0,,0,0,0,,0,,0,,0,,0,0,,0,0,,0,,,0,0,100,0,0,0,0,0,0,0,0,0
2026,196,Eric Saubert,SEA,TE,1,22,7.142857142857142,0,16.7,1,100,0,0,0,0,,0,0,0,0,,,0,,0,,0,,0,0,0,0,0,0,0,0,,0,0,0,,0,,0,,0,,0,0,,0,0,,0,,,0,0,100,0,0,0,0,0,0,0,0,0
2026,197,Evan Engram,DEN,TE,1,22,1.8181818181818181,0,20,1,50,0,0,0,0,,0,0,0,0,,,0,,0,,0,,0,0,0,0,0,0,0,0,,0,0,0,,0,,0,,0,,0,0,,0,0,,0,,,0,100,0,0,0,0,0,0,0,0,0,0
2026,198,Tyler Conklin,DET,TE,2,13,75,0,28.6,3,75,0,0,0,0,,0,0,0,0,,,0,,0,,0,,0,0,0,0,0,0,0,0,,0,0,0,,0,,0,,0,,0,0,,0,0,,0,,,33.3,0,66.7,0,0,0,0,0,0,0,0,0
2026,199,Tyler Conklin,DET,TE,1,14,25,0,50,1,100,0,0,0,0,,0,0,0,0,,,0,,0,,0,,0,0,0,0,0,0,0,0,,0,0,0,,0,,0,,0,,0,0,,0,0,,0,,,0,0,100,0,0,0,0,0,0,0,0,0
2026,200,Dallas Goedert,PHI,TE,1,12,5.88235294117647,0,54.1,2,33.3,0,0,0,0,,0,0,0,0,,,0,,0,,0,,0,0,0,0,0,0,0,0,,0,0,0,,0,,0,,0,,0,0,,0,0,,0,,,0,0,100,0,0,0,0,0,0,0,0,0
2026,201,Dallas Goedert,PHI,TE,1,13,2.941176470588235,0,100,1,100,0,0,0,0,,0,0,0,0,,,0,,0,,0,,0,0,0,0,0,0,0,0,,0,0,0,,0,,0,,0,,0,0,,0,0,,0,,,0,0,100,0,0,0,0,0,0,0,0,0
2026,202,Ian Thomas,LV,TE,2,12,62.5,0,41.1,5,12.8,0,0,0,0,,0,0,0,0,,,0,,0,,0,,0,0,0,0,0,0,0,0,,0,0,0,,0,,0,,0,,0,0,,0,0,,0,,,0,0,100,0,0,0,0,0,0,0,0,0
2026,203,Ian Thomas,LV,TE,1,22,12.5,0,84.8,1,11.1,0,0,0,0,,0,0,0,0,,,0,,0,,0,,0,0,0,0,0,0,0,0,,0,0,0,,0,,0,,0,,0,0,,0,0,,0,,,100,0,0,0,0,0,0,0,0,0,0,0
2026,204,Dalton Schultz,HST,TE,1,12,5.1020408163265305,4,21.2,5,31.3,1,6.7,0,0.2,14,14,12.4,0,0,0,0,0,0,0,0,0,0,0,0,0,0,0,0,0,0,39.6,1,10,0,0,0,0,0,0,0,0,0,0,0,0,0,0,25,-10.28,-0.429,0,40,60,0,0,0,0,0.01,-0.01,0,0,0
2026,205,Dalton Schultz,HST,TE,3,13,4.081632653061225,0,42.9,4,100,0,0,0,0,,0,0,0,0,,,0,,0,,0,,0,0,0,0,0,0,0,0,,0,0,0,,0,,0,,0,,0,0,,0,0,,0,,,25,25,50,0,0,0,0,0,0,0,0,0
2026,206,Dalton Schultz,HST,TE,1,14,1.0204081632653061,0,100,1,100,0,0,0,0,,0,0,0,0,,,0,,0,,0,,0,0,0,0,0,0,0,0,,0,0,0,,0,,0,,0,,0,0,,0,0,,0,,,0,0,100,0,0,0,0,0,0,0,0,0
2026,207,Durham Smythe,BLT,TE,1,11,12.5,0,22.5,3,5.6,0,0,0,0,,0,0,0,0,,,0,,0,,0,,0,0,0,0,0,0,0,0,,0,0,0,,0,,0,,0,,0,0,,0,0,,0,,,0,0,100,0,0,0,0,0,0,0,0,0
2026,208,Durham Smythe,BLT,TE,1,12,54.166666666666664,50,79.6,13,61.9,1,5.6,0,0.08,-3,-3,-1.6,0,0,0,0,0,0,0,0,0,0,0,0,0,0,0,0,0,0,39.6,0,0,0,0,0,0,0,0,0,0,0,0,0,0,0,0,10,-5.87,-0.827,7.7,23.1,69.2,0,0,0.1,0,0.05,-0.05,0,0,0.1
2026,209,Mike Gesicki,CIN,TE,2,21,3.4482758620689653,0,28.6,2,50,0,0,0,0,,0,0,0,0,,,0,,0,,0,,0,0,0,0,0,0,0,0,,0,0,0,,0,,0,,0,,0,0,,0,0,,0,,,0,100,0,0,0,0,0,0,0,0,0,0
2026,210,Foster Moreau,HST,TE,2,13,7.6923076923076925,0,92.9,2,50,0,0,0,0,,0,0,0,0,,,0,,0,,0,,0,0,0,0,0,0,0,0,,0,0,0,,0,,0,,0,,0,0,,0,0,,0,,,0,50,50,0,0,0,0,0,0,0,0,0
2026,211,T.J. Hockenson,MIN,TE,3,12,12.903225806451612,0,97.2,8,72.7,0,0,0,0,,0,0,0,0,,,0,,0,,0,,0,0,0,0,0,0,0,0,,0,0,0,,0,,0,,0,,0,0,,0,0,,0,,,0,37.5,62.5,0,0,0,0,0,0,0,0,0
2026,212,T.J. Hockenson,MIN,TE,1,21,1.6129032258064515,0,6.7,1,12.5,0,0,0,0,,0,0,0,0,,,0,,0,,0,,0,0,0,0,0,0,0,0,,0,0,0,,0,,0,,0,,0,0,,0,0,,0,,,0,0,100,0,0,0,0,0,0,0,0,0
2026,213,Josh Oliver,MIN,TE,1,11,12.5,20,18.1,2,3.2,1,1.9,0,0.5,-4,-4,-1.1,0,0,0,0,0,0,0,0,0,0,0,0,0,0,0,0,0,0,39.6,1,2.9,1,100,0,0,0,0,0,0,0,0,0,0,0,0,50,-6.34,-0.609,0,0,100,0,0,0,0,0.02,-0.02,0,0.01,0
2026,214,Josh Oliver,MIN,TE,2,22,25,0,100,4,66.7,0,0,0,0,,0,0,0,0,,,0,,0,,0,,0,0,0,0,0,0,0,0,,0,0,0,,0,,0,,0,,0,0,,0,0,,0,,,0,0,100,0,0,0,0,0,0,0,0,0
2026,215,Chris Myarick,LV,TE,1,12,100,0,1.8,1,10,0,0,0,0,,0,0,0,0,,,0,,0,,0,,0,0,0,0,0,0,0,0,,0,0,0,,0,,0,,0,,0,0,,0,0,,0,,,100,0,0,0,0,0,0,0,0,0,0,0
2026,216,Drew Sample,CIN,TE,1,21,2.5,0,71.4,1,25,0,0,0,0,,0,0,0,0,,,0,,0,,0,,0,0,0,0,0,0,0,0,,0,0,0,,0,,0,,0,,0,0,,0,0,,0,,,0,0,100,0,0,0,0,0,0,0,0,0
2026,217,Noah Fant,NO,TE,2,21,6.8181818181818175,0,100,3,75,0,0,0,0,,0,0,0,0,,,0,,0,,0,,0,0,0,0,0,0,0,0,,0,0,0,,0,,0,,0,,0,0,,0,0,,0,,,0,0,100,0,0,0,0,0,0,0,0,0
2026,218,Dawson Knox,BUF,TE,3,02,9.090909090909092,0,100,4,100,0,0,0,0,,0,0,0,0,,,0,,0,,0,,0,0,0,0,0,0,0,0,,0,0,0,,0,,0,,0,,0,0,,0,0,,0,,,0,100,0,0,0,0,0,0,0,0,0,0
2026,219,Dawson Knox,BUF,TE,1,04,2.272727272727273,0,100,1,100,0,0,0,0,,0,0,0,0,,,0,,0,,0,,0,0,0,0,0,0,0,0,,0,0,0,,0,,0,,0,,0,0,,0,0,,0,,,0,100,0,0,0,0,0,0,0,0,0,0
2026,220,Dawson Knox,BUF,TE,3,11,29.545454545454547,0,35.5,13,24.5,0,0,0,0,,0,0,0,0,,,0,,0,,0,,0,0,0,0,0,0,0,0,,0,0,0,,0,,0,,0,,0,0,,0,0,,0,,,30.8,23.1,46.2,0,0,0,0,0,0,0,0,0
2026,221,Juwan Johnson,NO,TE,1,22,1,0,36.4,1,50,0,0,0,0,,0,0,0,0,,,0,,0,,0,,0,0,0,0,0,0,0,0,,0,0,0,,0,,0,,0,,0,0,,0,0,,0,,,0,0,100,0,0,0,0,0,0,0,0,0
2026,222,Colby Parkinson,LA,TE,2,12,10,0,100,4,100,0,0,0,0,,0,0,0,0,,,0,,0,,0,,0,0,0,0,0,0,0,0,,0,0,0,,0,,0,,0,,0,0,,0,0,,0,,,25,25,50,0,0,0,0,0,0,0,0,0
2026,223,Cole Kmet,CHI,TE,1,02,2.1739130434782608,0,100,1,100,0,0,0,0,,0,0,0,0,,,0,,0,,0,,0,0,0,0,0,0,0,0,,0,0,0,,0,,0,,0,,0,0,,0,0,,0,,,0,100,0,0,0,0,0,0,0,0,0,0
2026,224,Cole Kmet,CHI,TE,3,11,15.217391304347828,0,25,7,10.8,0,0,0,0,,0,0,0,0,,,0,,0,,0,,0,0,0,0,0,0,0,0,,0,0,0,,0,,0,,0,,0,0,,0,0,,0,,,0,0,100,0,0,0,0,0,0,0,0,0
2026,225,Cole Kmet,CHI,TE,1,12,52.17391304347826,20,100,24,75,1,3.8,0,0.04,6,6,3.9,0,0,0,0,0,0,0,0,0,0,0,0.01,0,0,0,0,0,0,39.6,1,7.7,0,0,1,100,0,0,1,100,0,0,0,0,0,0,4.5,-7.09,-0.594,25,12.5,54.2,8.3,0,1.9,0,1.89,-1.89,0,0.08,1.9
2026,226,Cole Kmet,CHI,TE,1,21,2.1739130434782608,20,100,1,100,1,100,0,1,9,9,100,0,0,0,0,0,0,0,0,0,0,0,0,0,0,0,0,0,0,39.6,0,0,0,0,0,0,0,0,0,0,0,0,0,0,0,0,100,-7.26,-1.192,0,0,100,0,0,0,0,0,0,0,0,0
2026,227,Adam Trautman,DEN,TE,3,11,15,0,19.8,3,4.2,0,0,0,0,,0,0,0,0,,,0,,0,,0,,0,0,0,0,0,0,0,0,,0,0,0,,0,,0,,0,,0,0,,0,0,,0,,,33.3,33.3,33.3,0,0,0,0,0,0,0,0,0
2026,228,Adam Trautman,DEN,TE,2,13,10,0,100,2,66.7,0,0,0,0,,0,0,0,0,,,0,,0,,0,,0,0,0,0,0,0,0,0,,0,0,0,,0,,0,,0,,0,0,,0,0,,0,,,0,0,100,0,0,0,0,0,0,0,0,0
2026,229,Adam Trautman,DEN,TE,2,21,10,0,66.7,2,100,0,0,0,0,,0,0,0,0,,,0,,0,,0,,0,0,0,0,0,0,0,0,,0,0,0,,0,,0,,0,,0,0,,0,0,,0,,,0,0,100,0,0,0,0,0,0,0,0,0
2026,230,Adam Trautman,DEN,TE,2,22,10,0,100,2,100,0,0,0,0,,0,0,0,0,,,0,,0,,0,,0,0,0,0,0,0,0,0,,0,0,0,,0,,0,,0,,0,0,,0,0,,0,,,0,50,50,0,0,0,0,0,0,0,0,0
2026,231,Adam Trautman,DEN,TE,1,23,5,0,100,1,100,0,0,0,0,,0,0,0,0,,,0,,0,,0,,0,0,0,0,0,0,0,0,,0,0,0,,0,,0,,0,,0,0,,0,0,,0,,,0,0,100,0,0,0,0,0,0,0,0,0
2026,232,Charlie Woerner,ATL,TE,1,02,8,0,100,2,66.7,0,0,0,0,,0,0,0,0,,,0,,0,,0,,0,0,0,0,0,0,0,0,,0,0,0,,0,,0,,0,,0,0,,0,0,,0,,,50,50,0,0,0,0,0,0,0,0,0,0
2026,233,Charlie Woerner,ATL,TE,1,11,20,100,27.2,5,8.9,1,2,0,0.2,0,0,0,0,0,0,0,0,0,0,0,0,0,0,0,0,0,0,0,0,0,39.6,1,2.8,0,0,0,0,0,0,0,0,0,0,0,0,0,0,12.5,-5.29,-0.552,0,20,80,0,0,0,0,0.01,-0.01,0,0,0
2026,234,Charlie Woerner,ATL,TE,3,12,32,0,85.5,8,38.1,0,0,0,0,,0,0,0,0,,,0,,0,,0,,0,0,0,0,0,0,0,0,,0,0,0,,0,,0,,0,,0,0,,0,0,,0,,,0,0,100,0,0,0,0,0,0,0,0,0
2026,235,Charlie Woerner,ATL,TE,3,13,40,0,100,10,100,0,0,0,0,,0,0,0,0,,,0,,0,,0,,0,0,0,0,0,0,0,0,,0,0,0,,0,,0,,0,,0,0,,0,0,,0,,,40,0,60,0,0,0,0,0,0,0,0,0
2026,236,Quintin Morris,JAX,TE,1,12,27.27272727272727,50,29.6,3,16.7,1,6.3,0,0.33,2,2,2.2,0,0,0,0,0,0,0,0,0,0,0,0,0,0,0,0,0,0,39.6,1,8.3,0,0,1,100,0,0,1,100,0,0,0,0,0,0,50,-6.37,-0.527,0,0,100,0,0,1.7,0,1.68,-1.68,0,0.56,1.7
2026,237,Quintin Morris,JAX,TE,2,13,27.27272727272727,0,100,3,50,0,0,0,0,,0,0,0,0,,,0,,0,,0,,0,0,0,0,0,0,0,0,,0,0,0,,0,,0,,0,,0,0,,0,0,,0,,,0,0,100,0,0,0,0,0,0,0,0,0
2026,238,John Bates,WAS,TE,2,13,18.51851851851852,0,100,5,83.3,0,0,0,0,,0,0,0,0,,,0,,0,,0,,0,0,0,0,0,0,0,0,,0,0,0,,0,,0,,0,,0,0,,0,0,,0,,,0,0,100,0,0,0,0,0,0,0,0,0
2026,239,Noah Gray,KC,TE,2,13,19.35483870967742,0,93.3,6,75,0,0,0,0,,0,0,0,0,,,0,,0,,0,,0,0,0,0,0,0,0,0,,0,0,0,,0,,0,,0,,0,0,,0,0,,0,,,33.3,16.7,50,0,0,0,0,0,0,0,0,0
2026,240,Brock Wright,DET,TE,2,11,13.793103448275861,0,12.8,4,4.9,0,0,0,0,,0,0,0,0,,,0,,0,,0,,0,0,0,0,0,0,0,0,,0,0,0,,0,,0,,0,,0,0,,0,0,,0,,,0,25,75,0,0,0,0,0,0,0,0,0
2026,241,Brock Wright,DET,TE,1,14,3.4482758620689653,0,100,1,100,0,0,0,0,,0,0,0,0,,,0,,0,,0,,0,0,0,0,0,0,0,0,,0,0,0,,0,,0,,0,,0,0,,0,0,,0,,,100,0,0,0,0,0,0,0,0,0,0,0
2026,242,Feleipe Franks,CAR,TE,1,11,100,0,3,2,3.3,0,0,0,0,,0,0,0,0,,,0,,0,,0,,0,0,0,0,0,0,0,0,,0,0,0,,0,,0,,0,,0,0,,0,0,,0,,,0,50,50,0,0,0,0,0,0,0,0,0
2026,243,Luke Farrell,SF,TE,1,02,6.666666666666667,33.33333333333333,100,2,100,1,50,0,0.5,26,26,118.2,0,0,0,0,0,0,0,0,0,0,0,0.04,0,0,0,0,0,0,39.6,0,0,0,0,1,100,1,0,0,0,0,0,0,0,0,0,50,-11.15,-0.559,0,0,100,0,0,4.4,0,4.45,-4.45,0,2.22,4.4
2026,244,Luke Farrell,SF,TE,3,11,16.666666666666664,0,30.2,5,12.8,0,0,0,0,,0,0,0,0,,,0,,0,,0,,0,0,0,0,0,0,0,0,,0,0,0,,0,,0,,0,,0,0,,0,0,,0,,,0,20,60,20,0,0,0,0,0,0,0,0
2026,245,Luke Farrell,SF,TE,2,21,33.33333333333333,0,44.3,10,33.3,0,0,0,0,,0,0,0,0,,,0,,0,,0,,0,0,0,0,0,0,0,0,,0,0,0,,0,,0,,0,,0,0,,0,0,,0,,,0,0,100,0,0,0,0,0,0,0,0,0
2026,246,Pat Freiermuth,PIT,TE,1,21,1.282051282051282,0,42.9,1,100,0,0,0,0,,0,0,0,0,,,0,,0,,0,,0,0,0,0,0,0,0,0,,0,0,0,,0,,0,,0,,0,0,,0,0,,0,,,0,0,100,0,0,0,0,0,0,0,0,0
2026,247,Kyle Pitts,ATL,TE,1,02,5.660377358490567,16.666666666666664,100,3,100,1,50,0,0.33,11,11,40.7,0,0,0,0,0,0,0,0,0,0,0,0,0,0,0,0,0,0,0,1,50,0,0,0,0,0,0,0,0,0,0,0,0,0,0,50,-8.74,-8.048,0,66.7,33.3,0,0,0,0,0.01,-0.01,0,0,0
2026,248,Kyle Pitts,ATL,TE,2,11,52.83018867924528,33.33333333333333,53.4,28,50,2,3.9,0,0.07,4,8,7.3,0,0,0,0,0,0,0,0,0,0,0,0,0,0,0,0,0,0,39.6,1,2.8,0,0,1,50,0,0,0,0,1,0,0,0,0,0,8.3,-6.07,-1.067,28.6,25,46.4,0,0,1.2,0,0.59,-0.59,0,0.04,1.2
2026,249,Hunter Long,ARZ,TE,2,11,21.428571428571427,0,9,3,3.1,0,0,0,0,,0,0,0,0,,,0,,0,,0,,0,0,0,0,0,0,0,0,,0,0,0,,0,,0,,0,,0,0,,0,0,,0,,,0,33.3,66.7,0,0,0,0,0,0,0,0,0
2026,250,Hunter Long,ARZ,TE,3,12,28.57142857142857,0,66.7,4,44.4,0,0,0,0,,0,0,0,0,,,0,,0,,0,,0,0,0,0,0,0,0,0,,0,0,0,,0,,0,,0,,0,0,,0,0,,0,,,0,0,100,0,0,0,0,0,0,0,0,0
2026,251,Hunter Long,ARZ,TE,1,21,7.142857142857142,0,11.1,1,20,0,0,0,0,,0,0,0,0,,,0,,0,,0,,0,0,0,0,0,0,0,0,,0,0,0,,0,,0,,0,,0,0,,0,0,,0,,,0,0,100,0,0,0,0,0,0,0,0,0
2026,252,Tommy Tremble,CAR,TE,1,13,9.25925925925926,11.11111111111111,100,5,83.3,1,16.7,0,0.2,17,17,0,0,0,0,0,0,0,0,0,0,0,0,0,0,0,0,0,0,0,39.6,1,50,0,0,0,0,0,0,0,0,0,0,0,0,0,0,25,-11.68,-0.788,0,20,60,20,0,0,0,0.01,-0.01,0,0,0
2026,253,Jake Tonges,SF,TE,1,11,25,0,5.7,1,6.7,0,0,0,0,,0,0,0,0,,,0,,0,,0,,0,0,0,0,0,0,0,0,,0,0,0,,0,,0,,0,,0,0,,0,0,,0,,,0,0,100,0,0,0,0,0,0,0,0,0
2026,254,Jake Tonges,SF,TE,1,12,50,0,12.5,2,28.6,0,0,0,0,,0,0,0,0,,,0,,0,,0,,0,0,0,0,0,0,0,0,,0,0,0,,0,,0,,0,,0,0,,0,0,,0,,,0,0,100,0,0,0,0,0,0,0,0,0
2026,255,Jake Tonges,SF,TE,1,22,25,0,16.7,1,33.3,0,0,0,0,,0,0,0,0,,,0,,0,,0,,0,0,0,0,0,0,0,0,,0,0,0,,0,,0,,0,,0,0,,0,0,,0,,,0,0,100,0,0,0,0,0,0,0,0,0
2026,256,Andrew Ogletree,IND,TE,1,12,55.55555555555556,50,42.6,5,20.8,1,4.5,0,0.2,4,4,5.5,0,0,0,0,0,0,0,0,0,0,0,0,0,0,0,0,0,0,39.6,0,0,0,0,0,0,0,0,0,0,0,0,0,0,0,0,12.5,-6.07,-0.558,0,0,100,0,0,0,0,0,0,0,0,0
2026,257,Andrew Ogletree,IND,TE,1,13,44.44444444444444,50,82.6,4,50,1,14.3,0,0.25,2,2,13.3,0,0,0,0,0,0,0,0,0,0,0,0,0,0,0,0,0,0,39.6,0,0,0,0,1,100,0,0,1,100,0,0,0,0,0,0,14.3,-6.37,-0.609,0,75,25,0,0,1.7,0,1.67,-1.67,0,0.42,1.7
2026,258,Nick Muse,ATL,TE,1,11,33.33333333333333,0,3.9,2,3.6,0,0,0,0,,0,0,0,0,,,0,,0,,0,,0,0,0,0,0,0,0,0,,0,0,0,,0,,0,,0,,0,0,,0,0,,0,,,0,0,100,0,0,0,0,0,0,0,0,0
2026,259,Nick Muse,ATL,TE,2,12,66.66666666666666,0,41.8,4,19,0,0,0,0,,0,0,0,0,,,0,,0,,0,,0,0,0,0,0,0,0,0,,0,0,0,,0,,0,,0,,0,0,,0,0,,0,,,0,0,100,0,0,0,0,0,0,0,0,0
2026,260,Jelani Woods,NYJ,TE,1,12,41.66666666666667,0,56.8,5,23.8,0,0,0,0,,0,0,0,0,,,0,,0,,0,,0,0,0,0,0,0,0,0,,0,0,0,,0,,0,,0,,0,0,,0,0,,0,,,0,0,100,0,0,0,0,0,0,0,0,0
2026,261,Jelani Woods,NYJ,TE,2,14,16.666666666666664,0,100,2,66.7,0,0,0,0,,0,0,0,0,,,0,,0,,0,,0,0,0,0,0,0,0,0,,0,0,0,,0,,0,,0,,0,0,,0,0,,0,,,0,100,0,0,0,0,0,0,0,0,0,0
2026,262,Jeremy Ruckert,NYJ,TE,1,02,3.225806451612903,0,50,1,50,0,0,0,0,,0,0,0,0,,,0,,0,,0,,0,0,0,0,0,0,0,0,,0,0,0,,0,,0,,0,,0,0,,0,0,,0,,,0,100,0,0,0,0,0,0,0,0,0,0
2026,263,Jeremy Ruckert,NYJ,TE,2,13,9.67741935483871,0,94.4,3,50,0,0,0,0,,0,0,0,0,,,0,,0,,0,,0,0,0,0,0,0,0,0,,0,0,0,,0,,0,,0,,0,0,,0,0,,0,,,33.3,0,66.7,0,0,0,0,0,0,0,0,0
2026,264,Jeremy Ruckert,NYJ,TE,1,14,6.451612903225806,12.5,100,2,66.7,1,50,0,0.5,-4,-4,0,0,0,0,0,1,100,4,4,2,2,0,0.04,0,1,0,0,0,0,79.2,1,50,1,100,1,100,0,0,0,0,0,0,0,0,0,0,50,-6.34,-0.6,0,100,0,0,1,1.6,1,1.57,-0.57,0.5,0.79,1.6
2026,265,Chig Okonkwo,WAS,TE,1,11,75,33.33333333333333,20.2,15,51.7,1,3.7,0,0.07,24,24,10.2,0,0,0,0,0,0,0,0,0,0,0,0,0,0,0,0,0,0,39.6,0,0,0,0,0,0,1,0,0,0,0,0,0,0,0,0,7.7,-15.44,-0.437,0,73.3,26.7,0,0,0,0,0.01,-0.01,0,0,0
2026,266,Jake Ferguson,DAL,TE,2,01,2.7027027027027026,0,100,2,100,0,0,0,0,,0,0,0,0,,,0,,0,,0,,0,0,0,0,0,0,0,0,,0,0,0,,0,,0,,0,,0,0,,0,0,,0,,,50,0,50,0,0,0,0,0,0,0,0,0
2026,267,Jake Ferguson,DAL,TE,1,21,1.3513513513513513,0,16.7,1,16.7,0,0,0,0,,0,0,0,0,,,0,,0,,0,,0,0,0,0,0,0,0,0,,0,0,0,,0,,0,,0,,0,0,,0,0,,0,,,0,0,100,0,0,0,0,0,0,0,0,0
2026,268,Charlie Kolar,LAC,TE,2,12,14.285714285714285,0,50,3,25,0,0,0,0,,0,0,0,0,,,0,,0,,0,,0,0,0,0,0,0,0,0,,0,0,0,,0,,0,,0,,0,0,,0,0,,0,,,0,0,66.7,33.3,0,0,0,0,0,0,0,0
2026,269,Charlie Kolar,LAC,TE,2,22,14.285714285714285,0,88.9,3,100,0,0,0,0,,0,0,0,0,,,0,,0,,0,,0,0,0,0,0,0,0,0,,0,0,0,,0,,0,,0,,0,0,,0,0,,0,,,33.3,0,66.7,0,0,0,0,0,0,0,0,0
2026,270,Daniel Bellinger,TEN,TE,1,14,5.88235294117647,0,100,1,100,0,0,0,0,,0,0,0,0,,,0,,0,,0,,0,0,0,0,0,0,0,0,,0,0,0,,0,,0,,0,,0,0,,0,0,,0,,,0,0,100,0,0,0,0,0,0,0,0,0
2026,271,E.J. Jenkins,PHI,TE,2,11,91.66666666666666,0,11.4,11,11.5,0,0,0,0,,0,0,0,0,,,0,,0,,0,,0,0,0,0,0,0,0,0,,0,0,0,,0,,0,,0,,0,0,,0,0,,0,,,27.3,63.6,9.1,0,0,0,0,0,0,0,0,0
2026,272,E.J. Jenkins,PHI,TE,1,12,8.333333333333332,0,51.4,1,11.1,0,0,0,0,,0,0,0,0,,,0,,0,,0,,0,0,0,0,0,0,0,0,,0,0,0,,0,,0,,0,,0,0,,0,0,,0,,,0,0,100,0,0,0,0,0,0,0,0,0
2026,273,Luke Schoonmaker,DAL,TE,2,13,11.76470588235294,0,100,2,50,0,0,0,0,,0,0,0,0,,,0,,0,,0,,0,0,0,0,0,0,0,0,,0,0,0,,0,,0,,0,,0,0,,0,0,,0,,,0,50,50,0,0,0,0,0,0,0,0,0
2026,274,Luke Schoonmaker,DAL,TE,2,21,11.76470588235294,0,66.7,2,33.3,0,0,0,0,,0,0,0,0,,,0,,0,,0,,0,0,0,0,0,0,0,0,,0,0,0,,0,,0,,0,,0,0,,0,0,,0,,,0,0,100,0,0,0,0,0,0,0,0,0
2026,275,Luke Schoonmaker,DAL,TE,1,22,5.88235294117647,0,100,1,50,0,0,0,0,,0,0,0,0,,,0,,0,,0,,0,0,0,0,0,0,0,0,,0,0,0,,0,,0,,0,,0,0,,0,0,,0,,,0,0,100,0,0,0,0,0,0,0,0,0
2026,276,Darnell Washington,PIT,TE,3,13,9.090909090909092,0,100,4,100,0,0,0,0,,0,0,0,0,,,0,,0,,0,,0,0,0,0,0,0,0,0,,0,0,0,,0,,0,,0,,0,0,,0,0,,0,,,0,50,50,0,0,0,0,0,0,0,0,0
2026,277,Cameron Latu,NE,TE,1,11,33.33333333333333,0,3.9,1,2.1,0,0,0,0,,0,0,0,0,,,0,,0,,0,,0,0,0,0,0,0,0,0,,0,0,0,,0,,0,,0,,0,0,,0,0,,0,,,0,0,100,0,0,0,0,0,0,0,0,0
2026,278,Cameron Latu,NE,TE,1,12,66.66666666666666,0,22.9,2,25,0,0,0,0,,0,0,0,0,,,0,,0,,0,,0,0,0,0,0,0,0,0,,0,0,0,,0,,0,,0,,0,0,,0,0,,0,,,50,0,50,0,0,0,0,0,0,0,0,0
2026,279,Josh Whyle,GB,TE,1,12,50,0,8,1,4.8,0,0,0,0,,0,0,0,0,,,0,,0,,0,,0,0,0,0,0,0,0,0,,0,0,0,,0,,0,,0,,0,0,,0,0,,0,,,0,100,0,0,0,0,0,0,0,0,0,0
2026,280,Josh Whyle,GB,TE,1,13,50,0,42.1,1,20,0,0,0,0,,0,0,0,0,,,0,,0,,0,,0,0,0,0,0,0,0,0,,0,0,0,,0,,0,,0,,0,0,,0,0,,0,,,100,0,0,0,0,0,0,0,0,0,0,0
2026,281,Brayden Willis,SF,TE,1,12,100,0,25,1,20,0,0,0,0,,0,0,0,0,,,0,,0,,0,,0,0,0,0,0,0,0,0,,0,0,0,,0,,0,,0,,0,0,,0,0,,0,,,100,0,0,0,0,0,0,0,0,0,0,0
2026,282,Blake Whiteheart,CLV,TE,2,11,16.666666666666664,0,10.4,4,5.3,0,0,0,0,,0,0,0,0,,,0,,0,,0,,0,0,0,0,0,0,0,0,,0,0,0,,0,,0,,0,,0,0,,0,0,,0,,,25,25,50,0,0,0,0,0,0,0,0,0
2026,283,Blake Whiteheart,CLV,TE,2,22,8.333333333333332,0,100,2,66.7,0,0,0,0,,0,0,0,0,,,0,,0,,0,,0,0,0,0,0,0,0,0,,0,0,0,,0,,0,,0,,0,0,,0,0,,0,,,0,0,100,0,0,0,0,0,0,0,0,0
2026,284,Nate Adkins,DEN,TE,2,13,18.75,0,100,3,100,0,0,0,0,,0,0,0,0,,,0,,0,,0,,0,0,0,0,0,0,0,0,,0,0,0,,0,,0,,0,,0,0,,0,0,,0,,,0,0,100,0,0,0,0,0,0,0,0,0
2026,285,Nate Adkins,DEN,TE,1,23,6.25,20,100,1,100,1,100,0,1,0,0,0,0,0,0,0,0,0,0,0,0,0,0,0,0,1,0,0,0,0,39.6,0,0,0,0,0,0,0,0,0,0,0,0,0,0,0,0,100,0,-0.461,100,0,0,0,0,0,0,0,0,0,0,0
2026,286,Dalton Kincaid,BUF,TE,1,04,1.4705882352941175,5.88235294117647,100,1,100,1,100,0,1,16,16,100,0,0,0,0,0,0,0,0,0,0,0,0.01,0,0,0,0,0,0,39.6,1,100,0,0,1,100,0,0,0,0,1,0,0,0,0,0,100,-10.19,-0.855,0,100,0,0,0,2,0,1.99,-1.99,0,1.99,2
2026,287,Dalton Kincaid,BUF,TE,1,14,1.4705882352941175,0,100,1,50,0,0,0,0,,0,0,0,0,,,0,,0,,0,,0,0,0,0,0,0,0,0,,0,0,0,,0,,0,,0,,0,0,,0,0,,0,,,100,0,0,0,0,0,0,0,0,0,0,0
2026,288,Brenton Strange,JAX,TE,1,01,1.6129032258064515,0,100,1,100,0,0,0,0,,0,0,0,0,,,0,,0,,0,,0,0,0,0,0,0,0,0,,0,0,0,,0,,0,,0,,0,0,,0,0,,0,,,0,100,0,0,0,0,0,0,0,0,0,0
2026,289,Elijah Higgins,ARZ,TE,1,11,20,0,5.7,4,4.2,0,0,0,0,,0,0,0,0,,,0,,0,,0,,0,0,0,0,0,0,0,0,,0,0,0,,0,,0,,0,,0,0,,0,0,,0,,,0,25,75,0,0,0,0,0,0,0,0,0
2026,290,Payne Durham,TB,TE,1,12,100,100,92.3,8,38.1,1,5.6,0,0.13,4,4,4.2,0,0,0,0,0,0,0,0,0,0,0,0,0,0,0,0,0,0,39.6,0,0,0,0,1,100,0,0,1,100,0,0,0,0,0,0,6.3,-6.07,-0.956,0,0,12.5,87.5,0,1.8,0,1.76,-1.76,0,0.22,1.8
2026,291,Davis Allen,LA,TE,1,11,11.11111111111111,0,4.5,2,2.3,0,0,0,0,,0,0,0,0,,,0,,0,,0,,0,0,0,0,0,0,0,0,,0,0,0,,0,,0,,0,,0,0,,0,0,,0,,,0,0,100,0,0,0,0,0,0,0,0,0
2026,292,Brock Bowers,LV,TE,1,21,2.857142857142857,0,2.3,1,50,0,0,0,0,,0,0,0,0,,,0,,0,,0,,0,0,0,0,0,0,0,0,,0,0,0,,0,,0,,0,,0,0,,0,0,,0,,,0,0,100,0,0,0,0,0,0,0,0,0
2026,293,Brock Bowers,LV,TE,1,23,2.857142857142857,0,66.7,1,100,0,0,0,0,,0,0,0,0,,,0,,0,,0,,0,0,0,0,0,0,0,0,,0,0,0,,0,,0,,0,,0,0,,0,0,,0,,,100,0,0,0,0,0,0,0,0,0,0,0
2026,294,Cade Stover,HST,TE,2,13,25,0,92.9,2,50,0,0,0,0,,0,0,0,0,,,0,,0,,0,,0,0,0,0,0,0,0,0,,0,0,0,,0,,0,,0,,0,0,,0,0,,0,,,0,100,0,0,0,0,0,0,0,0,0,0
2026,295,Cade Stover,HST,TE,1,14,12.5,0,100,1,100,0,0,0,0,,0,0,0,0,,,0,,0,,0,,0,0,0,0,0,0,0,0,,0,0,0,,0,,0,,0,,0,0,,0,0,,0,,,0,0,0,100,0,0,0,0,0,0,0,0
2026,296,Hayden Rucci,LAC,TE,1,11,20,0,6.6,1,4.8,0,0,0,0,,0,0,0,0,,,0,,0,,0,,0,0,0,0,0,0,0,0,,0,0,0,,0,,0,,0,,0,0,,0,0,,0,,,0,0,100,0,0,0,0,0,0,0,0,0
2026,297,Hayden Rucci,LAC,TE,1,12,20,0,16.7,1,25,0,0,0,0,,0,0,0,0,,,0,,0,,0,,0,0,0,0,0,0,0,0,,0,0,0,,0,,0,,0,,0,0,,0,0,,0,,,0,0,100,0,0,0,0,0,0,0,0,0
2026,298,Hayden Rucci,LAC,TE,1,21,40,0,25,2,20,0,0,0,0,,0,0,0,0,,,0,,0,,0,,0,0,0,0,0,0,0,0,,0,0,0,,0,,0,,0,,0,0,,0,0,,0,,,0,0,100,0,0,0,0,0,0,0,0,0
2026,299,Hayden Rucci,LAC,TE,1,22,20,0,11.1,1,100,0,0,0,0,,0,0,0,0,,,0,,0,,0,,0,0,0,0,0,0,0,0,,0,0,0,,0,,0,,0,,0,0,,0,0,,0,,,0,0,100,0,0,0,0,0,0,0,0,0
2026,300,Treyton Welch,NO,TE,1,12,75,0,16.2,3,15.8,0,0,0,0,,0,0,0,0,,,0,,0,,0,,0,0,0,0,0,0,0,0,,0,0,0,,0,,0,,0,,0,0,,0,0,,0,,,0,33.3,66.7,0,0,0,0,0,0,0,0,0
2026,301,Treyton Welch,NO,TE,1,13,25,0,45.5,1,25,0,0,0,0,,0,0,0,0,,,0,,0,,0,,0,0,0,0,0,0,0,0,,0,0,0,,0,,0,,0,,0,0,,0,0,,0,,,0,0,100,0,0,0,0,0,0,0,0,0
2026,302,Brevyn Spann-Ford,DAL,TE,3,12,36.84210526315789,0,84.8,7,41.2,0,0,0,0,,0,0,0,0,,,0,,0,,0,,0,0,0,0,0,0,0,0,,0,0,0,,0,,0,,0,,0,0,,0,0,,0,,,0,42.9,57.1,0,0,0,0,0,0,0,0,0
2026,303,Brevyn Spann-Ford,DAL,TE,1,22,5.263157894736842,0,100,1,50,0,0,0,0,,0,0,0,0,,,0,,0,,0,,0,0,0,0,0,0,0,0,,0,0,0,,0,,0,,0,,0,0,,0,0,,0,,,0,0,100,0,0,0,0,0,0,0,0,0
2026,304,Colson Yankoff,WAS,TE,1,13,13.333333333333334,33.33333333333333,69.6,4,66.7,1,25,0,0.25,-6,-6,-200,0,0,0,0,0,0,0,0,0,0,0,0,0,0,0,0,0,0,39.6,1,50,0,0,0,0,0,0,0,0,0,0,0,0,0,0,50,-7.12,-0.564,75,0,25,0,0,-0.1,0,-0.07,0.07,0,-0.02,-0.1
2026,305,AJ Barner,SEA,TE,1,13,4.411764705882353,0,87.5,3,75,0,0,0,0,,0,0,0,0,,,0,,0,,0,,0,0,0,0,0,0,0,0,,0,0,0,,0,,0,,0,,0,0,,0,0,,0,,,0,0,100,0,0,0,0,0,0,0,0,0
2026,306,AJ Barner,SEA,TE,1,22,1.4705882352941175,0,91.7,1,100,0,0,0,0,,0,0,0,0,,,0,,0,,0,,0,0,0,0,0,0,0,0,,0,0,0,,0,,0,,0,,0,0,,0,0,,0,,,0,0,100,0,0,0,0,0,0,0,0,0
2026,307,Erick All,CIN,TE,1,11,50,50,18.1,7,9.6,1,1.5,0,0.14,0,0,0,0,0,0,0,1,100,0,0,0,0,0,0,0,0,0,0,0,0,79.2,1,2.1,0,0,1,100,0,0,0,0,0,0,0,0,0,0,12.5,-5.29,-0.538,28.6,0,71.4,0,1,1.6,1,1.57,-0.57,0.14,0.22,1.6
2026,308,Erick All,CIN,TE,1,13,7.142857142857142,0,100,1,100,0,0,0,0,,0,0,0,0,,,0,,0,,0,,0,0,0,0,0,0,0,0,,0,0,0,,0,,0,,0,,0,0,,0,0,,0,,,100,0,0,0,0,0,0,0,0,0,0,0
2026,309,Theo Johnson,NYG,TE,1,12,50,40,85.7,13,76.5,2,13.3,0,0.15,18.5,37,21.8,0,0,0,0,0,0,0,0,0,0,0,0.08,0,0,0,0,0,0,39.6,2,16.7,0,0,1,50,1,0,0,0,1,0,0,0,0,0,15.4,-12.7,-1.141,23.1,46.2,30.8,0,0,2.9,0,2.89,-2.89,0,0.22,2.9
2026,310,Theo Johnson,NYG,TE,2,13,7.6923076923076925,0,100,2,100,0,0,0,0,,0,0,0,0,,,0,,0,,0,,0,0,0,0,0,0,0,0,,0,0,0,,0,,0,,0,,0,0,,0,0,,0,,,50,50,0,0,0,0,0,0,0,0,0,0
2026,311,Theo Johnson,NYG,TE,1,22,19.230769230769234,20,45.5,5,50,1,12.5,0,0.2,6,6,9.7,0,0,0,0,0,0,0,0,0,0,0,0,0,0,0,0,0,0,39.6,0,0,0,0,0,0,0,0,0,0,0,0,0,0,0,0,25,-7.09,-0.587,0,20,80,0,0,0,0,0,0,0,0,0
2026,312,Ben Sinnott,WAS,TE,1,01,2.7027027027027026,0,100,1,50,0,0,0,0,,0,0,0,0,,,0,,0,,0,,0,0,0,0,0,0,0,0,,0,0,0,,0,,0,,0,,0,0,,0,0,,0,,,0,100,0,0,0,0,0,0,0,0,0,0
2026,313,Ben Sinnott,WAS,TE,3,11,62.16216216216216,0,31.8,23,26.4,0,0,0,0,,0,0,0,0,,,0,,0,,0,,0,0,0,0,0,0,0,0,,0,0,0,,0,,0,,0,,0,0,,0,0,,0,,,13,21.7,65.2,0,0,0,0,0,0,0,0,0
2026,314,Ben Sinnott,WAS,TE,1,13,13.513513513513514,50,100,5,83.3,1,25,0,0.2,7,7,233.3,0,0,0,0,0,0,0,0,0,0,0,0,0,0,0,0,0,0,39.6,0,0,0,0,1,100,0,0,1,100,0,0,0,0,0,0,33.3,-7.31,-0.274,0,0,100,0,0,1.8,0,1.83,-1.83,0,0.37,1.8
2026,315,Jake Briningstool,KC,TE,1,13,71.42857142857143,50,70,5,62.5,1,12.5,0,0.2,6,6,7.5,0,0,0,0,0,0,0,0,0,0,0,0,0,0,0,0,0,0,39.6,1,12.5,0,0,0,0,0,0,0,0,0,0,0,0,0,0,14.3,-7.09,-0.581,0,60,40,0,0,0,0,-0.02,0.02,0,0,0
2026,316,Colston Loveland,CHI,TE,1,02,1.2345679012345678,12.5,100,1,100,1,100,0,1,12,12,100,0,0,0,0,0,0,0,0,0,0,0,0,0,1,1,0,0,0,39.6,1,100,0,0,0,0,0,0,0,0,0,0,0,0,0,0,100,-8.67,-0.243,0,100,0,0,0,0,0,0,0,0,0,0
2026,317,Mitchell Evans,CAR,TE,2,13,17.24137931034483,0,100,5,83.3,0,0,0,0,,0,0,0,0,,,0,,0,,0,,0,0,0,0,0,0,0,0,,0,0,0,,0,,0,,0,,0,0,,0,0,,0,,,0,0,100,0,0,0,0,0,0,0,0,0
2026,318,Oronde Gadsden,LAC,TE,1,21,4.545454545454546,0,11.7,2,9.5,0,0,0,0,,0,0,0,0,,,0,,0,,0,,0,0,0,0,0,0,0,0,,0,0,0,,0,,0,,0,,0,0,,0,0,,0,,,0,50,50,0,0,0,0,0,0,0,0,0
2026,319,Oronde Gadsden,LAC,TE,2,22,4.545454545454546,0,55.6,2,50,0,0,0,0,,0,0,0,0,,,0,,0,,0,,0,0,0,0,0,0,0,0,,0,0,0,,0,,0,,0,,0,0,,0,0,,0,,,0,50,50,0,0,0,0,0,0,0,0,0
2026,320,Oronde Gadsden,LAC,TE,1,31,2.272727272727273,0,100,1,100,0,0,0,0,,0,0,0,0,,,0,,0,,0,,0,0,0,0,0,0,0,0,,0,0,0,,0,,0,,0,,0,0,,0,0,,0,,,0,0,100,0,0,0,0,0,0,0,0,0
2026,321,Jackson Hawes,BUF,TE,1,04,9.090909090909092,0,100,1,100,0,0,0,0,,0,0,0,0,,,0,,0,,0,,0,0,0,0,0,0,0,0,,0,0,0,,0,,0,,0,,0,0,,0,0,,0,,,100,0,0,0,0,0,0,0,0,0,0,0
2026,322,Jackson Hawes,BUF,TE,1,13,81.81818181818183,100,95,9,40.9,1,5.6,0,0.11,30,30,11.9,0,0,0,0,0,0,0,0,0,0,0,0,0,0,0,0,0,0,39.6,0,0,0,0,0,0,1,0,0,0,0,0,0,0,0,0,7.7,-13.23,-0.858,0,0,100,0,0,0,0,0.04,-0.04,0,0,0
2026,323,Jackson Hawes,BUF,TE,1,14,9.090909090909092,0,100,1,50,0,0,0,0,,0,0,0,0,,,0,,0,,0,,0,0,0,0,0,0,0,0,,0,0,0,,0,,0,,0,,0,0,,0,0,,0,,,0,0,100,0,0,0,0,0,0,0,0,0
2026,324,Keleki Latu,BUF,TE,1,04,20,0,100,1,100,0,0,0,0,,0,0,0,0,,,0,,0,,0,,0,0,0,0,0,0,0,0,,0,0,0,,0,,0,,0,,0,0,,0,0,,0,,,0,100,0,0,0,0,0,0,0,0,0,0
2026,325,Keleki Latu,BUF,TE,1,12,20,0,2.6,1,5.6,0,0,0,0,,0,0,0,0,,,0,,0,,0,,0,0,0,0,0,0,0,0,,0,0,0,,0,,0,,0,,0,0,,0,0,,0,,,0,100,0,0,0,0,0,0,0,0,0,0
2026,326,Keleki Latu,BUF,TE,2,13,40,0,13.3,2,9.1,0,0,0,0,,0,0,0,0,,,0,,0,,0,,0,0,0,0,0,0,0,0,,0,0,0,,0,,0,,0,,0,0,,0,0,,0,,,100,0,0,0,0,0,0,0,0,0,0,0
2026,327,Keleki Latu,BUF,TE,1,14,20,0,100,1,50,0,0,0,0,,0,0,0,0,,,0,,0,,0,,0,0,0,0,0,0,0,0,,0,0,0,,0,,0,,0,,0,0,,0,0,,0,,,0,0,100,0,0,0,0,0,0,0,0,0
2026,328,Jackson Meeks,DET,TE,1,14,14.285714285714285,0,50,1,100,0,0,0,0,,0,0,0,0,,,0,,0,,0,,0,0,0,0,0,0,0,0,,0,0,0,,0,,0,,0,,0,0,,0,0,,0,,,0,0,100,0,0,0,0,0,0,0,0,0
2026,329,Gunnar Helm,TEN,TE,2,12,4.761904761904762,0,100,3,37.5,0,0,0,0,,0,0,0,0,,,0,,0,,0,,0,0,0,0,0,0,0,0,,0,0,0,,0,,0,,0,,0,0,,0,0,,0,,,0,0,100,0,0,0,0,0,0,0,0,0
2026,330,Gunnar Helm,TEN,TE,1,14,1.5873015873015872,0,100,1,100,0,0,0,0,,0,0,0,0,,,0,,0,,0,,0,0,0,0,0,0,0,0,,0,0,0,,0,,0,,0,,0,0,,0,0,,0,,,0,0,100,0,0,0,0,0,0,0,0,0
2026,331,Gunnar Helm,TEN,TE,1,21,1.5873015873015872,0,100,1,100,0,0,0,0,,0,0,0,0,,,0,,0,,0,,0,0,0,0,0,0,0,0,,0,0,0,,0,,0,,0,,0,0,,0,0,,0,,,100,0,0,0,0,0,0,0,0,0,0,0
2026,332,Mark Redman,GB,TE,2,12,55.55555555555556,0,52,5,17.9,0,0,0,0,,0,0,0,0,,,0,,0,,0,,0,0,0,0,0,0,0,0,,0,0,0,,0,,0,,0,,0,0,,0,0,,0,,,40,0,60,0,0,0,0,0,0,0,0,0
2026,333,Mark Redman,GB,TE,3,13,44.44444444444444,0,100,4,66.7,0,0,0,0,,0,0,0,0,,,0,,0,,0,,0,0,0,0,0,0,0,0,,0,0,0,,0,,0,,0,,0,0,,0,0,,0,,,0,0,100,0,0,0,0,0,0,0,0,0
2026,334,Harold Fannin,CLV,TE,2,21,2.5,0,14.3,2,33.3,0,0,0,0,,0,0,0,0,,,0,,0,,0,,0,0,0,0,0,0,0,0,,0,0,0,,0,,0,,0,,0,0,,0,0,,0,,,50,0,50,0,0,0,0,0,0,0,0,0
2026,335,Mason Taylor,NYJ,TE,1,02,2.857142857142857,0,50,1,100,0,0,0,0,,0,0,0,0,,,0,,0,,0,,0,0,0,0,0,0,0,0,,0,0,0,,0,,0,,0,,0,0,,0,0,,0,,,0,100,0,0,0,0,0,0,0,0,0,0
2026,336,Mason Taylor,NYJ,TE,2,12,11.428571428571429,0,29.5,4,40,0,0,0,0,,0,0,0,0,,,0,,0,,0,,0,0,0,0,0,0,0,0,,0,0,0,,0,,0,,0,,0,0,,0,0,,0,,,0,75,25,0,0,0,0,0,0,0,0,0
2026,337,Mason Taylor,NYJ,TE,1,13,11.428571428571429,33.33333333333333,94.4,4,66.7,1,16.7,0,0.25,2,2,40,0,0,0,0,0,0,0,0,0,0,0,0,0,0,0,0,0,0,39.6,0,0,0,0,1,100,0,0,0,0,1,0,0,0,0,0,20,-6.37,-0.606,0,0,100,0,0,0.8,0,0.75,-0.75,0,0.19,0.8
2026,338,Mason Taylor,NYJ,TE,1,14,2.857142857142857,0,100,1,33.3,0,0,0,0,,0,0,0,0,,,0,,0,,0,,0,0,0,0,0,0,0,0,,0,0,0,,0,,0,,0,,0,0,,0,0,,0,,,100,0,0,0,0,0,0,0,0,0,0,0
2026,339,Mason Taylor,NYJ,TE,1,22,2.857142857142857,0,40,1,50,0,0,0,0,,0,0,0,0,,,0,,0,,0,,0,0,0,0,0,0,0,0,,0,0,0,,0,,0,,0,,0,0,,0,0,,0,,,0,0,100,0,0,0,0,0,0,0,0,0
2026,340,Terrance Ferguson,LA,TE,1,12,7.142857142857142,0,80,3,75,0,0,0,0,,0,0,0,0,,,0,,0,,0,,0,0,0,0,0,0,0,0,,0,0,0,,0,,0,,0,,0,0,,0,0,,0,,,100,0,0,0,0,0,0,0,0,0,0,0
2026,341,Elijah Arroyo,SEA,TE,3,11,29.03225806451613,0,19.3,9,19.1,0,0,0,0,,0,0,0,0,,,0,,0,,0,,0,0,0,0,0,0,0,0,,0,0,0,,0,,0,,0,,0,0,,0,0,,0,,,11.1,55.6,33.3,0,0,0,0,0,0,0,0,0
2026,342,Elijah Arroyo,SEA,TE,3,12,58.06451612903226,0,44.4,18,51.4,0,0,0,0,,0,0,0,0,,,0,,0,,0,,0,0,0,0,0,0,0,0,,0,0,0,,0,,0,,0,,0,0,,0,0,,0,,,0,50,50,0,0,0,0,0,0,0,0,0
2026,343,Matthew Hibner,BLT,TE,3,12,26.08695652173913,0,53.7,6,28.6,0,0,0,0,,0,0,0,0,,,0,,0,,0,,0,0,0,0,0,0,0,0,,0,0,0,,0,,0,,0,,0,0,,0,0,,0,,,33.3,16.7,50,0,0,0,0,0,0,0,0,0
2026,344,Josh Cuevas,BLT,TE,2,12,50,0,16.7,7,33.3,0,0,0,0,,0,0,0,0,,,0,,0,,0,,0,0,0,0,0,0,0,0,,0,0,0,,0,,0,,0,,0,0,,0,0,,0,,,85.7,14.3,0,0,0,0,0,0,0,0,0,0
2026,345,Josh Cuevas,BLT,TE,2,13,28.57142857142857,0,24.4,4,26.7,0,0,0,0,,0,0,0,0,,,0,,0,,0,,0,0,0,0,0,0,0,0,,0,0,0,,0,,0,,0,,0,0,,0,0,,0,,,0,25,75,0,0,0,0,0,0,0,0,0
2026,346,Kenyon Sadiq,NYJ,TE,2,02,3.6363636363636362,0,100,2,100,0,0,0,0,,0,0,0,0,,,0,,0,,0,,0,0,0,0,0,0,0,0,,0,0,0,,0,,0,,0,,0,0,,0,0,,0,,,50,50,0,0,0,0,0,0,0,0,0,0
2026,347,Kenyon Sadiq,NYJ,TE,1,22,1.8181818181818181,0,60,1,50,0,0,0,0,,0,0,0,0,,,0,,0,,0,,0,0,0,0,0,0,0,0,,0,0,0,,0,,0,,0,,0,0,,0,0,,0,,,0,0,100,0,0,0,0,0,0,0,0,0
2026,348,Oscar Delp,NO,TE,2,12,28.57142857142857,0,16.2,2,18.2,0,0,0,0,,0,0,0,0,,,0,,0,,0,,0,0,0,0,0,0,0,0,,0,0,0,,0,,0,,0,,0,0,,0,0,,0,,,50,0,50,0,0,0,0,0,0,0,0,0
2026,349,Oscar Delp,NO,TE,1,13,28.57142857142857,0,54.5,2,100,0,0,0,0,,0,0,0,0,,,0,,0,,0,,0,0,0,0,0,0,0,0,,0,0,0,,0,,0,,0,,0,0,,0,0,,0,,,50,50,0,0,0,0,0,0,0,0,0,0
2026,350,Oscar Delp,NO,TE,1,22,14.285714285714285,0,36.4,1,100,0,0,0,0,,0,0,0,0,,,0,,0,,0,,0,0,0,0,0,0,0,0,,0,0,0,,0,,0,,0,,0,0,,0,0,,0,,,0,0,100,0,0,0,0,0,0,0,0,0
2026,351,Bauer Sharp,TB,TE,2,11,42.857142857142854,0,2.5,3,3.3,0,0,0,0,,0,0,0,0,,,0,,0,,0,,0,0,0,0,0,0,0,0,,0,0,0,,0,,0,,0,,0,0,,0,0,,0,,,66.7,0,33.3,0,0,0,0,0,0,0,0,0
2026,352,Bauer Sharp,TB,TE,1,12,42.857142857142854,0,7.7,3,14.3,0,0,0,0,,0,0,0,0,,,0,,0,,0,,0,0,0,0,0,0,0,0,,0,0,0,,0,,0,,0,,0,0,,0,0,,0,,,33.3,33.3,33.3,0,0,0,0,0,0,0,0,0
2026,353,Bauer Sharp,TB,TE,1,13,14.285714285714285,0,75,1,100,0,0,0,0,,0,0,0,0,,,0,,0,,0,,0,0,0,0,0,0,0,0,,0,0,0,,0,,0,,0,,0,0,,0,0,,0,,,100,0,0,0,0,0,0,0,0,0,0,0
2026,354,Carsen Ryan,CLV,TE,1,12,100,0,3.2,1,11.1,0,0,0,0,,0,0,0,0,,,0,,0,,0,,0,0,0,0,0,0,0,0,,0,0,0,,0,,0,,0,,0,0,,0,0,,0,,,0,100,0,0,0,0,0,0,0,0,0,0
2026,355,Tanner Arkin,NE,TE,1,11,100,0,7.8,5,15.2,0,0,0,0,,0,0,0,0,,,0,,0,,0,,0,0,0,0,0,0,0,0,,0,0,0,,0,,0,,0,,0,0,,0,0,,0,,,20,40,40,0,0,0,0,0,0,0,0,0
2026,356,Eli Raridon,NE,TE,1,11,30.76923076923077,0,10.7,4,8.5,0,0,0,0,,0,0,0,0,,,0,,0,,0,,0,0,0,0,0,0,0,0,,0,0,0,,0,,0,,0,,0,0,,0,0,,0,,,0,50,50,0,0,0,0,0,0,0,0,0
2026,357,Eli Raridon,NE,TE,1,21,7.6923076923076925,0,34.8,1,20,0,0,0,0,,0,0,0,0,,,0,,0,,0,,0,0,0,0,0,0,0,0,,0,0,0,,0,,0,,0,,0,0,,0,0,,0,,,0,0,100,0,0,0,0,0,0,0,0,0
2026,358,Marlin Klein,HST,TE,1,11,20,0,0.8,1,0.9,0,0,0,0,,0,0,0,0,,,0,,0,,0,,0,0,0,0,0,0,0,0,,0,0,0,,0,,0,,0,,0,0,,0,0,,0,,,0,0,100,0,0,0,0,0,0,0,0,0
2026,359,Marlin Klein,HST,TE,2,12,40,0,15.2,2,12.5,0,0,0,0,,0,0,0,0,,,0,,0,,0,,0,0,0,0,0,0,0,0,,0,0,0,,0,,0,,0,,0,0,,0,0,,0,,,0,0,100,0,0,0,0,0,0,0,0,0
2026,360,Nate Boerkircher,JAX,TE,2,11,15.789473684210526,0,7.9,3,4.8,0,0,0,0,,0,0,0,0,,,0,,0,,0,,0,0,0,0,0,0,0,0,,0,0,0,,0,,0,,0,,0,0,,0,0,,0,,,33.3,0,66.7,0,0,0,0,0,0,0,0,0
2026,361,Nate Boerkircher,JAX,TE,1,13,21.052631578947366,50,100,4,66.7,1,16.7,0,0.25,4,4,8.2,0,0,0,0,0,0,0,0,0,0,0,0,0,1,0,0,0,0,39.6,0,0,0,0,0,0,0,0,0,0,0,0,0,0,0,0,20,-6.07,-0.441,0,0,100,0,0,0,0,0,0,0,0,0
2026,362,Will Kacmarek,MIA,TE,2,12,10.526315789473683,0,100,2,40,0,0,0,0,,0,0,0,0,,,0,,0,,0,,0,0,0,0,0,0,0,0,,0,0,0,,0,,0,,0,,0,0,,0,0,,0,,,0,0,100,0,0,0,0,0,0,0,0,0
2026,363,Will Kacmarek,MIA,TE,1,21,63.1578947368421,50,82.2,12,50,1,5,0,0.08,6,6,2.5,0,0,0,0,0,0,0,0,0,0,0,0,0,0,0,0,0,0,39.6,1,7.1,0,0,0,0,0,0,0,0,0,0,0,0,0,0,6.3,-7.09,-0.636,16.7,8.3,75,0,0,0,0,0.02,-0.02,0,0,0
2026,364,Sam Roush,CHI,TE,1,12,13.333333333333334,25,4.4,2,6.3,1,3.8,0,0.5,7,7,4.5,0,0,0,0,0,0,0,0,0,0,0,0,0,0,0,0,0,0,39.6,0,0,0,0,1,100,0,0,1,100,0,0,0,0,0,0,50,-7.31,-0.522,0,0,0,100,0,2,0,1.98,-1.98,0,0.99,2
2026,365,Cade Stover,HST,TE,1,12,62.5,100,60.6,5,31.3,1,6.7,-0.4,0.2,-2,-2,-1.8,-2,-2.7,-2,-2,1,100,0,0,0,0,0,0.02,0,0,0,0,0,0,79.2,1,10,0,0,1,100,0,0,0,0,1,1,100,0,0,0,12.5,-6.85,-0.937,0,20,80,0,0.8,0.7,0.8,0.72,0.08,0.16,0.14,0.7
2026,366,Tyler Warren,IND,TE,2,13,8.98876404494382,9.090909090909092,100,8,100,2,28.6,-0.25,0.25,3.5,7,46.7,-2,-12.5,-1,-2,1,50,2,2,0,0,0,0.01,0,0,0,0,0,0,56.3,2,50,0,0,2,100,0,0,1,50,0,0,0,0,0,0,28.6,-8.54,-0.855,0,12.5,75,12.5,0.8,3.9,0.4,1.94,-1.54,0.1,0.49,3.9
2026,367,Mason Taylor,NYJ,TE,1,11,68.57142857142857,66.66666666666666,32.5,24,45.3,2,4.3,-0.08,0.08,0,0,0,-2,-0.6,-1,-1,2,100,-2,-1,-1,-0.5,0,0.01,0,0,0,0,0,0,79.2,2,7.1,1,50,2,100,0,0,0,0,0,0,0,0,0,0,11.8,-8.1,-0.888,0,66.7,33.3,0,1.8,3.3,1.8,3.32,-1.52,0.07,0.14,3.3
2026,368,Greg Dulcich,MIA,TE,1,12,6.666666666666667,8.333333333333332,100,4,80,1,25,-1.25,0.25,-5,-5,-11.9,-5,-500,-5,-5,1,100,0,0,0,0,0,0.05,0,1,0,0,0,0,79.2,1,33.3,1,100,1,100,0,0,0,0,0,0,0,0,0,0,25,-9.37,-0.671,25,0,75,0,0.5,1.8,0.5,1.75,-1.25,0.13,0.44,1.8
2026,369,Eric Saubert,SEA,TE,1,13,21.428571428571427,33.33333333333333,100,3,75,1,25,-3.33,0.33,-11,-11,-22.4,-10,-41.7,-10,-10,1,100,1,1,1,1,0,0.08,0,1,0,0,0,0,79.2,0,0,0,0,1,100,0,0,0,0,0,0,0,0,0,0,25,-16.1,-1.632,33.3,0,66.7,0,0,2.5,0,2.5,-2.5,0,0.83,2.5
Exported from Data Suite 2.0 by michaelgingrave (user 380) on 2026-09-30 02:27 UTC,,,,,,,,,,,,,,,,,,,,,,,,,,,,,,,,,,,,,,,,,,,,,,,,,,,,,,,,,,,,,,,,,,,,