,Player Details,Player Details,Player Details,Player Details,Player Details,Splits,Splits,Splits,Splits,Overall,Overall,Overall,Overall,Man,Man,Man,Man,Zone,Zone,Zone,Zone,Single-High,Single-High,Single-High,Single-High,Two-High,Two-High,Two-High,Two-High
Season,Rank,Name,Team,POS,G,WEEK,OPP,RTE %,TGT %,RTE,TPRR,YPRR,FP/RR,RTE,TPRR,YPRR,FP/RR,RTE,TPRR,YPRR,FP/RR,RTE,TPRR,YPRR,FP/RR,RTE,TPRR,YPRR,FP/RR
2025,,League Avg,,,,,,,,29.156370656370655,0.2,1.6,0.36,7.457528957528957,0.21,1.5,0.35,20.44787644787645,0.2,1.7,0.35,14.135135135135135,0.21,1.68,0.35,15.021235521235521,0.19,1.52,0.36
2025,1,Amon-Ra St. Brown,DET,WR,1,16,PIT,9.67741935483871,5.421686746987952,51,0.18,1.06,0.18,17,0.29,1.59,0.28,31,0.1,0.87,0.15,25,0.12,0,0,26,0.23,2.08,0.36
2025,2,Jameson Williams,DET,WR,1,16,PIT,8.81294964028777,9.090909090909092,49,0.18,1.43,0.24,13,0.23,0.46,0.12,33,0.15,1.94,0.32,25,0.12,1.08,0.19,24,0.25,1.79,0.3
2025,3,Trey McBride,ARZ,TE,1,14,LA,7.04647676161919,5.454545454545454,47,0.19,1.23,0.23,6,0,0,0,38,0.24,1.53,0.28,17,0.24,1.53,0.33,30,0.17,1.07,0.17
2025,4,Ja'Marr Chase,CIN,WR,1,13,BLT,7.504078303425775,7.734806629834254,46,0.3,2.39,0.39,22,0.27,2,0.38,23,0.3,2.87,0.42,32,0.31,2.56,0.41,14,0.29,2,0.34
2025,5,George Pickens,DAL,WR,1,14,DET,7.890222984562607,6.870229007633588,46,0.2,0.8,0.19,21,0.1,0.52,0.15,25,0.28,1.04,0.22,20,0.15,0.75,0.17,26,0.23,0.85,0.2
2025,6,Courtland Sutton,DEN,WR,1,16,JAX,8.19672131147541,9.166666666666666,45,0.24,1.91,0.46,3,0.33,5,2.83,39,0.23,1.82,0.31,17,0.35,2.47,0.42,28,0.18,1.57,0.48
2025,7,Chris Olave,NO,WR,1,16,NYJ,7.899461400359066,10.596026490066226,44,0.36,3.36,0.84,9,0.67,8.33,2.06,34,0.29,2.15,0.54,21,0.52,4.81,1.39,23,0.22,2.04,0.33
2025,8,Puka Nacua,LA,WR,1,16,SEA,9.865470852017937,9.815950920245399,44,0.36,5.11,1.06,7,0.43,1,1.24,34,0.35,6.26,1.07,16,0.44,5,1.13,28,0.32,5.18,1.02
2025,9,Ja'Marr Chase,CIN,WR,1,15,BLT,7.01468189233279,8.83977900552486,43,0.37,3.07,0.54,7,0.57,0.29,0.17,34,0.32,3.65,0.6,26,0.54,4.85,0.83,17,0.12,0.35,0.09
2025,10,Tre Harris,LAC,WR,1,18,DEN,15.75091575091575,14.285714285714285,43,0.14,0.65,0.11,10,0.2,1.2,0.22,30,0.1,0.53,0.09,19,0.16,0,0,24,0.13,1.17,0.2
2025,11,CeeDee Lamb,DAL,WR,1,17,WAS,9.545454545454547,8.849557522123893,42,0.24,1.1,0.23,6,0,0,0,36,0.28,1.28,0.27,7,0.43,3.43,0.49,35,0.2,0.63,0.18
2025,12,Ja'Marr Chase,CIN,WR,1,18,CLV,6.851549755301795,5.524861878453039,42,0.24,2.29,0.56,8,0.25,2.63,0.39,33,0.24,2.27,0.62,14,0.36,4.07,1.19,28,0.18,1.39,0.25
2025,13,Chris Olave,NO,WR,1,13,MIA,7.5403949730700175,3.9735099337748347,42,0.14,1.12,0.35,8,0.13,1.25,0.25,34,0.15,1.09,0.37,15,0.07,0.27,0.09,27,0.19,1.59,0.49
2025,14,Jameson Williams,DET,WR,1,18,CHI,7.553956834532374,8.080808080808081,42,0.19,1.76,0.32,23,0.22,2.09,0.34,15,0.2,1.73,0.37,26,0.27,2.5,0.44,16,0.06,0.56,0.12
2025,15,Wan'Dale Robinson,NYG,WR,1,15,WAS,8.030592734225621,6.8181818181818175,42,0.21,1.29,0.39,17,0.18,1.65,0.64,24,0.21,1.08,0.23,29,0.17,0.97,0.37,13,0.31,2,0.43
2025,16,Andrei Iosivas,CIN,WR,1,13,BLT,8.316831683168317,3.4482758620689653,42,0.05,0.69,0.24,21,0.05,0,0,20,0.05,1.45,0.49,30,0.07,0.97,0.33,12,0,0,0
2025,17,Zach Ertz,WAS,TE,1,13,DEN,12.386706948640484,18.30985915492958,41,0.32,2.59,0.5,17,0.12,1.53,0.27,23,0.43,3.48,0.7,17,0.41,4.59,0.87,24,0.25,1.17,0.24
2025,18,Marquez Valdes-Scantling,PIT,WR,1,18,BLT,19.158878504672895,24.137931034482758,41,0.17,0.83,0.2,16,0.19,1.25,0.25,23,0.17,0.61,0.19,29,0.24,1.17,0.29,12,0,0,0
2025,19,David Sills,ATL,WR,1,15,TB,13.804713804713806,29.411764705882355,41,0.24,1.9,0.34,10,0.3,0.4,0.14,30,0.23,2.47,0.41,19,0.16,0.53,0.11,22,0.32,3.09,0.54
2025,20,Deebo Samuel,WAS,WR,1,13,DEN,9.761904761904763,7.142857142857142,41,0.17,1.56,0.28,16,0.31,3.25,0.51,24,0.08,0.5,0.13,18,0.06,0,0,23,0.26,2.78,0.5
2025,21,Darnell Mooney,ATL,WR,1,15,TB,9.761904761904763,8.450704225352112,41,0.15,0.85,0.16,10,0.2,0.6,0.16,30,0.13,0.97,0.16,18,0.17,0,0,23,0.13,1.52,0.28
2025,22,Jerry Jeudy,CLV,WR,1,14,TEN,7.400722021660649,4.807692307692308,41,0.12,1.85,0.4,10,0.1,0,0,30,0.13,2.53,0.55,16,0.31,4.75,1.04,25,0,0,0
2025,23,Amon-Ra St. Brown,DET,WR,1,15,LA,7.7798861480075905,10.843373493975903,41,0.44,4,1.01,8,0.38,1,0.97,31,0.42,4.61,1.01,15,0.47,3.73,0.71,26,0.42,4.15,1.18
2025,24,Jahan Dotson,PHI,WR,1,18,WAS,10.621761658031089,20.588235294117645,41,0.17,0.98,0.17,10,0.3,1.5,0.25,29,0.14,0.86,0.16,16,0.19,0.94,0.16,25,0.16,1,0.18
2025,25,Stefon Diggs,NE,WR,1,16,BLT,9.975062344139651,10,40,0.25,3.45,0.57,10,0.3,6.3,0.93,30,0.23,2.5,0.45,23,0.3,4.52,0.76,17,0.18,2,0.32
2025,26,Jakobi Meyers,JAX,WR,1,17,IND,8,8.571428571428571,40,0.23,0.97,0.25,11,0.36,2.09,0.48,28,0.18,0.57,0.16,13,0.23,0.69,0.15,27,0.22,1.11,0.3
2025,27,Tee Higgins,CIN,WR,1,18,CLV,8.097165991902834,8.421052631578947,40,0.2,1.68,0.47,8,0.38,2.5,1.25,31,0.16,1.52,0.28,14,0.29,2,0.34,26,0.15,1.5,0.53
2025,28,DeVonta Smith,PHI,WR,1,14,LAC,8.048289738430583,6.1946902654867255,40,0.17,0.93,0.19,10,0.2,0.1,0.11,29,0.17,1.24,0.23,19,0.05,0.11,0.06,21,0.29,1.67,0.31
2025,29,Amon-Ra St. Brown,DET,WR,1,18,CHI,7.590132827324478,8.433734939759036,40,0.35,3.48,0.62,22,0.36,3.5,0.62,14,0.43,4.43,0.8,24,0.21,1.08,0.23,16,0.56,7.06,1.21
2025,30,Kyle Pitts,ATL,TE,1,15,TB,7.920792079207921,10.344827586206897,40,0.3,4.15,1.14,9,0.33,4.89,1.49,30,0.27,3.83,0.82,18,0.28,4.83,1.37,22,0.32,3.59,0.95
2025,31,Kevin Austin,NO,WR,1,16,NYJ,29.850746268656714,13.043478260869565,40,0.07,0.45,0.1,6,0,0,0,33,0.09,0.55,0.12,19,0.05,0.79,0.13,21,0.1,0.14,0.06
2025,32,John Metchie,NYJ,WR,1,13,ATL,16.736401673640167,16.666666666666664,40,0.2,0.47,0.15,10,0.1,0.7,0.17,28,0.21,0.43,0.15,25,0.16,0.6,0.18,15,0.27,0.27,0.09
2025,33,Trey McBride,ARZ,TE,1,13,TB,5.997001499250374,5.454545454545454,40,0.23,2.05,0.55,5,0.4,1.2,0.32,35,0.2,2.17,0.59,22,0.27,2.45,0.75,18,0.17,1.56,0.32
2025,34,Trey McBride,ARZ,TE,1,15,HST,5.997001499250374,7.878787878787878,40,0.33,3.35,0.93,7,0.43,3.43,1.63,32,0.31,3.44,0.81,19,0.32,3.89,0.71,21,0.33,2.86,1.14
2025,35,Jake Ferguson,DAL,TE,1,14,DET,8.421052631578947,7.000000000000001,40,0.17,1.45,0.27,17,0.18,0.88,0.15,23,0.17,1.87,0.36,16,0.13,0.88,0.21,24,0.21,1.83,0.31
2025,36,Michael Wilson,ARZ,WR,1,14,LA,6.655574043261231,12.903225806451612,40,0.4,3.55,0.93,5,0.8,9.4,1.54,32,0.38,2.97,0.92,14,0.5,3.36,0.62,26,0.35,3.65,1.1
2025,37,Parker Washington,JAX,WR,1,17,IND,10.498687664041995,11.11111111111111,40,0.25,2.88,0.49,12,0.17,3.42,0.51,27,0.26,2.67,0.45,13,0.15,0.77,0.23,27,0.3,3.89,0.61
2025,38,Harold Fannin,CLV,TE,1,14,TEN,9.925558312655088,9.615384615384617,40,0.25,2.85,0.64,10,0.2,4.2,1.22,28,0.29,2.57,0.47,15,0.07,2.33,0.3,25,0.36,3.16,0.84
2025,39,Mike Evans,TB,WR,1,17,MIA,18.660287081339714,11.864406779661017,39,0.18,0.79,0.31,9,0.22,0.44,0.82,28,0.18,0.96,0.17,24,0.25,1.29,0.5,15,0.07,0,0
2025,40,Dallas Goedert,PHI,TE,1,14,LAC,9.466019417475728,12.5,39,0.26,2,0.41,11,0.18,2.18,0.4,27,0.3,2,0.42,18,0.39,2.61,0.54,21,0.14,1.48,0.29
2025,41,DJ Moore,CHI,WR,1,17,SF,7.6171875,4.878048780487805,39,0.1,0.18,0.04,10,0.2,0,0,27,0.07,0.26,0.06,27,0.11,0.26,0.06,12,0.08,0,0
2025,42,Jakobi Meyers,JAX,WR,1,16,DEN,7.8,6.666666666666667,39,0.18,1.15,0.22,13,0.23,0.77,0.23,25,0.16,1.4,0.22,20,0.2,0.15,0.07,19,0.16,2.21,0.38
2025,43,Jerry Jeudy,CLV,WR,1,15,CHI,7.039711191335741,3.8461538461538463,39,0.1,0.56,0.11,10,0.1,0.8,0.18,25,0.12,0.56,0.1,16,0.06,0,0,23,0.13,0.96,0.18
2025,44,Jameson Williams,DET,WR,1,15,LA,7.014388489208632,9.090909090909092,39,0.23,3.23,0.66,7,0.14,2.43,0.39,30,0.27,3.63,0.76,15,0.27,2.13,0.41,24,0.21,3.92,0.81
2025,45,George Pickens,DAL,WR,1,17,WAS,6.689536878216123,3.816793893129771,39,0.13,2,0.3,6,0.33,6.67,1,33,0.09,1.15,0.18,8,0.25,2.38,0.36,31,0.1,1.9,0.29
2025,46,Trey McBride,ARZ,TE,1,17,CIN,5.847076461769116,7.878787878787878,39,0.33,1.95,0.61,17,0.29,1.35,0.66,22,0.36,2.41,0.56,25,0.28,0.72,0.27,14,0.43,4.14,1.2
2025,47,Jaxon Smith-Njigba,SEA,WR,1,16,LA,8.1419624217119,7.643312101910828,39,0.31,2.46,0.61,6,0.33,0.67,1.23,31,0.29,2.84,0.48,18,0.33,1.33,0.3,21,0.29,3.43,0.87
2025,48,Michael Wilson,ARZ,WR,1,13,TB,6.4891846921797,5.64516129032258,39,0.18,0.92,0.17,4,0.25,0,0,35,0.17,1.03,0.19,22,0.23,0.73,0.12,17,0.12,1.18,0.24
2025,49,Mason Tipton,NO,WR,1,13,MIA,23.636363636363637,23.52941176470588,39,0.1,0.51,0.13,8,0.13,0,0,31,0.1,0.65,0.16,12,0,0,0,27,0.15,0.74,0.19
2025,50,DK Metcalf,PIT,WR,1,16,DET,8.857808857808857,9.183673469387756,38,0.24,1.11,0.22,5,0,0,0,31,0.29,1.35,0.26,13,0.15,0.92,0.17,25,0.28,1.2,0.24
2025,51,A.J. Brown,PHI,WR,1,14,LAC,8.444444444444445,10.833333333333334,38,0.34,2.63,0.42,9,0.44,1.78,0.29,28,0.32,3,0.48,18,0.44,5.22,0.8,20,0.25,0.3,0.08
2025,52,CeeDee Lamb,DAL,WR,1,15,MIN,8.636363636363637,7.079646017699115,38,0.21,2.92,0.45,7,0.29,1.86,0.33,29,0.17,3.38,0.51,5,0.2,0.8,0.28,33,0.21,3.24,0.48
2025,53,Trey McBride,ARZ,TE,1,18,LA,5.697151424287856,4.848484848484849,38,0.21,1.71,0.36,8,0.13,1,0.23,28,0.25,2.04,0.42,10,0.1,2.9,0.39,28,0.25,1.29,0.34
2025,54,Andrei Iosivas,CIN,WR,1,15,BLT,7.524752475247524,1.7241379310344827,38,0.03,0,0,5,0,0,0,31,0.03,0,0,23,0,0,0,15,0.07,0,0
2025,55,Zay Flowers,BLT,WR,1,14,PIT,8.189655172413794,9.401709401709402,38,0.29,3.26,0.54,12,0.5,6.58,0.99,24,0.21,1.88,0.35,18,0.44,5.94,0.87,20,0.15,0.85,0.24
2025,56,Rashee Rice,KC,WR,1,15,LAC,15.2,14.285714285714285,38,0.29,1.34,0.32,11,0.18,0.27,0.12,25,0.32,1.92,0.43,17,0.35,1.94,0.43,21,0.24,0.86,0.23
2025,57,Ladd McConkey,LAC,WR,1,14,PHI,7.08955223880597,4.807692307692308,38,0.13,0.32,0.06,8,0,0,0,30,0.17,0.4,0.07,20,0.1,0.6,0.11,18,0.17,0,0
2025,58,Adam Thielen,PIT,WR,1,18,BLT,16.517857142857142,18.181818181818183,37,0.16,1.16,0.2,15,0.2,1.87,0.25,19,0.16,0.79,0.18,25,0.16,1.12,0.15,12,0.17,1.25,0.29
2025,59,Chris Godwin,TB,WR,1,15,ATL,15.481171548117153,8.333333333333332,37,0.11,0.54,0.32,11,0.09,0.36,0.13,23,0.09,0.57,0.14,25,0.12,0.48,0.41,12,0.08,0.67,0.15
2025,60,Chris Godwin,TB,WR,1,17,MIA,15.481171548117153,16.666666666666664,37,0.22,2.92,0.64,9,0.11,1.22,0.23,26,0.23,3.54,0.55,23,0.26,4.04,0.62,14,0.14,1.07,0.68
2025,61,Courtland Sutton,DEN,WR,1,13,WAS,6.739526411657559,5,37,0.16,1.68,0.46,3,0,0,0,31,0.16,1.65,0.29,10,0.3,3.9,0.69,27,0.11,0.85,0.38
2025,62,Juwan Johnson,NO,TE,1,18,ATL,7.341269841269842,5,37,0.14,1.65,0.25,4,0,0,0,31,0.16,1.97,0.29,17,0.24,3.59,0.54,20,0.05,0,0
2025,63,Kevin Austin,NO,WR,1,18,ATL,27.611940298507463,39.130434782608695,37,0.24,1,0.21,5,0,0,0,30,0.3,1.23,0.26,18,0.06,0.22,0.08,19,0.42,1.74,0.33
2025,64,John Metchie,NYJ,WR,1,14,MIA,15.481171548117153,16.666666666666664,37,0.22,0.92,0.2,4,0.25,0,0,31,0.23,1.1,0.24,11,0.36,1.36,0.32,26,0.15,0.73,0.15
2025,65,Treylon Burks,WAS,WR,1,13,DEN,26.24113475177305,21.73913043478261,37,0.14,0.14,0.2,14,0.29,0.36,0.54,22,0.05,0,0,17,0.12,0.29,0.44,20,0.15,0,0
2025,66,Cade Otton,TB,TE,1,17,MIA,8.240534521158128,5,37,0.11,0.89,0.2,7,0.14,0.86,0.23,28,0.11,0.96,0.2,22,0.09,0.64,0.15,15,0.13,1.27,0.26
2025,67,Quentin Johnston,LAC,WR,1,14,PHI,7.872340425531915,3.79746835443038,37,0.08,0.22,0.08,8,0,0,0,29,0.1,0.28,0.1,20,0.15,0.4,0.14,17,0,0,0
2025,68,Ryan Flournoy,DAL,WR,1,14,DET,14.34108527131783,24.074074074074073,37,0.35,3.11,0.72,18,0.33,3.5,0.91,19,0.37,2.74,0.54,13,0.54,5.46,1.32,24,0.25,1.83,0.39
2025,69,Devaughn Vele,NO,WR,1,13,MIA,16.08695652173913,22.22222222222222,37,0.22,2.51,0.63,7,0.14,2.14,1.21,30,0.23,2.6,0.49,12,0.17,2.25,0.89,25,0.24,2.64,0.5
2025,70,Colston Loveland,CHI,TE,1,17,SF,10.393258426966293,11.39240506329114,37,0.24,2.54,0.58,12,0.08,0.75,0.16,23,0.3,3.61,0.8,25,0.2,2.72,0.59,12,0.33,2.17,0.55
2025,71,Elic Ayomanor,TEN,WR,1,17,NO,8.314606741573034,8.13953488372093,37,0.19,1,0.37,7,0.29,3,1.44,28,0.18,0.57,0.13,29,0.24,1.28,0.47,8,0,0,0
2025,72,Harold Fannin,CLV,TE,1,15,CHI,9.181141439205955,13.461538461538462,37,0.38,1.3,0.32,9,0.22,1.44,0.26,24,0.46,1.17,0.33,15,0.33,1.33,0.27,22,0.41,1.27,0.35
2025,73,Hunter Henry,NE,TE,1,16,BLT,8.126410835214447,8.333333333333332,36,0.19,0.97,0.43,12,0.17,0.42,0.13,23,0.17,1.26,0.3,21,0.19,1.38,0.33,15,0.2,0.4,0.57
2025,74,A.J. Brown,PHI,WR,1,16,WAS,8,10,36,0.33,2.64,0.51,6,0.33,1.83,0.52,29,0.34,2.9,0.53,12,0.33,1.58,0.41,24,0.33,3.17,0.57
2025,75,Andre Baccellia,ARZ,WR,1,14,LA,55.38461538461539,75,36,0.08,0.08,0.04,6,0.17,0.5,0.22,28,0.04,0,0,12,0,0,0,24,0.13,0.13,0.05
2025,76,Colby Parkinson,LA,TE,1,16,SEA,15.450643776824036,7.2727272727272725,36,0.11,0.58,0.11,1,0,0,0,33,0.12,0.64,0.12,13,0.23,1.62,0.32,23,0.04,0,0
2025,77,Ja'Marr Chase,CIN,WR,1,14,BUF,5.872756933115824,3.867403314917127,36,0.19,1.22,0.26,13,0.15,1.69,0.32,23,0.22,0.96,0.23,9,0.44,2,0.42,27,0.11,0.96,0.21
2025,78,DeVonta Smith,PHI,WR,1,16,WAS,7.2434607645875255,7.079646017699115,36,0.22,1.17,0.45,6,0.33,0.83,1.25,29,0.17,1.28,0.3,13,0.38,0.85,0.78,23,0.13,1.35,0.27
2025,79,Khalil Shakir,BUF,WR,1,17,PHI,9.16030534351145,7.777777777777778,36,0.19,0.97,0.26,9,0.22,0.78,0.3,26,0.19,1.08,0.26,24,0.21,1.25,0.33,12,0.17,0.42,0.13
2025,80,Jaxon Smith-Njigba,SEA,WR,1,15,IND,7.515657620041753,5.7324840764331215,36,0.25,3.14,0.51,3,0.33,0,0,31,0.26,3.65,0.59,17,0.29,4.82,0.72,19,0.21,1.63,0.32
2025,81,Michael Wilson,ARZ,WR,1,18,LA,5.990016638935108,6.451612903225806,36,0.22,2.75,0.58,9,0.33,2.22,0.33,25,0.2,3.16,0.72,11,0.36,4.82,0.75,25,0.16,1.84,0.5
2025,82,Kayshon Boutte,NE,WR,1,16,BLT,10.16949152542373,6.666666666666667,36,0.08,0.44,0.07,9,0,0,0,27,0.11,0.59,0.1,20,0.05,0.8,0.13,16,0.13,0,0
2025,83,Rashee Rice,KC,WR,1,13,DAL,14.399999999999999,15.584415584415584,36,0.33,2.56,0.81,10,0.4,0.8,0.88,23,0.3,3.65,0.89,19,0.37,2.74,0.54,17,0.29,2.35,1.12
2025,84,Troy Franklin,DEN,WR,1,16,JAX,7.9120879120879115,4.901960784313726,36,0.14,1.83,0.29,2,0,0,0,33,0.15,2,0.32,13,0.23,4.54,0.68,23,0.09,0.3,0.07
2025,85,Adonai Mitchell,NYJ,WR,1,13,ATL,12.811387900355871,16.43835616438356,36,0.33,2.83,0.67,10,0.3,1,0.2,24,0.38,3.83,0.92,24,0.33,1.42,0.31,12,0.33,5.67,1.4
2025,86,Brian Thomas,JAX,WR,1,17,IND,8.256880733944955,7.954545454545454,36,0.19,1.08,0.22,10,0.2,0,0,25,0.2,1.56,0.32,9,0.33,1.22,0.23,27,0.15,1.04,0.21
2025,87,Pat Bryant,DEN,WR,1,13,WAS,12.903225806451612,14.893617021276595,36,0.19,1.17,0.2,4,0.25,5.25,0.78,29,0.21,0.72,0.14,10,0.2,2.1,0.31,26,0.19,0.81,0.16
2025,88,Chimere Dike,TEN,WR,1,17,NO,9.574468085106384,6.944444444444445,36,0.14,1.53,0.26,7,0,0,0,27,0.19,2.04,0.35,28,0.04,0.29,0.06,8,0.5,5.88,0.96
2025,89,Adam Thielen,PIT,WR,1,17,CLV,15.625,15.151515151515152,35,0.14,0.4,0.1,12,0.17,0.25,0.11,23,0.13,0.48,0.09,17,0.12,0.18,0.08,18,0.17,0.61,0.12
2025,90,Marquez Valdes-Scantling,PIT,WR,1,17,CLV,16.355140186915886,31.03448275862069,35,0.26,0.6,0.15,12,0.5,0,0,23,0.13,0.91,0.22,17,0.41,0.41,0.1,18,0.11,0.78,0.19
2025,91,Courtland Sutton,DEN,WR,1,14,LV,6.375227686703097,8.333333333333332,35,0.29,1.77,0.35,2,1,5.5,1.05,27,0.26,1.89,0.37,20,0.35,2.7,0.52,15,0.2,0.53,0.12
2025,92,DJ Moore,CHI,WR,1,16,GB,6.8359375,8.536585365853659,35,0.2,2.77,0.59,4,0,0,0,29,0.24,3.34,0.71,14,0.14,1.93,0.34,21,0.24,3.33,0.76
2025,93,Darius Slayton,NYG,WR,1,15,WAS,8.83838383838384,16.39344262295082,35,0.29,1.51,0.27,17,0.29,1.12,0.17,17,0.29,2,0.38,27,0.33,1.96,0.34,8,0.13,0,0
2025,94,Gunner Olszewski,NYG,WR,1,18,DAL,53.03030303030303,69.23076923076923,35,0.26,2.91,0.52,15,0.4,4.67,0.8,19,0.16,1.68,0.33,22,0.36,4.14,0.73,13,0.08,0.85,0.16
2025,95,Michael Pittman,IND,WR,1,16,SF,6.9306930693069315,4.62962962962963,35,0.14,0.91,0.21,10,0,0,0,24,0.21,1.33,0.3,24,0.13,0.75,0.2,11,0.18,1.27,0.22
2025,96,Jauan Jennings,SF,WR,1,17,CHI,8.19672131147541,3.488372093023256,35,0.09,1.2,0.35,5,0,0,0,27,0.07,1.41,0.4,18,0.06,0,0,17,0.12,2.47,0.72
2025,97,Pat Freiermuth,PIT,TE,1,18,BLT,11.784511784511785,9.433962264150944,35,0.14,1.46,0.23,15,0.07,0,0,18,0.22,2.83,0.45,25,0.04,0,0,10,0.4,5.1,0.81
2025,98,Chris Olave,NO,WR,1,15,CAR,6.283662477558348,5.960264900662252,35,0.26,2.43,0.59,7,0.57,1.71,1.17,27,0.19,2.7,0.46,19,0.37,3.47,0.56,16,0.13,1.19,0.62
2025,99,George Pickens,DAL,WR,1,15,MIN,6.003430531732419,3.0534351145038165,35,0.11,0.94,0.18,5,0,0,0,29,0.14,1.14,0.22,6,0.17,1.67,0.33,29,0.1,0.79,0.15
2025,100,George Pickens,DAL,WR,1,16,LAC,6.003430531732419,6.870229007633588,35,0.26,3.71,0.74,6,0.33,4.67,0.63,27,0.22,3.56,0.76,9,0.33,5.56,0.78,26,0.23,3.08,0.73
2025,101,Alec Pierce,IND,WR,1,16,SF,7.865168539325842,4.761904761904762,35,0.11,2.46,0.7,9,0.11,3.67,0.48,25,0.12,2.12,0.81,24,0.08,2.08,0.29,11,0.18,3.27,1.6
2025,102,Zay Flowers,BLT,WR,1,13,CIN,7.543103448275862,5.982905982905983,35,0.2,0.17,0.07,16,0.19,0,0,19,0.21,0.32,0.14,18,0.17,0.06,0.06,17,0.24,0.29,0.09
2025,103,Brock Bowers,LV,TE,1,14,DEN,9.283819628647215,6.024096385542169,35,0.14,1.31,0.42,12,0.17,1.25,0.21,21,0.14,1.48,0.58,17,0.18,0.94,0.21,18,0.11,1.67,0.61
2025,104,Adonai Mitchell,NYJ,WR,1,14,MIA,12.455516014234876,8.21917808219178,35,0.17,0.69,0.1,4,0,0,0,29,0.17,0.83,0.12,10,0,0,0,25,0.24,0.96,0.14
2025,105,Ladd McConkey,LAC,WR,1,17,HST,6.529850746268656,1.9230769230769231,35,0.06,0.89,0.12,8,0,0,0,23,0.04,1.35,0.18,19,0.05,0,0,16,0.06,1.94,0.26
2025,106,Terrance Ferguson,LA,TE,1,16,SEA,21.604938271604937,16,35,0.11,0.94,0.35,6,0,0,0,27,0.11,1.11,0.19,15,0.07,1.8,0.25,20,0.15,0.3,0.43
2025,107,Travis Kelce,KC,TE,1,15,LAC,6.653620352250488,8.653846153846153,34,0.26,2.06,0.41,10,0.3,0.8,0.18,22,0.27,2.82,0.55,16,0.25,0.94,0.22,18,0.28,3.06,0.58
2025,108,Mack Hollins,NE,WR,1,16,BLT,10.429447852760736,13.846153846153847,34,0.26,2.03,0.41,11,0.27,2.45,0.43,23,0.26,1.83,0.4,19,0.32,1.89,0.4,15,0.2,2.2,0.42
2025,109,Courtland Sutton,DEN,WR,1,17,KC,6.193078324225866,8.333333333333332,34,0.29,1.18,0.24,5,0,0,0,26,0.35,1.54,0.31,9,0.44,0,0,25,0.24,1.6,0.32
2025,110,Isaiah Hodgins,NYG,WR,1,18,DAL,18.37837837837838,11.76470588235294,34,0.06,0,0,13,0.15,0,0,19,0,0,0,23,0.09,0,0,11,0,0,0
2025,111,Michael Pittman,IND,WR,1,14,JAX,6.732673267326733,10.185185185185185,34,0.32,2.32,0.5,4,0,0,0,30,0.37,2.63,0.56,16,0.38,3,0.61,18,0.28,1.72,0.39
2025,112,CeeDee Lamb,DAL,WR,1,16,LAC,7.727272727272727,6.1946902654867255,34,0.21,1.5,0.33,5,0.4,2,0.6,27,0.19,1.52,0.3,9,0.22,0.67,0.18,25,0.2,1.8,0.38
2025,113,Shane Zylstra,DET,TE,1,16,PIT,43.58974358974359,100,34,0.15,0.59,0.15,10,0.1,0,0,23,0.17,0.87,0.22,16,0.19,1,0.23,18,0.11,0.22,0.08
2025,114,Michael Wilson,ARZ,WR,1,15,HST,5.657237936772046,8.870967741935484,34,0.32,1.59,0.48,5,0.4,4.6,0.86,29,0.31,1.07,0.42,17,0.29,2.35,0.82,17,0.35,0.82,0.14
2025,115,Michael Wilson,ARZ,WR,1,17,CIN,5.657237936772046,8.064516129032258,34,0.29,2.62,0.59,16,0.31,0.94,0.16,18,0.28,4.11,0.97,23,0.35,1.83,0.31,11,0.18,4.27,1.15
2025,116,Derius Davis,LAC,WR,1,18,DEN,65.38461538461539,33.33333333333333,34,0.03,0.21,0.05,8,0,0,0,23,0.04,0.3,0.07,14,0,0,0,20,0.05,0.35,0.08
2025,117,Puka Nacua,LA,WR,1,17,ATL,7.623318385650224,6.134969325153374,34,0.29,1.38,0.46,7,0,0,0,24,0.33,1.96,0.65,17,0.35,1.71,0.7,17,0.24,1.06,0.22
2025,118,Isaiah Williams,NYJ,WR,1,16,NO,16.831683168316832,11.76470588235294,34,0.12,0.74,0.19,2,0,0,0,32,0.13,0.78,0.2,21,0.05,0.19,0.07,13,0.23,1.62,0.39
2025,119,Tyler Warren,IND,TE,1,14,JAX,7.083333333333333,5.660377358490567,34,0.18,0.44,0.1,4,0.25,0.5,0.3,30,0.17,0.43,0.08,16,0.19,0.13,0.07,18,0.17,0.72,0.13
2025,120,Tyler Warren,IND,TE,1,16,SF,7.083333333333333,7.547169811320755,34,0.24,0.88,0.18,8,0.25,0,0,25,0.24,1.2,0.24,22,0.27,1.23,0.21,12,0.17,0.25,0.11
2025,121,Elic Ayomanor,TEN,WR,1,13,JAX,7.640449438202247,5.813953488372093,34,0.15,0.15,0.04,4,0,0,0,30,0.17,0.17,0.05,19,0.21,0.26,0.08,15,0.07,0,0
2025,122,Evan Engram,DEN,TE,1,13,WAS,9.792284866468842,12.162162162162163,33,0.27,2.39,0.42,2,0.5,0,0,28,0.29,2.82,0.5,12,0.25,3.92,0.56,21,0.29,1.52,0.34
2025,123,Cooper Kupp,SEA,WR,1,16,LA,8.527131782945736,5.88235294117647,33,0.12,1.18,0.21,6,0.17,0,0,25,0.12,1.56,0.28,17,0.18,1.06,0.22,16,0.06,1.31,0.19
2025,124,Mark Andrews,BLT,TE,1,14,PIT,10.410094637223976,5.970149253731343,33,0.12,0.27,0.06,12,0.17,0,0,19,0.05,0.47,0.1,16,0.13,0.56,0.12,17,0.12,0,0
2025,125,DJ Moore,CHI,WR,1,13,PHI,6.4453125,4.878048780487805,33,0.12,0.52,0.11,15,0.13,0.4,0.11,17,0.12,0.65,0.12,14,0.14,0.79,0.15,19,0.11,0.32,0.08
2025,126,Mike Gesicki,CIN,TE,1,15,BLT,13.865546218487395,4.761904761904762,33,0.06,0.33,0.06,4,0,0,0,28,0.07,0.39,0.07,21,0,0,0,12,0.17,0.92,0.18
2025,127,Jakobi Meyers,JAX,WR,1,15,NYJ,6.6000000000000005,6.666666666666667,33,0.21,2.15,0.37,12,0.33,3.33,0.58,16,0.13,0.63,0.13,15,0.27,2.67,0.47,18,0.17,1.72,0.28
2025,128,Jakobi Meyers,JAX,WR,1,18,TEN,6.6000000000000005,5.714285714285714,33,0.18,1.33,0.28,7,0,0,0,25,0.24,1.76,0.38,16,0.19,1.94,0.38,17,0.18,0.76,0.19
2025,129,Darius Slayton,NYG,WR,1,18,DAL,8.333333333333332,13.114754098360656,33,0.24,1.03,0.22,14,0.14,0,0,18,0.33,1.89,0.41,20,0.2,1.4,0.29,13,0.31,0.46,0.12
2025,130,Juwan Johnson,NO,TE,1,16,NYJ,6.547619047619048,9,33,0.27,2.7,0.51,8,0.13,1.88,0.31,25,0.32,2.96,0.58,15,0.2,2,0.4,18,0.33,3.28,0.61
2025,131,Jauan Jennings,SF,WR,1,16,IND,7.728337236533958,6.976744186046512,33,0.18,2.15,0.55,10,0.3,4.9,0.79,19,0.16,1.16,0.54,18,0.28,2.78,0.83,15,0.07,1.4,0.21
2025,132,Justin Jefferson,MIN,WR,1,13,SEA,6.16822429906542,4.3478260869565215,33,0.18,0.12,0.07,3,0.33,0,0,28,0.18,0.14,0.09,18,0.22,0.22,0.13,15,0.13,0,0
2025,133,CeeDee Lamb,DAL,WR,1,13,KC,7.5,7.964601769911504,33,0.27,3.39,0.73,9,0.22,1.11,0.22,23,0.3,4.43,0.97,9,0.33,2.11,0.43,24,0.25,3.88,0.85
2025,134,Rashod Bateman,BLT,WR,1,14,PIT,11.14864864864865,8.571428571428571,33,0.09,0.7,0.13,12,0,0,0,20,0.1,1.15,0.21,16,0.06,1.13,0.17,17,0.12,0.29,0.09
2025,135,Nico Collins,HST,WR,1,14,KC,7.20524017467249,6.779661016949152,33,0.24,3.67,0.49,15,0.2,3.53,0.42,18,0.28,3.78,0.54,13,0.15,4.38,0.59,20,0.3,3.2,0.42
2025,136,Kylen Granson,PHI,TE,1,18,WAS,44,55.55555555555556,33,0.15,0.91,0.21,9,0.11,0.67,0.18,23,0.17,1.04,0.23,13,0.15,0.46,0.12,20,0.15,1.2,0.27
2025,137,Ja'Marr Chase,CIN,WR,1,16,MIA,5.383360522022838,6.077348066298343,33,0.33,3.3,0.6,10,0.2,3.6,0.46,22,0.41,3.32,0.7,9,0.44,3.78,0.71,24,0.29,3.13,0.56
2025,138,Ja'Marr Chase,CIN,WR,1,17,ARZ,5.383360522022838,4.972375690607735,33,0.27,1.82,0.76,2,0,0,0,30,0.27,1.73,0.57,18,0.22,1,0.66,15,0.33,2.8,0.88
2025,139,Jameson Williams,DET,WR,1,14,DAL,5.935251798561151,9.090909090909092,33,0.27,2.91,0.5,4,0.25,7.25,0.97,27,0.3,2.48,0.47,19,0.32,3.16,0.53,14,0.21,2.57,0.47
2025,140,George Pickens,DAL,WR,1,13,KC,5.660377358490567,9.16030534351145,33,0.36,2.67,0.45,10,0.6,6.5,1.05,21,0.24,1.1,0.2,9,0.44,2.67,0.49,24,0.33,2.67,0.43
2025,141,John Metchie,NYJ,WR,1,16,NO,13.807531380753138,10.416666666666668,33,0.15,0.12,0.04,2,0.5,0,0,31,0.13,0.13,0.05,18,0.22,0.22,0.08,15,0.07,0,0
2025,142,Romeo Doubs,GB,WR,1,15,DEN,8.461538461538462,3.571428571428571,33,0.09,1.09,0.17,13,0.15,0.77,0.15,20,0.05,1.3,0.18,20,0.1,1.3,0.18,13,0.08,0.77,0.15
2025,143,Quentin Johnston,LAC,WR,1,17,HST,7.021276595744681,10.126582278481013,33,0.24,2.97,0.45,7,0.29,3.43,0.63,22,0.27,3.36,0.47,16,0.31,5.44,0.79,17,0.18,0.65,0.12
2025,144,Tre Tucker,LV,WR,1,14,DEN,5.956678700361011,5.555555555555555,33,0.15,0.73,0.13,12,0.08,1.08,0.19,19,0.21,0.58,0.11,16,0.19,0.81,0.14,17,0.12,0.65,0.12
2025,145,Adonai Mitchell,NYJ,WR,1,15,JAX,11.743772241992882,12.32876712328767,33,0.27,1.76,0.54,6,0.33,1.33,0.3,25,0.24,1.64,0.32,14,0.36,2,0.49,19,0.21,1.58,0.58
2025,146,Adonai Mitchell,NYJ,WR,1,16,NO,11.743772241992882,8.21917808219178,33,0.18,1.3,0.22,2,0,0,0,31,0.19,1.39,0.24,18,0.22,0.44,0.1,15,0.13,2.33,0.37
2025,147,Brian Thomas,JAX,WR,1,16,DEN,7.568807339449542,2.272727272727273,33,0.06,0.55,0.12,11,0,0,0,22,0.09,0.82,0.17,16,0.06,0.56,0.12,17,0.06,0.53,0.11
2025,148,Darius Cooper,PHI,WR,1,18,WAS,36.666666666666664,45.45454545454545,33,0.15,1,0.19,9,0.33,2.56,0.48,22,0.09,0.45,0.09,13,0.23,1.77,0.33,20,0.1,0.5,0.1
2025,149,Chimere Dike,TEN,WR,1,13,JAX,8.77659574468085,5.555555555555555,33,0.12,0.24,0.05,4,0.25,0,0,29,0.1,0.28,0.06,17,0.12,0,0,16,0.13,0.5,0.11
2025,150,Dallas Goedert,PHI,TE,1,16,WAS,7.766990291262135,3.75,32,0.09,1,0.38,5,0,0,0,26,0.12,1.23,0.47,11,0.18,2.09,0.94,21,0.05,0.43,0.09
2025,151,DJ Moore,CHI,WR,1,14,GB,6.25,3.6585365853658534,32,0.09,-0.13,0.02,4,0,0,0,28,0.11,-0.14,0.02,11,0.09,-0.36,0.05,21,0.1,0,0
2025,152,Dante Pettis,NO,WR,1,18,ATL,43.83561643835616,45.45454545454545,32,0.16,1.88,0.34,3,0,0,0,27,0.19,2.22,0.41,13,0.15,0,0.15,19,0.16,3.16,0.47
2025,153,Olamide Zaccheaus,CHI,WR,1,16,GB,10.491803278688524,6.451612903225806,32,0.13,1.03,0.17,4,0,0,0,26,0.12,1.27,0.2,13,0.08,2.08,0.28,19,0.16,0.32,0.08
2025,154,DK Metcalf,PIT,WR,1,14,BLT,7.459207459207459,12.244897959183673,32,0.38,4.63,0.68,11,0.45,7.27,0.91,18,0.39,3.78,0.66,17,0.41,8,1.15,15,0.33,0.8,0.15
2025,155,Terry McLaurin,WAS,WR,1,13,DEN,13.061224489795919,24.137931034482758,32,0.44,3,0.71,14,0.43,0.21,0.52,18,0.44,5.17,0.85,15,0.47,3.07,0.51,17,0.41,2.94,0.88
2025,156,Juwan Johnson,NO,TE,1,13,MIA,6.349206349206349,8,32,0.25,1.22,0.28,6,0.67,2.83,0.62,26,0.15,0.85,0.2,8,0.63,2.63,0.64,24,0.13,0.75,0.16
2025,157,Isaiah Hodgins,NYG,WR,1,15,WAS,17.2972972972973,11.76470588235294,32,0.06,0.13,0.04,13,0.08,0,0,18,0.06,0.22,0.08,22,0.05,0,0,10,0.1,0.4,0.14
2025,158,Drake London,ATL,WR,1,18,NO,9.090909090909092,7.4074074074074066,32,0.25,2.44,0.56,7,0.29,5.29,0.67,25,0.24,1.64,0.52,21,0.24,2.48,0.63,11,0.27,2.36,0.42
2025,159,Tre Tucker,LV,WR,1,17,NYG,5.776173285198556,5.555555555555555,32,0.16,1.53,0.31,8,0.25,3.75,0.63,21,0.14,0.9,0.23,19,0.21,2.21,0.43,13,0.08,0.54,0.13
2025,160,Josh Downs,IND,WR,1,16,SF,9.014084507042254,10.714285714285714,32,0.28,2.03,0.36,9,0.33,1.56,0.27,23,0.26,2.22,0.4,22,0.32,1.55,0.29,10,0.2,3.1,0.51
2025,161,Xavier Weaver,ARZ,WR,1,18,LA,17.11229946524064,0,32,0,0,0,8,0,0,0,23,0,0,0,7,0,0,0,25,0,0,0
2025,162,AJ Barner,SEA,TE,1,16,LA,9.35672514619883,7.8125,32,0.16,1.53,0.47,5,0,0,0,25,0.2,1.96,0.6,13,0.15,2.62,0.88,19,0.16,0.79,0.18
2025,163,Tetairoa McMillan,CAR,WR,1,16,TB,6.130268199233716,8.403361344537815,32,0.31,2.28,0.6,12,0.5,2.75,0.94,20,0.2,2,0.4,11,0.27,1,0.19,21,0.33,2.95,0.82
2025,164,Travis Kelce,KC,TE,1,18,LV,6.066536203522505,4.807692307692308,31,0.16,0.39,0.14,11,0.18,0.64,0.25,19,0.11,0.26,0.08,15,0.13,0.33,0.1,16,0.19,0.44,0.17
2025,165,Dalton Schultz,HST,TE,1,14,KC,6.581740976645436,3.8834951456310676,31,0.13,0.71,0.17,14,0.21,1.29,0.27,16,0.06,0.25,0.09,12,0.17,1.5,0.32,19,0.11,0.21,0.07
2025,166,Marquise Brown,KC,WR,1,18,LV,8.493150684931507,8.333333333333332,31,0.19,2.06,0.3,11,0.18,0.91,0.18,19,0.21,2.84,0.39,14,0.21,0.71,0.14,17,0.18,3.18,0.44
2025,167,Isaiah Hodgins,NYG,WR,1,17,LV,16.756756756756758,11.76470588235294,31,0.06,0.26,0.06,3,0,0,0,26,0.04,0.31,0.07,11,0,0,0,20,0.1,0.4,0.09
2025,168,Darnell Mooney,ATL,WR,1,18,NO,7.380952380952381,9.859154929577464,31,0.23,0.65,0.16,7,0.14,0,0,24,0.25,0.83,0.21,21,0.29,0.95,0.24,10,0.1,0,0
2025,169,Amon-Ra St. Brown,DET,WR,1,14,DAL,5.88235294117647,5.421686746987952,31,0.29,2.97,0.49,4,0.5,6.5,0.9,25,0.28,2.64,0.46,18,0.33,3.89,0.56,13,0.23,1.69,0.4
2025,170,Kyle Pitts,ATL,TE,1,18,NO,6.138613861386139,6.896551724137931,31,0.26,1.87,0.38,8,0.38,2.75,0.53,23,0.22,1.57,0.33,21,0.19,1.76,0.37,10,0.4,2.1,0.41
2025,171,Jaxon Smith-Njigba,SEA,WR,1,17,CAR,6.471816283924843,7.006369426751593,31,0.35,2.32,0.52,5,0.8,7,1.5,25,0.28,1.48,0.35,14,0.43,3.57,0.71,17,0.29,1.29,0.36
2025,172,Tre Tucker,LV,WR,1,18,KC,5.595667870036101,6.666666666666667,31,0.19,0.97,0.16,11,0.18,0,0,20,0.2,1.5,0.25,15,0.27,0.93,0.16,16,0.13,1,0.16
2025,173,Jalen Brooks,ARZ,WR,1,15,HST,45.588235294117645,50,31,0.1,0.61,0.09,6,0,0,0,25,0.12,0.76,0.12,17,0.06,0,0,14,0.14,1.36,0.21
2025,174,Elijah Higgins,ARZ,TE,1,14,LA,11.11111111111111,2.857142857142857,31,0.03,0,0.03,3,0,0,0,27,0.04,0,0.04,10,0,0,0,21,0.05,0,0.05
2025,175,Rashee Rice,KC,WR,1,14,HST,12.4,9.090909090909092,31,0.23,1.1,0.24,11,0.18,0.45,0.14,18,0.28,1.61,0.33,22,0.18,0.91,0.18,9,0.33,1.56,0.38
2025,176,Puka Nacua,LA,WR,1,18,ARZ,6.950672645739911,6.134969325153374,31,0.32,2.45,0.76,4,0,0,0,24,0.33,2.88,0.62,11,0.27,3.64,0.64,20,0.35,1.8,0.83
2025,177,Jayden Reed,GB,WR,1,15,DEN,28.18181818181818,27.27272727272727,31,0.19,1.77,0.34,11,0,0,0,18,0.33,3.06,0.58,18,0.11,0.72,0.13,13,0.31,3.23,0.63
2025,178,Jalen Coker,CAR,WR,1,18,TB,11.439114391143912,17.5,31,0.23,1.52,0.54,6,0.5,1.5,1.48,23,0.09,0.3,0.12,21,0.19,1.67,0.31,10,0.3,1.2,1.02
2025,179,Mason Tipton,NO,WR,1,15,CAR,18.787878787878785,11.76470588235294,31,0.06,0.16,0.05,6,0.17,0.83,0.25,25,0.04,0,0,17,0.06,0.29,0.09,14,0.07,0,0
2025,180,Troy Franklin,DEN,WR,1,13,WAS,6.813186813186813,2.941176470588235,31,0.1,0.68,0.13,4,0,0,0,25,0.12,0.84,0.16,10,0.1,0,0,21,0.1,1,0.2
2025,181,Xavier Worthy,KC,WR,1,13,DAL,8.136482939632545,6.944444444444445,31,0.16,1.97,0.33,10,0.2,4.8,0.68,18,0.17,0.72,0.18,17,0.24,3.35,0.51,14,0.07,0.29,0.1
2025,182,Ricky Pearsall,SF,WR,1,17,CHI,11.83206106870229,15.09433962264151,31,0.26,2.74,0.44,5,0.4,2.8,0.48,24,0.25,2.96,0.46,17,0.29,2.59,0.38,14,0.21,2.93,0.51
2025,183,Jahdae Walker,CHI,WR,1,17,SF,54.385964912280706,40,31,0.13,0.97,0.16,11,0.09,0,0,19,0.16,1.58,0.26,21,0.05,0.52,0.1,10,0.3,1.9,0.29
2025,184,Isaiah Bond,CLV,WR,1,15,CHI,9.538461538461538,9.75609756097561,31,0.13,2.87,0.35,9,0.22,9.89,1.21,19,0.11,0,0,10,0.1,4.7,0.57,21,0.14,2,0.25
2025,185,Keenan Allen,LAC,WR,1,14,PHI,6.622516556291391,2.5423728813559325,30,0.1,0.73,0.17,7,0.14,1.43,0.29,23,0.09,0.52,0.14,17,0.12,0.94,0.21,13,0.08,0.46,0.12
2025,186,Travis Kelce,KC,TE,1,13,DAL,5.870841487279844,5.769230769230769,30,0.2,1.5,0.52,13,0.23,1.77,0.33,14,0.14,1.43,0.29,18,0.22,1.67,0.33,12,0.17,1.25,0.79
2025,187,Travis Kelce,KC,TE,1,14,HST,5.870841487279844,4.807692307692308,30,0.17,0.27,0.06,10,0.2,0,0,18,0.17,0.44,0.1,22,0.14,0.36,0.08,8,0.25,0,0
2025,188,George Kittle,SF,TE,1,15,TEN,10.989010989010989,13.636363636363635,30,0.3,2.93,0.76,2,1,0,4,27,0.26,3.26,0.55,18,0.22,2.28,0.45,12,0.42,3.92,1.22
2025,189,Courtland Sutton,DEN,WR,1,15,GB,5.46448087431694,8.333333333333332,30,0.33,3.77,0.81,3,0.67,8.67,1.2,27,0.3,3.22,0.77,14,0.21,4.86,0.63,16,0.44,2.81,0.97
2025,190,Dalton Schultz,HST,TE,1,13,IND,6.369426751592357,6.796116504854369,30,0.23,1.83,0.42,11,0.09,0.82,0.17,16,0.38,2.88,0.66,16,0.25,1.5,0.4,14,0.21,2.21,0.44
2025,191,Darius Slayton,NYG,WR,1,17,LV,7.575757575757576,4.918032786885246,30,0.1,1.2,0.19,1,1,0,0,27,0.07,1.33,0.21,11,0.18,3.27,0.51,19,0.05,0,0
2025,192,A.J. Brown,PHI,WR,1,13,CHI,6.666666666666667,10,30,0.4,4.4,1.17,9,0.22,2.33,1.12,21,0.48,5.29,1.2,15,0.47,4.73,1.61,15,0.33,4.07,0.74
2025,193,Jauan Jennings,SF,WR,1,15,TEN,7.02576112412178,4.651162790697675,30,0.13,1.23,0.62,2,0,0,0,27,0.11,1.22,0.42,20,0.05,1,0.15,10,0.3,1.7,1.57
2025,194,Darnell Mooney,ATL,WR,1,13,NYJ,7.142857142857142,7.042253521126761,30,0.17,0.83,0.15,15,0.13,1.07,0.17,14,0.14,0.64,0.14,13,0.15,1.23,0.2,17,0.18,0.53,0.11
2025,195,DeVonta Smith,PHI,WR,1,13,CHI,6.036217303822937,7.079646017699115,30,0.27,1.6,0.33,9,0.44,1.89,0.52,21,0.19,1.48,0.24,15,0.27,2.07,0.34,15,0.27,1.13,0.31
2025,196,Jameson Williams,DET,WR,1,13,GB,5.39568345323741,10.1010101010101,30,0.33,4.8,0.91,5,0.8,10.8,2.88,25,0.24,3.6,0.52,14,0.5,4.93,0.78,16,0.19,4.69,1.03
2025,197,Trey McBride,ARZ,TE,1,16,ATL,4.497751124437781,4.848484848484849,30,0.27,0.9,0.22,4,0.25,0,0,25,0.24,1.08,0.27,12,0.17,0.75,0.16,18,0.33,1,0.27
2025,198,Calvin Austin,PIT,WR,1,18,BLT,10.638297872340425,12.962962962962962,30,0.23,1.83,0.48,12,0.25,0,0,16,0.19,3.44,0.91,21,0.19,0.76,0.12,9,0.33,4.33,1.32
2025,199,Daniel Bellinger,NYG,TE,1,18,DAL,15.306122448979592,7.6923076923076925,30,0.07,1.27,0.39,11,0,0,0,17,0.12,2.24,0.69,21,0.1,1.81,0.56,9,0,0,0
2025,200,Wan'Dale Robinson,NYG,WR,1,13,NE,5.736137667304015,6.0606060606060606,30,0.27,1.13,0.35,7,0.14,0,0,23,0.3,1.48,0.45,14,0.21,0.43,0.19,16,0.31,1.75,0.49
2025,201,Jaxon Smith-Njigba,SEA,WR,1,14,ATL,6.263048016701461,6.369426751592357,30,0.33,3.07,0.94,16,0.38,5.25,1.21,13,0.23,0.31,0.11,13,0.46,6.46,1.49,17,0.24,0.47,0.52
2025,202,Xavier Hutchinson,HST,WR,1,18,IND,7.9155672823219,16.071428571428573,30,0.3,2.8,0.45,5,0.2,3.4,0.54,21,0.33,2.9,0.43,19,0.32,2.95,0.45,11,0.27,2.55,0.44
2025,203,Andrei Iosivas,CIN,WR,1,17,ARZ,5.9405940594059405,10.344827586206897,30,0.2,1.37,0.27,4,0.25,0,0,25,0.2,1.64,0.32,19,0.32,2.16,0.43,11,0,0,0
2025,204,Jordan Addison,MIN,WR,1,18,GB,7.5,4.10958904109589,30,0.1,0.27,0.06,5,0.2,0,0,23,0.09,0.35,0.08,14,0,0,0,16,0.19,0.5,0.11
2025,205,Xavier Weaver,ARZ,WR,1,17,CIN,16.0427807486631,23.076923076923077,30,0.1,0.8,0.15,14,0.14,1.64,0.24,16,0.06,0.06,0.07,20,0.1,1.15,0.16,10,0.1,0.1,0.11
2025,206,Xavier Worthy,KC,WR,1,14,HST,7.874015748031496,5.555555555555555,30,0.13,1.83,0.28,10,0.1,0,0,18,0.17,3.06,0.47,23,0.13,1.39,0.23,7,0.14,3.29,0.47
2025,207,Ladd McConkey,LAC,WR,1,16,DAL,5.597014925373134,5.769230769230769,30,0.2,1.43,0.48,13,0.31,1.15,0.27,16,0.13,1.75,0.68,22,0.18,0.68,0.16,8,0.25,3.5,1.35
2025,208,Emeka Egbuka,TB,WR,1,13,ARZ,6.085192697768763,6.299212598425196,30,0.27,1.4,0.27,9,0.22,1.89,0.41,18,0.33,1.39,0.25,10,0.4,4.2,0.82,20,0.2,0,0
2025,209,Emeka Egbuka,TB,WR,1,14,NO,6.085192697768763,7.874015748031496,30,0.33,0.5,0.12,13,0.38,0.69,0.15,15,0.2,0.4,0.11,26,0.35,0.58,0.13,4,0.25,0,0
2025,210,Pat Bryant,DEN,WR,1,16,JAX,10.75268817204301,17.02127659574468,30,0.27,1.4,0.31,1,0,0,0,27,0.26,1.33,0.28,10,0.1,0.8,0.18,20,0.35,1.7,0.37
2025,211,Isaac TeSlaa,DET,WR,1,16,PIT,11.029411764705882,25.925925925925924,30,0.23,1.73,0.51,10,0.1,0,0,17,0.24,2.41,0.77,14,0.07,1.43,0.64,16,0.38,2,0.39
2025,212,Kendrick Bourne,SF,WR,1,16,IND,8.630952380952381,9.615384615384617,29,0.17,0.93,0.2,11,0.18,1.45,0.33,16,0.19,0.69,0.13,16,0.13,0.13,0.07,13,0.23,1.92,0.35
2025,213,JuJu Smith-Schuster,KC,WR,1,18,LV,8.978328173374612,4.761904761904762,29,0.07,0.45,0.11,12,0,0,0,16,0.13,0.81,0.21,13,0.08,0.46,0.12,16,0.06,0.44,0.11
2025,214,Courtland Sutton,DEN,WR,1,18,LAC,5.2823315118397085,1.6666666666666667,29,0.07,0.17,0.05,8,0.13,0,0,18,0.06,0.28,0.08,13,0.15,0.38,0.12,16,0,0,0
2025,215,Dalton Schultz,HST,TE,1,15,ARZ,6.1571125265392785,8.737864077669903,29,0.31,2.62,0.74,3,0,0,0,18,0.39,4,0.79,6,0.17,0.67,0.23,23,0.35,3.13,0.88
2025,216,Jakobi Meyers,JAX,WR,1,13,TEN,5.800000000000001,5.714285714285714,29,0.21,3.1,0.72,10,0.1,0.7,0.17,18,0.22,4.44,0.67,18,0.17,1.33,0.3,11,0.27,6,1.42
2025,217,Jakobi Meyers,JAX,WR,1,14,IND,5.800000000000001,8.571428571428571,29,0.31,1.34,0.48,13,0.31,0.69,0.15,15,0.33,2,0.8,15,0.27,2,0.8,14,0.36,0.64,0.14
2025,218,Scott Miller,PIT,WR,1,17,CLV,31.182795698924732,41.66666666666667,29,0.17,0.86,0.19,10,0.1,0,0,19,0.21,1.32,0.29,12,0.08,0,0,17,0.24,1.47,0.32
2025,219,Darnell Mooney,ATL,WR,1,16,ARZ,6.904761904761905,2.8169014084507045,29,0.07,0.83,0.15,8,0,0,0,18,0.11,1.33,0.24,14,0.14,1.71,0.31,15,0,0,0
2025,220,Justin Jefferson,MIN,WR,1,16,NYG,5.420560747663552,5.797101449275362,29,0.28,2.93,0.5,5,0,0,0,21,0.33,4.05,0.69,15,0.2,2.33,0.37,14,0.36,3.57,0.64
2025,221,Justin Jefferson,MIN,WR,1,18,GB,5.420560747663552,7.246376811594203,29,0.34,3.48,0.62,5,0.2,3.2,0.52,22,0.36,3.86,0.7,12,0.42,5.25,0.94,17,0.29,2.24,0.4
2025,222,Jerry Jeudy,CLV,WR,1,16,BUF,5.234657039711191,3.8461538461538463,29,0.14,0.41,0.14,6,0,0,0,22,0.18,0.55,0.19,7,0,0,0,22,0.18,0.55,0.19
2025,223,Tee Higgins,CIN,WR,1,14,BUF,5.870445344129554,11.578947368421053,29,0.38,3.17,0.94,11,0.55,1.45,0.33,18,0.28,4.22,1.31,5,0.2,3.6,0.56,24,0.42,3.08,1.02
2025,224,Van Jefferson,TEN,WR,1,13,JAX,8.841463414634147,8,29,0.14,0.69,0.17,2,0,0,0,27,0.15,0.74,0.19,15,0.13,1.07,0.24,14,0.14,0.29,0.1
2025,225,Rashod Bateman,BLT,WR,1,13,CIN,9.797297297297296,2.857142857142857,29,0.03,0,0,13,0,0,0,16,0.06,0,0,15,0.07,0,0,14,0,0,0
2025,226,Nico Collins,HST,WR,1,13,IND,6.331877729257641,7.627118644067797,29,0.31,3.38,0.51,9,0.56,8.56,1.3,18,0.22,1.17,0.17,18,0.28,3.44,0.51,11,0.36,3.27,0.51
2025,227,Nico Collins,HST,WR,1,15,ARZ,6.331877729257641,3.389830508474576,29,0.14,2.93,0.81,4,0,0,0,18,0.11,4.5,0.89,7,0.14,8.14,1.81,22,0.14,1.27,0.49
2025,228,Nico Collins,HST,WR,1,16,LV,6.331877729257641,7.627118644067797,29,0.31,2.03,0.34,7,0.29,3.43,0.49,22,0.32,1.59,0.3,12,0.25,2,0.28,17,0.35,2.06,0.38
2025,229,Amon-Ra St. Brown,DET,WR,1,17,MIN,5.502846299810247,7.228915662650602,29,0.41,2.34,0.51,10,0.4,1.7,0.37,17,0.41,2.76,0.57,5,0.4,7.2,1.12,24,0.42,1.33,0.38
2025,230,Kyle Pitts,ATL,TE,1,16,ARZ,5.742574257425743,7.758620689655173,29,0.31,1.97,0.64,8,0.5,2.5,0.5,19,0.21,1.68,0.38,14,0.21,0.71,0.14,15,0.4,3.13,1.11
2025,231,Chris Olave,NO,WR,1,17,TEN,5.206463195691203,7.28476821192053,29,0.38,4.1,0.89,6,0.17,0.67,0.23,23,0.43,5,1.07,12,0.17,0.33,0.12,17,0.53,6.76,1.44
2025,232,Jameson Williams,DET,WR,1,17,MIN,5.215827338129497,2.0202020202020203,29,0.07,1.28,0.2,10,0,0,0,17,0.12,2.18,0.34,5,0.2,3,0.5,24,0.04,0.92,0.13
2025,233,Rashid Shaheed,SEA,WR,1,15,IND,6.25,7.865168539325842,29,0.24,2.55,0.43,3,0.33,0,0,24,0.21,3.08,0.52,14,0.14,0.57,0.13,15,0.33,4.4,0.71
2025,234,Alec Pierce,IND,WR,1,14,JAX,6.51685393258427,9.523809523809524,29,0.28,2.76,0.45,2,0,0,0,27,0.3,2.96,0.48,12,0.33,2.42,0.33,17,0.24,3,0.54
2025,235,Jahan Dotson,PHI,WR,1,16,WAS,7.512953367875648,8.823529411764707,29,0.1,0.45,0.15,5,0.2,1.2,0.32,23,0.09,0.3,0.12,10,0.1,0.6,0.16,19,0.11,0.37,0.14
2025,236,KaVontae Turpin,DAL,WR,1,14,DET,12.340425531914894,5.405405405405405,29,0.07,0.9,0.16,11,0.09,1.91,0.28,18,0.06,0.28,0.08,7,0,0,0,22,0.09,1.18,0.21
2025,237,Chig Okonkwo,TEN,TE,1,17,NO,7.712765957446808,9.090909090909092,29,0.24,1.9,0.5,6,0.17,0,0,23,0.26,2.39,0.63,23,0.17,0.39,0.08,6,0.5,7.67,2.1
2025,238,Jake Ferguson,DAL,TE,1,13,KC,6.105263157894736,6,29,0.21,1.24,0.3,10,0,0,0,18,0.33,2,0.48,9,0,0,0,20,0.3,1.8,0.43
2025,239,Daniel Bellinger,NYG,TE,1,17,LV,14.795918367346939,11.538461538461538,29,0.1,0.38,0.11,3,0,0,0,25,0.12,0.44,0.12,11,0,0,0,18,0.17,0.61,0.17
2025,240,Parker Washington,JAX,WR,1,18,TEN,7.611548556430446,10,29,0.31,3,0.68,6,0.33,0,0,22,0.32,3.95,0.9,14,0.29,2.07,0.28,15,0.33,3.87,1.05
2025,241,Mitchell Tinsley,CIN,WR,1,13,BLT,22.48062015503876,37.5,29,0.31,0.76,0.14,13,0.46,1.69,0.32,15,0.2,0,0,20,0.4,1.1,0.21,9,0.11,0,0
2025,242,Brenton Strange,JAX,TE,1,16,DEN,10.175438596491228,11.864406779661017,29,0.24,1.34,0.51,10,0.2,2.6,1.06,19,0.26,0.68,0.23,14,0.21,1.71,0.31,15,0.27,1,0.7
2025,243,Brenton Strange,JAX,TE,1,17,IND,10.175438596491228,6.779661016949152,29,0.14,1.86,0.29,10,0.2,1.9,0.29,18,0.11,1.94,0.31,8,0.5,6.75,1.05,21,0,0,0
2025,244,Jordan Addison,MIN,WR,1,13,SEA,7.249999999999999,13.698630136986301,29,0.34,1.24,0.3,3,0.67,1.67,0.5,25,0.28,1.04,0.22,16,0.38,1,0.23,13,0.31,1.54,0.38
2025,245,Michael Mayer,LV,TE,1,17,NYG,13.875598086124402,20.833333333333336,29,0.34,3.07,0.62,8,0.13,0,0.13,18,0.44,4.94,0.94,18,0.33,3.89,0.72,11,0.36,1.73,0.45
2025,246,Theo Johnson,NYG,TE,1,15,WAS,7.213930348258707,4.166666666666666,29,0.1,1.66,0.23,12,0,0,0,16,0.19,3,0.42,20,0.05,2.1,0.26,9,0.22,0.67,0.18
2025,247,Brian Thomas,JAX,WR,1,14,IND,6.651376146788992,6.8181818181818175,29,0.21,3,0.4,10,0.2,3,0.4,17,0.24,3.35,0.45,17,0.24,2.82,0.4,12,0.17,3.25,0.41
2025,248,Colston Loveland,CHI,TE,1,16,GB,8.146067415730338,5.063291139240507,29,0.14,1.03,0.21,4,0,0,0,23,0.13,1.04,0.19,10,0.3,2.4,0.44,19,0.05,0.32,0.08
2025,249,Jayden Higgins,HST,WR,1,18,IND,8.504398826979472,7.462686567164178,29,0.17,0.79,0.36,6,0.17,0,0,20,0.15,0.6,0.11,16,0.19,0.69,0.51,13,0.15,0.92,0.17
2025,250,Pat Bryant,DEN,WR,1,14,LV,10.39426523297491,10.638297872340425,29,0.17,1.1,0.25,1,0,0,0,24,0.17,1.33,0.3,17,0.18,1.12,0.29,12,0.17,1.08,0.19
2025,251,Oronde Gadsden,LAC,TE,1,14,PHI,7.733333333333333,5.88235294117647,29,0.14,0.24,0.06,5,0.2,1.4,0.34,24,0.13,0,0,13,0.23,0.54,0.13,16,0.06,0,0
2025,252,Oronde Gadsden,LAC,TE,1,17,HST,7.733333333333333,8.823529411764707,29,0.21,1.1,0.42,6,0.17,0,0,18,0.22,1.72,0.28,16,0.13,1.56,0.22,13,0.31,0.54,0.67
2025,253,Jack Bech,LV,WR,1,14,DEN,16.292134831460675,22.22222222222222,29,0.21,1.72,0.38,10,0.2,1.9,0.39,17,0.24,1.82,0.42,14,0.29,2.86,0.57,15,0.13,0.67,0.2
2025,254,Terrance Ferguson,LA,TE,1,15,DET,17.901234567901234,8,29,0.07,0.21,0.06,13,0,0,0,16,0.13,0.38,0.1,16,0.06,0,0,13,0.08,0.46,0.12
2025,255,Keenan Allen,LAC,WR,1,18,DEN,6.181015452538632,11.016949152542372,28,0.46,1.29,0.38,7,0.43,1,0.39,21,0.48,1.38,0.38,16,0.38,0.88,0.34,12,0.58,1.83,0.43
2025,256,George Kittle,SF,TE,1,13,CLV,10.256410256410255,7.575757575757576,28,0.18,2.39,0.38,18,0.11,1.83,0.24,10,0.3,3.4,0.64,25,0.2,2.68,0.43,3,0,0,0
2025,257,George Kittle,SF,TE,1,18,SEA,10.256410256410255,9.090909090909092,28,0.21,1.04,0.28,9,0.22,-0.22,0.2,18,0.22,1.72,0.34,11,0.18,-0.18,0.16,17,0.24,1.82,0.36
2025,258,Cooper Kupp,SEA,WR,1,14,ATL,7.235142118863049,4.411764705882353,28,0.11,1.25,0.41,14,0.07,0.79,0.58,13,0.15,1.85,0.26,11,0.18,1,0.74,17,0.06,1.41,0.2
2025,259,Cooper Kupp,SEA,WR,1,15,IND,7.235142118863049,10.294117647058822,28,0.25,1.64,0.34,2,0,0,0,24,0.25,1.92,0.4,13,0.31,2.85,0.59,15,0.2,0.6,0.13
2025,260,Chris Godwin,TB,WR,1,14,NO,11.715481171548117,14.583333333333334,28,0.25,1.96,0.38,12,0.17,1,0.18,16,0.31,2.69,0.52,23,0.22,1,0.23,5,0.4,6.4,1.04
2025,261,Olamide Zaccheaus,CHI,WR,1,14,GB,9.180327868852459,4.838709677419355,28,0.11,0.25,0.31,3,0.33,0.33,2.37,25,0.08,0.24,0.06,9,0.11,0.67,0.18,19,0.11,0.05,0.37
2025,262,Gabe Davis,BUF,WR,1,18,NYJ,24.137931034482758,38.88888888888889,28,0.25,1.46,0.54,9,0.33,1.56,1.16,18,0.22,1.5,0.26,19,0.21,1.58,0.32,9,0.33,1.22,1.01
2025,263,Michael Pittman,IND,WR,1,18,HST,5.544554455445545,3.7037037037037033,28,0.14,0.71,0.14,7,0.14,0.57,0.2,19,0.11,0.84,0.14,16,0.13,0.25,0.09,12,0.17,1.33,0.22
2025,264,Cole Kmet,CHI,TE,1,16,GB,9.120521172638437,6.666666666666667,28,0.11,0.5,0.12,2,0.5,0,0,25,0.08,0.56,0.14,14,0.21,1,0.24,14,0,0,0
2025,265,Tee Higgins,CIN,WR,1,16,MIA,5.668016194331984,3.1578947368421053,28,0.11,1.89,0.51,10,0.2,4.4,1.24,17,0.06,0.53,0.11,6,0.33,7.33,2.07,22,0.05,0.41,0.09
2025,266,Jake Tonges,SF,TE,1,17,CHI,12.785388127853881,17.77777777777778,28,0.29,2.14,0.68,5,0.4,3.6,0.56,20,0.25,2.05,0.45,13,0.23,1.77,0.33,15,0.33,2.47,0.98
2025,267,Alec Pierce,IND,WR,1,17,JAX,6.292134831460674,7.142857142857142,28,0.21,0,0,8,0.25,0,0,18,0.17,0,0,14,0.21,0,0,14,0.21,0,0
2025,268,Jake Ferguson,DAL,TE,1,15,MIN,5.894736842105263,3,28,0.11,0.57,0.13,5,0,0,0,21,0.14,0.76,0.17,5,0.2,1.4,0.34,23,0.09,0.39,0.08
2025,269,Wan'Dale Robinson,NYG,WR,1,17,LV,5.353728489483748,9.090909090909092,28,0.43,4.04,0.8,2,0,0,0,24,0.5,4.71,0.93,11,0.64,6.09,1.15,17,0.29,2.71,0.56
2025,270,Jaxon Smith-Njigba,SEA,WR,1,13,MIN,5.845511482254697,1.910828025477707,28,0.11,0.82,0.15,3,0,0,0,24,0.13,0.96,0.18,9,0,0,0,19,0.16,1.21,0.23
2025,271,Tre Tucker,LV,WR,1,15,PHI,5.054151624548736,2.2222222222222223,28,0.07,0,0,11,0,0,0,17,0.12,0,0,23,0.09,0,0,5,0,0,0
2025,272,Parker Washington,JAX,WR,1,16,DEN,7.349081364829396,10,28,0.32,5.18,0.95,9,0.67,9.11,2.13,18,0.17,3.5,0.41,15,0.27,2.53,0.85,13,0.38,8.23,1.05
2025,273,Brock Bowers,LV,TE,1,15,PHI,7.427055702917771,9.63855421686747,28,0.29,1,0.31,10,0.2,0.8,0.18,18,0.33,1.11,0.39,22,0.23,0.45,0.18,6,0.5,3,0.8
2025,274,Isaiah Williams,NYJ,WR,1,15,JAX,13.861386138613863,20.588235294117645,28,0.25,1.89,0.4,6,0.17,2.33,0.4,20,0.3,1.95,0.45,9,0.11,0.33,0.14,19,0.32,2.63,0.53
2025,275,Jalen Coker,CAR,WR,1,16,TB,10.33210332103321,12.5,28,0.18,1.68,0.28,9,0.22,3.78,0.49,19,0.16,0.68,0.17,9,0.22,3.78,0.49,19,0.16,0.68,0.17
2025,276,Brian Thomas,JAX,WR,1,15,NYJ,6.422018348623854,7.954545454545454,28,0.25,2.36,0.59,11,0.27,3.55,0.45,13,0.23,2.08,0.9,13,0.38,4.77,0.71,15,0.13,0.27,0.49
2025,277,Ricky Pearsall,SF,WR,1,13,CLV,10.687022900763358,5.660377358490567,28,0.11,0.5,0.12,18,0.17,0.78,0.19,10,0,0,0,25,0.12,0.56,0.14,3,0,0,0
2025,278,Tetairoa McMillan,CAR,WR,1,17,SEA,5.363984674329502,3.361344537815126,28,0.14,0.18,0.05,4,0.25,0,0,21,0.14,0.24,0.07,13,0.23,0.38,0.12,15,0.07,0,0
2025,279,Tyler Warren,IND,TE,1,18,HST,5.833333333333333,6.60377358490566,28,0.25,0.93,0.27,4,0.5,2.25,0.47,22,0.23,0.77,0.26,13,0.31,1.15,0.35,15,0.2,0.73,0.21
2025,280,Konata Mumpfield,LA,WR,1,17,ATL,16.867469879518072,22.727272727272727,28,0.18,0.36,0.11,8,0.13,0,0,17,0.24,0.59,0.18,16,0.13,0,0,12,0.25,0.83,0.25
2025,281,Keenan Allen,LAC,WR,1,17,HST,5.960264900662252,2.5423728813559325,27,0.11,0.63,0.1,7,0.29,2.43,0.39,16,0,0,0,14,0.21,1.21,0.19,13,0,0,0
2025,282,Tyler Lockett,LV,WR,1,14,DEN,7.736389684813753,7.8431372549019605,27,0.15,1.52,0.26,8,0.13,0,0,17,0.12,0.88,0.21,13,0.08,2,0.28,14,0.21,1.07,0.25
2025,283,Demarcus Robinson,SF,WR,1,18,SEA,10.975609756097562,11.428571428571429,27,0.15,0.89,0.2,8,0.25,1.75,0.42,18,0.11,0.56,0.11,11,0.27,2.18,0.49,16,0.06,0,0
2025,284,Hunter Henry,NE,TE,1,13,NYG,6.094808126410835,7.142857142857142,27,0.22,2.7,0.42,8,0.25,1,0.23,16,0.19,4.06,0.59,9,0.33,7.22,1.06,18,0.17,0.44,0.1
2025,285,Dalton Schultz,HST,TE,1,16,LV,5.7324840764331215,4.854368932038835,27,0.19,1.3,0.54,4,0.25,2.5,0.5,22,0.14,1.09,0.25,9,0.22,1.67,0.39,18,0.17,1.11,0.61
2025,286,David Sills,ATL,WR,1,13,NYJ,9.090909090909092,11.76470588235294,27,0.15,0.56,0.35,14,0.07,0,0,11,0.18,0.55,0.15,11,0.09,0,0,16,0.19,0.94,0.59
2025,287,Juwan Johnson,NO,TE,1,15,CAR,5.357142857142857,4,27,0.15,1.11,0.26,6,0,0,0,20,0.15,1.2,0.27,14,0.07,0.21,0.09,13,0.23,2.08,0.44
2025,288,Jerry Jeudy,CLV,WR,1,17,PIT,4.873646209386282,6.730769230769231,27,0.26,2,0.39,7,0.43,2.43,0.53,20,0.2,1.85,0.34,15,0.27,1.93,0.39,12,0.25,2.08,0.38
2025,289,Jaylen Waddle,MIA,WR,1,15,PIT,7.180851063829788,4.081632653061225,27,0.15,0.96,0.17,5,0,0,0,21,0.19,1.24,0.22,9,0.22,2.89,0.51,18,0.11,0,0
2025,290,Pat Freiermuth,PIT,TE,1,17,CLV,9.090909090909092,9.433962264150944,27,0.19,2.33,0.34,10,0.2,2.9,0.39,17,0.18,2,0.32,12,0.17,0,0,15,0.2,4.2,0.62
2025,291,Kyle Pitts,ATL,TE,1,13,NYJ,5.346534653465347,6.896551724137931,27,0.3,3.04,0.56,15,0.33,3.4,0.61,10,0.3,3.1,0.61,11,0.27,3.82,0.65,16,0.31,2.5,0.5
2025,292,Alec Pierce,IND,WR,1,13,HST,6.067415730337078,5.952380952380952,27,0.19,2.89,0.66,8,0.25,2.38,1.11,19,0.16,3.11,0.47,15,0.27,3.73,0.97,12,0.08,1.83,0.27
2025,293,Alec Pierce,IND,WR,1,18,HST,6.067415730337078,8.333333333333332,27,0.26,4.89,1.08,5,0.2,0,0,19,0.26,6.53,1.13,16,0.31,4.13,0.97,11,0.18,6,1.24
2025,294,Jalen Tolbert,DAL,WR,1,17,WAS,10.588235294117647,21.875,27,0.26,1.15,0.26,5,0.6,2.2,0.62,22,0.18,0.91,0.18,4,0.5,0,0,23,0.22,1.35,0.31
2025,295,Jake Ferguson,DAL,TE,1,16,LAC,5.684210526315789,3,27,0.11,0.7,0.18,5,0.2,0.8,0.28,20,0.1,0.75,0.17,7,0.14,1.14,0.26,20,0.1,0.55,0.15
2025,296,Jaxon Smith-Njigba,SEA,WR,1,18,SF,5.6367432150313155,5.095541401273886,27,0.3,3.11,0.53,4,0.75,7.5,1.25,23,0.22,2.35,0.41,15,0.4,4.4,0.71,12,0.17,1.5,0.32
2025,297,Elijah Higgins,ARZ,TE,1,15,HST,9.67741935483871,5.714285714285714,27,0.07,0.11,0.05,7,0.14,0,0,20,0.05,0.15,0.07,15,0.13,0.2,0.09,12,0,0,0
2025,298,Isaiah Williams,NYJ,WR,1,17,NE,13.366336633663368,14.705882352941178,27,0.19,1.11,0.26,8,0,0,0,19,0.26,1.58,0.37,11,0.18,1,0.28,16,0.19,1.19,0.24
2025,299,Mason Tipton,NO,WR,1,16,NYJ,16.363636363636363,29.411764705882355,27,0.19,1.07,0.26,6,0.17,1,0.27,20,0.2,1.15,0.27,14,0.21,1.21,0.34,13,0.15,0.92,0.17
2025,300,Ladd McConkey,LAC,WR,1,15,KC,5.037313432835821,1.9230769230769231,27,0.07,0.74,0.15,15,0.13,1.33,0.27,12,0,0,0,11,0.09,0.64,0.15,16,0.06,0.81,0.14
2025,301,Tetairoa McMillan,CAR,WR,1,15,NO,5.172413793103448,3.361344537815126,27,0.15,0.93,0.17,2,0.5,0,0,24,0.13,1.04,0.19,15,0.27,1.67,0.3,12,0,0,0
2025,302,Tetairoa McMillan,CAR,WR,1,18,TB,5.172413793103448,5.042016806722689,27,0.22,3.11,0.46,6,0.33,1.83,0.35,19,0.21,3.84,0.54,17,0.29,2.59,0.44,10,0.1,4,0.5
2025,303,Colston Loveland,CHI,TE,1,18,DET,7.584269662921349,16.455696202531644,27,0.48,3.37,0.93,2,1,3.5,0.85,23,0.43,3.61,0.71,12,0.5,2.58,0.59,15,0.47,4,1.2
2025,304,Gage Larvadain,CLV,WR,1,15,CHI,22.31404958677686,15.384615384615385,27,0.07,0.3,0.07,7,0.29,1.14,0.26,16,0,0,0,7,0.29,1.14,0.26,20,0,0,0
2025,305,Harold Fannin,CLV,TE,1,13,SF,6.699751861042183,4.807692307692308,27,0.19,1.59,0.49,2,0,0,0,25,0.2,1.72,0.53,14,0.07,0.36,0.11,13,0.31,2.92,0.91
2025,306,Harold Fannin,CLV,TE,1,16,BUF,6.699751861042183,4.807692307692308,27,0.19,1.26,0.5,6,0.33,1,0.27,20,0.15,1.4,0.59,8,0.25,2.38,1.24,19,0.16,0.79,0.18
2025,307,Isaac TeSlaa,DET,WR,1,14,DAL,9.926470588235293,11.11111111111111,27,0.11,0.74,0.37,4,0,0,0,21,0.1,0.38,0.09,16,0,0,0,11,0.27,1.82,0.91
2025,308,Isaac TeSlaa,DET,WR,1,18,CHI,9.926470588235293,3.7037037037037033,27,0.04,0.67,0.1,15,0,0,0,9,0.11,2,0.31,19,0.05,0.95,0.15,8,0,0,0
2025,309,Mike Evans,TB,WR,1,15,ATL,12.440191387559809,16.94915254237288,26,0.38,5.08,0.74,8,0.5,4.25,0.8,16,0.31,6.13,0.8,16,0.31,4.19,0.67,10,0.5,6.5,0.85
2025,310,Tyler Higbee,LA,TE,1,18,ARZ,15.028901734104046,16.666666666666664,26,0.23,3.5,0.77,5,0,0,0,21,0.29,4.33,0.96,12,0.25,3.08,0.48,14,0.21,3.86,1.03
2025,311,Anthony Firkser,DET,TE,1,18,CHI,27.083333333333332,25,26,0.08,0.08,0.08,14,0.07,-0.29,0.04,9,0.11,0.67,0.18,16,0.06,-0.25,0.04,10,0.1,0.6,0.16
2025,312,Evan Engram,DEN,TE,1,16,JAX,7.71513353115727,5.405405405405405,26,0.15,1.38,0.22,2,0,0,0,24,0.17,1.5,0.23,10,0.2,0.3,0.13,16,0.13,2.06,0.27
2025,313,Dallas Goedert,PHI,TE,1,13,CHI,6.310679611650485,5,26,0.15,1.04,0.18,9,0.11,0,0,17,0.18,1.59,0.28,14,0.07,0,0,12,0.25,2.25,0.39
2025,314,DJ Moore,CHI,WR,1,18,DET,5.078125,3.6585365853658534,26,0.12,0.42,0.08,2,0,0,0,24,0.13,0.46,0.09,13,0.15,0,0,13,0.08,0.85,0.16
2025,315,Dawson Knox,BUF,TE,1,17,PHI,9.219858156028367,10.416666666666668,26,0.19,1.15,0.31,6,0.5,2.17,0.72,19,0.11,0.89,0.19,14,0.29,2,0.49,12,0.08,0.17,0.1
2025,316,Colby Parkinson,LA,TE,1,18,ARZ,11.158798283261802,12.727272727272727,26,0.27,1.38,0.75,2,1,0.5,3.55,23,0.17,1.52,0.54,12,0.33,2.17,0.88,14,0.21,0.71,0.64
2025,317,Michael Pittman,IND,WR,1,15,SEA,5.148514851485149,4.62962962962963,26,0.19,1,0.22,11,0.18,0.45,0.14,15,0.2,1.4,0.27,12,0.17,1.17,0.28,14,0.21,0.86,0.16
2025,318,Michael Pittman,IND,WR,1,17,JAX,5.148514851485149,2.7777777777777777,26,0.12,0.62,0.14,7,0.14,0,0,18,0.06,0.22,0.08,12,0.08,0,0,14,0.14,1.14,0.26
2025,319,Jauan Jennings,SF,WR,1,18,SEA,6.0889929742388755,6.976744186046512,26,0.23,1.35,0.29,9,0.33,1.33,0.36,16,0.19,1.44,0.27,12,0.25,1,0.27,14,0.21,1.64,0.31
2025,320,Jerry Jeudy,CLV,WR,1,18,CIN,4.693140794223827,5.769230769230769,26,0.23,0.65,0.14,6,0.33,1.83,0.35,20,0.2,0.3,0.08,14,0.36,1.21,0.26,12,0.08,0,0
2025,321,Tee Higgins,CIN,WR,1,17,ARZ,5.263157894736842,5.263157894736842,26,0.19,2.27,0.38,2,0.5,3,0.8,23,0.17,2.3,0.36,15,0.2,1.33,0.33,11,0.18,3.55,0.45
2025,322,Jaylen Waddle,MIA,WR,1,13,NO,6.914893617021277,6.122448979591836,26,0.23,1.54,0.27,0,0,0,0,24,0.25,1.67,0.29,14,0.14,1.57,0.23,12,0.33,1.5,0.32
2025,323,Kyle Pitts,ATL,TE,1,14,SEA,5.148514851485149,7.758620689655173,26,0.35,3.46,0.58,3,0.33,10,1.33,22,0.36,2.73,0.5,13,0.23,4.31,0.58,13,0.46,2.62,0.57
2025,324,Tommy Tremble,CAR,TE,1,18,TB,10.077519379844961,11.11111111111111,26,0.15,1.46,0.49,4,0,0,0,20,0.2,1.9,0.64,17,0.18,2.24,0.75,9,0.11,0,0
2025,325,Kevin Austin,NO,WR,1,17,TEN,19.402985074626866,21.73913043478261,26,0.19,2,0.58,6,0.17,0,0,20,0.2,2.6,0.76,9,0.33,1.33,1.02,17,0.12,2.35,0.35
2025,326,Khalil Shakir,BUF,WR,1,15,NE,6.615776081424936,5.555555555555555,26,0.19,2.5,0.44,10,0.2,4.5,0.65,16,0.19,1.25,0.31,19,0.16,0.84,0.24,7,0.29,7,0.99
2025,327,John FitzPatrick,GB,TE,1,15,DEN,24.299065420560748,26.666666666666668,26,0.15,0.69,0.18,10,0.4,1.8,0.48,14,0,0,0,16,0.25,1.13,0.3,10,0,0,0
2025,328,Romeo Doubs,GB,WR,1,13,DET,6.666666666666667,4.761904761904762,26,0.15,0.77,0.46,15,0.2,0.8,0.68,10,0.1,0.8,0.18,17,0.06,0.29,0.09,9,0.33,1.67,1.17
2025,329,Cade Otton,TB,TE,1,14,NO,5.79064587973274,5,26,0.15,0.73,0.19,10,0.1,0,0,14,0.21,1.36,0.35,22,0.18,0.86,0.22,4,0,0,0
2025,330,Tre Tucker,LV,WR,1,16,HST,4.693140794223827,5.555555555555555,26,0.19,1.65,0.32,6,0,0,0,19,0.26,2.26,0.44,15,0.2,2,0.4,11,0.18,1.18,0.21
2025,331,Kayshon Boutte,NE,WR,1,15,BUF,7.344632768361582,2.2222222222222223,26,0.04,1.15,0.15,10,0.1,3,0.4,16,0,0,0,9,0.11,3.33,0.44,17,0,0,0
2025,332,Marvin Mims,DEN,WR,1,17,KC,10.236220472440944,7.8431372549019605,26,0.15,0.38,0.15,5,0,0,0,19,0.21,0.53,0.21,4,0,0,0,22,0.18,0.45,0.18
2025,333,Cedric Tillman,CLV,WR,1,14,TEN,9.187279151943462,8.108108108108109,26,0.12,0.88,0.13,7,0.14,0,0,19,0.11,1.21,0.17,13,0.15,0,0,13,0.08,1.77,0.25
2025,334,Puka Nacua,LA,WR,1,13,CAR,5.829596412556054,5.521472392638037,26,0.35,2.77,0.51,3,0.33,4.33,0.77,22,0.36,2.68,0.5,20,0.4,3.3,0.58,6,0.17,1,0.27
2025,335,Puka Nacua,LA,WR,1,15,DET,5.829596412556054,6.748466257668712,26,0.42,6.96,1.04,14,0.36,4.93,0.78,12,0.5,9.33,1.35,12,0.42,7.92,1.13,14,0.43,6.14,0.97
2025,336,Jayden Reed,GB,WR,1,16,CHI,23.636363636363637,13.636363636363635,26,0.12,1.35,0.25,3,0.33,0.67,0.4,20,0.05,1.55,0.2,14,0.07,0.14,0.09,12,0.17,2.75,0.44
2025,337,Brock Bowers,LV,TE,1,13,LAC,6.896551724137931,4.819277108433735,26,0.15,2.42,0.86,8,0.13,0.75,0.95,17,0.12,3,0.42,13,0.08,1.85,0.26,13,0.23,3,1.45
2025,338,Xavier Legette,CAR,WR,1,16,TB,6.896551724137931,4.918032786885246,26,0.12,0.46,0.08,10,0,0,0,16,0.19,0.75,0.14,9,0,0,0,17,0.18,0.71,0.13
2025,339,Ryan Flournoy,DAL,WR,1,15,MIN,10.077519379844961,9.25925925925926,26,0.19,1.54,0.31,7,0.29,2.57,0.54,18,0.17,1.22,0.23,5,0,0,0,21,0.24,1.9,0.38
2025,340,Jalen Coker,CAR,WR,1,15,NO,9.59409594095941,10,26,0.15,2.31,0.62,2,0.5,7.5,1.25,23,0.09,2.43,0.59,14,0.14,0.29,0.17,12,0.17,4.67,1.13
2025,341,AJ Barner,SEA,TE,1,15,IND,7.602339181286549,9.375,26,0.23,1.04,0.22,2,0,0,0,22,0.27,1.23,0.26,11,0.18,0,0,15,0.27,1.8,0.38
2025,342,Marvin Harrison,ARZ,WR,1,13,TB,7.242339832869081,9.58904109589041,26,0.27,2.65,0.5,4,0.75,8.5,1.6,22,0.18,1.59,0.3,15,0.33,2.73,0.54,11,0.18,2.55,0.44
2025,343,Adonai Mitchell,NYJ,WR,1,17,NE,9.252669039145907,12.32876712328767,26,0.35,0.85,0.2,8,0.5,0,0,18,0.28,1.22,0.29,12,0.33,0.67,0.15,14,0.36,1,0.24
2025,344,Xavier Worthy,KC,WR,1,16,TEN,6.824146981627297,4.166666666666666,26,0.12,1.58,0.23,1,0,0,0,24,0.13,1.71,0.25,13,0.15,3.15,0.47,13,0.08,0,0
2025,345,Rome Odunze,CHI,WR,1,13,PHI,7.202216066481995,6.8181818181818175,26,0.23,0.31,0.11,11,0.27,0.45,0.14,14,0.21,0.21,0.09,12,0.25,0.67,0.23,14,0.21,0,0
2025,346,Elic Ayomanor,TEN,WR,1,18,JAX,5.842696629213483,11.627906976744185,26,0.38,1.92,0.31,7,0.57,1.43,0.29,19,0.32,2.11,0.32,11,0.27,0.91,0.18,15,0.47,2.67,0.4
2025,347,Jalen Royals,KC,WR,1,18,LV,83.87096774193549,100,26,0.12,0.15,0.09,8,0.13,0,0,17,0.12,0.24,0.14,13,0.08,0,0,13,0.15,0.31,0.18
2025,348,Isaac TeSlaa,DET,WR,1,13,GB,9.558823529411764,7.4074074074074066,26,0.08,1.35,0.44,4,0,0,0,22,0.09,1.59,0.52,13,0.08,1.38,0.22,13,0.08,1.31,0.67
2025,349,Tyler Lockett,LV,WR,1,15,PHI,7.163323782234957,5.88235294117647,25,0.12,0.4,0.12,9,0.11,0.78,0.19,16,0.13,0.19,0.08,21,0.1,0.48,0.14,4,0.25,0,0
2025,350,JuJu Smith-Schuster,KC,WR,1,16,TEN,7.739938080495357,7.142857142857142,25,0.12,0.48,0.09,2,0.5,0,0,22,0.09,0.55,0.1,12,0.17,0,0,13,0.08,0.92,0.17
2025,351,Evan Engram,DEN,TE,1,14,LV,7.418397626112759,2.7027027027027026,25,0.08,0.32,0.11,2,0,0,0,19,0.11,0.42,0.15,14,0.14,0.57,0.2,11,0,0,0
2025,352,Mark Andrews,BLT,TE,1,13,CIN,7.886435331230284,7.462686567164178,25,0.2,1.88,0.35,10,0.2,1.9,0.29,15,0.2,1.87,0.39,11,0.18,1.73,0.26,14,0.21,2,0.41
2025,353,T.J. Hockenson,MIN,TE,1,13,SEA,6.702412868632708,9.090909090909092,25,0.24,2.36,0.48,2,0,0,0,21,0.24,2.67,0.5,13,0.23,2.77,0.51,12,0.25,1.92,0.44
2025,354,David Sills,ATL,WR,1,14,SEA,8.417508417508419,11.76470588235294,25,0.16,0,0,4,0,0,0,20,0.2,0,0,13,0.15,0,0,12,0.17,0,0
2025,355,A.J. Brown,PHI,WR,1,17,BUF,5.555555555555555,5.833333333333333,25,0.28,2.72,0.47,9,0.44,3.67,0.59,16,0.19,2.19,0.41,10,0.3,2.7,0.37,15,0.27,2.73,0.54
2025,356,James Proche,TEN,WR,1,17,NO,27.472527472527474,40,25,0.16,0.2,0.06,4,0.5,1.25,0.38,19,0.11,0,0,20,0.2,0.25,0.07,5,0,0,0
2025,357,Colby Parkinson,LA,TE,1,17,ATL,10.72961373390558,12.727272727272727,25,0.28,2.12,0.45,2,0,0,0,21,0.33,2.52,0.54,8,0.25,0.25,0.15,17,0.29,3,0.59
2025,358,Jauan Jennings,SF,WR,1,13,CLV,5.85480093676815,6.976744186046512,25,0.24,1.56,0.56,16,0.19,0.88,0.59,9,0.33,2.78,0.5,23,0.26,1.7,0.6,2,0,0,0
2025,359,Justin Jefferson,MIN,WR,1,15,DAL,4.672897196261682,5.072463768115942,25,0.28,0.88,0.17,11,0.45,1.09,0.2,12,0.08,0.83,0.17,11,0.36,1.09,0.2,14,0.21,0.71,0.14
2025,360,Justin Jefferson,MIN,WR,1,17,DET,4.672897196261682,3.6231884057971016,25,0.2,1.2,0.28,5,0,0,0,20,0.25,1.5,0.35,15,0.27,1.6,0.36,10,0.1,0.6,0.16
2025,361,CeeDee Lamb,DAL,WR,1,14,DET,5.681818181818182,7.079646017699115,25,0.32,4.84,0.72,11,0.55,10.55,1.51,14,0.14,0.36,0.11,15,0.47,8.07,1.21,10,0.1,0,0
2025,362,Josh Palmer,BUF,WR,1,18,NYJ,11.363636363636363,8.108108108108109,25,0.12,0.04,0.04,9,0.11,0,0,15,0.07,0,0,17,0.06,0,0,8,0.25,0.13,0.14
2025,363,Drake London,ATL,WR,1,16,ARZ,7.1022727272727275,7.4074074074074066,25,0.32,1.08,0.23,8,0.25,0,0,14,0.36,1.5,0.29,13,0.38,0.92,0.17,12,0.25,1.25,0.29
2025,364,Jahan Dotson,PHI,WR,1,14,LAC,6.476683937823833,8.823529411764707,25,0.12,0.12,0.05,10,0.1,0,0,14,0.14,0.21,0.09,10,0,0,0,15,0.2,0.2,0.09
2025,365,Christian Watson,GB,WR,1,13,DET,10.91703056768559,18.181818181818183,25,0.4,3.2,0.72,15,0.47,0.53,0.12,9,0.33,8,1.8,18,0.44,1.17,0.23,7,0.29,8.43,1.99
2025,366,Cade Otton,TB,TE,1,13,ARZ,5.56792873051225,2.5,25,0.08,0.36,0.12,8,0,0,0,15,0.13,0.6,0.19,8,0,0,0,17,0.12,0.53,0.17
2025,367,Michael Wilson,ARZ,WR,1,16,ATL,4.159733777038269,2.4193548387096775,25,0.12,2.08,0.53,4,0,0,0,20,0.15,2.6,0.66,12,0.08,0,0,13,0.15,4,1.02
2025,368,Tre Tucker,LV,WR,1,13,LAC,4.512635379061372,3.3333333333333335,25,0.12,0.8,0.2,8,0,0,0,16,0.19,1.25,0.31,13,0.23,1.54,0.38,12,0,0,0
2025,369,Kayshon Boutte,NE,WR,1,13,NYG,7.062146892655368,11.11111111111111,25,0.2,1.4,0.54,8,0.13,0.38,0.91,14,0.29,2.29,0.44,8,0.25,1.63,1.16,17,0.18,1.29,0.25
2025,370,Brenton Strange,JAX,TE,1,18,TEN,8.771929824561402,10.16949152542373,25,0.24,2.08,0.69,6,0.17,1.83,0.35,18,0.22,1.89,0.41,13,0.15,1.15,0.27,12,0.33,3.08,1.14
2025,371,Elijah Higgins,ARZ,TE,1,16,ATL,8.960573476702509,20,25,0.28,3.64,0.64,2,0,0,0,22,0.32,4.14,0.73,7,0.43,8.71,1.3,18,0.22,1.67,0.39
2025,372,Brock Bowers,LV,TE,1,16,HST,6.631299734748011,6.024096385542169,25,0.2,1.32,0.57,6,0.33,1.17,0.45,18,0.11,1.06,0.22,15,0.27,1.33,0.8,10,0.1,1.3,0.23
2025,373,Jalen Coker,CAR,WR,1,17,SEA,9.22509225092251,5,25,0.08,0.64,0.14,4,0,0,0,18,0.11,0.89,0.2,11,0,0,0,14,0.14,1.14,0.26
2025,374,Jalen McMillan,TB,WR,1,17,MIA,33.78378378378378,60,25,0.36,4.56,0.74,2,1,17.5,2.75,21,0.33,3.76,0.61,16,0.38,5.06,0.88,9,0.33,3.67,0.48
2025,375,Brian Thomas,JAX,WR,1,13,TEN,5.73394495412844,3.4090909090909087,25,0.12,1.12,0.19,8,0.13,2.13,0.34,16,0.13,0.69,0.13,15,0.2,1.87,0.32,10,0,0,0
2025,376,Xavier Worthy,KC,WR,1,15,LAC,6.561679790026247,5.555555555555555,25,0.16,1.4,0.22,6,0.33,0,0,18,0.11,1.94,0.31,12,0.25,0.75,0.16,13,0.08,2,0.28
2025,377,Ladd McConkey,LAC,WR,1,13,LV,4.664179104477612,5.769230769230769,25,0.24,1.56,0.56,4,0.5,2.25,0.47,20,0.2,1.5,0.6,17,0.35,2.29,0.82,8,0,0,0
2025,378,Konata Mumpfield,LA,WR,1,16,SEA,15.060240963855422,36.36363636363637,25,0.32,1.6,0.28,5,0.6,0,0,19,0.26,2.11,0.37,7,0.29,0,0,18,0.33,2.22,0.39
2025,379,Isaac TeSlaa,DET,WR,1,15,LA,9.191176470588236,3.7037037037037033,25,0.04,0,0,5,0,0,0,18,0.06,0,0,10,0.1,0,0,15,0,0,0
2025,380,Tre Harris,LAC,WR,1,15,KC,9.157509157509157,11.904761904761903,25,0.2,1.96,0.32,14,0.29,0.86,0.23,11,0.09,3.36,0.43,12,0.25,3.42,0.51,13,0.15,0.62,0.14
2025,381,Luther Burden,CHI,WR,1,14,GB,10.869565217391305,10,25,0.24,2.68,0.43,1,0,0,0,24,0.25,2.79,0.45,6,0.5,2,0.37,19,0.16,2.89,0.45
2025,382,Luther Burden,CHI,WR,1,17,SF,10.869565217391305,15,25,0.36,5.52,1.11,10,0.5,6.4,1.04,13,0.31,5.69,1.34,17,0.35,5.88,0.88,8,0.38,4.75,1.6
2025,383,Mason Taylor,NYJ,TE,1,13,ATL,7.552870090634441,6.349206349206349,25,0.16,0.84,0.16,6,0.33,1,0.27,17,0.12,0.88,0.15,15,0.13,0.4,0.11,10,0.2,1.5,0.25
2025,384,Isaiah Bond,CLV,WR,1,14,TEN,7.6923076923076925,4.878048780487805,25,0.08,0,0,4,0.25,0,0,20,0.05,0,0,7,0.14,0,0,18,0.06,0,0
2025,385,Travis Kelce,KC,TE,1,16,TEN,4.6966731898238745,2.8846153846153846,24,0.13,0.25,0.07,2,0,0,0,21,0.14,0.29,0.08,12,0.17,0.5,0.13,12,0.08,0,0
2025,386,Davante Adams,LA,WR,1,15,DET,6.315789473684211,7.207207207207207,24,0.33,2.96,0.46,15,0.33,1,0.17,9,0.33,6.22,0.96,10,0.3,5.3,0.83,14,0.36,1.29,0.2
2025,387,Hunter Henry,NE,TE,1,15,BUF,5.417607223476298,3.571428571428571,24,0.13,0.75,0.12,10,0.2,0,0,14,0.07,1.29,0.2,8,0.25,2.25,0.35,16,0.06,0,0
2025,388,Mack Hollins,NE,WR,1,13,NYG,7.361963190184049,6.153846153846154,24,0.17,0.96,0.22,7,0,0,0,14,0.29,1.64,0.38,7,0,0,0,17,0.24,1.35,0.31
2025,389,Cooper Kupp,SEA,WR,1,13,MIN,6.2015503875969,5.88235294117647,24,0.17,1,0.23,3,0,0,0,20,0.2,1.2,0.27,6,0.17,2.17,0.38,18,0.17,0.61,0.17
2025,390,Marquez Valdes-Scantling,PIT,WR,1,16,DET,11.214953271028037,10.344827586206897,24,0.13,0.25,0.07,3,0,0,0,21,0.14,0.29,0.08,8,0,0,0,16,0.19,0.38,0.1
2025,391,Christian Kirk,HST,WR,1,18,IND,8.98876404494382,4.25531914893617,24,0.08,-0.13,0.03,5,0.4,-0.6,0.14,16,0,0,0,13,0.08,0,0,11,0.09,-0.27,0.06
2025,392,DJ Moore,CHI,WR,1,15,CLV,4.6875,6.097560975609756,24,0.21,2.71,0.94,10,0.1,0.3,0.73,13,0.31,4.77,1.17,19,0.16,2.11,0.32,5,0.4,5,3.3
2025,393,Mike Gesicki,CIN,TE,1,16,MIA,10.084033613445378,9.523809523809524,24,0.17,1.46,0.52,8,0,0,0,15,0.27,2.33,0.83,5,0,0,0,19,0.21,1.84,0.66
2025,394,David Sills,ATL,WR,1,18,NO,8.080808080808081,2.941176470588235,24,0.04,0.46,0.09,6,0,0,0,18,0.06,0.61,0.12,16,0,0,0,8,0.13,1.38,0.26
2025,395,Drew Sample,CIN,TE,1,18,CLV,12.56544502617801,17.647058823529413,24,0.13,0.71,0.2,5,0,0,0,19,0.16,0.89,0.25,8,0.13,0.38,0.16,16,0.13,0.88,0.21
2025,396,Deebo Samuel,WAS,WR,1,16,PHI,5.714285714285714,4.081632653061225,24,0.17,1.46,0.27,4,0.5,8.5,1.35,19,0.11,0.05,0.06,11,0.27,3.09,0.49,13,0.08,0.08,0.08
2025,397,Colby Parkinson,LA,TE,1,15,DET,10.300429184549357,12.727272727272727,24,0.29,3.13,1.02,13,0.31,4.08,1.1,11,0.27,2,0.93,13,0.31,5.46,1.78,11,0.27,0.36,0.13
2025,398,DeVonta Smith,PHI,WR,1,17,BUF,4.82897384305835,4.424778761061947,24,0.21,1.04,0.19,7,0.29,0,0,17,0.18,1.47,0.26,10,0.3,1.1,0.21,14,0.14,1,0.17
2025,399,Britain Covey,PHI,WR,1,18,WAS,92.3076923076923,100,24,0.17,0.83,0.17,9,0,0,0,15,0.27,1.33,0.27,11,0.09,1.09,0.2,13,0.23,0.62,0.14
2025,400,Chris Olave,NO,WR,1,14,TB,4.308797127468582,3.3112582781456954,24,0.21,1.25,0.25,3,0,0,0,21,0.24,1.43,0.29,12,0.25,0.83,0.17,12,0.17,1.67,0.33
2025,401,John Metchie,NYJ,WR,1,15,JAX,10.0418410041841,10.416666666666668,24,0.21,1.04,0.27,6,0.33,1.67,0.33,17,0.18,0.88,0.26,13,0.23,0.85,0.24,11,0.18,1.27,0.31
2025,402,Alec Pierce,IND,WR,1,15,SEA,5.393258426966292,1.1904761904761905,24,0.04,0.67,0.11,11,0,0,0,13,0.08,1.23,0.2,12,0,0,0,12,0.08,1.33,0.22
2025,403,Andrei Iosivas,CIN,WR,1,18,CLV,4.752475247524752,5.172413793103448,24,0.13,0.42,0.13,5,0,0,0,19,0.16,0.53,0.16,9,0,0,0,15,0.2,0.67,0.2
2025,404,Brenton Strange,JAX,TE,1,13,TEN,8.421052631578947,6.779661016949152,24,0.17,1.88,0.56,8,0,0,0,15,0.27,3,0.9,15,0,0,0,9,0.44,5,1.5
2025,405,Brenton Strange,JAX,TE,1,15,NYJ,8.421052631578947,5.084745762711865,24,0.13,1.08,0.15,8,0.13,3.25,0.45,13,0.15,0,0,11,0.09,2.36,0.33,13,0.15,0,0
2025,406,Josh Downs,IND,WR,1,17,JAX,6.760563380281689,4.761904761904762,24,0.17,1.42,0.23,7,0.14,0,0,15,0.2,2.27,0.36,11,0.18,1.45,0.24,13,0.15,1.38,0.22
2025,407,Elijah Higgins,ARZ,TE,1,18,LA,8.60215053763441,8.571428571428571,24,0.13,1.17,0.24,3,0,0,0,20,0.15,1.4,0.29,7,0,0,0,17,0.18,1.65,0.34
2025,408,Xavier Legette,CAR,WR,1,15,NO,6.36604774535809,4.918032786885246,24,0.13,1.63,0.25,2,0,0,0,21,0.14,1.86,0.28,13,0.15,2.62,0.34,11,0.09,0.45,0.14
2025,409,Tyler Warren,IND,TE,1,15,SEA,5,5.660377358490567,24,0.25,0.79,0.2,10,0.2,0,0,14,0.29,1.36,0.35,11,0.27,1.82,0.36,13,0.23,-0.08,0.07
2025,410,Chimere Dike,TEN,WR,1,18,JAX,6.382978723404255,5.555555555555555,24,0.17,1.13,0.24,6,0.17,3.5,0.52,18,0.17,0.33,0.14,8,0.38,3.38,0.71,16,0.06,0,0
2025,411,Mason Taylor,NYJ,TE,1,14,MIA,7.250755287009064,12.698412698412698,24,0.33,2.13,0.42,3,0.33,0,0,20,0.35,2.55,0.51,7,0.43,3,0.59,17,0.29,1.76,0.35
2025,412,Keenan Allen,LAC,WR,1,13,LV,5.077262693156733,4.23728813559322,23,0.22,1.3,0.3,4,0,0,0,18,0.28,1.67,0.39,16,0.13,1.25,0.25,7,0.43,1.43,0.43
2025,413,Cooper Kupp,SEA,WR,1,17,CAR,5.943152454780361,4.411764705882353,23,0.13,0.26,0.07,4,0.25,1.5,0.4,18,0.11,0,0,11,0.09,0,0,12,0.17,0.5,0.13
2025,414,Chris Godwin,TB,WR,1,16,CAR,9.623430962343097,12.5,23,0.26,1.3,0.35,6,0.17,0,0,17,0.29,1.76,0.47,15,0.33,1.13,0.38,8,0.13,1.63,0.29
2025,415,Dallas Goedert,PHI,TE,1,17,BUF,5.582524271844661,6.25,23,0.22,0.35,0.43,9,0.11,0.11,0.79,14,0.29,0.5,0.19,9,0,0,0,14,0.36,0.57,0.7
2025,416,Dante Pettis,NO,WR,1,17,TEN,31.506849315068493,36.36363636363637,23,0.17,2.3,0.36,6,0.17,3,0.47,17,0.18,2.06,0.32,9,0.22,2.33,0.46,14,0.14,2.29,0.3
2025,417,Darius Slayton,NYG,WR,1,13,NE,5.808080808080808,4.918032786885246,23,0.13,1.78,0.53,7,0.29,1.57,0.3,16,0.06,1.88,0.63,11,0.09,1,0.19,12,0.17,2.5,0.83
2025,418,Terry McLaurin,WAS,WR,1,16,PHI,9.387755102040817,6.896551724137931,23,0.17,2.3,0.36,3,0,0,0,19,0.21,2.79,0.44,9,0.11,0.78,0.19,14,0.21,3.29,0.47
2025,419,Deebo Samuel,WAS,WR,1,18,PHI,5.476190476190476,5.1020408163265305,23,0.22,0.87,0.17,5,0.4,3.2,0.52,17,0.18,0.24,0.08,9,0.22,1.78,0.29,14,0.21,0.29,0.1
2025,420,Juwan Johnson,NO,TE,1,17,TEN,4.563492063492063,4,23,0.17,4.13,0.59,5,0.2,4.6,0.66,18,0.17,4,0.57,11,0.18,4.82,0.66,12,0.17,3.5,0.52
2025,421,Michael Pittman,IND,WR,1,13,HST,4.554455445544554,3.7037037037037033,23,0.17,0.57,0.1,8,0.13,1.63,0.29,15,0.2,0,0,13,0.23,1,0.18,10,0.1,0,0
2025,422,Cole Kmet,CHI,TE,1,18,DET,7.491856677524431,4.444444444444445,23,0.09,0.7,0.16,3,0,0,0,18,0.11,0.89,0.2,10,0.2,1.6,0.36,13,0,0,0
2025,423,Justin Jefferson,MIN,WR,1,14,WAS,4.299065420560748,2.898550724637681,23,0.17,0.48,0.13,3,0,0,0,19,0.21,0.58,0.16,6,0.17,-0.33,0.13,17,0.18,0.76,0.14
2025,424,Jerry Jeudy,CLV,WR,1,13,SF,4.1516245487364625,3.8461538461538463,23,0.17,1.13,0.24,2,0,0,0,21,0.19,1.24,0.27,11,0.36,2.36,0.51,12,0,0,0
2025,425,Nico Collins,HST,WR,1,17,LAC,5.021834061135371,3.389830508474576,23,0.17,2.48,0.38,8,0.13,1.88,0.31,15,0.2,2.8,0.41,9,0.33,6.33,0.97,14,0.07,0,0
2025,426,Jalen Nailor,MIN,WR,1,18,GB,6.166219839142091,6,23,0.13,2.13,0.34,5,0.2,3.4,0.54,16,0.13,2,0.33,9,0.11,1.89,0.3,14,0.14,2.29,0.37
2025,427,Rashid Shaheed,SEA,WR,1,14,ATL,4.956896551724138,5.617977528089887,23,0.22,2.91,0.47,13,0.15,0.46,0.12,9,0.33,6.78,1.01,10,0.2,3.9,0.59,13,0.23,2.15,0.37
2025,428,Rashid Shaheed,SEA,WR,1,16,LA,4.956896551724138,1.1235955056179776,23,0.04,0,0,6,0,0,0,16,0.06,0,0,10,0,0,0,13,0.08,0,0
2025,429,John Metchie,NYJ,WR,1,17,NE,9.623430962343097,6.25,23,0.13,1.78,0.31,7,0.14,2.57,0.4,16,0.13,1.44,0.27,8,0.13,2.13,0.34,15,0.13,1.6,0.29
2025,430,Quentin Johnston,LAC,WR,1,16,DAL,4.8936170212765955,6.329113924050633,23,0.22,4.52,0.89,11,0.18,4.36,1.16,11,0.18,4.55,0.55,16,0.19,3,0.8,7,0.29,8,1.09
2025,431,Andrei Iosivas,CIN,WR,1,14,BUF,4.554455445544554,5.172413793103448,23,0.13,0.74,0.16,8,0,0,0,15,0.2,1.13,0.25,5,0,0,0,18,0.17,0.94,0.21
2025,432,Josh Downs,IND,WR,1,15,SEA,6.478873239436619,5.952380952380952,23,0.22,0.57,0.45,11,0.18,0.73,0.71,12,0.25,0.42,0.21,12,0.17,0,0,11,0.27,1.18,0.94
2025,433,Josh Downs,IND,WR,1,18,HST,6.478873239436619,4.761904761904762,23,0.17,2.65,0.44,4,0,0,0,15,0.2,3.8,0.58,13,0.15,4.08,0.56,10,0.2,0.8,0.28
2025,434,Zay Flowers,BLT,WR,1,17,GB,4.956896551724138,4.273504273504273,23,0.22,1.3,0.57,5,0.4,2,1.6,17,0.18,1.18,0.29,11,0.18,1.18,0.21,12,0.25,1.42,0.89
2025,435,Luke Musgrave,GB,TE,1,15,DEN,11.794871794871794,19.35483870967742,23,0.26,2.26,0.4,7,0.29,3.71,0.51,16,0.25,1.63,0.35,10,0.2,3.3,0.53,13,0.31,1.46,0.3
2025,436,Luke Musgrave,GB,TE,1,16,CHI,11.794871794871794,9.67741935483871,23,0.13,1.65,0.3,2,0.5,2.5,0.75,19,0.11,1.74,0.28,10,0.1,0.5,0.15,13,0.15,2.54,0.41
2025,437,Ryan Flournoy,DAL,WR,1,18,NYG,8.914728682170542,12.962962962962962,23,0.3,2.96,0.51,4,0.5,11,1.6,13,0.38,1.85,0.42,9,0.22,4.89,0.71,14,0.36,1.71,0.39
2025,438,Malik Washington,MIA,WR,1,15,PIT,6.88622754491018,1.6129032258064515,23,0.04,0.43,0.09,5,0,0,0,18,0.06,0.56,0.11,6,0,0,0,17,0.06,0.59,0.12
2025,439,Brian Thomas,JAX,WR,1,18,TEN,5.275229357798166,4.545454545454546,23,0.17,2.13,0.34,5,0.2,2.6,0.46,18,0.17,2,0.31,14,0.21,2.5,0.39,9,0.11,1.56,0.27
2025,440,Ricky Pearsall,SF,WR,1,15,TEN,8.778625954198473,13.20754716981132,23,0.3,4.17,0.68,1,0,0,0,22,0.32,4.36,0.71,18,0.33,4.56,0.73,5,0.2,2.8,0.48
2025,441,Colston Loveland,CHI,TE,1,13,PHI,6.460674157303371,7.59493670886076,23,0.26,1.22,0.25,9,0.33,1.67,0.39,13,0.23,1,0.18,9,0.44,1.67,0.39,14,0.14,0.93,0.16
2025,442,Tyler Warren,IND,TE,1,13,HST,4.791666666666667,2.8301886792452833,23,0.13,0.96,0.49,7,0.14,1.71,1.17,16,0.13,0.63,0.19,12,0.17,1.33,0.8,11,0.09,0.55,0.15
2025,443,Tyler Warren,IND,TE,1,17,JAX,4.791666666666667,4.716981132075472,23,0.22,1.87,0.4,4,0.25,3.5,0.6,18,0.22,1.61,0.38,10,0.2,1.9,0.39,13,0.23,1.85,0.42
2025,444,Emeka Egbuka,TB,WR,1,17,MIA,4.665314401622718,3.937007874015748,23,0.22,0.87,0.22,5,0,0,0,18,0.28,1.11,0.28,14,0.14,0.5,0.12,9,0.33,1.44,0.37
2025,445,Jayden Higgins,HST,WR,1,13,IND,6.744868035190615,7.462686567164178,23,0.22,2.83,0.5,8,0.38,4.25,0.8,12,0.17,2.58,0.42,12,0.25,3.17,0.57,11,0.18,2.45,0.43
2025,446,Jayden Higgins,HST,WR,1,16,LV,6.744868035190615,4.477611940298507,23,0.13,0.74,0.12,4,0.25,0,0,19,0.11,0.89,0.14,9,0.11,0,0,14,0.14,1.21,0.19
2025,447,Kyle Williams,NE,WR,1,17,NYJ,13.609467455621301,23.809523809523807,23,0.22,0.87,0.22,7,0.14,0.57,0.2,16,0.25,1,0.23,11,0.27,0.82,0.26,12,0.17,0.92,0.18
2025,448,Pat Bryant,DEN,WR,1,18,LAC,8.24372759856631,10.638297872340425,23,0.22,1.35,0.31,7,0.29,1.57,0.44,13,0.23,1.54,0.31,6,0,0,0,17,0.29,1.82,0.42
2025,449,Oronde Gadsden,LAC,TE,1,16,DAL,6.133333333333333,1.4705882352941175,23,0.04,0.3,0.07,12,0,0,0,10,0.1,0.7,0.17,17,0.06,0.41,0.1,6,0,0,0
2025,450,Isaac TeSlaa,DET,WR,1,17,MIN,8.455882352941178,14.814814814814813,23,0.17,2.13,0.6,9,0,0,0,12,0.25,3.75,0.54,4,0.5,4.25,0.68,19,0.11,1.68,0.59
2025,451,Luther Burden,CHI,WR,1,18,DET,10,6.666666666666667,23,0.17,1.52,0.28,3,0.33,4,0.73,20,0.15,1.15,0.21,11,0.27,2.27,0.41,12,0.08,0.83,0.17
2025,452,Mike Evans,TB,WR,1,16,CAR,10.526315789473683,15.254237288135593,22,0.41,1.41,0.64,7,0.57,1.86,1.33,15,0.33,1.2,0.32,14,0.36,1.29,0.27,8,0.5,1.63,1.29
2025,453,Mack Hollins,NE,WR,1,15,BUF,6.748466257668712,12.307692307692308,22,0.36,1.86,0.37,9,0.33,2,0.31,13,0.38,1.77,0.41,8,0.25,2.25,0.35,14,0.43,1.64,0.38
2025,454,Noah Brown,WAS,WR,1,14,MIN,34.92063492063492,20,22,0.09,0.86,0.13,3,0,0,0,17,0.12,1.12,0.17,7,0.14,0,0,15,0.07,1.27,0.19
2025,455,Dalton Schultz,HST,TE,1,17,LAC,4.670912951167728,3.8834951456310676,22,0.18,0.86,0.22,7,0,0,0,15,0.27,1.27,0.33,10,0,0,0,12,0.33,1.58,0.41
2025,456,DK Metcalf,PIT,WR,1,13,BUF,5.128205128205128,5.1020408163265305,22,0.23,1.45,0.28,5,0,0,0,17,0.29,1.88,0.36,8,0.25,1,0.23,14,0.21,1.71,0.31
2025,457,Terry McLaurin,WAS,WR,1,15,NYG,8.979591836734693,6.896551724137931,22,0.18,3.14,0.72,8,0.38,2.25,0.47,14,0.07,3.64,0.86,12,0.25,1.5,0.32,10,0.1,5.1,1.21
2025,458,Deebo Samuel,WAS,WR,1,14,MIN,5.238095238095238,6.122448979591836,22,0.27,1.23,0.3,3,0,0,0,18,0.28,1.5,0.37,8,0.25,1.75,0.42,14,0.29,0.93,0.24
2025,459,Isaiah Hodgins,NYG,WR,1,13,NE,11.891891891891893,5.88235294117647,22,0.05,0.18,0.06,6,0,0,0,16,0.06,0.25,0.09,9,0,0,0,13,0.08,0.31,0.11
2025,460,Gabe Davis,BUF,WR,1,14,CIN,18.96551724137931,11.11111111111111,22,0.09,0.95,0.19,8,0,0,0,10,0.1,1.7,0.27,11,0,0,0,11,0.18,1.91,0.37
2025,461,Colby Parkinson,LA,TE,1,14,ARZ,9.44206008583691,9.090909090909092,22,0.23,1.45,0.55,6,0.17,0,0,14,0.14,1.86,0.33,12,0.08,0,0,10,0.4,3.2,1.22
2025,462,Darnell Mooney,ATL,WR,1,14,SEA,5.238095238095238,5.633802816901409,22,0.18,0.27,0.07,3,0.33,0,0,18,0.11,0.33,0.09,12,0.25,0.5,0.13,10,0.1,0,0
2025,463,Jaylen Waddle,MIA,WR,1,16,CIN,5.851063829787234,9.183673469387756,22,0.41,3.27,0.55,6,0.17,0,0,16,0.5,4.5,0.76,16,0.31,2.13,0.34,6,0.67,6.33,1.13
2025,464,Pat Freiermuth,PIT,TE,1,16,DET,7.4074074074074066,7.547169811320755,22,0.18,0.91,0.27,2,0,0,0,20,0.2,1,0.3,6,0.17,0,0.17,16,0.19,1.25,0.31
2025,465,Xavier Smith,LA,WR,1,17,ATL,16.923076923076923,26.08695652173913,22,0.27,3.05,0.49,7,0.57,7.71,1.06,12,0.17,1.08,0.27,13,0.31,5.08,0.74,9,0.22,0.11,0.12
2025,466,Quentin Johnston,LAC,WR,1,13,LV,4.680851063829787,3.79746835443038,22,0.14,1.05,0.51,3,0.33,1,0.43,18,0.06,0.56,0.11,15,0.2,1.53,0.75,7,0,0,0
2025,467,Cedric Tillman,CLV,WR,1,18,CIN,7.773851590106007,5.405405405405405,22,0.09,1.05,0.15,5,0,0,0,17,0.12,1.35,0.19,10,0.2,2.3,0.33,12,0,0,0
2025,468,Josh Downs,IND,WR,1,14,JAX,6.197183098591549,4.761904761904762,22,0.18,1.05,0.29,3,0.67,5.33,1.2,19,0.11,0.37,0.14,9,0.22,0.67,0.29,13,0.15,1.31,0.28
2025,469,Elijah Higgins,ARZ,TE,1,17,CIN,7.885304659498208,2.857142857142857,22,0.05,0,0,8,0,0,0,14,0.07,0,0,15,0,0,0,7,0.14,0,0
2025,470,Michael Mayer,LV,TE,1,18,KC,10.526315789473683,8.333333333333332,22,0.18,2.14,0.35,9,0.11,2.56,0.37,13,0.23,1.85,0.34,13,0.15,3.38,0.49,9,0.22,0.33,0.14
2025,471,Devaughn Vele,NO,WR,1,14,TB,9.565217391304348,13.88888888888889,22,0.23,1.82,0.32,3,0.67,3.67,0.7,19,0.16,1.53,0.26,10,0.1,1.3,0.23,12,0.33,2.25,0.39
2025,472,AJ Barner,SEA,TE,1,14,ATL,6.432748538011696,6.25,22,0.18,1.23,0.26,11,0.18,1.82,0.36,9,0.11,0.78,0.19,7,0.14,2.14,0.36,15,0.2,0.8,0.21
2025,473,Theo Johnson,NYG,TE,1,13,NE,5.472636815920398,11.11111111111111,22,0.36,1.32,0.27,7,0.43,2.57,0.4,15,0.33,0.73,0.21,10,0.6,2.9,0.59,12,0.17,0,0
2025,474,Keon Coleman,BUF,WR,1,18,NYJ,7.829181494661921,6.896551724137931,22,0.18,2.23,0.31,7,0.29,0,0,14,0.14,3.5,0.49,14,0.21,3.5,0.49,8,0.13,0,0
2025,475,Emeka Egbuka,TB,WR,1,15,ATL,4.462474645030426,5.511811023622047,22,0.32,2.91,0.47,4,0.25,0,0,16,0.38,4,0.65,14,0.29,2.07,0.35,8,0.38,4.38,0.69
2025,476,Gunnar Helm,TEN,TE,1,13,JAX,9.565217391304348,12.962962962962962,22,0.32,1.05,0.38,2,1,5,1.5,20,0.25,0.65,0.27,14,0.43,1.21,0.48,8,0.13,0.75,0.2
2025,477,Chimere Dike,TEN,WR,1,14,CLV,5.851063829787234,11.11111111111111,22,0.36,1.09,0.61,9,0.33,0.11,0.12,13,0.38,1.77,0.95,18,0.44,1.33,0.74,4,0,0,0
2025,478,Jack Bech,LV,WR,1,15,PHI,12.359550561797752,11.11111111111111,22,0.14,0.77,0.17,7,0.14,0,0,15,0.13,1.13,0.25,17,0.18,1,0.22,5,0,0,0
2025,479,Mike Evans,TB,WR,1,18,CAR,10.047846889952153,3.389830508474576,21,0.1,1.62,0.26,5,0.2,4.2,0.62,15,0.07,0.87,0.15,12,0.08,1.08,0.19,9,0.11,2.33,0.34
2025,480,Darren Waller,MIA,TE,1,15,PIT,14.18918918918919,23.52941176470588,21,0.38,3.14,1.22,5,0,0,0,15,0.47,4,1.2,6,0.17,1.5,0.32,15,0.47,3.8,1.58
2025,481,Tyler Lockett,LV,WR,1,17,NYG,6.017191977077363,5.88235294117647,21,0.14,0.43,0.42,6,0,0,0,13,0.15,0.38,0.12,12,0,0,0,9,0.33,1,0.99
2025,482,Tyler Lockett,LV,WR,1,18,KC,6.017191977077363,9.803921568627452,21,0.24,0.24,0.07,9,0.22,0,0,12,0.25,0.42,0.13,9,0.22,0.56,0.17,12,0.25,0,0
2025,483,Demarcus Robinson,SF,WR,1,16,IND,8.536585365853659,5.714285714285714,21,0.1,1.1,0.49,10,0,0,0,9,0.22,2.56,1.14,13,0.08,1.69,0.71,8,0.13,0.13,0.14
2025,484,George Kittle,SF,TE,1,16,IND,7.6923076923076925,12.121212121212121,21,0.38,5.48,1.17,6,0.33,2,0.37,13,0.38,7.08,1.09,12,0.5,6.5,1.07,9,0.22,4.11,1.3
2025,485,Tim Patrick,JAX,WR,1,14,IND,14.893617021276595,25,21,0.29,3.71,0.9,10,0.3,7,1.6,10,0.3,0.8,0.28,11,0.27,4,0.58,10,0.3,3.4,1.24
2025,486,T.J. Hockenson,MIN,TE,1,15,DAL,5.630026809651475,7.575757575757576,21,0.24,3.14,0.5,8,0.13,1.63,0.29,11,0.27,4.82,0.75,9,0.22,3.44,0.57,12,0.25,2.92,0.46
2025,487,Lil'Jordan Humphrey,DEN,WR,1,15,GB,14.18918918918919,17.391304347826086,21,0.19,2,0.63,3,0,0,0,18,0.22,2.33,0.73,10,0.3,2.7,1.07,11,0.09,1.36,0.23
2025,488,Lil'Jordan Humphrey,DEN,WR,1,17,KC,14.18918918918919,21.73913043478261,21,0.24,1.1,0.2,3,0.67,0,0,14,0.14,1.64,0.31,5,0,0,0,16,0.31,1.44,0.27
2025,489,Tom Kennedy,DET,WR,1,13,GB,80.76923076923077,100,21,0.19,1.71,0.36,3,0,0,0,18,0.22,2,0.42,12,0.17,0.92,0.26,9,0.22,2.78,0.5
2025,490,DK Metcalf,PIT,WR,1,15,MIA,4.895104895104895,3.061224489795918,21,0.14,2.62,0.69,3,0.33,9.33,3.27,18,0.11,1.5,0.26,10,0.1,2.8,0.98,11,0.18,2.45,0.43
2025,491,Terry McLaurin,WAS,WR,1,14,MIN,8.571428571428571,6.896551724137931,21,0.19,1.95,0.34,3,0.67,2,0.53,16,0.13,2.19,0.34,7,0.29,5,0.79,14,0.14,0.43,0.11
2025,492,Terry McLaurin,WAS,WR,1,17,DAL,8.571428571428571,12.068965517241379,21,0.33,3,0.54,6,0,0,0,15,0.47,4.2,0.75,12,0.33,3.67,0.62,9,0.33,2.11,0.43
2025,493,Terry McLaurin,WAS,WR,1,18,PHI,8.571428571428571,6.896551724137931,21,0.19,2.71,0.46,4,0,0,0,16,0.25,3.56,0.61,9,0.11,1.56,0.27,12,0.25,3.58,0.61
2025,494,Deebo Samuel,WAS,WR,1,15,NYG,5,5.1020408163265305,21,0.24,2.05,0.35,5,0,0,0,16,0.31,2.69,0.46,11,0.27,2.64,0.45,10,0.2,1.4,0.24
2025,495,Deebo Samuel,WAS,WR,1,17,DAL,5,3.061224489795918,21,0.14,3.24,0.42,5,0.4,13.6,1.76,16,0.06,0,0,13,0.23,5.23,0.68,8,0,0,0
2025,496,Cole Kmet,CHI,TE,1,17,SF,6.840390879478828,6.666666666666667,21,0.14,0.76,0.17,3,0,0,0,18,0.17,0.89,0.2,17,0.18,0.94,0.21,4,0,0,0
2025,497,Josh Palmer,BUF,WR,1,17,PHI,9.545454545454547,5.405405405405405,21,0.1,0.57,0.1,4,0,0,0,17,0.12,0.71,0.13,13,0.08,0,0,8,0.13,1.5,0.28
2025,498,Jalen Nailor,MIN,WR,1,13,SEA,5.630026809651475,2,21,0.05,0,0,2,0,0,0,18,0.06,0,0,11,0,0,0,10,0.1,0,0
2025,499,Treylon Burks,WAS,WR,1,16,PHI,14.893617021276595,21.73913043478261,21,0.24,1.43,0.24,3,0.33,0,0,17,0.18,1.76,0.29,8,0.25,3,0.42,13,0.23,0.46,0.12
2025,500,Treylon Burks,WAS,WR,1,17,DAL,14.893617021276595,8.695652173913043,21,0.1,0.52,0.1,5,0.2,0,0,16,0.06,0.69,0.13,12,0.17,0.92,0.18,9,0,0,0
2025,501,Treylon Burks,WAS,WR,1,18,PHI,14.893617021276595,17.391304347826086,21,0.19,0.57,0.15,5,0.4,0,0,15,0.13,0.8,0.21,9,0.22,0,0,12,0.17,1,0.27
2025,502,Chig Okonkwo,TEN,TE,1,13,JAX,5.585106382978723,6.493506493506493,21,0.24,1.38,0.33,2,0,0,0,19,0.26,1.53,0.36,8,0.13,0.75,0.2,13,0.31,1.77,0.41
2025,503,Christian Watson,GB,WR,1,14,CHI,9.170305676855897,7.2727272727272725,21,0.19,4.24,1.19,12,0.25,5.83,1.83,9,0.11,2.11,0.32,12,0.25,5.5,1.3,9,0.11,2.56,1.03
2025,504,Christian Watson,GB,WR,1,16,CHI,9.170305676855897,10.909090909090908,21,0.29,0.81,0.18,1,0,0,0,19,0.26,0.89,0.19,10,0.3,0,0,11,0.27,1.55,0.34
2025,505,Dontayvion Wicks,GB,WR,1,13,DET,9.859154929577464,15.909090909090908,21,0.33,4.48,1.3,13,0.38,4.38,1.67,8,0.25,4.63,0.71,17,0.29,4.41,1.03,4,0.5,4.75,2.48
2025,506,Brenton Strange,JAX,TE,1,14,IND,7.368421052631578,10.16949152542373,21,0.29,1.29,0.27,8,0.38,2,0.33,12,0.17,0.58,0.14,11,0.27,0.64,0.15,10,0.3,2,0.4
2025,507,Zay Flowers,BLT,WR,1,16,NE,4.525862068965517,5.982905982905983,21,0.33,4,0.73,7,0.43,4.14,0.84,14,0.29,3.93,0.68,14,0.36,4.43,0.8,7,0.29,3.14,0.6
2025,508,Davis Allen,LA,TE,1,16,SEA,11.731843575418994,15.151515151515152,21,0.24,1.62,0.26,1,1,0,0,19,0.16,1.79,0.28,8,0.25,0.88,0.21,13,0.23,2.08,0.28
2025,509,Isaiah Williams,NYJ,WR,1,14,MIA,10.396039603960396,8.823529411764707,21,0.14,1.14,0.21,0,0,0,0,20,0.15,1.2,0.22,6,0.33,4,0.73,15,0.07,0,0
2025,510,Troy Franklin,DEN,WR,1,15,GB,4.615384615384616,5.88235294117647,21,0.29,4.05,0.98,4,0.25,2.25,0.47,17,0.29,4.47,1.09,10,0.2,2.5,0.45,11,0.36,5.45,1.45
2025,511,Colston Loveland,CHI,TE,1,14,GB,5.8988764044943816,6.329113924050633,21,0.24,1.38,0.61,2,0,0,0,18,0.22,1.56,0.32,6,0.17,1.17,0.28,15,0.27,1.47,0.75
2025,512,Dont'e Thornton,LV,WR,1,17,NYG,9.375,13.333333333333334,21,0.19,0.57,0.15,5,0.2,1,0.3,14,0.21,0.5,0.12,10,0.2,0.5,0.15,11,0.18,0.64,0.15
2025,513,Chimere Dike,TEN,WR,1,15,SF,5.585106382978723,6.944444444444445,21,0.24,0.81,0.27,5,0,0,0,15,0.33,1.13,0.38,7,0,0,0,14,0.36,1.21,0.41
2025,514,Brandin Cooks,BUF,WR,1,17,PHI,6.172839506172839,14.705882352941178,20,0.25,5.05,0.7,1,0,0,0,18,0.28,5.61,0.78,11,0,0,0,9,0.56,11.22,1.57
2025,515,Davante Adams,LA,WR,1,13,CAR,5.263157894736842,4.504504504504505,20,0.25,2.9,1.09,2,0,0,0,16,0.25,3.38,0.9,14,0.21,1.57,0.73,6,0.33,6,1.93
2025,516,Davante Adams,LA,WR,1,14,ARZ,5.263157894736842,5.405405405405405,20,0.3,1.45,0.35,4,0.5,4.25,0.93,13,0.23,0.92,0.25,7,0.43,2.43,0.53,13,0.23,0.92,0.25
2025,517,Stefon Diggs,NE,WR,1,13,NYG,4.987531172069826,4,20,0.2,1.3,0.28,8,0.13,0,0,10,0.3,2.6,0.56,8,0.13,0.38,0.16,12,0.25,1.92,0.36
2025,518,Sterling Shepard,TB,WR,1,14,NO,6.230529595015576,1.8867924528301887,20,0.05,0.25,0.07,9,0.11,0.56,0.17,9,0,0,0,17,0.06,0.29,0.09,3,0,0,0
Exported from Data Suite 2.0 by michaelgingrave (user 380) on 2026-09-10 04:18 UTC,,,,,,,,,,,,,,,,,,,,,,,,,,,,,