,Player Details,Player Details,Player Details,Player Details,Player Details,Splits,Splits,Rushing,Rushing,Rushing,Rushing,Rushing,Rushing,Rushing,Rushing,Rushing,Rushing,Advanced,Advanced,Advanced,Advanced,Advanced,Advanced,Advanced,Advanced,Advanced,Advanced,Advanced,Advanced,Advanced,Advanced,Advanced,Advanced,Zone Concept,Zone Concept,Zone Concept,Zone Concept,Zone Concept,Zone Concept,Man/Gap Concept,Man/Gap Concept,Man/Gap Concept,Man/Gap Concept,Man/Gap Concept,Man/Gap Concept,FP,FP,FP,FP,FP
Season,Rank,Name,Team,POS,G,PERS,ATT %,SNAP %,ATT,DCS %,SNEAK %,YDS,YPC,TD,XTD,FUM,1D,EXP RUN %,EXP YDS,EXP YDS %,i5 %,TD RATE,SUCC %,STUFF %,RYOE,YBC/ATT,HIT %,YACO/ATT,YACO %,MTF,MTF/A,EPA/A,EPA,ZONE ATT,ZONE ATT %,ZONE YDS,ZONE TD,ZONE YPC,ZONE SUCC %,MAN ATT,MAN ATT %,MAN YDS,MAN TD,MAN YPC,MAN SUCC %,FP,XFP,FP/G,XFP/G,DIFF
2026,,League Avg,,,,,,46.14304635761587,7.043046357615894,47.26754966887416,0,29.09271523178808,4.13,0.18211920529801323,0.24016556291390742,0.04966887417218543,1.5298013245033113,10,10.155629139072847,34.9,22.80066225165563,2.6,49.2,45,-0.6523178807947017,1.97,36.9,2.16,52.4,1.1225165562913908,0.16,-0.097,-0.6821192052980134,3.8973509933774833,55.3,15.791390728476822,0.052980132450331126,4.05,48.8,3.0794701986754967,43.7,13.155629139072847,0.1291390728476821,4.27,49.7,3.952317880794698,4.414238410596027,1.7043046357615899,1.9657284768211938,-0.2614238410596026
2026,1,Jahmyr Gibbs,DET,RB,3,11,47.69230769230769,72.6,31,86.1,0,186,6,1,0.9,1,14,31,117,62.9,100,3.2,61.3,35.5,46.4,4.26,29,1.74,29,7,0.23,0.183,5.7,16,51.6,96,0,6,68.8,15,48.4,90,1,6,53.3,23.6,19.3,7.87,6.45,1.42
2026,2,Derrick Henry,BLT,RB,3,12,45.45454545454545,74.1,30,90.9,0,167,5.57,2,0.88,0,7,11.5,72,43.1,100,6.7,63.3,40,40.1,1.93,33.3,3.63,65.3,5,0.17,0.2,6,19,63.3,132,1,6.95,73.7,11,36.7,35,1,3.18,45.5,28.7,18,9.57,5.99,3.58
2026,3,Bijan Robinson,ATL,RB,3,12,34.84848484848485,67.3,23,67.6,0,165,7.17,0,0.3,0,7,17.4,96,58.2,0,0,69.6,30.4,57.4,3.91,26.1,3.26,45.5,5,0.22,0.265,6.1,17,73.9,144,0,8.47,76.5,6,26.1,21,0,3.5,50,16.5,12.5,5.5,4.18,1.32
2026,4,Kyren Williams,LA,RB,3,13,73.68421052631578,56,28,56,0,161,5.75,1,0.92,1,8,12.5,66,41,66.7,3.6,67.9,32.1,57,3.86,10.7,1.89,32.9,11,0.39,-0.035,-1,10,35.7,63,1,6.3,60,18,64.3,98,0,5.44,72.2,21.1,15.9,7.03,5.3,1.73
2026,5,Bijan Robinson,ATL,RB,3,11,46.96969696969697,67,31,66,0,159,5.13,1,0.89,0,9,13.8,67,42.1,100,3.2,54.8,35.5,27.2,1.32,41.9,3.81,74.2,4,0.13,0.078,2.4,22,71,116,1,5.27,59.1,8,25.8,28,0,3.5,37.5,21.9,18.5,7.3,6.18,1.12
2026,6,Chase Brown,CIN,RB,3,12,61.224489795918366,77.9,30,83.3,0,143,4.77,1,0.55,0,7,17.2,57,39.9,100,3.3,60,36.7,11.9,2.4,33.3,2.37,49.7,3,0.1,0.021,0.6,20,66.7,100,0,5,55,10,33.3,43,1,4.3,70,20.3,16.4,6.77,5.47,1.3
2026,7,James Cook,BUF,RB,3,13,41.37931034482759,85,24,72.7,0,133,5.54,0,0.71,1,7,18.2,68,51.1,25,0,50,50,38.2,3.83,29.2,1.71,30.8,5,0.21,-0.03,-0.7,11,45.8,61,0,5.55,63.6,13,54.2,72,0,5.54,38.5,12.3,13.8,4.1,4.59,-0.49
2026,8,Kenneth Walker,KC,RB,3,12,36.92307692307693,77.6,24,82.8,0,132,5.5,1,1.83,0,7,25,91,68.9,100,4.2,54.2,45.8,37.8,2.13,33.3,3.38,61.4,10,0.42,0.053,1.3,13,54.2,115,1,8.85,69.2,10,41.7,23,0,2.3,40,19.2,20.4,6.4,6.79,-0.39
2026,9,James Cook,BUF,RB,3,12,31.03448275862069,81.6,18,90,0,131,7.28,1,0.95,0,7,31.3,87,66.4,66.7,5.6,66.7,33.3,60.3,5.5,22.2,1.78,24.4,2,0.11,0.321,5.8,5,27.8,30,0,6,60,13,72.2,101,1,7.77,69.2,19.1,12.8,6.37,4.26,2.11
2026,10,Jonathan Taylor,IND,RB,3,11,48.484848484848484,90,32,94.1,0,130,4.06,4,1.83,1,9,14.3,56,43.1,100,12.5,62.5,31.3,-7.3,2.38,37.5,1.69,41.5,2,0.06,0.085,2.7,20,62.5,53,2,2.65,50,12,37.5,77,2,6.42,83.3,36,24.7,12,8.24,3.76
2026,11,Saquon Barkley,PHI,RB,3,11,52.94117647058824,45.5,18,50,0,126,7,0,0.11,0,4,16.7,71,56.3,0,0,66.7,33.3,42.9,4.5,27.8,2.5,35.7,6,0.33,0.215,3.9,16,88.9,114,0,7.13,62.5,1,5.6,4,0,4,100,12.6,9,4.2,2.98,1.22
2026,12,Chuba Hubbard,CAR,RB,3,11,53.65853658536586,72.7,22,68.8,0,115,5.23,0,0.25,0,4,19,50,43.5,0,0,40.9,36.4,11.1,2.45,36.4,2.77,53,3,0.14,-0.029,-0.6,12,54.5,56,0,4.67,41.7,10,45.5,59,0,5.9,40,11.5,11.9,3.83,3.96,-0.13
2026,13,Christian McCaffrey,SF,RB,3,21,68.57142857142857,67.1,24,60,0,113,4.71,1,1.24,0,5,14.3,42,37.2,66.7,4.2,58.3,37.5,14.3,2.25,37.5,2.46,52.2,4,0.17,0.025,0.6,20,83.3,82,1,4.1,55,4,16.7,31,0,7.75,75,17.3,17.3,5.77,5.77,0
2026,14,Kyle Monangai,CHI,RB,3,11,40,32,12,34.3,0,113,9.42,1,0.22,0,4,16.7,75,66.4,0,8.3,50,33.3,58.1,1.67,41.7,7.75,82.3,3,0.25,0.494,5.9,10,83.3,45,0,4.5,50,2,16.7,68,1,34,50,17.3,6.8,5.77,2.28,3.49
2026,15,Travis Etienne,NO,RB,3,11,66.66666666666666,47.4,20,43.5,0,112,5.6,0,0.23,0,5,15.8,48,42.9,0,0,70,20,14.3,3.65,30,1.95,34.8,5,0.25,0.09,1.8,10,50,39,0,3.9,60,10,50,73,0,7.3,80,11.2,11.2,3.73,3.73,0
2026,16,Kenneth Walker,KC,RB,3,13,24.615384615384617,80,16,72.7,0,112,7,1,0.83,0,5,7.1,60,53.6,100,6.3,56.3,43.8,55.4,1.75,31.3,5.25,75,7,0.44,0.382,6.1,5,31.3,17,0,3.4,40,11,68.8,95,1,8.64,63.6,17.2,10.6,5.73,3.54,2.19
2026,17,Kenneth Walker,KC,RB,3,11,35.38461538461539,72.7,23,82.1,0,110,4.78,0,0.43,0,7,18.2,50,45.5,100,0,52.2,43.5,7.9,1.78,34.8,3,62.7,13,0.57,-0.024,-0.6,19,82.6,63,0,3.32,42.1,4,17.4,47,0,11.75,100,11,12.8,3.67,4.27,-0.6
2026,18,D'Andre Swift,CHI,RB,3,12,40.74074074074074,57.4,22,61.1,0,109,4.95,1,0.53,0,4,10,40,36.7,100,4.5,45.5,36.4,13.7,2.18,40.9,2.77,56,5,0.23,0.106,2.3,18,81.8,64,0,3.56,38.9,4,18.2,45,1,11.25,75,16.9,12.7,5.63,4.24,1.39
2026,19,D'Andre Swift,CHI,RB,3,11,37.03703703703704,68,20,57.1,0,107,5.35,2,1.9,0,4,7.1,32,29.9,75,10,60,30,35.4,2.85,15,2.5,46.7,4,0.2,0.186,3.7,14,70,81,0,5.79,50,6,30,26,2,4.33,83.3,22.7,18.6,7.57,6.19,1.38
2026,20,Jonathan Taylor,IND,RB,3,12,36.36363636363637,92.6,24,80,0,101,4.21,0,0.7,0,5,21.7,72,71.3,100,0,41.7,58.3,-4,2.67,50,1.54,36.6,3,0.13,-0.17,-4.1,13,54.2,71,0,5.46,46.2,11,45.8,30,0,2.73,36.4,10.1,14.7,3.37,4.9,-1.53
2026,21,Bhayshul Tuten,JAX,RB,3,12,51.162790697674424,63,22,61.1,0,99,4.5,0,0.16,0,3,9.1,22,22.2,0,0,59.1,40.9,-3.7,1.64,27.3,2.86,63.6,6,0.27,-0.029,-0.6,12,54.5,63,0,5.25,66.7,9,40.9,37,0,4.11,55.6,9.9,11.2,3.3,3.74,-0.44
2026,22,Jaylen Warren,PIT,RB,3,11,63.1578947368421,70.1,24,72.7,0,95,3.96,0,0.25,1,4,8.3,23,24.2,0,0,45.8,37.5,-13.9,1.63,37.5,2.33,58.9,4,0.17,-0.154,-3.7,17,70.8,61,0,3.59,47.1,7,29.2,34,0,4.86,42.9,8.5,12.4,2.83,4.13,-1.3
2026,23,Jahmyr Gibbs,DET,RB,3,12,26.153846153846157,78.6,17,85,0,93,5.47,0,0.57,0,3,12.5,34,36.6,100,0,52.9,47.1,20.5,3.24,17.6,2.24,40.9,6,0.35,0.009,0.1,14,82.4,72,0,5.14,42.9,3,17.6,21,0,7,100,9.3,10.7,3.1,3.56,-0.46
2026,24,Omarion Hampton,LAC,RB,3,21,52,73.3,26,66.7,0,93,3.58,1,1.23,0,5,4.3,14,15.1,100,3.8,53.8,46.2,-13.7,0.96,34.6,2.62,73.1,0,0,-0.097,-2.5,11,42.3,28,0,2.55,36.4,15,57.7,65,1,4.33,66.7,15.3,18,5.1,6.02,-0.92
2026,25,Jadarian Price,SEA,RB,3,21,50,53.5,14,46.7,0,93,6.64,0,0.11,1,6,21.4,49,52.7,0,0,78.6,21.4,29.7,2.86,7.1,3.79,57,3,0.21,-0.066,-0.9,13,92.9,87,0,6.69,76.9,1,7.1,6,0,6,100,8.3,7,2.77,2.33,0.44
2026,26,Aaron Jones,MIN,RB,3,12,36.53846153846153,80.6,19,76,0,88,4.63,0,0.13,0,2,10.5,29,33,0,0,42.1,52.6,3.8,2.84,31.6,1.79,38.6,3,0.16,-0.128,-2.4,5,26.3,20,0,4,60,14,73.7,68,0,4.86,35.7,8.8,9.2,2.93,3.08,-0.15
2026,27,Javonte Williams,DAL,RB,3,11,53.48837209302325,72.5,23,67.6,0,88,3.83,0,0.84,0,4,10,37,42,100,0,39.1,60.9,-11.5,1.43,43.5,2.39,62.5,3,0.13,-0.253,-5.8,17,73.9,69,0,4.06,35.3,6,26.1,19,0,3.17,50,8.8,15,2.93,4.99,-2.06
2026,28,De'Von Achane,MIA,RB,3,11,44.11764705882353,53.3,15,51.7,0,84,5.6,0,0.13,0,4,20,38,45.2,0,0,46.7,26.7,9.4,3.27,26.7,2.33,41.7,3,0.2,0.156,2.3,4,26.7,13,0,3.25,50,11,73.3,71,0,6.45,45.5,8.4,8.3,2.8,2.75,0.05
2026,29,Bucky Irving,TB,RB,2,11,42.5,57.1,17,60.7,0,84,4.94,1,0.27,1,4,11.8,24,28.6,0,5.9,64.7,23.5,12.4,2.59,29.4,2.35,47.6,2,0.12,0.203,3.4,8,47.1,39,0,4.88,75,9,52.9,45,1,5,55.6,13.4,8.8,6.7,4.4,2.3
2026,30,James Cook,BUF,RB,3,11,27.586206896551722,56.6,16,69.6,0,82,5.13,1,0.51,0,4,20,42,51.2,100,6.3,50,43.8,9.9,3.56,18.8,1.56,30.5,1,0.06,0.024,0.4,5,31.3,17,0,3.4,20,11,68.8,65,1,5.91,63.6,14.2,10.3,4.73,3.43,1.3
2026,31,Bhayshul Tuten,JAX,RB,3,11,32.55813953488372,47.2,14,51.9,0,82,5.86,0,0.21,0,6,21.4,39,47.6,0,0,57.1,42.9,17.2,3.14,21.4,2.71,46.3,3,0.21,0.144,2,4,28.6,24,0,6,75,9,64.3,52,0,5.78,44.4,8.2,7.8,2.73,2.59,0.14
2026,32,Tony Pollard,TEN,RB,3,12,36.84210526315789,73.3,14,63.6,0,81,5.79,0,0.05,0,3,14.3,29,35.8,0,0,57.1,28.6,17.6,2.5,28.6,3.29,56.8,3,0.21,0.047,0.7,2,14.3,14,0,7,100,12,85.7,67,0,5.58,50,8.1,6.6,2.7,2.21,0.49
2026,33,Blake Corum,LA,RB,3,13,71.42857142857143,44,20,40,0,81,4.05,0,0.12,0,3,5,18,22.2,0,0,50,50,-4.6,2.5,40,1.55,38.3,5,0.25,-0.096,-1.9,10,50,57,0,5.7,70,10,50,24,0,2.4,30,8.1,9.3,2.7,3.08,-0.38
2026,34,Breece Hall,NYJ,RB,3,11,49.01960784313725,57.3,25,78.1,0,79,3.16,0,0.44,0,5,8.3,26,32.9,50,0,44,48,-27.4,1.56,28,1.6,50.6,7,0.28,-0.218,-5.4,15,60,46,0,3.07,46.7,10,40,33,0,3.3,40,7.9,13.3,2.63,4.43,-1.8
2026,35,Kaelon Black,SF,RB,3,21,56.00000000000001,31.4,14,35,0,72,5.14,0,0.25,0,2,7.7,14,19.4,0,0,64.3,28.6,12,3.36,21.4,1.79,34.7,1,0.07,0.046,0.6,10,71.4,51,0,5.1,60,4,28.6,21,0,5.25,75,7.2,7.5,2.4,2.5,-0.1
2026,36,Mike Washington,LV,RB,3,21,40,25,6,26.1,0,71,11.83,1,0.04,0,2,33.3,54,76.1,0,16.7,50,33.3,45.6,5,33.3,6.83,57.7,1,0.17,0.475,2.9,5,83.3,35,0,7,40,1,16.7,36,1,36,100,13.1,2.8,4.37,0.92,3.45
2026,37,Cam Skattebo,NYG,RB,3,22,30,68.2,15,48.4,0,70,4.67,0,0.11,0,5,13.3,23,32.9,0,0,53.3,46.7,4.7,2.13,33.3,2.53,54.3,1,0.07,-0.087,-1.3,4,26.7,24,0,6,75,11,73.3,46,0,4.18,45.5,7,7.2,2.33,2.4,-0.07
2026,38,TreVeyon Henderson,NE,RB,2,11,33.33333333333333,25.2,8,53.3,0,70,8.75,1,0.06,0,2,25,49,70,0,12.5,50,25,34.4,7,37.5,1.75,20,1,0.13,0.428,3.4,0,0,0,0,0,0,8,100,70,1,8.75,50,13,3.9,6.5,1.95,4.55
2026,39,Tony Pollard,TEN,RB,3,11,50,42,19,63.3,0,68,3.58,0,0.3,0,3,11.1,30,44.1,0,0,31.6,63.2,-16.1,1.37,42.1,2.21,61.8,2,0.11,-0.168,-3.2,9,47.4,34,0,3.78,22.2,10,52.6,34,0,3.4,40,6.8,10.2,2.27,3.4,-1.13
2026,40,Brian Robinson,ATL,RB,3,11,46.666666666666664,33,14,29.8,0,68,4.86,0,0.07,0,5,14.3,30,44.1,0,0,50,35.7,-0.2,0,64.3,4.86,100,3,0.21,0.185,2.6,12,85.7,71,0,5.92,58.3,1,7.1,-1,0,-1,0,6.8,7.2,2.27,2.41,-0.14
2026,41,Javonte Williams,DAL,RB,3,12,30.23255813953488,87.9,13,81.3,0,67,5.15,1,0.86,0,4,9.1,17,25.4,100,7.7,76.9,30.8,17.2,2.92,30.8,2.23,43.3,1,0.08,0.208,2.7,5,38.5,33,0,6.6,100,8,61.5,34,1,4.25,62.5,12.7,10.1,4.23,3.38,0.85
2026,42,Blake Corum,LA,RB,3,11,28.57142857142857,24.5,8,34.8,0,67,8.38,0,0.03,0,4,50,52,77.6,0,0,75,12.5,27.7,6.38,0,2,23.9,2,0.25,0.365,2.9,1,12.5,1,0,1,0,7,87.5,66,0,9.43,85.7,6.7,4.1,2.23,1.38,0.85
2026,43,Jeremiyah Love,ARZ,RB,3,13,43.90243902439025,60,18,58.1,0,66,3.67,0,0.37,0,1,0,0,0,0,0,44.4,50,-10.8,2.06,38.9,1.61,43.9,0,0,-0.108,-1.9,9,50,25,0,2.78,33.3,9,50,41,0,4.56,55.6,6.6,9.9,2.2,3.31,-1.11
2026,44,Derrick Henry,BLT,RB,3,11,21.21212121212121,42.5,14,53.8,0,65,4.64,0,0.42,0,3,16.7,33,50.8,0,0,50,42.9,6.3,3,42.9,1.64,35.4,1,0.07,-0.251,-3.5,7,50,55,0,7.86,71.4,6,42.9,15,0,2.5,33.3,6.5,8.4,2.17,2.8,-0.63
2026,45,Derrick Henry,BLT,RB,3,13,30.303030303030305,70.7,20,87,0,64,3.2,2,2.23,0,4,7.1,12,18.8,85.7,10,55,45,-1.7,1.55,25,1.65,51.6,1,0.05,-0.292,-5.8,10,50,30,2,3,60,10,50,34,0,3.4,50,18.4,19.9,6.13,6.64,-0.51
2026,46,Jaylen Warren,PIT,RB,3,12,26.31578947368421,58.1,10,55.6,0,64,6.4,0,0.04,0,3,10,26,40.6,0,0,60,10,20.6,4.6,10,1.8,28.1,6,0.6,0.109,1.1,7,70,33,0,4.71,57.1,3,30,31,0,10.33,66.7,6.4,4.6,2.13,1.53,0.6
2026,47,Omarion Hampton,LAC,RB,3,11,26,35.5,13,68.4,0,61,4.69,1,0.54,2,4,18.2,27,44.3,100,7.7,53.8,46.2,-3,2.23,38.5,2.46,52.5,5,0.38,-0.918,-11.9,4,30.8,4,0,1,25,9,69.2,57,1,6.33,66.7,10.1,9.6,3.37,3.22,0.15
2026,48,Chuba Hubbard,CAR,RB,3,12,39.02439024390244,78.4,16,69.6,0,60,3.75,1,0.73,0,4,7.7,11,18.3,100,6.3,50,43.8,-3.5,2.06,37.5,1.69,45,2,0.13,-0.023,-0.4,11,68.8,51,1,4.64,63.6,5,31.3,9,0,1.8,20,12,10.7,4,3.57,0.43
2026,49,Ashton Jeanty,LV,RB,3,21,26.984126984126984,79.5,17,73.9,0,59,3.47,0,0.92,0,3,7.1,11,18.6,100,0,52.9,47.1,-8,1.41,47.1,2.06,59.3,2,0.12,-0.138,-2.4,10,58.8,45,0,4.5,50,7,41.2,14,0,2,57.1,5.9,12.2,1.97,4.07,-2.1
2026,50,Ashton Jeanty,LV,RB,3,12,19.047619047619047,82.1,12,70.6,0,58,4.83,0,0.17,0,3,8.3,10,17.2,0,0,66.7,25,6.3,2.08,25,2.75,56.9,4,0.33,0.006,0.1,4,33.3,12,0,3,50,8,66.7,46,0,5.75,75,5.8,6.2,1.93,2.07,-0.14
2026,51,Jacory Croskey-Merritt,WAS,RB,3,11,44.680851063829785,41.1,21,50,0,58,2.76,0,0.29,0,5,5,11,19,0,0,33.3,61.9,-38.3,1.14,57.1,1.62,58.6,1,0.05,-0.154,-3.2,18,85.7,56,0,3.11,38.9,3,14.3,2,0,0.67,0,5.8,11.4,1.93,3.8,-1.87
2026,52,MarShawn Lloyd,GB,RB,3,12,65.21739130434783,56,15,68.2,0,57,3.8,0,0.21,1,3,7.1,12,21.1,0,0,60,40,-12.5,2.13,33.3,1.67,43.9,2,0.13,-0.423,-6.3,6,40,13,0,2.17,33.3,9,60,44,0,4.89,77.8,4.7,8.2,1.57,2.74,-1.17
2026,53,Quinshon Judkins,CLV,RB,3,11,35.714285714285715,50.9,15,48.4,0,57,3.8,0,0.37,0,3,14.3,21,36.8,50,0,40,46.7,-10.8,1.4,26.7,2.4,63.2,4,0.27,-0.193,-2.9,9,60,23,0,2.56,22.2,6,40,34,0,5.67,66.7,5.7,9,1.9,3,-1.1
2026,54,Najee Harris,NYG,RB,2,22,76.92307692307693,25,10,47.6,0,56,5.6,0,0.31,0,3,11.1,11,19.6,0,0,80,20,15.9,3.1,10,2.5,44.6,1,0.1,0.078,0.8,5,50,23,0,4.6,80,5,50,33,0,6.6,80,5.6,5.9,2.8,2.93,-0.13
2026,55,Cam Skattebo,NYG,RB,3,11,30,64.6,15,68.2,0,56,3.73,0,0.44,0,3,7.1,13,23.2,50,0,40,40,-23.3,2.2,26.7,1.53,41.1,4,0.27,-0.051,-0.8,5,33.3,17,0,3.4,60,10,66.7,39,0,3.9,30,5.6,10.5,1.87,3.52,-1.65
2026,56,Jaylen Warren,PIT,RB,3,21,7.894736842105263,85.7,3,50,0,55,18.33,0,0.02,0,2,66.7,52,94.5,0,0,66.7,33.3,40.6,8,33.3,10.33,56.4,3,1,0.937,2.8,2,66.7,38,0,19,50,1,33.3,17,0,17,100,5.5,1.6,1.83,0.53,1.3
2026,57,David Montgomery,HST,RB,2,12,27.027027027027028,60.6,10,58.8,0,54,5.4,1,0.07,0,2,10,18,33.3,0,10,60,40,10.3,4.1,10,1.3,24.1,1,0.1,0.162,1.6,2,20,9,0,4.5,50,7,70,36,1,5.14,57.1,11.4,4.8,5.7,2.39,3.31
2026,58,Kyren Williams,LA,RB,3,11,26.31578947368421,68.2,10,43.5,0,53,5.3,0,0.04,0,2,10,13,24.5,0,0,50,30,3.2,3.5,10,1.8,34,3,0.3,-0.017,-0.2,7,70,39,0,5.57,42.9,3,30,14,0,4.67,66.7,5.3,5.2,1.77,1.73,0.04
2026,59,Emanuel Wilson,SEA,RB,2,21,37.5,39.5,12,40,0,53,4.42,0,0.05,0,2,8.3,18,34,0,0,41.7,58.3,-3.4,2.17,33.3,2.25,50.9,1,0.08,-0.104,-1.3,7,58.3,40,0,5.71,57.1,5,41.7,13,0,2.6,20,5.3,5.9,2.65,2.97,-0.32
2026,60,Jacory Croskey-Merritt,WAS,RB,3,12,34.04255319148936,60.5,16,66.7,0,53,3.31,0,0.05,0,2,6.3,11,20.8,0,0,37.5,62.5,-18.7,1,56.3,2.31,69.8,1,0.06,-0.15,-2.4,13,81.3,50,0,3.85,46.2,3,18.8,3,0,1,0,5.3,7.5,1.77,2.5,-0.73
2026,61,Rachaad White,WAS,RB,3,11,54.54545454545454,51.9,12,28.6,0,52,4.33,0,0.34,0,3,0,0,0,100,0,41.7,25,-1,2.17,25,2.17,50,0,0,0.009,0.1,9,75,43,0,4.78,44.4,3,25,9,0,3,33.3,5.2,7.4,1.73,2.45,-0.72
2026,62,Kyle Monangai,CHI,RB,3,12,40,42.6,12,33.3,0,52,4.33,0,0.38,0,2,20,27,51.9,0,0,50,50,5,2.5,33.3,1.83,42.3,2,0.17,-0.259,-3.1,9,75,40,0,4.44,44.4,3,25,12,0,4,66.7,5.2,7,1.73,2.32,-0.59
2026,63,Cam Skattebo,NYG,RB,3,21,32,83.3,16,84.2,0,52,3.25,1,0.68,0,2,7.7,10,19.2,100,6.3,43.8,43.8,-15.1,0.38,50,2.88,88.5,5,0.31,-0.193,-3.1,8,50,24,0,3,25,7,43.8,28,1,4,71.4,11.2,10.8,3.73,3.59,0.14
2026,64,Bucky Irving,TB,RB,2,21,17.5,100,7,100,0,50,7.14,0,0.03,0,2,14.3,38,76,0,0,57.1,42.9,15.8,3.86,42.9,3.29,46,2,0.29,0.073,0.5,3,42.9,12,0,4,66.7,4,57.1,38,0,9.5,50,5,3.6,2.5,1.79,0.71
2026,65,Jeremiyah Love,ARZ,RB,3,11,29.268292682926827,42.6,12,46.2,0,49,4.08,1,0.5,0,3,9.1,18,36.7,50,8.3,58.3,41.7,-1.8,0.5,50,3.58,87.8,4,0.33,0.109,1.3,8,66.7,42,1,5.25,75,4,33.3,7,0,1.75,25,10.9,8.1,3.63,2.69,0.94
2026,66,Keaton Mitchell,LAC,RB,3,21,64.70588235294117,26.7,11,28.2,0,46,4.18,0,0.25,0,1,20,28,60.9,0,0,36.4,54.5,-0.4,1.36,45.5,2.82,67.4,2,0.18,-0.151,-1.7,9,81.8,41,0,4.56,44.4,2,18.2,5,0,2.5,0,4.6,6.2,1.53,2.05,-0.52
2026,67,Rhamondre Stevenson,NE,RB,2,11,29.03225806451613,66,9,39.1,0,45,5,0,0.04,0,1,11.1,12,26.7,0,0,77.8,22.2,0.3,1.89,22.2,3.11,62.2,1,0.11,-0.219,-2,1,11.1,4,0,4,100,8,88.9,41,0,5.13,75,4.5,4.7,2.25,2.35,-0.1
2026,68,Tyjae Spears,TEN,RB,3,11,53.84615384615385,54.5,7,23.3,0,45,6.43,0,0.08,0,2,28.6,37,82.2,0,0,28.6,57.1,13.2,1.43,42.9,5,77.8,2,0.29,0.412,2.9,5,71.4,44,0,8.8,40,2,28.6,1,0,0.5,0,4.5,3.7,1.5,1.22,0.28
2026,69,Ashton Jeanty,LV,RB,3,11,20.634920634920633,81.3,13,72.2,0,45,3.46,0,0.05,0,1,7.7,15,33.3,0,0,23.1,53.8,-17,1.62,38.5,1.85,53.3,0,0,-0.269,-3.5,6,46.2,8,0,1.33,16.7,6,46.2,34,0,5.67,33.3,4.5,6.5,1.5,2.17,-0.67
2026,70,Aaron Jones,MIN,RB,2,11,25,63.9,13,65,0,43,3.31,0,0.06,0,2,0,0,0,0,0,46.2,46.2,-16.3,1.69,30.8,1.62,48.8,1,0.08,-0.134,-1.7,8,61.5,15,0,1.88,25,5,38.5,28,0,5.6,80,4.3,6.3,2.15,3.13,-0.98
2026,71,Alvin Kamara,NO,RB,2,11,72.22222222222221,16,13,40.6,0,43,3.31,0,0.19,0,3,7.7,11,25.6,0,0,38.5,53.8,-15.3,1.62,46.2,1.69,51.2,1,0.08,-0.202,-2.6,8,61.5,24,0,3,25,5,38.5,19,0,3.8,60,4.3,7,2.15,3.49,-1.34
2026,72,Tyler Allgeier,ARZ,RB,3,11,45.83333333333333,57.4,11,42.3,0,43,3.91,0,0.23,0,3,10,11,25.6,0,0,54.5,36.4,-3.9,1,36.4,2.91,74.4,2,0.18,-0.073,-0.8,7,63.6,27,0,3.86,57.1,4,36.4,16,0,4,50,4.3,6,1.43,2.01,-0.58
2026,73,Breece Hall,NYJ,RB,3,12,33.33333333333333,75,17,73.9,0,43,2.53,1,0.45,0,4,6.3,12,27.9,100,5.9,52.9,47.1,-29.2,1.41,41.2,1.12,44.2,0,0,-0.206,-3.5,11,64.7,29,1,2.64,54.5,6,35.3,14,0,2.33,50,10.3,9.9,3.43,3.3,0.13
2026,74,Chris Rodriguez,JAX,RB,3,12,45,29.6,9,25,0,43,4.78,0,0.12,0,2,0,0,0,0,0,55.6,33.3,6.6,2.11,33.3,2.67,55.8,1,0.11,0.189,1.7,4,44.4,24,0,6,75,5,55.6,19,0,3.8,40,4.3,4.4,1.43,1.45,-0.02
2026,75,Aaron Jones,MIN,RB,3,21,25,63.3,13,68.4,0,40,3.08,1,0.45,0,3,0,0,0,50,7.7,53.8,46.2,-13.5,1.77,30.8,1.31,42.5,0,0,-0.147,-1.9,10,76.9,34,0,3.4,50,3,23.1,6,1,2,66.7,10,8.1,3.33,2.69,0.64
2026,76,J.K. Dobbins,DEN,RB,3,13,20,62.5,7,70,0,39,5.57,0,0.04,0,1,14.3,17,43.6,0,0,57.1,42.9,8.9,1.29,28.6,4.29,76.9,1,0.14,0.062,0.4,3,42.9,14,0,4.67,66.7,4,57.1,25,0,6.25,50,3.9,3.2,1.3,1.08,0.22
2026,77,Chase Brown,CIN,RB,3,11,26.53061224489796,64.9,13,61.9,0,39,3,0,0.39,0,2,8.3,13,33.3,100,0,46.2,46.2,-20,0.46,38.5,2.54,84.6,3,0.23,-0.238,-3.1,9,69.2,29,0,3.22,55.6,4,30.8,10,0,2.5,25,3.9,8.3,1.3,2.75,-1.45
2026,78,Woody Marks,HST,RB,3,11,40.909090909090914,48.1,9,40.9,0,39,4.33,0,0.1,0,2,22.2,22,56.4,0,0,22.2,55.6,-5.9,2.78,44.4,1.56,35.9,4,0.44,-0.133,-1.2,3,33.3,2,0,0.67,0,6,66.7,37,0,6.17,33.3,3.9,5.1,1.3,1.7,-0.4
2026,79,Jeremiyah Love,ARZ,RB,2,12,21.951219512195124,58.3,9,75,0,39,4.33,0,0.05,0,2,0,0,0,0,0,66.7,22.2,-2.2,2.67,22.2,1.67,38.5,3,0.33,0.107,1,1,11.1,3,0,3,100,8,88.9,36,0,4.5,62.5,3.9,4.4,1.95,2.2,-0.25
2026,80,J.K. Dobbins,DEN,RB,3,12,34.285714285714285,60,12,70.6,0,38,3.17,0,0.61,0,2,0,0,0,100,0,66.7,33.3,-12,1.67,16.7,1.5,47.4,0,0,-0.019,-0.2,5,41.7,15,0,3,60,7,58.3,23,0,3.29,71.4,3.8,8.7,1.27,2.88,-1.61
2026,81,Breece Hall,NYJ,RB,2,13,11.76470588235294,61.1,6,50,0,37,6.17,0,0.03,0,4,33.3,25,67.6,0,0,66.7,33.3,8.9,4,16.7,2.17,35.1,0,0,0.228,1.4,1,16.7,3,0,3,100,5,83.3,34,0,6.8,60,3.7,3,1.85,1.5,0.35
2026,82,Brian Robinson,ATL,RB,3,12,36.666666666666664,32.7,11,32.4,0,35,3.18,0,0.06,0,1,0,0,0,0,0,45.5,45.5,-16.5,1.55,27.3,1.64,51.4,0,0,-0.155,-1.7,7,63.6,24,0,3.43,57.1,4,36.4,11,0,2.75,25,3.5,5.5,1.17,1.84,-0.67
2026,83,De'Von Achane,MIA,RB,3,21,38.23529411764706,60,13,61.9,0,35,2.69,0,0.3,0,1,0,0,0,0,0,23.1,69.2,-17.6,1.38,46.2,1.31,48.6,1,0.08,-0.304,-3.9,9,69.2,20,0,2.22,22.2,4,30.8,15,0,3.75,25,3.5,7,1.17,2.35,-1.18
2026,84,Saquon Barkley,PHI,RB,3,12,44.11764705882353,54.1,15,57.7,0,34,2.27,0,0.9,0,1,0,0,0,66.7,0,33.3,60,-24.5,0.73,46.7,1.53,67.6,2,0.13,-0.353,-5.3,9,60,25,0,2.78,44.4,6,40,9,0,1.5,16.7,3.4,11.3,1.13,3.75,-2.62
2026,85,J.K. Dobbins,DEN,RB,3,11,31.428571428571427,29.2,11,44,0,34,3.09,0,0.39,0,1,11.1,15,44.1,100,0,27.3,72.7,-15.6,1.36,54.5,1.73,55.9,0,0,-0.254,-2.8,6,54.5,21,0,3.5,33.3,5,45.5,13,0,2.6,20,3.4,7.3,1.13,2.43,-1.3
2026,86,Christian McCaffrey,SF,RB,3,11,20,73.6,7,50,0,33,4.71,0,0.28,0,0,16.7,14,42.4,100,0,57.1,42.9,-0.1,2.43,28.6,2.29,48.5,0,0,-0.133,-0.9,6,85.7,19,0,3.17,66.7,1,14.3,14,0,14,0,3.3,5,1.1,1.67,-0.57
2026,87,AJ Dillon,CAR,RB,2,11,58.333333333333336,11.4,7,21.9,0,33,4.71,0,0.06,0,1,14.3,11,33.3,0,0,71.4,28.6,2.6,1.71,14.3,3,63.6,2,0.29,-0.047,-0.3,3,42.9,14,0,4.67,66.7,4,57.1,19,0,4.75,75,3.3,3.4,1.65,1.69,-0.04
2026,88,Rhamondre Stevenson,NE,RB,3,22,25.806451612903224,55.6,8,53.3,0,33,4.13,0,0.05,0,3,12.5,24,72.7,0,0,50,62.5,-1.1,0.88,62.5,3.25,78.8,2,0.25,0.221,1.8,2,25,1,0,0.5,0,4,50,27,0,6.75,50,3.3,3.7,1.1,1.23,-0.13
2026,89,Aaron Jones,MIN,RB,2,22,13.461538461538462,61.1,7,58.3,0,32,4.57,0,0.11,0,2,14.3,20,62.5,0,0,42.9,57.1,5.9,2.57,42.9,2,43.8,1,0.14,0.185,1.3,0,0,0,0,0,0,6,85.7,31,0,5.17,33.3,3.2,3.3,1.6,1.64,-0.04
2026,90,Bucky Irving,TB,RB,2,12,32.5,74.4,13,76.5,0,32,2.46,0,0.06,0,1,0,0,0,0,0,38.5,61.5,-25.3,1.08,38.5,1.38,56.3,3,0.23,-0.229,-3,10,76.9,20,0,2,40,3,23.1,12,0,4,33.3,3.2,6.1,1.6,3.06,-1.46
2026,91,Kaytron Allen,WAS,RB,2,11,66.66666666666666,7,6,19.4,0,32,5.33,0,0.06,0,1,0,0,0,0,0,66.7,0,6.2,2.5,16.7,2.83,53.1,3,0.5,-0.224,-1.3,5,83.3,27,0,5.4,60,1,16.7,5,0,5,100,3.2,2.9,1.6,1.46,0.14
2026,92,Rhamondre Stevenson,NE,RB,3,12,32.25806451612903,62.9,10,52.6,0,31,3.1,0,0.35,1,3,0,0,0,100,0,50,40,-10.7,1.3,50,1.8,58.1,0,0,-0.024,-0.2,5,50,20,0,4,40,5,50,11,0,2.2,60,2.1,6.3,0.7,2.09,-1.39
2026,93,Ashton Jeanty,LV,RB,3,22,22.22222222222222,66.7,14,87.5,0,31,2.21,0,0.4,0,2,7.7,12,38.7,100,0,35.7,71.4,-20,0.07,64.3,2.14,96.8,2,0.14,-0.432,-6,6,42.9,19,0,3.17,33.3,8,57.1,12,0,1.5,37.5,3.1,7.5,1.03,2.49,-1.46
2026,94,Jacory Croskey-Merritt,WAS,RB,3,13,21.27659574468085,69.6,10,66.7,0,31,3.1,1,0.65,0,3,0,0,0,100,10,60,40,-5.9,2.1,30,1,32.3,1,0.1,-0.07,-0.7,5,50,10,0,2,40,5,50,21,1,4.2,80,9.1,7.6,3.03,2.53,0.5
2026,95,Emanuel Wilson,SEA,RB,2,12,25,42.6,8,42.1,0,30,3.75,0,0.35,0,2,14.3,10,33.3,100,0,50,50,-1.5,1.63,25,2.13,56.7,4,0.5,-0.059,-0.5,4,50,10,0,2.5,50,4,50,20,0,5,50,3,5.3,1.5,2.63,-1.13
2026,96,Jadarian Price,SEA,RB,3,12,25,31.5,7,36.8,0,30,4.29,0,0.02,0,2,28.6,23,76.7,0,0,42.9,57.1,0.2,1.29,71.4,3,70,3,0.43,-0.157,-1.1,5,71.4,29,0,5.8,60,2,28.6,1,0,0.5,0,3,3.1,1,1.03,-0.03
2026,97,David Montgomery,HST,RB,3,13,43.24324324324324,71.4,16,66.7,0,29,1.81,0,0.7,0,2,0,0,0,100,0,43.8,62.5,-29.6,0.13,75,1.69,93.1,4,0.25,-0.656,-10.5,9,56.3,8,0,0.89,33.3,7,43.8,21,0,3,57.1,2.9,10,0.97,3.35,-2.38
2026,98,Kenny Gainwell,TB,RB,3,11,60,42.9,6,21.4,0,29,4.83,0,0.09,0,3,0,0,0,0,0,66.7,16.7,2.5,1.83,16.7,3,62.1,1,0.17,0.182,1.1,3,50,12,0,4,33.3,3,50,17,0,5.67,100,2.9,3.2,0.97,1.07,-0.1
2026,99,Jordan Mason,MIN,RB,1,12,13.333333333333334,11.1,2,28.6,0,29,14.5,0,0.01,0,1,50,28,96.6,0,0,50,50,20.3,11.5,50,3,20.7,0,0,0.561,1.1,2,100,29,0,14.5,50,0,0,0,0,0,0,2.9,0.9,2.9,0.92,1.98
2026,100,Kendre Miller,NO,RB,2,11,61.53846153846154,15.4,8,27.6,0,29,3.63,1,0.33,0,2,0,0,0,0,12.5,50,50,-4.6,2.25,37.5,1.38,37.9,1,0.13,0.152,1.2,5,62.5,15,1,3,40,3,37.5,14,0,4.67,66.7,8.9,5.3,4.45,2.67,1.78
2026,101,Keaton Mitchell,LAC,RB,3,11,29.411764705882355,32.9,5,26.3,0,28,5.6,0,0.08,0,0,0,0,0,0,0,60,20,2.9,3,40,2.6,46.4,4,0.8,-0.164,-0.8,4,80,26,0,6.5,75,1,20,2,0,2,0,2.8,3,0.93,0.99,-0.06
2026,102,Ollie Gordon,MIA,RB,2,11,45,39,9,31,0,28,3.11,0,0.12,0,2,11.1,11,39.3,0,0,22.2,55.6,-13.8,0.56,55.6,2.56,82.1,0,0,-0.155,-1.4,4,44.4,8,0,2,0,5,55.6,20,0,4,40,2.8,4.9,1.4,2.45,-1.05
2026,103,Jonathan Taylor,IND,RB,3,13,15.151515151515152,87,10,66.7,0,27,2.7,0,0.27,0,3,0,0,0,100,0,60,40,-12.9,0,80,2.7,100,3,0.3,0.333,3.3,6,60,14,0,2.33,50,4,40,13,0,3.25,75,2.7,5.6,0.9,1.87,-0.97
2026,104,Jahmyr Gibbs,DET,RB,3,13,24.615384615384617,77.1,16,84.2,0,27,1.69,2,1.77,0,6,0,0,0,100,12.5,56.3,50,-27.1,0.56,56.3,1.13,66.7,6,0.38,-0.476,-7.6,6,37.5,12,0,2,50,10,62.5,15,2,1.5,60,14.7,16,4.9,5.35,-0.45
2026,105,Justice Hill,BLT,RB,3,11,61.53846153846154,57.5,8,30.8,0,26,3.25,0,0.05,0,2,0,0,0,0,0,50,37.5,-12.1,2.25,25,1,30.8,1,0.13,-0.143,-1.1,6,75,20,0,3.33,66.7,2,25,6,0,3,0,2.6,4.1,0.87,1.37,-0.5
2026,106,Jonah Coleman,DEN,RB,1,12,40,25.7,4,36.4,0,26,6.5,0,0.05,0,2,50,24,92.3,0,0,50,50,9.6,6,25,0.5,7.7,0,0,0.281,1.1,3,75,26,0,8.67,66.7,1,25,0,0,0,0,2.6,2,2.6,1.97,0.63
2026,107,Rachaad White,WAS,RB,3,12,18.181818181818183,31.6,4,16.7,0,25,6.25,0,0.04,0,1,25,14,56,0,0,75,0,7,3.75,25,2.5,40,2,0.5,0.04,0.2,4,100,25,0,6.25,75,0,0,0,0,0,0,2.5,2,0.83,0.68,0.15
2026,108,Quinshon Judkins,CLV,RB,3,12,16.666666666666664,74.2,7,87.5,0,25,3.57,0,0.08,0,0,0,0,0,0,0,42.9,42.9,-9.9,2.43,42.9,1.14,32,0,0,-0.139,-1,3,42.9,7,0,2.33,0,4,57.1,18,0,4.5,75,2.5,4,0.83,1.32,-0.49
2026,109,Quinshon Judkins,CLV,RB,3,22,28.57142857142857,93.8,12,92.3,0,25,2.08,0,0.12,0,1,0,0,0,0,0,33.3,66.7,-21.9,0.75,50,1.33,64,1,0.08,-0.682,-8.2,6,50,17,0,2.83,50,6,50,8,0,1.33,16.7,2.5,5.4,0.83,1.8,-0.97
2026,110,Justice Hill,BLT,RB,2,12,23.076923076923077,25.9,3,9.1,0,24,8,0,0.02,0,0,33.3,11,45.8,0,0,100,0,10.2,5.67,0,2.33,29.2,1,0.33,0.504,1.5,3,100,24,0,8,100,0,0,0,0,0,0,2.4,1.5,1.2,0.74,0.46
2026,111,Tyler Goodson,DAL,RB,1,11,83.33333333333334,7.5,5,33.3,0,24,4.8,0,0.09,0,1,20,10,41.7,0,0,60,40,-0.1,2.8,40,2,41.7,0,0,0.007,0,2,40,12,0,6,50,3,60,12,0,4,66.7,2.4,2.9,2.4,2.92,-0.52
2026,112,Bam Knight,ARZ,RB,1,12,100,20.8,2,40,0,24,12,0,0.01,0,1,50,18,75,0,0,100,0,14.9,8,0,4,33.3,1,0.5,-0.563,-1.1,0,0,0,0,0,0,2,100,24,0,12,100,2.4,1,2.4,0.99,1.41
2026,113,Braelon Allen,NYJ,RB,2,12,31.57894736842105,25,6,26.1,0,24,4,0,0.12,0,0,0,0,0,0,0,50,50,-0.2,1.5,50,2.5,62.5,1,0.17,-0.117,-0.7,3,50,11,0,3.67,33.3,3,50,13,0,4.33,66.7,2.4,3.1,1.2,1.56,-0.36
2026,114,Woody Marks,HST,RB,3,13,27.27272727272727,28.6,6,25,0,24,4,0,0.25,0,4,0,0,0,0,0,83.3,16.7,3.2,1.33,16.7,2.67,66.7,2,0.33,0.158,0.9,1,16.7,9,0,9,100,5,83.3,15,0,3,80,2.4,3.6,0.8,1.2,-0.4
2026,115,Kaelon Black,SF,RB,2,12,20,37.5,5,41.7,0,24,4.8,0,0.02,0,2,0,0,0,0,0,60,20,1.6,3.4,20,1.4,29.2,0,0,-0.043,-0.2,4,80,20,0,5,50,1,20,4,0,4,100,2.4,2.3,1.2,1.17,0.03
2026,116,Bijan Robinson,ATL,RB,3,13,15.151515151515152,69.2,10,71.4,0,23,2.3,0,0.72,0,3,0,0,0,100,0,60,50,-11.4,0.7,20,1.6,69.6,2,0.2,-0.298,-3,5,50,12,0,2.4,80,5,50,11,0,2.2,40,2.3,7.8,0.77,2.59,-1.82
2026,117,Brian Robinson,ATL,RB,2,13,13.333333333333334,30.8,4,28.6,0,22,5.5,0,0.01,0,1,0,0,0,0,0,75,25,5.7,3,25,2.5,45.5,0,0,0.056,0.2,2,50,16,0,8,100,2,50,6,0,3,50,2.2,1.7,1.1,0.85,0.25
2026,118,George Holani,SEA,RB,2,12,26.666666666666668,25.9,4,21.1,0,22,5.5,0,0.1,0,0,0,0,0,0,0,75,0,5.1,2.75,0,2.75,50,0,0,-0.032,-0.1,1,25,4,0,4,100,3,75,18,0,6,66.7,2.2,2.3,1.1,1.13,-0.03
2026,119,Raheim Sanders,CLV,RB,3,11,100,42.5,4,12.9,0,22,5.5,0,0.05,0,1,25,17,77.3,0,0,25,50,5,3.75,50,1.75,31.8,0,0,-0.012,0,3,75,21,0,7,33.3,1,25,1,0,1,0,2.2,2,0.73,0.66,0.07
2026,120,Bhayshul Tuten,JAX,RB,2,13,13.953488372093023,39.1,6,42.9,0,22,3.67,1,0.58,0,3,20,12,54.5,33.3,16.7,50,33.3,-0.3,2.17,50,1.5,40.9,1,0.17,0.104,0.6,2,33.3,12,0,6,50,4,66.7,10,1,2.5,50,8.2,5.7,4.1,2.86,1.24
2026,121,Ameer Abdullah,JAX,RB,2,11,30,7.9,3,11.1,0,21,7,0,0.02,0,1,33.3,12,57.1,0,0,33.3,33.3,6.8,5.33,33.3,1.67,23.8,0,0,0.214,0.6,3,100,21,0,7,33.3,0,0,0,0,0,0,2.1,1.5,1.05,0.76,0.29
2026,122,Samaje Perine,CIN,RB,3,11,60,33,6,28.6,0,21,3.5,0,0.14,0,1,0,0,0,0,0,16.7,16.7,-4.2,2.17,16.7,1.33,38.1,0,0,-0.137,-0.8,6,100,21,0,3.5,16.7,0,0,0,0,0,0,2.1,3.4,0.7,1.12,-0.42
2026,123,Tyler Allgeier,ARZ,RB,3,13,41.66666666666667,40,10,32.3,0,21,2.1,0,0.37,0,0,0,0,0,50,0,20,60,-13.7,0.5,50,1.6,76.2,0,0,-0.56,-5.6,4,40,8,0,2,25,6,60,13,0,2.17,16.7,2.1,5.7,0.7,1.89,-1.19
2026,124,Tank Bigsby,PHI,RB,1,11,42.857142857142854,12.9,6,16.7,0,21,3.5,0,0.03,1,1,0,0,0,0,0,50,33.3,-6.9,1,33.3,2.5,71.4,0,0,-0.067,-0.4,3,50,11,0,3.67,33.3,3,50,10,0,3.33,66.7,1.1,2.9,1.1,2.94,-1.84
2026,125,Chris Brooks,GB,RB,2,13,36.36363636363637,26.3,4,30.8,0,21,5.25,0,0.04,0,1,25,14,66.7,0,0,25,50,2.7,2.75,25,2.5,47.6,0,0,0.061,0.2,0,0,0,0,0,0,4,100,21,0,5.25,25,2.1,2.1,1.05,1.04,0.01
2026,126,Braelon Allen,NYJ,RB,1,22,21.052631578947366,80,4,80,0,21,5.25,0,0.03,0,2,0,0,0,0,0,75,0,3.5,3.25,0,2,38.1,0,0,-0.116,-0.5,2,50,8,0,4,100,2,50,13,0,6.5,50,2.1,1.9,2.1,1.93,0.17
2026,127,Emmett Johnson,KC,RB,2,12,31.25,22.4,5,17.2,0,21,4.2,0,0.07,0,0,0,0,0,0,0,40,20,-2.1,1.6,40,2.6,61.9,0,0,0.157,0.8,3,60,14,0,4.67,66.7,2,40,7,0,3.5,0,2.1,2.7,1.05,1.37,-0.32
2026,128,Ameer Abdullah,JAX,RB,1,12,30,7.4,3,8.3,0,20,6.67,0,0.01,0,1,33.3,11,55,0,0,66.7,33.3,5.8,4.33,33.3,2.33,35,0,0,0.246,0.7,1,33.3,9,0,9,100,2,66.7,11,0,5.5,50,2,1.5,2,1.48,0.52
2026,129,Kaleb Johnson,GB,RB,2,12,33.33333333333333,26,4,40,0,20,5,0,0.03,0,2,25,12,60,0,0,75,25,2.8,2.25,25,2.75,55,1,0.25,-0.032,-0.1,1,25,5,0,5,100,3,75,15,0,5,66.7,2,1.9,1,0.94,0.06
2026,130,Kaleb Johnson,GB,RB,1,13,33.33333333333333,21.1,4,57.1,0,20,5,0,0.01,0,1,25,11,55,0,0,50,50,1.8,1.5,25,3.5,70,3,0.75,-0.058,-0.2,3,75,16,0,5.33,33.3,1,25,4,0,4,100,2,1.9,2,1.88,0.12
2026,131,TreVeyon Henderson,NE,RB,2,21,33.33333333333333,56.5,8,80,0,20,2.5,0,0.04,0,0,0,0,0,0,0,50,37.5,-17.7,0.75,37.5,1.75,70,1,0.13,-0.426,-3.4,2,25,1,0,0.5,50,6,75,19,0,3.17,50,2,4,1,2,-1
2026,132,David Montgomery,HST,RB,3,11,24.324324324324326,51.9,9,40.9,0,19,2.11,0,0.05,0,0,0,0,0,0,0,33.3,55.6,-21.8,0.33,55.6,1.78,84.2,0,0,-0.476,-4.3,4,44.4,4,0,1,25,5,55.6,15,0,3,40,1.9,4.4,0.63,1.47,-0.84
2026,133,D'Andre Swift,CHI,RB,3,13,18.51851851851852,63.9,10,55.6,0,19,1.9,0,1.14,1,1,0,0,0,66.7,0,40,60,-13.9,0.8,60,1.1,57.9,1,0.1,-0.866,-8.7,8,80,13,0,1.63,50,2,20,6,0,3,0,0.9,10.1,0.3,3.38,-3.08
2026,134,Rachaad White,WAS,RB,1,10,4.545454545454546,66.7,1,100,0,19,19,0,0.01,0,1,100,19,100,0,0,100,0,14.5,19,0,0,0,1,1,1.93,1.9,0,0,0,0,0,0,1,100,19,0,19,100,1.9,0.5,1.9,0.52,1.38
2026,135,Jordan Mason,MIN,RB,1,11,33.33333333333333,13.3,5,83.3,0,19,3.8,0,0.02,0,0,0,0,0,0,0,60,40,-4.1,1.6,40,2.2,57.9,0,0,-0.111,-0.6,3,60,14,0,4.67,66.7,2,40,5,0,2.5,50,1.9,2.4,1.9,2.45,-0.55
2026,136,Ronnie Rivers,LA,RB,1,11,100,7.3,5,45.5,0,19,3.8,0,0.08,0,1,0,0,0,0,0,60,40,-0.3,1.4,40,2.4,63.2,0,0,-0.548,-2.7,0,0,0,0,0,0,5,100,19,0,3.8,60,1.9,2.4,1.9,2.38,-0.48
2026,137,Christian McCaffrey,SF,RB,1,12,5.714285714285714,45.8,2,16.7,0,18,9,0,0,0,1,50,10,55.6,0,0,100,0,11,6,0,3,33.3,0,0,0.466,0.9,2,100,18,0,9,100,0,0,0,0,0,0,1.8,0.7,1.8,0.73,1.07
2026,138,Rico Dowdle,PIT,RB,2,12,53.333333333333336,41.9,8,72.7,0,18,2.25,0,0.03,0,0,0,0,0,0,0,25,62.5,-18.6,0.88,37.5,1.38,61.1,1,0.13,-0.452,-3.6,6,75,12,0,2,33.3,2,25,6,0,3,0,1.8,3.8,0.9,1.91,-1.01
2026,139,Sione Vaki,DET,RB,3,12,33.33333333333333,23.8,3,15,0,17,5.67,0,0.02,0,0,0,0,0,0,0,66.7,33.3,4.1,3.33,0,2.33,41.2,0,0,0.214,0.6,2,66.7,10,0,5,50,1,33.3,7,0,7,100,1.7,1.4,0.57,0.47,0.1
2026,140,Corey Kiner,NE,RB,2,11,35.714285714285715,7.8,5,21.7,0,17,3.4,0,0.03,0,1,0,0,0,0,0,40,60,-6.5,0.6,60,2.8,82.4,1,0.2,-0.125,-0.6,1,20,3,0,3,0,4,80,14,0,3.5,50,1.7,2.5,0.85,1.26,-0.41
2026,141,RJ Harvey,DEN,RB,2,11,80,36.5,4,25,0,17,4.25,0,0.01,0,1,0,0,0,0,0,50,25,-0.3,1.75,25,2.5,58.8,0,0,-0.002,0,3,75,13,0,4.33,66.7,1,25,4,0,4,0,1.7,1.8,0.85,0.9,-0.05
2026,142,Quinshon Judkins,CLV,RB,3,21,19.047619047619047,92.9,8,100,0,17,2.13,0,0.12,0,0,0,0,0,0,0,37.5,62.5,-17.7,0.38,37.5,1.75,82.4,1,0.13,-0.362,-2.9,3,37.5,4,0,1.33,33.3,5,62.5,13,0,2.6,40,1.7,4.2,0.57,1.39,-0.82
2026,143,Travis Homer,PIT,RB,2,11,100,3.9,3,12,0,16,5.33,0,0.08,0,1,33.3,14,87.5,0,0,33.3,66.7,2.5,2.33,66.7,3,56.3,0,0,0.147,0.4,2,66.7,2,0,1,0,1,33.3,14,0,14,100,1.6,1.8,0.8,0.92,-0.12
2026,144,Chris Brooks,GB,RB,2,11,45.45454545454545,63.1,5,38.5,0,16,3.2,0,0.31,0,0,0,0,0,0,0,40,40,-5.6,1.8,40,1.4,43.8,0,0,-0.248,-1.2,3,60,8,0,2.67,33.3,1,20,4,0,4,0,1.6,4,0.8,2.02,-1.22
2026,145,Will Shipley,PHI,RB,2,11,77.77777777777779,41.7,7,19.4,0,16,2.29,0,0.16,0,0,0,0,0,0,0,14.3,71.4,-14.5,1.71,28.6,0.57,25,1,0.14,-0.406,-2.8,7,100,16,0,2.29,14.3,0,0,0,0,0,0,1.6,4,0.8,1.99,-1.19
2026,146,Mike Washington,LV,RB,2,12,20,17.9,3,17.6,0,16,5.33,0,0.06,0,1,0,0,0,0,0,66.7,0,2.6,1.67,33.3,3.67,68.8,0,0,0.419,1.3,2,66.7,13,0,6.5,100,1,33.3,3,0,3,0,1.6,1.7,0.8,0.85,-0.05
2026,147,Emmett Johnson,KC,RB,2,11,31.25,27.3,5,17.9,0,16,3.2,0,0.04,0,0,0,0,0,0,0,40,60,-4.8,0.4,60,2.8,87.5,4,0.8,-0.062,-0.3,3,60,13,0,4.33,66.7,2,40,3,0,1.5,0,1.6,2.3,0.8,1.16,-0.36
2026,148,Emmett Johnson,KC,RB,3,13,31.25,20,5,22.7,0,16,3.2,0,0.13,0,2,0,0,0,0,0,60,40,-1.7,1,60,2.2,68.8,0,0,-0.176,-0.9,3,60,10,0,3.33,66.7,2,40,6,0,3,50,1.6,2.6,0.53,0.86,-0.33
2026,149,D'Andre Swift,CHI,RB,1,14,1.8518518518518516,100,1,100,0,15,15,0,0.02,0,1,100,15,100,0,0,100,0,11.5,-1,100,16,106.7,2,2,2.448,2.4,0,0,0,0,0,0,1,100,15,0,15,100,1.5,0.5,1.5,0.45,1.05
2026,150,Tank Bigsby,PHI,RB,2,12,57.14285714285714,40.5,8,30.8,0,15,1.88,1,0.39,0,1,0,0,0,33.3,12.5,25,75,-13.3,0.38,37.5,1.5,80,1,0.13,-0.206,-1.7,2,25,11,0,5.5,50,6,75,4,1,0.67,16.7,7.5,5.1,3.75,2.57,1.18
2026,151,Chris Rodriguez,JAX,RB,3,11,30,23.6,6,22.2,0,15,2.5,0,0.09,0,1,0,0,0,0,0,33.3,66.7,-12.3,0.5,50,2,80,1,0.17,-0.476,-2.9,5,83.3,14,0,2.8,40,1,16.7,1,0,1,0,1.5,3.3,0.5,1.09,-0.59
2026,152,Emanuel Wilson,SEA,RB,3,22,18.75,58.3,6,60,0,15,2.5,0,0.61,0,1,0,0,0,40,0,50,66.7,-2.7,0.67,50,1.83,73.3,0,0,-0.343,-2.1,4,66.7,13,0,3.25,75,2,33.3,2,0,1,0,1.5,5.4,0.5,1.81,-1.31
2026,153,Jordan James,SF,RB,1,12,100,16.7,4,57.1,0,15,3.75,0,0.02,0,1,0,0,0,0,0,50,50,-1,1.25,50,2.5,66.7,0,0,-0.536,-2.1,3,75,7,0,2.33,33.3,1,25,8,0,8,100,1.5,1.7,1.5,1.7,-0.2
2026,154,Samaje Perine,CIN,RB,2,12,40,22.1,4,11.1,0,14,3.5,0,0.06,0,1,0,0,0,0,0,25,50,-4,1.5,25,2,57.1,0,0,-0.229,-0.9,4,100,14,0,3.5,25,0,0,0,0,0,0,1.4,2.1,0.7,1.07,-0.37
2026,155,Saquon Barkley,PHI,RB,1,21,2.941176470588235,100,1,100,0,14,14,0,0.07,0,1,100,14,100,0,0,100,0,10.1,11,0,3,21.4,0,0,1.59,1.6,1,100,14,0,14,100,0,0,0,0,0,0,1.4,0.8,1.4,0.79,0.61
2026,156,Javonte Williams,DAL,RB,3,21,11.627906976744185,91.7,5,83.3,0,14,2.8,0,0.44,0,0,0,0,0,100,0,40,80,-2.7,2.2,0,0.6,21.4,0,0,-0.12,-0.6,5,100,14,0,2.8,40,0,0,0,0,0,0,1.4,4.3,0.47,1.43,-0.96
2026,157,Bucky Irving,TB,RB,1,13,7.5,75,3,100,0,14,4.67,0,0.01,0,0,0,0,0,0,0,100,0,-0.5,2,0,2.67,57.1,0,0,-0.098,-0.3,0,0,0,0,0,0,3,100,14,0,4.67,100,1.4,1.5,1.4,1.5,-0.1
2026,158,Ashton Jeanty,LV,RB,2,13,7.936507936507936,83.3,5,83.3,0,14,2.8,0,0.68,0,0,0,0,0,100,0,40,60,-2.7,1.2,40,1.6,57.1,0,0,-1.174,-5.9,4,80,14,0,3.5,50,1,20,0,0,0,0,1.4,5.7,0.7,2.87,-2.17
2026,159,Omarion Hampton,LAC,RB,2,12,10,45.8,5,62.5,0,14,2.8,0,0.1,0,2,20,10,71.4,0,0,40,40,-8.1,0.8,60,2,71.4,1,0.2,-0.159,-0.8,4,80,11,0,2.75,50,1,20,3,0,3,0,1.4,2.8,0.7,1.41,-0.71
2026,160,Tony Pollard,TEN,RB,1,23,2.631578947368421,100,1,100,0,13,13,0,0,0,1,100,13,100,0,0,100,0,9.1,6,0,7,53.8,1,1,1.092,1.1,1,100,13,0,13,100,0,0,0,0,0,0,1.3,0.4,1.3,0.42,0.88
2026,161,Rico Dowdle,PIT,RB,2,11,33.33333333333333,25.2,5,22.7,0,13,2.6,0,0.08,0,0,0,0,0,0,0,20,80,-9.5,0.6,40,2,76.9,0,0,-0.376,-1.9,5,100,13,0,2.6,20,0,0,0,0,0,0,1.3,2.7,0.65,1.36,-0.71
2026,162,Tyjae Spears,TEN,RB,3,12,46.15384615384615,20,6,27.3,0,13,2.17,0,0.02,0,0,0,0,0,0,0,33.3,66.7,-14.3,1.17,50,1,46.2,0,0,-0.537,-3.2,5,83.3,5,0,1,20,1,16.7,8,0,8,100,1.3,2.8,0.43,0.95,-0.52
2026,163,Kyle Monangai,CHI,RB,3,13,20,36.1,6,33.3,0,13,2.17,0,0.2,0,2,0,0,0,0,0,33.3,66.7,-5.6,1.5,16.7,0.67,30.8,0,0,-0.066,-0.4,5,83.3,7,0,1.4,20,1,16.7,6,0,6,100,1.3,3.1,0.43,1.02,-0.59
2026,164,Omarion Hampton,LAC,RB,2,22,8,77.8,4,80,0,13,3.25,0,0.09,0,0,0,0,0,0,0,25,75,-3.5,0.5,50,2.75,84.6,1,0.25,-0.311,-1.2,3,75,11,0,3.67,33.3,1,25,2,0,2,0,1.3,2.2,0.65,1.1,-0.45
2026,165,Emari Demercado,DAL,RB,2,11,60,6.7,3,15.8,0,12,4,0,0.04,0,0,0,0,0,0,0,66.7,33.3,-2.7,1,33.3,3,75,0,0,0.003,0,1,33.3,1,0,1,0,2,66.7,11,0,5.5,100,1.2,1.7,0.6,0.86,-0.26
2026,166,Emanuel Wilson,SEA,RB,2,11,6.25,7,2,20,0,12,6,0,0.01,0,1,0,0,0,0,0,50,0,1.4,2.5,0,3.5,58.3,2,1,0.789,1.6,2,100,12,0,6,50,0,0,0,0,0,0,1.2,1.1,0.6,0.57,0.03
2026,167,George Holani,SEA,RB,1,11,33.33333333333333,66.7,5,50,0,12,2.4,0,0.05,0,0,0,0,0,0,0,20,60,-18.5,1.2,60,1.2,50,0,0,-0.396,-2,4,80,8,0,2,0,1,20,4,0,4,100,1.2,3.4,1.2,3.35,-2.15
2026,168,Jonathon Brooks,CAR,RB,1,11,33.33333333333333,15.9,3,23.1,0,12,4,0,0,0,0,0,0,0,0,0,33.3,33.3,-2.5,2.67,33.3,1.33,33.3,0,0,-0.203,-0.6,3,100,12,0,4,33.3,0,0,0,0,0,0,1.2,1.5,1.2,1.47,-0.27
2026,169,Sione Vaki,DET,RB,2,13,33.33333333333333,17.1,3,15.8,0,12,4,0,0.03,0,0,0,0,0,0,0,33.3,33.3,-0.1,2.67,0,1.33,33.3,0,0,-0.278,-0.8,1,33.3,5,0,5,100,2,66.7,7,0,3.5,0,1.2,1.4,0.6,0.7,-0.1
2026,170,Braelon Allen,NYJ,RB,2,11,26.31578947368421,42.7,5,15.6,0,12,2.4,1,0.23,0,1,0,0,0,50,20,40,60,-7,0.8,60,1.6,66.7,1,0.2,-0.109,-0.5,1,20,7,0,7,100,4,80,5,1,1.25,25,7.2,3.3,3.6,1.65,1.95
2026,171,Ollie Gordon,MIA,RB,2,21,35,37.8,7,33.3,0,12,1.71,0,0.08,0,1,0,0,0,0,0,14.3,71.4,-20.3,0.14,28.6,1.57,91.7,0,0,-0.376,-2.6,3,42.9,5,0,1.67,33.3,4,57.1,7,0,1.75,0,1.2,3.7,0.6,1.86,-1.26
2026,172,Omarion Hampton,LAC,RB,1,13,4,75,2,100,0,12,6,0,0,0,2,0,0,0,0,0,100,0,3.3,2,0,4,66.7,0,0,0.22,0.4,1,50,6,0,6,100,1,50,6,0,6,100,1.2,0.9,1.2,0.9,0.3
2026,173,Keaton Mitchell,LAC,RB,1,12,5.88235294117647,41.7,1,12.5,0,11,11,0,0.02,0,1,100,11,100,0,0,100,0,6.7,10,0,1,9.1,0,0,0.505,0.5,0,0,0,0,0,0,1,100,11,0,11,100,1.1,0.6,1.1,0.57,0.53
2026,174,Chase Brown,CIN,RB,2,21,6.122448979591836,100,3,100,0,11,3.67,0,0.03,0,1,0,0,0,0,0,66.7,33.3,-1.4,0.67,33.3,3,81.8,0,0,-0.083,-0.2,1,33.3,5,0,5,100,2,66.7,6,0,3,50,1.1,1.4,0.55,0.7,-0.15
2026,175,Chris Rodriguez,JAX,RB,3,13,15,43.5,3,21.4,0,11,3.67,1,0.48,0,1,0,0,0,66.7,33.3,66.7,33.3,3.9,2,33.3,1.67,45.5,0,0,0.321,1,2,66.7,13,1,6.5,100,1,33.3,-2,0,-2,0,7.1,3.6,2.37,1.21,1.16
2026,176,Jonathon Brooks,CAR,RB,1,13,22.22222222222222,41.7,2,40,0,11,5.5,0,0.04,0,0,0,0,0,0,0,50,0,3.2,4,0,1.5,27.3,0,0,0.161,0.3,2,100,11,0,5.5,50,0,0,0,0,0,0,1.1,1,1.1,1.01,0.09
2026,177,Sione Vaki,DET,RB,1,11,33.33333333333333,27.4,3,8.3,0,11,3.67,0,0.04,0,2,0,0,0,0,0,66.7,33.3,-4.3,2.33,33.3,1.33,36.4,0,0,0.256,0.8,3,100,11,0,3.67,66.7,0,0,0,0,0,0,1.1,1.8,1.1,1.78,-0.68
2026,178,Tyrone Tracy,NYG,RB,2,11,66.66666666666666,2.5,2,14.3,0,11,5.5,0,0.02,1,1,0,0,0,0,0,100,0,1.6,4,50,1.5,27.3,0,0,-1.178,-2.4,0,0,0,0,0,0,2,100,11,0,5.5,100,0.1,1.1,0.05,0.53,-0.48
2026,179,Alvin Kamara,NO,RB,2,12,16.666666666666664,21.6,3,42.9,0,10,3.33,0,0.02,0,0,0,0,0,0,0,33.3,66.7,-3.4,0.67,33.3,2.67,80,0,0,-0.261,-0.8,3,100,10,0,3.33,33.3,0,0,0,0,0,0,1,1.4,0.5,0.72,-0.22
2026,180,DeeJay Dallas,MIN,RB,2,12,100,8.3,3,12,0,10,3.33,0,0.01,0,0,0,0,0,0,0,66.7,33.3,-3.8,1,33.3,2.33,70,0,0,-0.222,-0.7,1,33.3,4,0,4,100,2,66.7,6,0,3,50,1,1.5,0.5,0.74,-0.24
2026,181,George Holani,SEA,RB,2,21,13.333333333333334,9.3,2,6.7,0,10,5,0,0.01,0,0,0,0,0,0,0,100,0,-0.2,4,0,1,20,0,0,0.052,0.1,0,0,0,0,0,0,2,100,10,0,5,100,1,1.1,0.5,0.54,-0.04
2026,182,Tony Pollard,TEN,RB,2,13,5.263157894736842,100,2,100,0,9,4.5,0,0.19,0,0,0,0,0,0,0,100,0,3.3,2.5,0,2,44.4,0,0,0.156,0.3,1,50,5,0,5,100,1,50,4,0,4,100,0.9,1.7,0.45,0.85,-0.4
2026,183,Chuba Hubbard,CAR,RB,2,13,7.317073170731707,41.7,3,50,0,9,3,0,0.02,0,1,0,0,0,0,0,66.7,33.3,-2.9,0.67,33.3,2.33,77.8,0,0,0.051,0.2,1,33.3,1,0,1,0,2,66.7,8,0,4,100,0.9,1.3,0.45,0.65,-0.2
2026,184,AJ Dillon,CAR,RB,3,12,33.33333333333333,11.8,4,17.4,0,8,2,0,0.02,0,1,25,11,137.5,0,0,25,75,-7.2,0,75,2,100,1,0.25,-0.916,-3.7,1,25,-4,0,-4,0,3,75,12,0,4,33.3,0.8,1.6,0.27,0.55,-0.28
2026,185,Kendre Miller,NO,RB,1,12,23.076923076923077,24.3,3,30,0,8,2.67,0,0.01,0,0,0,0,0,0,0,33.3,66.7,-3.7,1,33.3,1.67,62.5,0,0,-0.327,-1,3,100,8,0,2.67,33.3,0,0,0,0,0,0,0.8,1.2,0.8,1.24,-0.44
2026,186,De'Von Achane,MIA,RB,2,12,11.76470588235294,54.5,4,66.7,0,8,2,0,0.66,0,0,0,0,0,100,0,50,50,-4.7,0.75,50,1.25,62.5,0,0,-0.435,-1.7,1,25,0,0,0,0,3,75,8,0,2.67,66.7,0.8,5.2,0.4,2.61,-2.21
2026,187,George Holani,SEA,RB,1,22,20,33.3,3,30,0,8,2.67,0,0.85,0,0,0,0,0,40,0,33.3,66.7,3.9,1.33,33.3,1.33,50,0,0,0.686,2.1,2,66.7,6,0,3,0,1,33.3,2,0,2,100,0.8,5.5,0.8,5.5,-4.7
2026,188,Jonathon Brooks,CAR,RB,2,12,33.33333333333333,9.8,3,15,0,8,2.67,0,0.15,0,1,0,0,0,0,0,33.3,66.7,-4,5,0,-2.33,-87.5,0,0,-0.465,-1.4,0,0,0,0,0,0,3,100,8,0,2.67,33.3,0.8,2.1,0.4,1.05,-0.65
2026,189,Jaylen Wright,MIA,RB,1,12,33.33333333333333,9.1,1,20,0,8,8,0,0.07,0,0,0,0,0,0,0,100,0,4.1,5,0,3,37.5,1,1,0.281,0.3,1,100,8,0,8,100,0,0,0,0,0,0,0.8,0.8,0.8,0.81,-0.01
2026,190,Corey Kiner,NE,RB,1,21,21.428571428571427,13,3,20,0,8,2.67,0,0.02,0,0,0,0,0,0,0,33.3,66.7,-6.1,0.67,66.7,2,75,0,0,-0.151,-0.5,2,66.7,8,0,4,50,1,33.3,0,0,0,0,0.8,1.5,0.8,1.5,-0.7
2026,191,Kaytron Allen,WAS,RB,2,12,33.33333333333333,7.9,3,17.6,0,8,2.67,0,0.26,0,0,0,0,0,100,0,66.7,66.7,-1.6,1,33.3,1.67,62.5,0,0,-0.193,-0.6,3,100,8,0,2.67,66.7,0,0,0,0,0,0,0.8,2.5,0.4,1.25,-0.85
2026,192,Jonah Coleman,DEN,RB,1,11,30,8.3,3,21.4,0,8,2.67,0,0.15,0,0,0,0,0,0,0,33.3,66.7,-4.5,2,33.3,0.67,25,0,0,-0.308,-0.9,3,100,8,0,2.67,33.3,0,0,0,0,0,0,0.8,2.1,0.8,2.12,-1.32
2026,193,Justice Hill,BLT,RB,1,13,15.384615384615385,29.3,2,8.7,0,7,3.5,0,0.02,0,1,0,0,0,0,0,50,50,-0.5,2,50,1.5,42.9,0,0,-0.15,-0.3,1,50,0,0,0,0,1,50,7,0,7,100,0.7,0.9,0.7,0.9,-0.2
2026,194,Devin Singletary,NYG,RB,1,20,22.22222222222222,22.2,2,40,0,7,3.5,0,0.01,0,0,0,0,0,0,0,50,50,-1.8,1.5,50,2,57.1,1,0.5,0.097,0.2,2,100,7,0,3.5,50,0,0,0,0,0,0,0.7,1,0.7,0.97,-0.27
2026,195,J.K. Dobbins,DEN,RB,2,21,5.714285714285714,50,2,50,0,7,3.5,0,0.01,0,0,0,0,0,0,0,50,50,-2.6,1.5,0,2,57.1,0,0,-0.289,-0.6,1,50,3,0,3,0,1,50,4,0,4,100,0.7,1,0.35,0.5,-0.15
2026,196,Rhamondre Stevenson,NE,RB,2,21,12.903225806451612,34.8,4,26.7,0,7,1.75,0,0.01,0,1,0,0,0,0,0,25,75,-11.8,0.75,25,1,57.1,1,0.25,-0.554,-2.2,1,25,5,0,5,100,3,75,2,0,0.67,0,0.7,1.9,0.35,0.97,-0.62
2026,197,Brian Robinson,ATL,RB,1,14,3.3333333333333335,50,1,50,0,7,7,1,0.18,0,1,0,0,0,0,100,100,0,5.3,7,0,0,0,0,0,1.996,2,0,0,0,0,0,0,1,100,7,1,7,100,6.7,1.2,6.7,1.24,5.46
2026,198,Will Shipley,PHI,RB,1,12,11.11111111111111,5.4,1,3.8,0,7,7,0,0.01,0,0,0,0,0,0,0,100,0,2.5,0,100,7,100,2,2,0.32,0.3,0,0,0,0,0,0,1,100,7,0,7,100,0.7,0.5,0.7,0.5,0.2
2026,199,RJ Harvey,DEN,RB,1,21,20,66.7,1,25,0,7,7,0,0,0,0,0,0,0,0,0,100,0,2.4,5,0,2,28.6,0,0,0.327,0.3,0,0,0,0,0,0,1,100,7,0,7,100,0.7,0.5,0.7,0.47,0.23
2026,200,Seth McGowan,IND,RB,1,11,33.33333333333333,10,2,5.9,0,7,3.5,0,0.17,0,1,0,0,0,0,0,50,50,-0.8,0,50,3.5,100,1,0.5,0.127,0.3,2,100,7,0,3.5,50,0,0,0,0,0,0,0.7,1.8,0.7,1.78,-1.08
2026,201,Devin Singletary,NYG,RB,1,12,11.11111111111111,42.9,1,50,0,6,6,0,0.01,0,0,0,0,0,0,0,100,0,1.1,5,0,1,16.7,0,0,0.28,0.3,0,0,0,0,0,0,1,100,6,0,6,100,0.6,0.6,0.6,0.55,0.05
2026,202,Rico Dowdle,PIT,RB,1,13,6.666666666666667,40,1,100,0,6,6,0,0,0,1,0,0,0,0,0,100,0,2,2,0,4,66.7,0,0,0.207,0.2,0,0,0,0,0,0,1,100,6,0,6,100,0.6,0.4,0.6,0.41,0.19
2026,203,Jordan Mason,MIN,RB,1,22,20,22.2,3,50,0,6,2,0,0.29,0,0,0,0,0,0,0,0,66.7,-3.9,0.67,66.7,1.33,66.7,0,0,-0.676,-2,1,33.3,3,0,3,0,2,66.7,3,0,1.5,0,0.6,2.7,0.6,2.72,-2.12
2026,204,Kenneth Walker,KC,RB,1,21,3.076923076923077,50,2,66.7,0,6,3,0,0.03,0,0,0,0,0,0,0,50,50,-0.9,1.5,50,1.5,50,0,0,-0.418,-0.8,1,50,6,0,6,100,1,50,0,0,0,0,0.6,0.8,0.6,0.84,-0.24
2026,205,Tyrone Tracy,NYG,RB,1,20,33.33333333333333,11.1,1,16.7,0,6,6,0,0,0,1,0,0,0,0,0,100,0,2.1,6,0,0,0,0,0,0.494,0.5,1,100,6,0,6,100,0,0,0,0,0,0,0.6,0.4,0.6,0.39,0.21
2026,206,Kimani Vidal,LAC,RB,1,21,100,6.7,1,2.6,0,6,6,0,0.06,0,1,0,0,0,0,0,100,0,2.9,5,0,1,16.7,0,0,0.591,0.6,1,100,6,0,6,100,0,0,0,0,0,0,0.6,0.6,0.6,0.65,-0.05
2026,207,MarShawn Lloyd,GB,RB,2,11,13.043478260869565,18.9,3,23.1,0,6,2,0,0.22,0,1,0,0,0,100,0,33.3,66.7,-4.7,0,66.7,2,100,2,0.67,-0.247,-0.7,0,0,0,0,0,0,3,100,6,0,2,33.3,0.6,2.4,0.3,1.19,-0.89
2026,208,TreVeyon Henderson,NE,RB,2,12,16.666666666666664,20,4,33.3,0,6,1.5,0,0.02,0,1,0,0,0,0,0,25,50,-10.6,0.5,50,1,66.7,0,0,-0.32,-1.3,1,25,1,0,1,0,3,75,5,0,1.67,33.3,0.6,1.8,0.3,0.88,-0.58
2026,209,Jeremiyah Love,ARZ,RB,1,21,4.878048780487805,100,2,50,0,6,3,0,0,0,0,0,0,0,0,0,0,100,-4.1,0.5,50,2.5,83.3,0,0,-0.364,-0.7,0,0,0,0,0,0,2,100,6,0,3,0,0.6,1,0.6,1.04,-0.44
2026,210,Kaelon Black,SF,RB,2,11,16,24.5,4,28.6,0,6,1.5,0,0.21,0,0,0,0,0,0,0,50,50,-10,-0.5,75,2,133.3,1,0.25,-0.594,-2.4,4,100,6,0,1.5,50,0,0,0,0,0,0,0.6,2.9,0.3,1.43,-1.13
2026,211,CJ Donaldson,NO,RB,2,22,75,100,3,37.5,0,6,2,0,0.01,0,3,0,0,0,0,0,100,0,-4.4,1.67,0,0.33,16.7,0,0,0.425,1.3,0,0,0,0,0,0,0,0,0,0,0,0,0.6,1.1,0.3,0.56,-0.26
2026,212,Jadarian Price,SEA,RB,2,13,10.714285714285714,75,3,75,0,6,2,0,0.19,1,0,0,0,0,0,0,0,100,-4.8,2,0,0,0,0,0,-1.836,-5.5,3,100,6,0,2,0,0,0,0,0,0,0,-0.4,2.2,-0.2,1.11,-1.31
2026,213,Derrick Henry,BLT,RB,2,03,3.0303030303030303,100,2,100,0,5,2.5,2,0.95,0,2,0,0,0,100,100,100,0,3.3,2,50,0.5,20,0,0,1.095,2.2,2,100,5,2,2.5,100,0,0,0,0,0,0,12.5,5.9,6.25,2.93,3.32
2026,214,Devin Singletary,NYG,RB,2,11,33.33333333333333,27.8,3,21.4,0,5,1.67,0,0.02,0,0,0,0,0,0,0,0,100,-7.9,1.33,33.3,0.33,20,0,0,-0.541,-1.6,2,66.7,2,0,1,0,1,33.3,3,0,3,0,0.5,1.4,0.25,0.71,-0.46
2026,215,Najee Harris,NYG,RB,2,21,15.384615384615385,8.3,2,18.2,0,5,2.5,0,0.02,0,0,0,0,0,0,0,50,50,-3.6,1,0,1.5,60,0,0,-0.341,-0.7,2,100,5,0,2.5,50,0,0,0,0,0,0,0.5,1,0.25,0.49,-0.24
2026,216,Travis Etienne,NO,RB,1,13,6.666666666666667,36.4,2,40,0,5,2.5,0,0,0,1,0,0,0,0,0,100,0,-3.8,0.5,50,2,80,0,0,0.273,0.5,1,50,3,0,3,100,1,50,2,0,2,100,0.5,0.9,0.5,0.89,-0.39
2026,217,Travis Etienne,NO,RB,2,21,10,100,3,100,0,5,1.67,0,0.01,0,1,0,0,0,0,0,33.3,66.7,-8.3,0.33,33.3,1.33,80,0,0,-0.277,-0.8,3,100,5,0,1.67,33.3,0,0,0,0,0,0,0.5,1.4,0.25,0.69,-0.44
2026,218,Travis Etienne,NO,RB,2,22,6.666666666666667,72.7,2,25,0,5,2.5,0,0.02,0,0,0,0,0,0,0,50,50,-2.7,1.5,0,1,40,0,0,-0.359,-0.7,1,50,4,0,4,100,1,50,1,0,1,0,0.5,0.9,0.25,0.45,-0.2
2026,219,Jordan Mason,MIN,RB,1,21,33.33333333333333,33.3,5,55.6,0,5,1,1,0.62,0,1,0,0,0,50,20,60,40,-13.1,-0.2,60,1.2,120,0,0,-0.3,-1.5,2,40,0,0,0,50,3,60,5,1,1.67,66.7,6.5,5.5,6.5,5.54,0.96
2026,220,Kendre Miller,NO,RB,1,22,7.6923076923076925,18.2,1,20,0,5,5,0,0.01,0,1,0,0,0,0,0,100,0,0.1,5,0,0,0,0,0,0.703,0.7,1,100,5,0,5,100,0,0,0,0,0,0,0.5,0.5,0.5,0.54,-0.04
2026,221,Chase Brown,CIN,RB,2,13,4.081632653061225,66.7,2,100,0,5,2.5,0,0.42,0,0,0,0,0,100,0,0,50,-0.4,1,0,1.5,60,0,0,-0.434,-0.9,2,100,5,0,2.5,0,0,0,0,0,0,0,0.5,3,0.25,1.52,-1.27
2026,222,Will Shipley,PHI,RB,1,13,11.11111111111111,50,1,100,0,5,5,0,0.03,0,1,0,0,0,0,0,100,0,2.2,1,0,4,80,0,0,0.155,0.2,0,0,0,0,0,0,1,100,5,0,5,100,0.5,0.5,0.5,0.46,0.04
2026,223,MarShawn Lloyd,GB,RB,3,13,21.73913043478261,52.6,5,38.5,0,5,1,0,0.2,0,0,0,0,0,0,0,0,100,-15.6,0.6,40,0.4,40,0,0,-0.525,-2.6,1,20,1,0,1,0,4,80,4,0,1,0,0.5,3.3,0.17,1.08,-0.91
2026,224,Mike Washington,LV,RB,2,11,20,12.5,3,16.7,0,5,1.67,0,0.1,0,0,0,0,0,0,0,33.3,66.7,-9.1,1,33.3,0.67,40,0,0,-0.688,-2.1,1,33.3,4,0,4,100,2,66.7,1,0,0.5,0,0.5,2,0.25,1.02,-0.77
2026,225,Mike Washington,LV,RB,1,13,6.666666666666667,16.7,1,16.7,0,5,5,0,0.02,0,1,0,0,0,0,0,100,0,1.2,4,0,1,20,0,0,0.407,0.4,1,100,5,0,5,100,0,0,0,0,0,0,0.5,0.5,0.5,0.53,-0.03
2026,226,Mike Washington,LV,RB,2,22,13.333333333333334,24.2,2,12.5,0,5,2.5,0,0.06,0,0,0,0,0,0,0,0,50,-2.9,0.5,50,2,80,0,0,-0.264,-0.5,0,0,0,0,0,0,2,100,5,0,2.5,0,0.5,1.1,0.25,0.57,-0.32
2026,227,Nicholas Singleton,TEN,RB,1,11,50,3.6,2,14.3,0,5,2.5,0,0.07,0,0,0,0,0,0,0,50,50,-4.1,2,50,0.5,20,0,0,-0.248,-0.5,0,0,0,0,0,0,2,100,5,0,2.5,50,0.5,1.3,0.5,1.33,-0.83
2026,228,Nicholas Singleton,TEN,RB,1,12,50,6.7,2,22.2,0,5,2.5,0,0.01,0,0,0,0,0,0,0,0,50,-5.5,1.5,50,1,40,0,0,-0.366,-0.7,0,0,0,0,0,0,2,100,5,0,2.5,0,0.5,1.1,0.5,1.08,-0.58
2026,229,Kaelon Black,SF,RB,1,22,8,50,2,66.7,0,5,2.5,0,0.01,0,0,0,0,0,0,0,50,50,-2.6,1,50,1.5,60,0,0,-0.169,-0.3,2,100,5,0,2.5,50,0,0,0,0,0,0,0.5,0.8,0.5,0.81,-0.31
2026,230,Seth McGowan,IND,RB,1,13,16.666666666666664,13,1,6.7,0,5,5,0,0.01,0,0,0,0,0,0,0,100,0,0.3,4,0,1,20,0,0,-0.027,0,0,0,0,0,0,0,1,100,5,0,5,100,0.5,0.5,0.5,0.52,-0.02
2026,231,CJ Donaldson,NO,RB,1,12,25,5.4,1,8.3,0,5,5,0,0.13,0,0,0,0,0,0,0,100,0,2.5,4,0,1,20,0,0,0.458,0.5,1,100,5,0,5,100,0,0,0,0,0,0,0.5,1,0.5,1.04,-0.54
2026,232,Jonah Coleman,DEN,RB,1,13,30,37.5,3,50,0,5,1.67,1,0.31,0,1,0,0,0,100,33.3,33.3,66.7,-4,1.33,33.3,0.33,20,0,0,-0.135,-0.4,1,33.3,-1,0,-1,0,2,66.7,6,1,3,50,6.5,2.8,6.5,2.76,3.74
2026,233,Ameer Abdullah,JAX,RB,2,13,40,17.4,4,28.6,0,4,1,0,0.01,0,1,0,0,0,0,0,25,75,-12.9,-0.5,75,1.5,150,0,0,-0.203,-0.8,2,50,-1,0,-0.5,50,2,50,5,0,2.5,0,0.4,1.8,0.2,0.88,-0.68
2026,234,J.K. Dobbins,DEN,RB,1,22,2.857142857142857,20,1,50,0,4,4,0,0,0,0,0,0,0,0,0,100,0,-0.4,3,0,1,25,0,0,-0.045,0,1,100,4,0,4,100,0,0,0,0,0,0,0.4,0.4,0.4,0.45,-0.05
2026,235,Rachaad White,WAS,RB,3,13,22.727272727272727,26.1,5,33.3,0,4,0.8,0,0.05,0,1,0,0,0,0,0,20,80,-17.1,0,80,0.8,100,0,0,-0.592,-3,3,60,4,0,1.33,33.3,2,40,0,0,0,0,0.4,2.4,0.13,0.8,-0.67
2026,236,Breece Hall,NYJ,RB,1,22,1.9607843137254901,20,1,20,0,4,4,0,0,0,0,0,0,0,0,0,100,0,0.8,2,0,2,50,0,0,0.193,0.2,1,100,4,0,4,100,0,0,0,0,0,0,0.4,0.3,0.4,0.32,0.08
2026,237,Braelon Allen,NYJ,RB,2,13,21.052631578947366,38.9,4,33.3,0,4,1,0,0.06,0,2,0,0,0,0,0,50,50,-10.4,-0.25,75,1.25,125,1,0.25,-0.55,-2.2,2,50,2,0,1,50,2,50,2,0,1,50,0.4,1.8,0.2,0.91,-0.71
2026,238,Corey Kiner,NE,RB,2,12,28.57142857142857,14.3,4,21.1,0,4,1,0,0.02,0,0,0,0,0,0,0,0,100,-13.2,-0.25,75,1.25,125,0,0,-0.645,-2.6,2,50,1,0,0.5,0,2,50,3,0,1.5,0,0.4,1.8,0.2,0.91,-0.71
2026,239,Devin Singletary,NYG,RB,1,21,11.11111111111111,8.3,1,8.3,0,3,3,0,0.01,0,0,0,0,0,0,0,0,100,-1.9,2,0,1,33.3,0,0,-0.133,-0.1,0,0,0,0,0,0,1,100,3,0,3,0,0.3,0.5,0.3,0.53,-0.23
2026,240,D'Andre Swift,CHI,RB,1,10,1.8518518518518516,100,1,100,0,3,3,0,0.05,0,0,0,0,0,0,0,0,100,-0.8,1,0,2,66.7,0,0,-0.303,-0.3,1,100,3,0,3,0,0,0,0,0,0,0,0.3,0.7,0.3,0.66,-0.36
2026,241,Tyler Allgeier,ARZ,RB,1,12,4.166666666666666,20.8,1,8.3,0,3,3,0,0.01,0,1,0,0,0,0,0,100,0,-1.8,0,100,3,100,0,0,0.393,0.4,0,0,0,0,0,0,1,100,3,0,3,100,0.3,0.5,0.3,0.51,-0.21
2026,242,Tyler Allgeier,ARZ,RB,1,21,8.333333333333332,88.9,2,50,0,3,1.5,0,0.01,0,0,0,0,0,0,0,0,100,-6.1,-0.5,100,2,133.3,0,0,-0.424,-0.8,2,100,3,0,1.5,0,0,0,0,0,0,0,0.3,1,0.3,0.96,-0.66
2026,243,Chris Brooks,GB,RB,2,12,18.181818181818183,18,2,9.1,0,3,1.5,0,0.03,0,0,0,0,0,0,0,50,50,-5.8,0,50,1.5,100,0,0,-0.426,-0.9,1,50,-1,0,-1,0,1,50,4,0,4,100,0.3,1.1,0.15,0.54,-0.39
2026,244,Emari Demercado,DAL,RB,1,12,20,6.1,1,14.3,0,3,3,0,0.04,0,0,0,0,0,0,0,0,100,-1,2,0,1,33.3,0,0,-0.242,-0.2,1,100,3,0,3,0,0,0,0,0,0,0,0.3,0.6,0.3,0.62,-0.32
2026,245,Jaleel McLaughlin,CLV,RB,1,11,100,6.6,1,5.6,0,3,3,0,0.01,0,0,0,0,0,0,0,0,0,-1.7,0,100,3,100,0,0,-0.121,-0.1,1,100,3,0,3,0,0,0,0,0,0,0,0.3,0.5,0.3,0.51,-0.21
2026,246,Frank Gore,BUF,RB,1,13,100,3.3,1,4.8,0,3,3,0,0,0,0,0,0,0,0,0,0,0,-2.1,0,100,3,100,0,0,-0.059,-0.1,0,0,0,0,0,0,1,100,3,0,3,0,0.3,0.5,0.3,0.51,-0.21
2026,247,Ray Davis,BUF,RB,1,13,100,11.7,1,3,0,3,3,0,0,0,0,0,0,0,0,0,0,100,-2.3,1,0,2,66.7,0,0,-0.151,-0.2,0,0,0,0,0,0,1,100,3,0,3,0,0.3,0.5,0.3,0.55,-0.25
2026,248,Ollie Gordon,MIA,RB,2,22,10,71.4,2,40,0,3,1.5,0,0.01,0,0,0,0,0,0,0,0,100,-6.3,0,100,1.5,100,0,0,-0.435,-0.9,1,50,2,0,2,0,1,50,1,0,1,0,0.3,1,0.15,0.51,-0.36
2026,249,Ollie Gordon,MIA,RB,1,23,5,100,1,100,0,3,3,1,0.35,0,1,0,0,0,100,100,100,0,2.2,1,0,2,66.7,1,1,0.775,0.8,0,0,0,0,0,0,1,100,3,1,3,100,6.3,2.2,6.3,2.21,4.09
2026,250,Cam Skattebo,NYG,RB,1,20,4,55.6,2,33.3,0,3,1.5,0,0.28,0,0,0,0,0,100,0,50,100,-3.9,1,0,0.5,33.3,0,0,-0.187,-0.4,0,0,0,0,0,0,2,100,3,0,1.5,50,0.3,2.3,0.3,2.35,-2.05
2026,251,TreVeyon Henderson,NE,RB,1,22,16.666666666666664,33.3,4,40,0,3,0.75,0,0.02,0,0,0,0,0,0,0,0,75,-15,0,50,0.75,100,0,0,-0.677,-2.7,1,25,-2,0,-2,0,3,75,5,0,1.67,0,0.3,1.9,0.3,1.93,-1.63
2026,252,Emmett Johnson,KC,RB,1,21,6.25,50,1,33.3,0,3,3,0,0,0,1,0,0,0,0,0,100,0,-1.4,1,0,2,66.7,0,0,0.194,0.2,1,100,3,0,3,100,0,0,0,0,0,0,0.3,0.5,0.3,0.45,-0.15
2026,253,Demond Claiborne,MIN,RB,1,21,33.33333333333333,3.3,1,10,0,3,3,0,0,0,0,0,0,0,0,0,0,100,-1.6,0,100,3,100,0,0,-0.199,-0.2,0,0,0,0,0,0,1,100,3,0,3,0,0.3,0.5,0.3,0.47,-0.17
2026,254,Christian McCaffrey,SF,RB,2,23,5.714285714285714,100,2,100,0,2,1,2,1.09,0,2,0,0,0,100,100,100,0,1.3,1,0,0,0,0,0,0.59,1.2,0,0,0,0,0,0,2,100,2,2,1,100,12.2,6.6,6.1,3.32,2.78
2026,255,Devin Singletary,NYG,RB,1,13,11.11111111111111,25,1,100,0,2,2,0,0.01,0,0,0,0,0,0,0,0,100,-2.2,1,0,1,50,0,0,-0.376,-0.4,1,100,2,0,2,0,0,0,0,0,0,0,0.2,0.5,0.2,0.46,-0.26
2026,256,Devin Singletary,NYG,RB,1,22,11.11111111111111,6.8,1,5.6,0,2,2,0,0.01,0,0,0,0,0,0,0,0,100,-2.6,2,0,0,0,0,0,-0.77,-0.8,0,0,0,0,0,0,1,100,2,0,2,0,0.2,0.5,0.2,0.52,-0.32
2026,257,Tyler Badie,DEN,RB,1,11,50,25,1,5,0,2,2,0,0.01,0,1,0,0,0,0,0,100,0,-1.7,2,0,0,0,0,0,0.473,0.5,1,100,2,0,2,100,0,0,0,0,0,0,0.2,0.4,0.2,0.41,-0.21
2026,258,Jaylen Warren,PIT,RB,1,22,2.631578947368421,14.3,1,100,0,2,2,0,0,0,0,0,0,0,0,0,0,100,-2.3,0,100,2,100,0,0,-0.415,-0.4,0,0,0,0,0,0,1,100,2,0,2,0,0.2,0.5,0.2,0.45,-0.25
2026,259,Bijan Robinson,ATL,RB,1,14,1.5151515151515151,50,1,50,0,2,2,1,0.42,0,1,0,0,0,100,100,100,0,1.5,2,0,0,0,0,0,0.798,0.8,0,0,0,0,0,0,1,100,2,1,2,100,6.2,2.6,6.2,2.56,3.64
2026,260,Kendre Miller,NO,RB,1,13,7.6923076923076925,45.5,1,20,0,2,2,0,0.01,0,0,0,0,0,0,0,0,100,-2.8,1,0,1,50,0,0,-0.405,-0.4,1,100,2,0,2,0,0,0,0,0,0,0,0.2,0.5,0.2,0.52,-0.32
2026,261,Chris Rodriguez,JAX,RB,1,02,5,50,1,50,0,2,2,0,0.01,0,1,0,0,0,0,0,100,0,-1,1,0,1,50,0,0,0.454,0.5,0,0,0,0,0,0,1,100,2,0,2,100,0.2,0.3,0.2,0.34,-0.14
2026,262,Chris Rodriguez,JAX,RB,1,03,5,100,1,100,0,2,2,0,0,0,1,0,0,0,0,0,100,0,-1.6,1,0,1,50,0,0,0.406,0.4,0,0,0,0,0,0,1,100,2,0,2,100,0.2,0.4,0.2,0.37,-0.17
2026,263,Emanuel Wilson,SEA,RB,1,31,3.125,100,1,100,0,2,2,0,0.15,0,0,0,0,0,0,0,0,100,-1.1,2,0,0,0,0,0,-0.079,-0.1,0,0,0,0,0,0,0,0,0,0,0,0,0.2,1.2,0.2,1.23,-1.03
2026,264,Jaylen Wright,MIA,RB,2,11,66.66666666666666,3.8,2,10.5,0,2,1,0,0.05,0,1,0,0,0,0,0,50,50,-5.9,0.5,50,0.5,50,0,0,0.038,0.1,1,50,3,0,3,100,1,50,-1,0,-1,0,0.2,1.1,0.1,0.53,-0.43
2026,265,Ollie Gordon,MIA,RB,1,12,5,27.3,1,16.7,0,2,2,0,0.01,0,0,0,0,0,0,0,0,100,-1.9,1,0,1,50,0,0,-1.333,-1.3,0,0,0,0,0,0,1,100,2,0,2,0,0.2,0.4,0.2,0.42,-0.22
2026,266,Seth McGowan,IND,RB,2,12,50,7.4,3,10,0,2,0.67,0,0.03,0,0,0,0,0,0,0,0,100,-10,-1,100,1.67,250,0,0,-0.539,-1.6,3,100,2,0,0.67,0,0,0,0,0,0,0,0.2,1.4,0.1,0.7,-0.6
2026,267,Tony Pollard,TEN,RB,1,01,2.631578947368421,100,1,100,0,1,1,0,0.28,0,0,0,0,0,100,0,0,100,-1.4,0,100,1,100,0,0,-0.813,-0.8,0,0,0,0,0,0,1,100,1,0,1,0,0.1,1.9,0.1,1.93,-1.83
2026,268,Tony Pollard,TEN,RB,1,14,2.631578947368421,100,1,50,0,1,1,0,0.48,0,0,0,0,0,33.3,0,0,100,0.1,0,100,1,100,0,0,-0.141,-0.1,0,0,0,0,0,0,1,100,1,0,1,0,0.1,3,0.1,3,-2.9
2026,269,David Montgomery,HST,RB,1,14,5.405405405405405,50,2,66.7,0,1,0.5,1,1.1,0,1,0,0,0,66.7,50,50,50,0.2,-0.5,100,1,200,0,0,0.332,0.7,1,50,0,0,0,0,1,50,1,1,1,100,6.1,6.7,6.1,6.69,-0.59
2026,270,Travis Etienne,NO,RB,2,12,10,48.6,3,25,0,1,0.33,0,0.49,0,0,0,0,0,100,0,0,100,-9.1,-0.33,66.7,0.67,200,0,0,-0.655,-2,2,66.7,-1,0,-0.5,0,1,33.3,2,0,2,0,0.1,3.9,0.05,1.96,-1.91
2026,271,Javonte Williams,DAL,RB,1,13,2.3255813953488373,66.7,1,50,0,1,1,1,0.68,0,1,0,0,0,100,100,100,0,0.5,0,100,1,100,0,0,0.925,0.9,0,0,0,0,0,0,1,100,1,1,1,100,6.1,4.1,6.1,4.1,2
2026,272,Tyler Badie,DEN,RB,1,12,50,2.9,1,6.7,0,1,1,0,0.01,0,0,0,0,0,0,0,0,100,-3.5,1,0,0,0,0,0,-0.561,-0.6,0,0,0,0,0,0,1,100,1,0,1,0,0.1,0.5,0.1,0.49,-0.39
2026,273,Jahmyr Gibbs,DET,RB,1,14,1.5384615384615385,50,1,100,0,1,1,1,0.56,0,1,0,0,0,100,100,100,0,0.7,1,0,0,0,0,0,0.681,0.7,0,0,0,0,0,0,1,100,1,1,1,100,6.1,3.4,6.1,3.39,2.71
2026,274,Woody Marks,HST,RB,3,12,27.27272727272727,39.4,6,35.3,0,1,0.17,0,0.04,0,0,0,0,0,0,0,16.7,83.3,-27.9,-0.83,83.3,1,600,0,0,-0.699,-4.2,3,50,-1,0,-0.33,0,3,50,2,0,0.67,33.3,0.1,3.1,0.03,1.04,-1.01
2026,275,Woody Marks,HST,RB,1,14,4.545454545454546,50,1,33.3,0,1,1,1,0.58,0,1,0,0,0,33.3,100,100,0,0.5,1,0,0,0,0,0,0.612,0.6,0,0,0,0,0,0,1,100,1,1,1,100,6.1,3.5,6.1,3.5,2.6
2026,276,Bhayshul Tuten,JAX,RB,1,04,2.3255813953488373,100,1,100,0,1,1,1,0.58,0,1,0,0,0,100,100,100,0,0.8,1,0,0,0,0,0,0.677,0.7,0,0,0,0,0,0,1,100,1,1,1,100,6.1,3.5,6.1,3.49,2.61
2026,277,Rico Dowdle,PIT,RB,1,21,6.666666666666667,14.3,1,25,0,0,0,0,0,0,0,0,0,0,0,0,0,100,-4.8,-1,100,1,0,0,0,-0.37,-0.4,0,0,0,0,0,0,1,100,0,0,0,0,0,0.5,0,0.49,-0.49
2026,278,AJ Dillon,CAR,RB,1,13,8.333333333333332,16.7,1,16.7,0,0,0,0,0,0,0,0,0,0,0,0,0,100,-4.3,-1,100,1,0,0,0,-1.207,-1.2,0,0,0,0,0,0,1,100,0,0,0,0,0,0.4,0,0.45,-0.45
2026,279,Javonte Williams,DAL,RB,1,22,2.3255813953488373,100,1,50,0,0,0,0,0.08,0,0,0,0,0,0,0,0,100,-3.8,-1,100,1,0,0,0,-0.47,-0.5,0,0,0,0,0,0,1,100,0,0,0,0,0,0.9,0,0.86,-0.86
2026,280,Breece Hall,NYJ,RB,1,23,3.9215686274509802,100,2,100,0,0,0,0,0.99,0,0,0,0,0,100,0,0,100,-6.3,-1,100,1,0,0,0,-0.716,-1.4,0,0,0,0,0,0,1,50,0,0,0,0,0,6.6,0,6.57,-6.57
2026,281,Lew Nichols,PIT,RB,1,11,100,0.8,1,9.1,0,0,0,0,0.11,0,0,0,0,0,0,0,0,100,-2.1,0,100,0,0,0,0,-0.511,-0.5,1,100,0,0,0,0,0,0,0,0,0,0,0,0.8,0,0.84,-0.84
2026,282,Bijan Robinson,ATL,RB,1,22,1.5151515151515151,100,1,100,0,0,0,0,0.01,0,0,0,0,0,0,0,0,100,-2.9,-1,100,1,0,0,0,-1.576,-1.6,0,0,0,0,0,0,1,100,0,0,0,0,0,0.4,0,0.36,-0.36
2026,283,Emari Demercado,DAL,RB,1,21,20,8.3,1,25,0,0,0,0,0,0,0,0,0,0,0,0,0,100,-4.9,-2,100,2,0,0,0,-0.914,-0.9,0,0,0,0,0,0,1,100,0,0,0,0,0,0.5,0,0.51,-0.51
2026,284,Emanuel Wilson,SEA,RB,1,23,3.125,100,1,100,0,0,0,0,0.54,0,0,0,0,0,100,0,0,100,-0.5,0,100,0,0,0,0,-1.222,-1.2,0,0,0,0,0,0,1,100,0,0,0,0,0,3.3,0,3.29,-3.29
2026,285,De'Von Achane,MIA,RB,2,22,5.88235294117647,28.6,2,40,0,0,0,0,0.01,0,0,0,0,0,0,0,0,100,-8.2,0.5,50,-0.5,0,0,0,-1.242,-2.5,0,0,0,0,0,0,2,100,0,0,0,0,0,0.9,0,0.44,-0.44
2026,286,George Holani,SEA,RB,1,14,6.666666666666667,50,1,50,0,0,0,0,0.5,0,0,0,0,0,50,0,0,100,-0.3,-1,100,1,0,0,0,-0.275,-0.3,0,0,0,0,0,0,1,100,0,0,0,0,0,3,0,3.01,-3.01
2026,287,Corey Kiner,NE,RB,1,22,14.285714285714285,22.2,2,13.3,0,0,0,0,0.01,0,0,0,0,0,0,0,0,100,-9,-1,50,1,0,0,0,-0.136,-0.3,1,50,2,0,2,0,1,50,-2,0,-2,0,0,0.9,0,0.94,-0.94
2026,288,J.K. Dobbins,DEN,RB,1,23,5.714285714285714,100,2,50,0,-1,-0.5,0,1.05,0,0,0,0,0,50,0,0,100,-0.9,-1.5,100,1,-200,1,0.5,-1.552,-3.1,1,50,-1,0,-1,0,1,50,0,0,0,0,-0.1,6.3,-0.1,6.27,-6.37
2026,289,Chase Brown,CIN,RB,1,14,2.0408163265306123,100,1,100,0,-1,-1,0,0.05,0,0,0,0,0,0,0,0,100,-3.9,-1,100,0,0,0,0,-0.506,-0.5,0,0,0,0,0,0,1,100,-1,0,-1,0,-0.1,0.6,-0.1,0.57,-0.67
2026,290,Emanuel Wilson,SEA,RB,1,14,3.125,50,1,50,0,-1,-1,0,0.65,0,0,0,0,0,50,0,0,100,-1.5,0,100,-1,100,0,0,-4.878,-4.9,0,0,0,0,0,0,1,100,-1,0,-1,0,-0.1,4,-0.1,3.97,-4.07
2026,291,Jonathon Brooks,CAR,RB,1,21,11.11111111111111,100,1,100,0,-1,-1,0,0,0,0,0,0,0,0,0,0,100,-6.4,-3,100,2,-200,0,0,-0.788,-0.8,0,0,0,0,0,0,0,0,0,0,0,0,-0.1,0.6,-0.1,0.55,-0.65
2026,292,Ashton Jeanty,LV,RB,2,23,3.1746031746031744,100,2,100,0,-1,-0.5,0,0.74,0,0,0,0,0,100,0,0,100,-2.4,-1.5,100,1,-200,0,0,-0.929,-1.9,1,50,1,0,1,0,1,50,-2,0,-2,0,-0.1,4.6,-0.05,2.29,-2.34
2026,293,Alvin Kamara,NO,RB,1,13,11.11111111111111,18.2,2,50,0,-2,-1,0,0.01,0,0,0,0,0,0,0,0,100,-11,-2,100,1,-100,0,0,-0.813,-1.6,1,50,-3,0,-3,0,1,50,1,0,1,0,-0.2,1,-0.2,0.97,-1.17
2026,294,Tyler Goodson,DAL,RB,1,12,16.666666666666664,6.1,1,11.1,0,-2,-2,0,0.01,0,0,0,0,0,0,0,0,100,-7.1,-3,100,1,-50,0,0,-1.095,-1.1,1,100,-2,0,-2,0,0,0,0,0,0,0,-0.2,0.6,-0.2,0.55,-0.75
2026,295,Emanuel Wilson,SEA,RB,1,13,3.125,12.5,1,25,0,-2,-2,0,0.52,0,0,0,0,0,100,0,0,100,-1.6,-4,100,2,-100,0,0,-0.736,-0.7,1,100,-2,0,-2,0,0,0,0,0,0,0,-0.2,3.1,-0.2,3.09,-3.29
2026,296,Kaleb Johnson,GB,RB,2,11,33.33333333333333,18,4,40,0,-2,-0.5,0,0.01,0,0,0,0,0,0,0,0,100,-20.7,-1.5,100,1,-200,0,0,-0.758,-3,3,75,-3,0,-1,0,1,25,1,0,1,0,-0.2,1.9,-0.1,0.97,-1.07
2026,297,Demond Claiborne,MIN,RB,1,22,66.66666666666666,11.1,2,33.3,0,-2,-1,0,0,0,0,0,0,0,0,0,0,100,-10.4,-1.5,100,0.5,-50,0,0,-0.95,-1.9,2,100,-2,0,-1,0,0,0,0,0,0,0,-0.2,0.9,-0.2,0.86,-1.06
2026,298,Jadarian Price,SEA,RB,1,22,3.571428571428571,8.3,1,10,0,-2,-2,0,0.24,0,0,0,0,0,20,0,0,100,-3.8,-3,100,1,-50,1,1,-1.214,-1.2,1,100,-2,0,-2,0,0,0,0,0,0,0,-0.2,1.6,-0.2,1.63,-1.83
2026,299,Najee Harris,NYG,RB,1,11,7.6923076923076925,5.1,1,6.3,0,-3,-3,0,0.47,0,0,0,0,0,50,0,0,100,-4.3,-3,100,0,0,0,0,-1.472,-1.5,0,0,0,0,0,0,1,100,-3,0,-3,0,-0.3,3,-0.3,2.95,-3.25
2026,300,Cam Skattebo,NYG,RB,1,12,4,52.4,2,50,0,-4,-2,0,0,0,0,0,0,0,0,0,0,100,-12.5,-2,100,0,0,0,0,-1.296,-2.6,1,50,-1,0,-1,0,1,50,-3,0,-3,0,-0.4,0.9,-0.4,0.87,-1.27
2026,301,Kenny Gainwell,TB,RB,2,12,40,25.6,4,23.5,0,-8,-2,0,0.02,0,0,0,0,0,0,0,25,100,-23,-2.75,100,0.75,-37.5,1,0.25,-0.86,-3.4,2,50,-2,0,-1,50,2,50,-6,0,-3,0,-0.8,1.6,-0.4,0.82,-1.22
2026,302,Jadarian Price,SEA,RB,2,11,10.714285714285714,26.3,3,30,0,-8,-2.67,0,0.01,0,0,0,0,0,0,0,0,100,-22,-3,100,0.33,-12.5,0,0,-1.235,-3.7,3,100,-8,0,-2.67,0,0,0,0,0,0,0,-0.8,1.5,-0.4,0.74,-1.14
Exported from Data Suite 2.0 by michaelgingrave (user 380) on 2026-09-30 02:26 UTC,,,,,,,,,,,,,,,,,,,,,,,,,,,,,,,,,,,,,,,,,,,,,,,,,,