,Player Details,Player Details,Player Details,Splits,Splits,Rushing,Rushing,Rushing,Rushing,Rushing,Rushing,Rushing,Rushing,Advanced,Advanced,Advanced,Advanced,Advanced,Advanced,Advanced,Advanced,Advanced,Advanced,Advanced,Advanced,Advanced,Advanced,Advanced,Zone Concept,Zone Concept,Zone Concept,Zone Concept,Zone Concept,Zone Concept,Man/Gap Concept,Man/Gap Concept,Man/Gap Concept,Man/Gap Concept,Man/Gap Concept,Man/Gap Concept,FP,FP,FP,FP,FP
Season,Rank,Name,G,PERS,ATT %,ATT,SNEAK %,YDS,YPC,TD,XTD,FUM,1D,EXP RUN %,EXP YDS,EXP YDS %,TD RATE,SUCC %,STUFF %,RYOE,YBC/ATT,HIT %,YACO/ATT,YACO %,MTF,MTF/A,EPA/A,EPA,ZONE ATT,ZONE ATT %,ZONE YDS,ZONE TD,ZONE YPC,ZONE SUCC %,MAN ATT,MAN ATT %,MAN YDS,MAN TD,MAN YPC,MAN SUCC %,FP,XFP,FP/G,XFP/G,DIFF
2025,,League Avg,,,,46.48089171974522,2.3,202.70063694267515,4.36,1.624203821656051,1.5849999999999995,0.6910828025477707,11.697452229299364,11.9,86.2484076433121,42.5,3.5,49.6,43,5.2554140127388544,1.86,39.2,2.03,46.4,6.522292993630574,0.14,-0.022,-1.0133757961783436,21.38216560509554,46,91.93949044585987,0.5222929936305732,4.3,48.3,17.28980891719745,37.2,75.36942675159236,0.7738853503184714,4.36,50.4,29.324203821656067,29.396496815286568,2.8990445859872627,2.9937898089172004,-0.0947452229299363
2025,1,Washington Commanders,17,11,52.77777777777778,266,0,1473,5.54,6,7.94,1,70,16.2,678,46,2.3,56.4,38.3,185.7,2.19,34.5,2.58,46.6,42,0.16,0.114,30.4,135,50.8,606,2,4.49,53.3,94,35.3,549,3,5.84,53.2,182.3,176.4,10.72,10.38,0.34
2025,2,New York Giants,17,11,46.666666666666664,217,0.5,1391,6.41,11,4.85,5,72,20.8,833,59.9,5.1,57.1,34.6,331.8,2.88,33.5,2.7,42.1,46,0.21,0.252,54.6,86,39.6,394,4,4.58,53.5,99,45.6,717,5,7.24,58.6,200.1,135,11.77,7.94,3.83
2025,3,Philadelphia Eagles,17,11,56.18661257606491,277,0.8,1365,4.93,7,6.72,6,77,13.7,555,40.7,2.5,54.2,38.6,58.1,1.84,36.4,2.25,45.6,42,0.15,0.003,0.8,143,51.6,641,2,4.48,46.2,82,29.6,377,2,4.6,59.8,172.5,171,10.15,10.06,0.09
2025,4,Dallas Cowboys,17,11,49.336283185840706,223,1.5,1346,6.04,10,5.38,3,76,21,791,58.8,4.5,56.1,36.9,305.8,2.8,37.1,2.34,38.8,36,0.16,0.169,37.6,97,43.5,518,4,5.34,51.5,83,37.2,468,4,5.64,55.4,191.6,136.4,11.27,8.02,3.25
2025,5,Minnesota Vikings,17,12,54.166666666666664,286,1.8,1182,4.13,6,6.99,5,77,12.6,473,40,2.1,56.3,40.4,-29.3,1.63,38.8,2.2,53.3,39,0.14,-0.035,-9.9,178,62.2,782,2,4.39,58.4,83,29,258,4,3.11,49.4,149.2,163.5,8.78,9.62,-0.84
2025,6,Cincinnati Bengals,17,11,39.87473903966597,191,0.6,1159,6.07,7,4.2,4,59,17.6,565,48.7,3.7,57.1,32.5,236.3,2.48,27.4,2.63,43.4,29,0.15,0.148,28.2,83,43.5,409,0,4.93,49.4,70,36.6,405,3,5.79,60,153.9,117.5,9.05,6.91,2.14
2025,7,Atlanta Falcons,17,11,45.92274678111588,214,2.7,1125,5.26,1,3.07,4,55,16.2,516,45.9,0.5,55.1,36.9,101,2.05,34.4,2.08,39.6,28,0.13,0.03,6.4,84,39.3,396,0,4.71,50,91,42.5,416,1,4.57,58.2,114.5,120.8,6.74,7.11,-0.37
2025,8,Tennessee Titans,17,11,48.12362030905077,218,3.1,1125,5.16,10,8.62,4,60,15.3,558,49.6,4.6,52.3,40.8,55.9,2.4,39.9,1.94,37.6,28,0.13,0.097,21.2,95,43.6,409,3,4.31,48.4,87,39.9,492,5,5.66,54,168.5,158.6,9.91,9.33,0.58
2025,9,Indianapolis Colts,17,11,55.13392857142857,247,2.7,1116,4.52,7,4.88,4,68,12.3,435,39,2.8,51.8,44.1,-18.5,1.94,36.9,2.02,44.6,29,0.12,-0.004,-1.1,127,51.4,519,2,4.09,44.9,77,31.2,390,3,5.06,54.5,149.6,140.4,8.8,8.26,0.54
2025,10,New York Jets,17,11,39.70315398886827,214,1,1100,5.14,5,8.86,1,61,16.5,551,50.1,2.3,47.2,42.3,76.2,1.69,39.1,2.36,45.8,37,0.17,0.119,25.6,83,38.8,339,1,4.08,45.8,95,44.4,439,3,4.62,41.1,139,155.6,8.18,9.16,-0.98
2025,11,Chicago Bears,17,11,46.608315098468275,213,0.5,1091,5.12,5,4.36,4,56,12.5,458,42,2.3,53.5,35.7,119.6,2.77,30.7,1.89,36.8,31,0.15,-0.006,-1.3,130,61,625,4,4.81,49.2,56,26.3,304,1,5.43,55.4,135.1,123.3,7.95,7.25,0.7
2025,12,Miami Dolphins,17,11,43.49680170575693,204,3.7,1078,5.28,4,9.59,7,54,14.4,517,48,2,55.9,37.7,117.7,1.87,37.2,2.77,52.5,37,0.18,0.076,15.6,115,56.4,578,1,5.03,53.9,58,28.4,289,1,4.98,51.7,124.8,153.6,7.34,9.03,-1.69
2025,13,Carolina Panthers,17,11,48.01670146137787,230,0.9,1049,4.56,4,4.73,3,51,9.7,325,31,1.7,49.1,33.5,-38.2,2.29,26.3,1.83,40.1,36,0.16,-0.041,-9.5,130,56.5,567,1,4.36,49.2,72,31.3,352,2,4.89,51.4,125.9,137.1,7.41,8.06,-0.65
2025,14,Los Angeles Chargers,17,11,50.96153846153846,212,0.5,1028,4.85,9,6.12,2,59,15.3,426,41.4,4.2,55.2,36.8,-42.5,2.07,30.6,1.93,39.8,48,0.23,0.017,3.6,96,45.3,392,1,4.08,47.9,75,35.4,360,5,4.8,64,154.8,143.5,9.11,8.44,0.67
2025,15,San Francisco 49ers,17,11,46.93396226415094,199,0.6,978,4.91,3,3.11,5,55,11.2,328,33.5,1.5,55.8,32.7,30.8,2.38,26.8,1.92,39.1,33,0.17,0.021,4.1,76,38.2,363,1,4.78,57.9,101,50.8,477,2,4.72,52.5,110.8,113.4,6.52,6.67,-0.15
2025,16,New England Patriots,17,11,45.36585365853659,186,1.2,951,5.11,3,3.09,3,56,13.6,400,42.1,1.6,58.1,33.9,67,2.59,29.5,1.84,36,33,0.18,0.133,24.8,99,53.2,389,2,3.93,55.6,51,27.4,285,1,5.59,52.9,110.1,107,6.48,6.29,0.19
2025,17,Baltimore Ravens,17,11,44.23963133640553,192,2.4,944,4.92,6,4.91,4,50,12.8,424,44.9,3.1,50,42.7,56.4,1.5,41.9,2.36,48.1,20,0.1,-0.035,-6.7,86,44.8,303,3,3.52,44.2,64,33.3,351,2,5.48,50,126.4,118.2,7.44,6.96,0.48
2025,18,Chicago Bears,17,12,37.41794310722101,171,2.5,920,5.38,6,7.53,4,49,17.6,491,53.4,3.5,57.3,40.1,237.2,2.68,34.4,2.16,40.2,32,0.19,0.032,5.5,85,49.7,383,3,4.51,52.9,63,36.8,321,3,5.1,61.9,124,113.9,7.29,6.7,0.59
2025,19,Green Bay Packers,17,11,45.168067226890756,215,1.5,916,4.26,3,5.32,3,49,9.2,313,34.2,1.4,49.3,37.7,-56.5,2.32,29.9,1.66,39,20,0.09,-0.071,-15.2,99,46,432,0,4.36,54.5,88,40.9,382,3,4.34,44.3,106.6,129.2,6.27,7.6,-1.33
2025,20,Denver Broncos,17,11,46.5,186,3.7,900,4.84,4,4.96,1,46,11.2,352,39.1,2.2,52.2,38.2,-16.7,1.61,41.1,2.46,50.8,36,0.19,0.048,8.9,78,41.9,318,0,4.08,55.1,70,37.6,391,3,5.59,52.9,113,121.4,6.65,7.14,-0.49
2025,21,New Orleans Saints,17,11,38.684719535783366,200,0,899,4.5,2,5.04,8,48,12.5,358,39.8,1,47,40,-96.5,1.94,32.8,1.96,43.6,34,0.17,-0.096,-19.1,120,60,534,0,4.45,49.2,51,25.5,194,1,3.8,43.1,93.9,129.8,5.52,7.63,-2.11
2025,22,Houston Texans,17,11,46.5,186,0.6,898,4.83,4,1.98,7,41,13.9,400,44.5,2.2,43.5,44.1,8.2,1.39,42.7,2.47,51.2,27,0.15,0.042,7.8,75,40.3,312,1,4.16,37.3,77,41.4,302,3,3.92,40.3,106.8,100.8,6.28,5.93,0.35
2025,23,Buffalo Bills,17,11,40.666666666666664,183,0.6,890,4.86,7,6.73,3,57,17.9,457,51.3,3.8,52.5,37.7,-15.7,1.71,44.1,2.3,47.2,26,0.14,0.089,16.3,87,47.5,380,4,4.37,51.7,57,31.1,277,1,4.86,45.6,128,131,7.53,7.7,-0.17
2025,24,Jacksonville Jaguars,17,11,52.30352303523035,193,2.4,879,4.55,7,4.93,5,52,12.8,317,36.1,3.6,54.9,38,-42.9,1.78,35.9,1.81,39.8,19,0.1,-0.003,-0.5,94,48.7,387,4,4.12,47.9,61,31.6,260,0,4.26,60.7,124.9,121.9,7.35,7.17,0.18
2025,25,Los Angeles Rams,16,11,46.788990825688074,204,2.1,850,4.17,1,1.83,8,42,8.6,223,26.2,0.5,42.6,40.7,-156.8,1.75,32.1,1.95,46.8,27,0.13,-0.113,-23,112,54.9,434,0,3.88,39.3,60,29.4,256,1,4.27,43.3,83,111.6,5.19,6.98,-1.79
2025,26,Detroit Lions,17,12,47.309417040358746,211,3.1,831,3.94,5,5.33,1,40,10.8,306,36.8,2.4,47.4,48.5,17.2,1.92,36.3,1.82,46.3,29,0.14,-0.093,-19.6,97,46,317,3,3.27,35.1,83,39.3,417,1,5.02,62.7,112.1,114.4,6.59,6.73,-0.14
2025,27,Seattle Seahawks,17,11,44.01913875598086,184,0.6,825,4.48,7,4.78,3,39,12.8,344,41.7,3.8,45.7,42.9,-42,1.4,35.5,2.04,45.6,25,0.14,-0.024,-4.4,78,42.4,349,1,4.47,42.3,71,38.6,236,3,3.32,46.5,121.5,115.4,7.15,6.79,0.36
2025,28,Las Vegas Raiders,17,11,35.81213307240704,183,0.6,814,4.45,6,5.19,2,47,12,351,43.1,3.3,51.4,40.4,-49.4,1.81,38.6,2.29,51.5,30,0.16,0.026,4.7,103,56.3,363,1,3.52,50.5,59,32.2,363,4,6.15,54.2,115.4,117.5,6.79,6.91,-0.12
2025,29,Tampa Bay Buccaneers,17,11,41.01265822784811,162,3.7,797,4.92,5,2.63,7,45,11.1,342,42.9,3.1,51.9,37,4,2.57,37,1.5,30.5,16,0.1,-0.017,-2.7,78,48.1,288,0,3.69,51.3,44,27.2,307,4,6.98,50,102.7,95.1,6.04,5.59,0.45
2025,30,Buffalo Bills,16,12,28.444444444444443,128,0.8,791,6.18,9,3.22,1,33,15.5,441,55.8,7,53.1,44.9,258.2,2.15,36.9,3.63,58.7,29,0.23,0.161,20.6,62,48.4,361,2,5.82,51.6,51,39.8,327,7,6.41,52.9,132.1,72.7,8.26,4.54,3.72
2025,31,Pittsburgh Steelers,17,11,39.77777777777778,179,3,754,4.21,5,4.72,7,53,9.6,258,34.2,2.8,49.2,39.7,-50.9,1.93,30.3,1.92,45.5,24,0.13,-0.032,-5.7,91,50.8,315,1,3.46,42.9,66,36.9,328,2,4.97,57.6,98.4,108.8,5.79,6.4,-0.61
2025,32,Kansas City Chiefs,17,11,38.702460850111855,173,3.4,744,4.3,7,4.9,1,40,11.9,250,33.6,4,50.9,40.5,-76.5,1.41,34.2,1.84,42.9,20,0.12,-0.03,-5.1,97,56.1,354,2,3.65,50.5,40,23.1,151,1,3.77,35,115.4,111.4,6.79,6.55,0.24
2025,33,Pittsburgh Steelers,17,12,33.33333333333333,150,0.7,735,4.9,4,3.69,2,44,16.7,385,52.4,2.7,52.7,43.9,128.4,2.62,33.3,1.95,39.9,20,0.13,0.087,13.1,86,57.3,424,0,4.93,51.2,49,32.7,226,2,4.61,51,95.5,83.1,5.62,4.89,0.73
2025,34,Cleveland Browns,17,12,34.526315789473685,164,1.3,703,4.29,7,7.19,2,34,9.4,263,37.4,4.3,44.5,44.9,-3.9,1.79,41.3,2.09,48.6,33,0.2,-0.011,-1.7,73,44.5,336,6,4.6,39.7,67,40.9,239,1,3.57,44.8,110.3,114.6,6.49,6.74,-0.25
2025,35,Arizona Cardinals,17,11,27.811860940695297,136,0,702,5.16,5,3.62,5,42,16.3,329,46.9,3.7,47.8,36.9,51.2,1.99,32.8,2.42,46.9,30,0.22,0.103,14,69,50.7,313,3,4.54,47.8,46,33.8,277,2,6.02,50,95.2,87.5,5.6,5.15,0.45
2025,36,Cincinnati Bengals,17,12,31.732776617954073,152,1.4,684,4.5,6,4.07,3,38,10.1,255,37.3,3.9,51.3,45.9,58.6,2.15,31.5,2.14,47.5,20,0.13,-0.003,-0.4,80,52.6,395,3,4.94,55,52,34.2,195,1,3.75,42.3,101.4,87.2,5.96,5.13,0.83
2025,37,Arizona Cardinals,16,12,32.719836400818,160,2.8,656,4.1,5,8.45,2,34,12.1,314,47.9,3.1,47.5,47.3,30.3,1.81,45.5,1.96,47.7,30,0.19,-0.086,-13.8,84,52.5,398,0,4.74,45.2,50,31.3,186,3,3.72,56,93.6,114.7,5.85,7.17,-1.32
2025,38,New York Giants,16,12,26.451612903225808,123,5.6,622,5.06,8,4.48,0,30,15.6,368,59.2,6.5,49.6,45.6,159.2,2.27,41,2.37,46.9,20,0.16,0.129,15.9,46,37.4,169,1,3.67,30.4,52,42.3,384,5,7.38,65.4,110.2,74,6.89,4.63,2.26
2025,39,Los Angeles Rams,17,12,24.31192660550459,106,6.9,604,5.7,4,2.94,1,28,12,343,56.8,3.8,48.1,47.2,151.4,2.06,33.7,3.3,57.9,20,0.19,0.04,4.3,55,51.9,379,3,6.89,43.6,36,34,140,0,3.89,50,83.4,62.9,4.91,3.7,1.21
2025,40,Cleveland Browns,17,11,35.578947368421055,169,1.3,594,3.51,3,5.83,1,32,8.5,195,32.8,1.8,40.2,51.5,-171.2,1.24,49.7,1.91,54.4,22,0.13,-0.158,-26.7,83,49.1,289,2,3.48,41,61,36.1,206,1,3.38,39.3,76.4,111.5,4.49,6.56,-2.07
2025,41,Baltimore Ravens,17,12,31.105990783410135,135,3.2,590,4.37,5,4.94,2,33,13.2,270,45.8,3.7,52.6,44.4,47.1,2.09,34.1,2.02,46.3,16,0.12,-0.038,-5.2,62,45.9,212,1,3.42,50,55,40.7,288,3,5.24,56.4,87,84.1,5.12,4.95,0.17
2025,42,Detroit Lions,17,11,22.421524663677133,100,0,570,5.7,3,1.88,4,28,19.6,291,51.1,3,45,40,61.2,2.56,25.9,2.17,38.1,16,0.16,0.039,3.9,52,52,282,0,5.42,51.9,20,20,62,1,3.1,30,71,62.2,4.18,3.66,0.52
2025,43,Carolina Panthers,16,12,24.63465553235908,118,1.8,547,4.64,6,6.05,1,32,10.2,265,48.4,5.1,46.6,51.3,41.8,1.88,33.9,2.54,54.8,20,0.17,0.034,4.1,64,54.2,313,5,4.89,48.4,41,34.7,168,1,4.1,43.9,89.7,86.9,5.61,5.43,0.18
2025,44,Washington Commanders,16,12,26.38888888888889,133,4.2,527,3.96,6,5.55,0,35,9.9,197,37.4,4.5,50.4,41.1,3.4,1.95,39.4,1.86,47.1,24,0.18,-0.041,-5.4,67,50.4,281,2,4.19,52.2,41,30.8,175,4,4.27,46.3,88.7,86.6,5.54,5.41,0.13
2025,45,Miami Dolphins,15,12,24.307036247334754,114,7.1,508,4.46,5,4.81,0,25,11,250,49.2,4.4,45.6,49.1,-6.6,1.51,43.1,2.08,46.7,14,0.12,-0.016,-1.8,49,43,202,1,4.12,36.7,42,36.8,197,1,4.69,50,80.8,80.7,5.39,5.38,0.01
2025,46,Tampa Bay Buccaneers,16,12,30.886075949367086,122,0,499,4.09,5,2.58,2,20,11.4,228,45.7,4.1,41.8,52.1,-24.8,1.98,43,1.65,40.3,17,0.14,-0.18,-21.9,76,62.3,313,3,4.12,40.8,33,27,125,1,3.79,45.5,77.9,68,4.87,4.25,0.62
2025,47,Kansas City Chiefs,16,12,27.069351230425053,121,6.1,498,4.12,4,3.63,1,28,9.9,189,38,3.3,50.4,46.3,-4.5,2.09,39.1,1.63,39.6,7,0.06,-0.037,-4.5,78,64.5,349,3,4.47,52.6,27,22.3,85,0,3.15,40.7,72.8,72.1,4.55,4.5,0.05
2025,48,Arizona Cardinals,14,13,23.31288343558282,114,1,497,4.36,3,4.16,1,33,13,234,47.1,2.6,55.3,40.2,101.8,1.9,41.8,2.28,52.3,16,0.14,-0.076,-8.7,57,50,303,3,5.32,54.4,38,33.3,160,0,4.21,71.1,66.7,66,4.76,4.71,0.05
2025,49,New York Jets,16,12,21.150278293135436,114,1.8,495,4.34,5,4.76,1,32,13.1,215,43.4,4.4,51.8,44.2,17.1,1.79,40,2.41,55.6,10,0.09,-0.028,-3.2,70,61.4,333,3,4.76,48.6,30,26.3,96,0,3.2,50,78.5,76.4,4.91,4.78,0.13
2025,50,Las Vegas Raiders,16,12,24.853228962818,127,4.1,494,3.89,4,5.3,2,31,12.5,212,42.9,3.1,46.5,54.3,-31,1.65,47.2,2.13,54.7,22,0.17,-0.125,-15.9,68,53.5,278,2,4.09,42.6,46,36.2,190,1,4.13,50,71.4,84.3,4.46,5.27,-0.81
2025,51,New Orleans Saints,16,12,27.079303675048354,140,1.6,492,3.51,3,8.05,1,31,7.8,138,28,2.1,48.6,47,-113.3,1.47,40.5,1.61,45.9,11,0.08,-0.103,-14.4,58,41.4,232,0,4,51.7,64,45.7,188,3,2.94,45.3,66.2,109.4,4.14,6.84,-2.7
2025,52,Green Bay Packers,17,12,24.789915966386555,118,1.9,486,4.12,2,1.71,2,27,7,104,21.4,1.7,48.3,46.2,-30.8,1.85,28.7,1.72,41.8,11,0.09,0.017,2,61,51.7,247,0,4.05,45.9,41,34.7,163,2,3.98,48.8,58.6,62,3.45,3.65,-0.2
2025,53,San Francisco 49ers,17,12,27.122641509433965,115,4.7,462,4.02,5,2.66,3,23,6.5,141,30.5,4.3,49.6,44.7,-30.8,1.86,38.9,1.93,48.1,19,0.17,-0.036,-4.2,46,40,244,2,5.3,52.2,53,46.1,160,3,3.02,47.2,73.2,65.3,4.31,3.84,0.47
2025,54,Minnesota Vikings,16,11,18.37121212121212,97,0,461,4.75,2,2.07,5,24,12,163,35.4,2.1,44.3,38.1,-12.7,1.74,41,2.11,44.5,11,0.11,-0.15,-14.5,49,50.5,238,0,4.86,42.9,33,34,131,1,3.97,45.5,53.1,59.8,3.32,3.74,-0.42
2025,55,Dallas Cowboys,17,12,27.212389380530972,123,1.9,452,3.67,5,3.68,1,30,10.2,170,37.6,4.1,49.6,46.6,-47.3,1.4,53.6,1.77,48.2,12,0.1,-0.01,-1.3,44,35.8,152,0,3.45,47.7,60,48.8,228,5,3.8,51.7,74.2,72.5,4.36,4.27,0.09
2025,56,New England Patriots,15,12,26.097560975609756,107,2,431,4.03,3,1.02,3,24,10,128,29.7,2.8,57.9,37.1,6.9,2.07,31.7,1.73,42.9,14,0.13,-0.069,-7.4,52,48.6,205,1,3.94,57.7,44,41.1,184,1,4.18,56.8,58.1,48.7,3.87,3.25,0.62
2025,57,Denver Broncos,17,12,31.5,126,2.6,421,3.34,3,2.53,1,21,5,112,26.6,2.4,44.4,49.6,-123.8,1.29,47,1.6,47.7,13,0.1,-0.136,-17.2,52,41.3,192,1,3.69,40.4,56,44.4,169,2,3.02,42.9,59.1,69.7,3.48,4.1,-0.62
2025,58,Philadelphia Eagles,17,12,22.10953346855984,109,1,412,3.78,3,3.89,0,25,9.9,120,29.1,2.8,51.4,43.4,-38.3,1.3,35,2.21,58.5,13,0.12,-0.062,-6.7,46,42.2,202,0,4.39,54.3,48,44,160,2,3.33,47.9,59.2,68.7,3.48,4.04,-0.56
2025,59,Houston Texans,16,12,32.75,131,2.5,410,3.13,4,4.1,1,17,2.5,33,8,3.1,46.6,50.8,-136.9,1.02,39.8,1.82,58.3,14,0.11,-0.183,-23.9,52,39.7,162,2,3.12,51.9,66,50.4,204,2,3.09,45.5,64,79.4,4,4.96,-0.96
2025,60,Detroit Lions,15,13,18.83408071748879,84,1.3,405,4.82,5,2.14,1,20,13.8,201,49.6,6,52.4,45.7,92.3,2.57,40,2.02,42,11,0.13,0.076,6.4,29,34.5,132,2,4.55,44.8,43,51.2,217,3,5.05,60.5,69.5,44.4,4.63,2.96,1.67
2025,61,Atlanta Falcons,17,12,18.240343347639485,85,2.5,390,4.59,3,3.61,0,20,6.4,175,44.9,3.5,43.5,52.9,22,2.24,46.3,2.18,47.4,10,0.12,-0.028,-2.4,34,40,85,0,2.5,32.4,42,49.4,276,2,6.57,50,57,58.5,3.35,3.44,-0.09
2025,62,Los Angeles Chargers,16,12,22.596153846153847,94,1.1,384,4.09,3,3.31,1,18,14.9,204,53.1,3.2,47.9,50.5,-0.5,2.14,38.2,1.66,40.6,8,0.09,-0.187,-17.6,51,54.3,227,2,4.45,51,32,34,120,0,3.75,46.9,55.4,58.4,3.46,3.65,-0.19
2025,63,Seattle Seahawks,16,12,26.794258373205743,112,0,360,3.21,1,2.56,2,22,1.9,26,7.2,0.9,49.1,43.2,-128.6,1.13,38.5,1.68,52.2,13,0.12,-0.187,-20.9,57,50.9,180,0,3.16,45.6,43,38.4,138,1,3.21,53.5,40,64.3,2.5,4.02,-1.52
2025,64,New Orleans Saints,15,13,17.2147001934236,89,0,359,4.03,4,5.04,0,23,9.9,132,36.8,4.5,50.6,45.3,-2.2,1.87,37.2,1.99,49.3,17,0.19,-0.005,-0.5,39,43.8,151,2,3.87,43.6,42,47.2,186,2,4.43,57.1,59.9,66.6,3.99,4.44,-0.45
2025,65,Tennessee Titans,16,12,18.543046357615893,84,0,356,4.24,5,3.54,1,23,14.9,196,55.1,6,50,48.1,10.2,1.31,53.9,2.18,51.4,13,0.15,-0.018,-1.5,34,40.5,132,1,3.88,38.2,35,41.7,150,3,4.29,57.1,64.6,56.7,4.04,3.55,0.49
2025,66,New York Jets,13,21,14.471243042671613,78,1.4,332,4.26,3,4.66,0,15,12.7,177,53.3,3.8,41,54.1,0.3,1.86,47.9,2.19,51.5,11,0.14,-0.072,-5.6,39,50,198,1,5.08,41,19,24.4,70,2,3.68,36.8,51.2,61.5,3.94,4.73,-0.79
2025,67,Pittsburgh Steelers,8,21,14.666666666666666,66,3.2,304,4.61,1,0.67,1,18,9.4,126,41.4,1.5,50,47,13.9,2.61,27.4,1.79,38.8,6,0.09,-0.045,-3,44,66.7,230,1,5.23,47.7,13,19.7,46,0,3.54,46.2,35.4,33,4.42,4.13,0.29
2025,68,Cincinnati Bengals,11,21,9.18580375782881,44,0,293,6.66,3,0.78,1,11,19.5,191,65.2,6.8,52.3,44.2,103.3,3.48,39.5,2.86,43,11,0.25,0.172,7.6,14,31.8,63,1,4.5,42.9,25,56.8,204,2,8.16,56,46.3,23.7,4.21,2.16,2.05
2025,69,Miami Dolphins,13,13,13.00639658848614,61,3.4,291,4.77,2,2.9,0,19,21.8,205,70.4,3.3,45.9,54.1,58.1,1.95,48.3,2.36,49.5,8,0.13,0.008,0.5,27,44.3,161,0,5.96,59.3,26,42.6,84,2,3.23,19.2,41.1,40.7,3.16,3.13,0.03
2025,70,Las Vegas Raiders,13,13,18.003913894324853,92,0,283,3.08,5,8.73,2,22,13.4,116,41,5.4,42.4,50.6,1.7,0.82,52.8,2.05,66.8,14,0.15,-0.197,-18.1,18,19.6,59,1,3.28,38.9,62,67.4,206,3,3.32,46.8,56.3,81.1,4.33,6.24,-1.91
2025,71,Carolina Panthers,9,21,10.855949895615867,52,2,271,5.21,3,2.53,0,17,14.9,156,57.6,5.8,42.3,51.9,37.2,2.77,32.7,2.15,41.3,9,0.17,0.143,7.4,24,46.2,55,0,2.29,20.8,20,38.5,164,1,8.2,55,45.1,38.6,5.01,4.29,0.72
2025,72,Jacksonville Jaguars,14,12,20.32520325203252,75,3,265,3.53,3,2.36,1,17,8.8,80,30.2,4,48,48,-77.6,1.31,38.8,1.65,46.8,10,0.13,-0.058,-4.3,31,41.3,108,1,3.48,48.4,32,42.7,100,2,3.13,43.8,43.5,48.4,3.11,3.46,-0.35
2025,73,Los Angeles Rams,11,13,13.990825688073393,61,0,264,4.33,2,1.81,1,18,12.5,95,36,3.3,59,39,39.4,2.11,29.8,1.57,36.4,5,0.08,0.022,1.3,24,39.3,119,0,4.96,58.3,29,47.5,107,1,3.69,62.1,37.4,33.5,3.4,3.05,0.35
2025,74,Cleveland Browns,9,21,10.947368421052632,52,0,257,4.94,3,2.68,2,16,14.6,138,53.7,5.8,50,44,45.7,2.69,42,1.63,33.1,8,0.15,0.073,3.8,28,53.8,91,1,3.25,46.4,14,26.9,47,1,3.36,42.9,41.7,37.4,4.63,4.16,0.47
2025,75,Atlanta Falcons,8,21,11.373390557939913,53,0,244,4.6,3,2.52,0,13,12.2,94,38.5,5.7,54.7,39.6,16.7,1.79,42,2.42,52.5,8,0.15,0.002,0.1,20,37.7,69,0,3.45,45,28,52.8,154,3,5.5,64.3,42.4,37.9,5.3,4.73,0.57
2025,76,Cleveland Browns,8,22,6.105263157894736,29,9.1,242,8.34,0,0.19,0,11,27.6,218,90.1,0,51.7,27.3,147.6,4.76,41.4,3.59,43,5,0.17,0.117,3.4,8,27.6,100,0,12.5,62.5,9,31,142,0,15.78,88.9,24.2,11.3,3.02,1.41,1.61
2025,77,Arizona Cardinals,8,21,10.429447852760736,51,4.2,238,4.67,1,3.46,0,15,19.1,126,52.9,2,54.9,37.5,4.8,2.73,41.2,1.94,41.6,5,0.1,-0.006,-0.3,27,52.9,122,1,4.52,51.9,18,35.3,117,0,6.5,66.7,29.8,44.5,3.73,5.56,-1.83
2025,78,New Orleans Saints,10,21,8.897485493230175,46,0,235,5.11,1,0.96,0,10,13.3,123,52.3,2.2,41.3,50,10.7,2.65,35.6,2.5,48.9,7,0.15,0.007,0.3,29,63,144,1,4.97,37.9,14,30.4,62,0,4.43,50,29.5,28.2,2.95,2.82,0.13
2025,79,Buffalo Bills,13,21,10.222222222222223,46,0,229,4.98,2,1.82,0,15,16.7,104,45.4,4.3,60.9,32.6,26.3,2.5,31.1,2.39,48,11,0.24,0.042,1.9,22,47.8,93,1,4.23,45.5,19,41.3,113,0,5.95,68.4,34.9,31.2,2.68,2.4,0.28
2025,80,Green Bay Packers,11,13,12.394957983193278,59,5.4,225,3.81,2,1.2,1,14,10.9,75,33.3,3.4,50.8,45.6,13.1,1.83,39.7,1.8,47.1,11,0.19,-0.209,-12.3,24,40.7,104,1,4.33,58.3,27,45.8,100,0,3.7,44.4,33.5,28.6,3.05,2.6,0.45
2025,81,Miami Dolphins,8,22,10.874200426439232,51,5,225,4.41,2,1.96,2,10,13,153,68,3.9,33.3,62.8,56.9,1.1,50,3.04,68.9,5,0.1,-0.256,-13,21,41.2,67,0,3.19,33.3,16,31.4,144,2,9,37.5,32.5,29.3,4.06,3.67,0.39
2025,82,Buffalo Bills,12,13,11.11111111111111,50,2.1,224,4.48,3,1.83,2,13,14.3,148,66.1,6,38,60.4,44.6,2.98,40.8,1.22,27.2,6,0.12,-0.061,-3,26,52,128,1,4.92,42.3,19,38,73,2,3.84,31.6,38.4,29.1,3.2,2.43,0.77
2025,83,San Francisco 49ers,12,13,13.679245283018867,58,5.7,224,3.86,4,2.12,0,23,10,86,38.4,6.9,60.3,33.3,38.6,1.74,43.9,2.03,52.7,10,0.17,0.037,2.2,21,36.2,101,2,4.81,66.7,27,46.6,104,2,3.85,55.6,46.4,31.8,3.87,2.65,1.22
2025,84,Cincinnati Bengals,12,13,10.855949895615867,52,4.2,221,4.25,1,1.49,0,10,4.5,56,25.3,1.9,48.1,44.9,33.9,1.46,37.3,2.71,63.8,8,0.15,-0.114,-5.9,24,46.2,119,0,4.96,45.8,20,38.5,91,1,4.55,55,28.1,27.9,2.34,2.33,0.01
2025,85,Indianapolis Colts,15,12,17.410714285714285,78,2.7,220,2.82,3,3.33,1,18,5.5,49,22.3,3.8,50,46.8,-88.3,1.08,46.1,1.64,58.2,4,0.05,-0.21,-16.4,44,56.4,133,1,3.02,50,25,32.1,64,1,2.56,44,39,50.9,2.6,3.39,-0.79
2025,86,Seattle Seahawks,10,13,16.028708133971293,67,1.6,219,3.27,1,2.04,1,12,5,53,24.2,1.5,47.8,50.8,-25,1.42,34.9,1.6,48.9,6,0.09,-0.269,-18,26,38.8,114,0,4.38,46.2,32,47.8,90,1,2.81,50,26.9,36.9,2.69,3.69,-1
2025,87,Tampa Bay Buccaneers,8,21,10.886075949367088,43,0,218,5.07,1,0.67,0,8,14.3,115,52.8,2.3,39.5,46.5,26.7,3.33,40,1.6,31.7,6,0.14,0.015,0.6,25,58.1,119,1,4.76,44,13,30.2,68,0,5.23,23.1,27.8,23.2,3.48,2.9,0.58
2025,88,Los Angeles Chargers,12,13,16.346153846153847,68,1.7,211,3.1,1,2.23,0,17,8.2,85,40.3,1.5,48.5,42.6,-26,0.72,52.3,2.13,68.7,7,0.1,-0.255,-17.3,28,41.2,96,0,3.43,50,29,42.6,101,1,3.48,55.2,27.1,37.7,2.26,3.14,-0.88
2025,89,Minnesota Vikings,14,13,13.446969696969695,71,3.1,206,2.9,4,4.13,0,24,10.5,81,39.3,5.6,50.7,43.3,-9.3,0.73,52.2,2.04,70.4,9,0.13,-0.041,-2.9,26,36.6,96,1,3.69,53.8,37,52.1,106,3,2.86,51.4,44.6,47.5,3.19,3.39,-0.2
2025,90,Indianapolis Colts,11,21,9.821428571428571,44,11.4,200,4.55,1,0.43,2,15,17.5,89,44.5,2.3,63.6,34.1,27.8,2.66,31.8,1.89,41.5,7,0.16,0.041,1.8,27,61.4,163,1,6.04,74.1,9,20.5,27,0,3,33.3,24,19.8,2.18,1.8,0.38
2025,91,New York Jets,13,13,8.905380333951761,48,0,194,4.04,1,0.67,0,11,10.6,110,56.7,2.1,41.7,52.3,8.4,1.06,46.8,3.04,75.3,7,0.15,-0.035,-1.7,19,39.6,114,1,6,47.4,19,39.6,66,0,3.47,42.1,25.4,22.9,1.95,1.76,0.19
2025,92,New York Giants,10,21,9.247311827956988,43,2.4,193,4.49,1,0.48,0,12,14.3,80,41.5,2.3,58.1,41.9,-3.3,1.63,34.1,2.63,58.5,12,0.28,0.111,4.8,17,39.5,105,1,6.18,70.6,16,37.2,61,0,3.81,50,25.3,22.5,2.53,2.25,0.28
2025,93,Atlanta Falcons,8,22,10.300429184549357,48,2.6,190,3.96,0,0.17,0,12,8.5,55,28.9,0,58.3,27.5,31.4,1.56,40.4,2.25,56.8,7,0.15,0.03,1.4,13,27.1,45,0,3.46,53.8,25,52.1,143,0,5.72,76,19,17.7,2.38,2.21,0.17
2025,94,New England Patriots,10,21,12.926829268292684,53,2,190,3.58,2,1.91,0,8,6.1,56,29.5,3.8,47.2,47.2,-41.2,1.74,45.1,1.62,45.3,8,0.15,-0.075,-4,27,50.9,106,0,3.93,51.9,19,35.8,49,2,2.58,31.6,31,34.6,3.1,3.46,-0.36
2025,95,Kansas City Chiefs,11,13,11.185682326621924,50,2.2,188,3.76,0,0.99,1,10,13.3,92,48.9,0,40,48.9,27.7,1.96,44,1.8,47.9,11,0.22,-0.238,-11.9,18,36,79,0,4.39,50,24,48,107,0,4.46,41.7,17.8,22.5,1.62,2.05,-0.43
2025,96,Washington Commanders,9,21,7.936507936507936,40,5,187,4.67,2,2.87,0,9,15.2,76,40.6,5,60,35,29.7,2.45,30,2.23,47.6,5,0.13,0.005,0.2,18,45,90,1,5,61.1,18,45,88,0,4.89,55.6,30.7,33,3.41,3.66,-0.25
2025,97,Green Bay Packers,6,22,7.773109243697479,37,0,185,5,2,1.52,0,11,12.1,79,42.7,5.4,56.8,40,63.6,2.76,29.7,2.24,44.9,7,0.19,0.056,2.1,20,54.1,136,1,6.8,55,11,29.7,35,0,3.18,54.5,30.5,21.5,5.08,3.58,1.5
2025,98,Jacksonville Jaguars,13,13,13.008130081300814,48,0,182,3.79,1,1.93,0,10,12.2,75,41.2,2.1,56.3,39.1,5.1,2.15,34,1.54,40.7,5,0.1,-0.01,-0.5,14,29.2,95,0,6.79,71.4,29,60.4,76,1,2.62,48.3,24.2,29.5,1.86,2.27,-0.41
2025,99,Tennessee Titans,10,13,10.596026490066226,48,5.4,180,3.75,1,0.77,1,6,6.7,113,62.8,2.1,35.4,55.3,39.8,2.04,48.9,1.67,44.4,5,0.1,-0.334,-16,12,25,58,1,4.83,41.7,23,47.9,126,0,5.48,47.8,23,19.5,2.3,1.95,0.35
2025,100,Cleveland Browns,10,13,12.631578947368421,60,0,176,2.93,1,0.35,0,9,6.8,78,44.3,1.7,31.7,57.4,-49.7,0.85,59.3,2.1,71.6,7,0.12,-0.198,-11.9,25,41.7,69,0,2.76,32,22,36.7,98,1,4.45,45.5,23.6,24.9,2.36,2.49,-0.13
2025,101,Tennessee Titans,8,21,13.024282560706402,59,3.6,176,2.98,0,0.69,0,5,0,0,0,0,42.4,59.3,-78.2,1.31,32.1,1.46,48.9,5,0.08,-0.118,-7,25,42.4,65,0,2.6,44,28,47.5,89,0,3.18,39.3,17.6,29.6,2.2,3.69,-1.49
2025,102,Chicago Bears,7,21,8.096280087527353,37,0,175,4.73,2,1.98,0,11,14.7,62,35.4,5.4,62.2,30.6,17.4,2.68,20.6,1.35,28.6,2,0.05,0.093,3.4,26,70.3,116,1,4.46,61.5,5,13.5,22,0,4.4,80,29.5,27.6,4.21,3.94,0.27
2025,103,Buffalo Bills,9,22,8.88888888888889,40,5.4,169,4.22,2,0.8,1,12,10.5,101,59.8,5,52.5,45.9,13.8,2.63,47.5,1.6,37.9,3,0.07,0.141,5.6,19,47.5,124,1,6.53,63.2,9,22.5,-3,0,-0.33,11.1,27.9,20.5,3.1,2.28,0.82
2025,104,Atlanta Falcons,10,13,11.587982832618025,54,1.9,168,3.11,3,3.18,0,15,4.2,32,19,5.6,50,45.3,-17.6,1.57,32.1,1.46,47,3,0.06,0.049,2.6,17,31.5,56,0,3.29,58.8,32,59.3,108,2,3.38,43.8,34.8,37.7,3.48,3.77,-0.29
2025,105,New York Jets,10,22,11.688311688311687,63,2.3,166,2.63,3,3.68,0,9,5.5,33,19.9,4.8,46,28.9,-4.9,0.84,55.7,1.67,63.3,6,0.1,-0.118,-7.5,20,31.7,76,0,3.8,60,21,33.3,88,2,4.19,61.9,34.6,40.8,3.46,4.08,-0.62
2025,106,Las Vegas Raiders,9,22,11.154598825831702,57,2.4,160,2.81,1,1.7,1,10,6.3,43,26.9,1.8,40.4,40.9,17.6,1.11,56.4,1.61,57.5,9,0.16,-0.397,-22.6,15,26.3,52,1,3.47,46.7,23,40.4,84,0,3.65,56.5,21,25.7,2.33,2.86,-0.53
2025,107,Minnesota Vikings,4,22,8.712121212121213,46,0,156,3.39,1,3.09,0,11,5.3,36,23.1,2.2,54.3,43.5,-32.6,0.85,48.8,1.93,57.1,8,0.17,-0.104,-4.8,21,45.7,67,1,3.19,42.9,21,45.7,57,0,2.71,57.1,21.6,37.4,5.4,9.34,-3.94
2025,108,Green Bay Packers,7,21,7.352941176470589,35,0,155,4.43,1,1.3,0,11,9.1,48,31,2.9,57.1,42.9,1.9,2,27.3,2.23,50.3,7,0.2,0.047,1.6,18,51.4,111,0,6.17,72.2,15,42.9,36,1,2.4,40,21.5,23.1,3.07,3.3,-0.23
2025,109,Kansas City Chiefs,10,21,8.053691275167784,36,0,147,4.08,2,1.16,0,9,6.1,58,39.5,5.6,44.4,55.6,0.2,2.42,38.2,1.64,40.1,3,0.08,-0.052,-1.9,18,50,107,1,5.94,61.1,12,33.3,29,1,2.42,25,26.7,21.7,2.67,2.17,0.5
2025,110,New York Giants,11,13,9.46236559139785,44,2.7,146,3.32,0,0.38,1,9,14,73,50,0,45.5,43.6,-15.9,1.23,47.6,1.91,57.5,7,0.16,-0.289,-12.7,19,43.2,78,0,4.11,52.6,15,34.1,67,0,4.47,53.3,13.6,18.9,1.24,1.72,-0.48
2025,111,San Francisco 49ers,8,21,8.018867924528301,34,3,132,3.88,0,0.42,0,11,12.5,56,42.4,0,50,44.1,-10.6,1.68,45.5,2.15,55.3,9,0.26,-0.078,-2.7,15,44.1,62,0,4.13,46.7,13,38.2,40,0,3.08,30.8,13.2,16.8,1.65,2.1,-0.45
2025,112,Kansas City Chiefs,8,22,12.304250559284116,55,4.4,131,2.38,1,1.04,0,13,1.9,16,12.2,1.8,36.4,46.7,-31.3,1.11,41.8,1.27,53.4,6,0.11,-0.069,-3.8,16,29.1,37,0,2.31,25,25,45.5,97,0,3.88,48,19.1,23.5,2.39,2.93,-0.54
2025,113,Philadelphia Eagles,10,21,5.679513184584178,28,0,130,4.64,0,0.22,0,6,19.2,56,43.1,0,50,39.3,11.3,2.29,28.6,2.36,50.8,2,0.07,-0.085,-2.4,15,53.6,75,0,5,46.7,11,39.3,47,0,4.27,54.5,13,13.2,1.3,1.32,-0.02
2025,114,Dallas Cowboys,13,13,9.513274336283185,43,2.9,127,2.95,4,2.27,0,13,10.5,62,48.8,9.3,41.9,47.2,-20.9,0.98,53.7,1.7,57.5,8,0.19,0.062,2.6,9,20.9,46,1,5.11,66.7,22,51.2,61,2,2.77,40.9,36.7,29,2.82,2.23,0.59
2025,115,Seattle Seahawks,8,21,9.330143540669857,39,0,127,3.26,0,0.39,0,6,5.4,24,18.9,0,38.5,59,-41.9,1.38,44.7,1.9,58.3,2,0.05,-0.224,-8.7,24,61.5,80,0,3.33,41.7,13,33.3,39,0,3,30.8,12.7,19.2,1.59,2.4,-0.81
2025,116,Houston Texans,9,21,7.000000000000001,28,4,126,4.5,0,0.12,0,8,10.7,42,33.3,0,57.1,32.1,-9.4,1.86,40,1.96,43.7,2,0.07,-0.004,-0.1,9,32.1,29,0,3.22,33.3,11,39.3,69,0,6.27,63.6,12.6,14.3,1.4,1.59,-0.19
2025,117,Denver Broncos,7,21,7.75,31,3.4,123,3.97,0,0.15,1,5,6.7,23,18.7,0,64.5,35.5,-21.3,1.1,37.9,2.48,62.6,7,0.23,-0.024,-0.8,6,19.4,21,0,3.5,66.7,21,67.7,86,0,4.1,61.9,11.3,15.3,1.61,2.19,-0.58
2025,118,Los Angeles Rams,9,21,9.862385321100918,43,14,123,2.86,0,0.49,0,11,5,22,17.9,0,46.5,51.2,-53.8,0.84,37.2,2.02,70.7,6,0.14,-0.022,-1,25,58.1,71,0,2.84,40,11,25.6,35,0,3.18,45.5,12.3,20.6,1.37,2.29,-0.92
2025,119,Carolina Panthers,8,22,7.09812108559499,34,13,122,3.59,3,1.66,0,9,20.7,93,76.2,8.8,41.2,39.1,42.9,2.29,47.1,1.29,36.1,5,0.15,-0.101,-3.4,14,41.2,116,2,8.29,64.3,6,17.6,12,0,2,33.3,30.2,19.2,3.77,2.39,1.38
2025,120,Indianapolis Colts,9,13,10.9375,49,7,122,2.49,2,1.66,0,13,4.8,22,18,4.1,46.9,53.3,-41.6,0.43,55.3,1.82,73,3,0.06,-0.152,-7.4,16,32.7,49,0,3.06,56.3,23,46.9,60,2,2.61,43.5,24.2,26.5,2.69,2.95,-0.26
2025,121,Las Vegas Raiders,10,21,5.6751467710371815,29,7.4,122,4.21,2,1.31,1,4,4,60,49.2,6.9,51.7,51.7,7.2,0.66,51.9,3.31,78.7,6,0.21,-0.131,-3.8,11,37.9,91,1,8.27,54.5,9,31,20,1,2.22,66.7,23.2,19.4,2.32,1.94,0.38
2025,122,Baltimore Ravens,12,13,9.216589861751153,40,8.1,119,2.98,3,3.76,0,11,11.1,40,33.6,7.5,47.5,52.6,-2.1,1.68,46.2,1.23,41.2,1,0.03,0.009,0.4,19,47.5,83,2,4.37,63.2,11,27.5,28,0,2.55,36.4,29.9,34.9,2.49,2.91,-0.42
2025,123,Philadelphia Eagles,9,13,9.533468559837727,47,5.1,118,2.51,5,4.83,0,15,8.6,39,33.1,10.6,38.3,52.4,-7.6,0.77,47.7,1.55,61.9,5,0.11,0.018,0.9,16,34,62,2,3.88,37.5,21,44.7,46,3,2.19,42.9,41.8,42,4.64,4.66,-0.02
2025,124,Washington Commanders,8,22,6.746031746031746,34,3.3,114,3.35,2,1.89,0,9,13.8,48,42.1,5.9,44.1,50,2,1.82,44.1,1.53,45.6,5,0.15,0.047,1.6,6,17.6,16,0,2.67,16.7,21,61.8,95,2,4.52,57.1,23.4,22.8,2.92,2.85,0.07
2025,125,Cincinnati Bengals,8,22,6.263048016701461,30,14.3,113,3.77,0,0.46,0,10,17.9,77,68.1,0,46.7,31.8,43.7,1.73,58.6,1.83,48.7,3,0.1,0.066,2,10,33.3,65,0,6.5,60,4,13.3,19,0,4.75,75,11.3,10.5,1.41,1.31,0.1
2025,126,Detroit Lions,6,21,4.260089686098654,19,5.6,100,5.26,0,0.1,0,6,16.7,53,53,0,68.4,36.8,21.8,3.37,16.7,1.26,24,1,0.05,0.271,5.1,12,63.2,46,0,3.83,58.3,3,15.8,8,0,2.67,66.7,10,8.4,1.67,1.41,0.26
2025,127,Tennessee Titans,6,22,7.505518763796909,34,16,98,2.88,2,1.17,0,9,9.4,41,41.8,5.9,41.2,46.4,-8.1,1.03,67.7,1.59,55.1,4,0.12,-0.21,-7.1,9,26.5,38,2,4.22,44.4,11,32.4,39,0,3.55,36.4,21.8,18.2,3.63,3.04,0.59
2025,128,Miami Dolphins,9,21,5.756929637526652,27,4.3,96,3.56,0,0.54,0,3,3.8,19,19.8,0,40.7,51.9,-34.9,1,34.8,1.85,52.1,4,0.15,-0.131,-3.5,8,29.6,32,0,4,25,13,48.1,41,0,3.15,46.2,9.6,16.3,1.07,1.81,-0.74
2025,129,New England Patriots,12,13,8.780487804878048,36,0,94,2.61,1,1.67,0,7,6.3,34,36.2,2.8,41.7,57.6,-22.5,0.89,55.9,1.69,64.9,4,0.11,-0.293,-10.5,18,50,52,1,2.89,50,12,33.3,36,0,3,41.7,15.4,21.9,1.28,1.82,-0.54
2025,130,Houston Texans,12,13,7.000000000000001,28,3.8,91,3.25,1,0.38,0,9,11.1,45,49.5,3.6,46.4,44.4,-18.2,1.18,48.1,1.86,57.1,1,0.04,-0.091,-2.5,11,39.3,48,0,4.36,45.5,12,42.9,16,1,1.33,33.3,15.1,13.3,1.26,1.11,0.15
2025,131,Los Angeles Chargers,7,21,4.086538461538462,17,0,87,5.12,0,0.11,0,4,17.6,53,60.9,0,35.3,47.1,9.9,1.94,43.8,1.88,36.8,1,0.06,0.042,0.7,7,41.2,40,0,5.71,28.6,8,47.1,24,0,3,37.5,8.7,8.4,1.24,1.2,0.04
2025,132,Baltimore Ravens,10,21,6.221198156682028,27,4,85,3.15,0,0.32,2,5,11.5,41,48.2,0,22.2,77.8,-35.3,1.33,48,1.78,56.5,4,0.15,-0.549,-14.8,7,25.9,-2,0,-0.29,0,13,48.1,56,0,4.31,30.8,6.5,14,0.65,1.4,-0.75
2025,133,Jacksonville Jaguars,7,21,7.046070460704606,26,0,84,3.23,0,0.29,1,2,0,0,0,0,50,46.2,-27,1.5,38.5,1.73,53.6,3,0.12,-0.17,-4.4,15,57.7,45,0,3,33.3,11,42.3,39,0,3.55,72.7,7.4,12.9,1.06,1.84,-0.78
2025,134,Washington Commanders,10,13,3.7698412698412698,19,0,78,4.11,0,0.12,0,4,16.7,37,47.4,0,52.6,26.7,13,1.89,33.3,2.11,51.3,3,0.16,-0.057,-1.1,3,15.8,5,0,1.67,33.3,11,57.9,75,0,6.82,81.8,7.8,7.7,0.78,0.77,0.01
2025,135,Carolina Panthers,8,13,7.09812108559499,34,3.3,77,2.26,2,1.55,0,8,3.4,14,18.2,5.9,41.2,50,-23.1,0.74,44.1,1.53,67.5,4,0.12,0.057,1.9,12,35.3,34,0,2.83,25,16,47.1,44,2,2.75,56.3,19.7,19.8,2.46,2.48,-0.02
2025,136,Chicago Bears,7,13,5.689277899343545,26,4.2,72,2.77,1,0.6,1,7,4,13,18.1,3.8,46.2,53.8,-36.6,1.42,33.3,1.04,37.5,2,0.08,-0.237,-6.2,5,19.2,16,0,3.2,60,15,57.7,31,0,2.07,40,12.2,14.4,1.74,2.06,-0.32
2025,137,Philadelphia Eagles,6,22,4.462474645030426,22,15.8,72,3.27,3,2.1,1,9,10.5,28,38.9,13.6,54.5,36.8,11.5,1.64,31.8,1.64,50,1,0.05,-0.011,-0.3,5,22.7,23,0,4.6,60,9,40.9,42,1,4.67,44.4,24.2,18.9,4.03,3.16,0.87
2025,138,Tampa Bay Buccaneers,2,23,1.5189873417721518,6,16.7,72,12,2,1.73,0,3,50,69,95.8,33.3,50,50,65.1,11.67,50,0.33,2.8,1,0.17,1.302,7.8,2,33.3,69,1,34.5,50,3,50,3,1,1,66.7,19.2,11.1,9.6,5.54,4.06
2025,139,Minnesota Vikings,5,21,4.166666666666666,22,5,71,3.23,0,0.34,1,6,9.1,36,50.7,0,45.5,47.6,-14.4,1.95,42.9,1.18,36.6,1,0.05,-0.253,-5.6,14,63.6,62,0,4.43,50,4,18.2,6,0,1.5,50,6.1,10.7,1.22,2.14,-0.92
2025,140,Baltimore Ravens,6,22,6.912442396313365,30,5,70,2.33,2,0.98,0,7,7.7,32,45.7,6.7,40,45,12.3,1.07,56.7,1.27,54.3,2,0.07,-0.257,-7.7,8,26.7,32,0,4,62.5,9,30,38,1,4.22,44.4,19,13.3,3.17,2.21,0.96
2025,141,Los Angeles Chargers,4,22,4.326923076923077,18,14.3,70,3.89,2,0.24,0,4,6.7,49,70,11.1,27.8,66.7,13.2,2.56,64.7,0.94,24.3,4,0.22,0.068,1.2,4,22.2,9,1,2.25,25,7,38.9,51,1,7.29,14.3,19,7.4,4.75,1.86,2.89
2025,142,New York Giants,8,22,5.591397849462366,26,0,70,2.69,1,0.71,0,5,4.8,32,45.7,3.8,34.6,47.1,24.3,2.15,52,0.42,15.7,2,0.08,-0.053,-1.4,5,19.2,43,0,8.6,60,11,42.3,35,1,3.18,54.5,13,9.9,1.63,1.23,0.4
2025,143,Indianapolis Colts,6,22,4.017857142857143,18,15.4,69,3.83,0,0.15,0,5,12.5,42,60.9,0,44.4,35.7,19.2,2.33,47.1,1.33,34.8,2,0.11,0.092,1.7,7,38.9,37,0,5.29,57.1,4,22.2,29,0,7.25,50,6.9,6.3,1.15,1.05,0.1
2025,144,Houston Texans,4,22,4.25,17,7.1,65,3.82,1,0.62,0,3,5.9,45,69.2,5.9,41.2,50,6.6,2.59,52.9,1.24,32.3,2,0.12,-0.213,-3.6,3,17.6,6,0,2,33.3,10,58.8,59,1,5.9,50,12.5,9.9,3.13,2.47,0.66
2025,145,Dallas Cowboys,6,21,4.20353982300885,19,0,64,3.37,1,0.62,1,5,11.8,20,31.3,5.3,52.6,47.4,-9.2,1.53,35.3,1.42,42.2,2,0.11,-0.289,-5.5,7,36.8,28,0,4,71.4,9,47.4,27,0,3,44.4,11.4,11,1.9,1.84,0.06
2025,146,Denver Broncos,10,13,9,36,2.9,62,1.72,1,1.18,0,6,2.9,11,17.7,2.8,22.2,71.4,-76.5,0.42,54.3,1.33,77.4,0,0,-0.229,-8.3,14,38.9,24,0,1.71,7.1,18,50,37,1,2.06,33.3,12.2,21,1.22,2.1,-0.88
2025,147,Pittsburgh Steelers,10,13,4.888888888888889,22,0,61,2.77,0,0.06,0,1,5,15,24.6,0,40.9,37.5,-4.9,0.41,68.4,1.55,55.7,1,0.05,-0.096,-2.1,8,36.4,44,0,5.5,50,5,22.7,13,0,2.6,40,6.1,8.4,0.61,0.84,-0.23
2025,148,Arizona Cardinals,5,22,3.476482617586912,17,0,58,3.41,3,3.25,0,7,16.7,44,75.9,17.6,47.1,38.5,11.4,0.76,70.6,2.65,77.6,2,0.12,0.46,7.8,6,35.3,42,2,7,66.7,5,29.4,3,1,0.6,40,23.8,24.5,4.76,4.91,-0.15
2025,149,Dallas Cowboys,5,22,4.867256637168142,22,6.3,57,2.59,0,0.2,0,5,13.6,48,84.2,0,27.3,62.5,1.4,1.55,63.6,1.05,40.4,0,0,-0.244,-5.4,6,27.3,21,0,3.5,33.3,8,36.4,29,0,3.63,25,5.7,7.6,1.14,1.51,-0.37
2025,150,New England Patriots,8,22,6.097560975609756,25,10,56,2.24,0,0.26,2,7,8.7,32,57.1,0,40,54.5,-28.4,1.04,52.2,0.96,42.9,3,0.12,-0.686,-17.1,8,32,25,0,3.13,25,8,32,21,0,2.63,37.5,3.6,10.3,0.45,1.29,-0.84
2025,151,Tampa Bay Buccaneers,11,22,7.088607594936709,28,5.6,55,1.96,1,1.07,0,4,3.8,18,32.7,3.6,35.7,47.4,1.1,0.64,74.1,1.14,58.2,6,0.21,-0.225,-6.3,9,32.1,52,0,5.78,66.7,7,25,3,0,0.43,28.6,11.5,12.7,1.05,1.15,-0.1
2025,152,Kansas City Chiefs,2,20,1.7897091722595078,8,0,49,6.13,0,0.01,0,2,12.5,26,53.1,0,62.5,37.5,13,4.88,37.5,1.25,20.4,2,0.25,0.306,2.4,4,50,34,0,8.5,50,4,50,15,0,3.75,75,4.9,3.7,2.45,1.83,0.62
2025,153,New Orleans Saints,7,22,5.996131528046422,31,4.5,48,1.55,1,1.39,1,7,10,41,85.4,3.2,29,63.6,-34.2,0.71,67.7,0.84,54.2,1,0.03,-0.564,-17.5,10,32.3,27,1,2.7,30,8,25.8,10,0,1.25,37.5,9.8,17.6,1.4,2.51,-1.11
2025,154,Tampa Bay Buccaneers,13,13,6.329113924050633,25,0,46,1.84,1,1.06,0,4,0,0,0,4,32,60,-71.4,-0.16,68,2,108.7,4,0.16,-0.32,-8,8,32,12,1,1.5,37.5,15,60,33,0,2.2,26.7,10.6,18.1,0.82,1.39,-0.57
2025,155,Las Vegas Raiders,3,10,1.1741682974559686,6,0,44,7.33,0,0.03,0,3,16.7,12,27.3,0,100,0,6.9,1.33,33.3,1,13.6,1,0.17,0.684,4.1,0,0,0,0,0,0,3,50,14,0,4.67,100,4.4,3.9,1.47,1.3,0.17
2025,156,Pittsburgh Steelers,8,22,5.777777777777778,26,8.3,44,1.69,0,0.52,0,4,4,20,45.5,0,23.1,70.8,-45.5,0.73,53.8,0.96,56.8,3,0.12,-0.313,-8.2,13,50,15,0,1.15,23.1,9,34.6,29,0,3.22,22.2,4.4,12.3,0.55,1.53,-0.98
2025,157,Jacksonville Jaguars,6,22,5.149051490514905,19,7.1,39,2.05,1,0.28,0,3,6.7,24,61.5,5.3,31.6,50,2.5,1.37,52.6,0.68,33.3,1,0.05,-0.44,-8.4,4,21.1,31,1,7.75,75,8,42.1,7,0,0.88,12.5,9.9,5.9,1.65,0.99,0.66
2025,158,Dallas Cowboys,1,20,1.5486725663716814,7,0,38,5.43,0,0.07,0,2,14.3,12,31.6,0,57.1,42.9,9,2,0,3.43,63.2,3,0.43,0.157,1.1,4,57.1,17,0,4.25,50,3,42.9,21,0,7,66.7,3.8,3.3,3.8,3.35,0.45
2025,159,San Francisco 49ers,5,22,2.358490566037736,10,0,37,3.7,0,0.01,0,3,0,0,0,0,70,22.2,-3.1,0.9,44.4,2.3,62.2,0,0,0.265,2.6,3,30,14,0,4.67,66.7,4,40,17,0,4.25,75,3.7,4.1,0.74,0.82,-0.08
2025,160,New York Jets,1,04,1.2987012987012987,7,0,34,4.86,0,0.03,1,1,0,0,0,0,57.1,28.6,4.5,1.57,28.6,3.29,67.6,3,0.43,-0.833,-5.8,2,28.6,10,0,5,50,5,71.4,24,0,4.8,60,2.4,3.2,2.4,3.16,-0.76
2025,161,Kansas City Chiefs,2,01,0.44742729306487694,2,0,33,16.5,0,0,0,1,50,25,75.8,0,100,0,20.7,4,0,9,54.5,2,1,1.085,2.2,0,0,0,0,0,0,1,50,25,0,25,100,3.3,1.3,1.65,0.63,1.02
2025,162,Los Angeles Rams,6,22,3.4403669724770642,15,16.7,33,2.2,1,1.4,0,6,8.3,10,30.3,6.7,53.3,41.7,1.5,0.87,46.7,1.33,60.6,5,0.33,0.171,2.6,8,53.3,25,1,3.13,62.5,2,13.3,7,0,3.5,50,9.3,12,1.55,1.99,-0.44
2025,163,Dallas Cowboys,3,02,1.3274336283185841,6,0,31,5.17,0,0.22,0,2,0,0,0,0,66.7,33.3,1,3.33,33.3,1.83,35.5,1,0.17,0.283,1.7,1,16.7,2,0,2,0,4,66.7,22,0,5.5,75,3.1,4.3,1.03,1.44,-0.41
2025,164,Seattle Seahawks,4,22,3.110047846889952,13,0,28,2.15,0,0.01,0,4,0,0,0,0,46.2,25,5.8,1,53.8,1.15,53.6,1,0.08,-0.408,-5.3,5,38.5,17,0,3.4,60,3,23.1,16,0,5.33,100,2.8,2.8,0.7,0.69,0.01
2025,165,Detroit Lions,5,22,3.587443946188341,16,0,27,1.69,0,0.1,0,1,0,0,0,0,25,66.7,-11.2,0.56,62.5,1.13,66.7,1,0.06,-0.335,-5.4,8,50,23,0,2.88,37.5,3,18.8,8,0,2.67,33.3,2.7,4.7,0.54,0.94,-0.4
2025,166,Las Vegas Raiders,1,04,0.9784735812133072,5,0,27,5.4,2,1.87,0,2,0,0,0,40,80,20,-2.9,1.8,20,3.6,66.7,0,0,0.637,3.2,0,0,0,0,0,0,5,100,27,2,5.4,80,14.7,14.2,14.7,14.19,0.51
2025,167,Denver Broncos,6,22,2.75,11,10,26,2.36,1,0.84,0,4,12.5,11,42.3,9.1,45.5,50,-1.5,0.45,72.7,1.91,80.8,0,0,0.049,0.5,3,27.3,4,1,1.33,33.3,5,45.5,19,0,3.8,40,8.6,7.9,1.43,1.31,0.12
2025,168,Chicago Bears,3,22,1.5317286652078774,7,0,24,3.43,1,0.9,0,3,20,11,45.8,14.3,57.1,33.3,9.2,1.86,57.1,1.57,45.8,1,0.14,0.499,3.5,1,14.3,4,0,4,100,4,57.1,10,1,2.5,50,8.4,7,2.8,2.32,0.48
2025,169,Green Bay Packers,1,20,0.21008403361344538,1,0,24,24,0,0,0,1,100,24,100,0,100,0,16.4,0,0,0,0,0,0,1.323,1.3,0,0,0,0,0,0,0,0,0,0,0,0,2.4,0.8,2.4,0.77,1.63
2025,170,Carolina Panthers,1,10,0.20876826722338201,1,0,23,23,0,0,0,1,100,23,100,0,100,0,14.7,0,0,1,4.3,0,0,2.948,2.9,0,0,0,0,0,0,0,0,0,0,0,0,2.3,0.8,2.3,0.85,1.45
2025,171,New York Giants,1,20,0.6451612903225806,3,0,23,7.67,0,0,0,2,33.3,18,78.3,0,66.7,33.3,11.4,0,66.7,7.67,100,3,1,0.524,1.6,0,0,0,0,0,0,3,100,23,0,7.67,66.7,2.3,1.2,2.3,1.18,1.12
2025,172,New England Patriots,1,01,0.24390243902439024,1,0,22,22,1,0.01,0,1,100,22,100,100,100,0,18.2,22,0,0,0,0,0,3.517,3.5,0,0,0,0,0,0,1,100,22,1,22,100,8.2,0.4,8.2,0.44,7.76
2025,173,Las Vegas Raiders,2,01,0.3913894324853229,2,0,21,10.5,1,0.91,0,2,100,13,61.9,50,100,0,6.1,6.5,0,0,0,2,1,2.546,5.1,0,0,0,0,0,0,1,50,13,0,13,100,8.1,6.9,4.05,3.46,0.59
2025,174,Washington Commanders,2,20,0.992063492063492,5,0,21,4.2,0,0.1,0,1,0,0,0,0,40,60,-7.1,2.2,0,2,47.6,0,0,0.035,0.2,3,60,10,0,3.33,33.3,2,40,11,0,5.5,50,2.1,3.4,1.05,1.71,-0.66
2025,175,Cincinnati Bengals,2,10,0.6263048016701461,3,0,19,6.33,0,0.01,0,1,33.3,14,73.7,0,33.3,66.7,5.1,2.67,66.7,3.67,57.9,1,0.33,0.175,0.5,2,66.7,16,0,8,50,1,33.3,3,0,3,0,1.9,1.5,0.95,0.73,0.22
2025,176,Miami Dolphins,1,,0.21321961620469082,1,0,19,19,0,0,0,1,100,19,100,0,100,0,14,19,0,0,0,0,0,3.871,3.9,0,0,0,0,0,0,0,0,0,0,0,0,1.9,0.5,1.9,0.51,1.39
2025,177,New York Giants,2,10,0.8602150537634409,4,0,17,4.25,0,0.01,0,0,25,11,64.7,0,0,50,-8.9,0.25,66.7,1.5,35.3,1,0.25,-0.502,-2,1,25,1,0,1,0,2,50,5,0,2.5,0,1.7,2.6,0.85,1.32,-0.47
2025,178,New York Jets,3,01,0.7421150278293136,4,0,17,4.25,1,0.75,0,1,0,0,0,25,50,25,-9.3,-0.25,50,2.25,52.9,1,0.25,0.476,1.9,0,0,0,0,0,0,2,50,4,1,2,50,7.7,7.1,2.57,2.38,0.19
2025,179,Dallas Cowboys,3,01,0.6637168141592921,3,0,15,5,0,0.14,0,0,0,0,0,0,66.7,33.3,-0.3,2,0,3,60,0,0,-0.136,-0.4,1,33.3,5,0,5,100,1,33.3,9,0,9,100,1.5,2.3,0.5,0.78,-0.28
2025,180,Miami Dolphins,1,03,0.21321961620469082,1,0,14,14,1,0.12,0,1,100,14,100,100,100,0,10.2,14,0,0,0,0,0,2.025,2,1,100,14,1,14,100,0,0,0,0,0,0,7.4,1.1,7.4,1.11,6.29
2025,181,Atlanta Falcons,1,20,0.2145922746781116,1,0,13,13,0,0.01,0,1,100,13,100,0,100,0,8.4,10,0,3,23.1,0,0,1.965,2,1,100,13,0,13,100,0,0,0,0,0,0,1.3,0.5,1.3,0.54,0.76
2025,182,New York Jets,1,03,0.3710575139146568,2,0,13,6.5,0,0.02,0,1,50,12,92.3,0,50,50,4.7,0.5,50,6,92.3,1,0.5,0.134,0.3,1,50,1,0,1,0,0,0,0,0,0,0,1.3,0.9,1.3,0.94,0.36
2025,183,Tampa Bay Buccaneers,1,02,0.25316455696202533,1,0,13,13,1,0.14,0,1,100,13,100,100,100,0,3.7,0,0,0,0,0,0,2.024,2,0,0,0,0,0,0,0,0,0,0,0,0,7.3,1.8,7.3,1.79,5.51
2025,184,Tennessee Titans,2,20,0.44150110375275936,2,0,13,6.5,0,0,0,1,50,12,92.3,0,50,50,3.5,3.5,50,3,46.2,0,0,0.095,0.2,1,50,1,0,1,0,1,50,12,0,12,100,1.3,1,0.65,0.48,0.17
2025,185,Detroit Lions,2,01,0.4484304932735426,2,0,12,6,0,0.02,0,1,0,0,0,0,50,0,4.2,4.5,0,1.5,25,0,0,0.409,0.8,1,50,4,0,4,0,1,50,8,0,8,100,1.2,0.9,0.6,0.45,0.15
2025,186,Minnesota Vikings,2,02,0.5681818181818182,3,0,12,4,0,0.03,0,1,0,0,0,0,33.3,33.3,-1.8,2.67,66.7,1.33,33.3,0,0,-0.338,-1,1,33.3,1,0,1,0,1,33.3,9,0,9,0,1.2,1.6,0.6,0.79,-0.19
2025,187,Los Angeles Rams,3,10,0.6880733944954129,3,0,11,3.67,0,0.15,0,1,0,0,0,0,33.3,33.3,0.9,3,0,0.67,18.2,0,0,0.24,0.7,0,0,0,0,0,0,1,33.3,1,0,1,0,1.1,1.9,0.37,0.63,-0.26
2025,188,Arizona Cardinals,3,14,0.6134969325153374,3,0,10,3.33,2,1.51,0,3,0,0,0,66.7,100,0,6.1,0.67,33.3,2.67,80,3,1,0.672,2,0,0,0,0,0,0,3,100,10,2,3.33,100,13,9.5,4.33,3.16,1.17
2025,189,Denver Broncos,1,10,0.5,2,0,10,5,0,0,0,0,0,0,0,0,100,0,-1.3,2.5,0,2.5,50,0,0,-0.01,0,0,0,0,0,0,0,2,100,10,0,5,100,1,1.2,1,1.16,-0.16
2025,190,New Orleans Saints,1,01,0.19342359767891684,1,0,10,10,0,0,0,1,100,10,100,0,100,0,1.8,0,0,2,20,0,0,2.032,2,0,0,0,0,0,0,0,0,0,0,0,0,1,0.8,1,0.84,0.16
2025,191,New York Jets,3,10,0.5565862708719851,3,50,10,3.33,0,0.01,0,0,0,0,0,0,33.3,33.3,-6.9,1,50,1,30,0,0,-0.576,-1.7,0,0,0,0,0,0,1,33.3,6,0,6,100,1,1.7,0.33,0.58,-0.25
2025,192,Buffalo Bills,1,20,0.2222222222222222,1,0,9,9,0,0,0,0,0,0,0,0,100,0,4.8,7,0,2,22.2,0,0,0.71,0.7,0,0,0,0,0,0,0,0,0,0,0,0,0.9,0.4,0.9,0.45,0.45
2025,193,Los Angeles Chargers,2,01,0.7211538461538461,3,0,9,3,1,0.11,0,1,0,0,0,33.3,66.7,33.3,-1.4,0.67,66.7,2.33,77.8,1,0.33,0.132,0.4,0,0,0,0,0,0,3,100,9,1,3,66.7,6.9,1.7,3.45,0.84,2.61
2025,194,Las Vegas Raiders,1,02,0.5870841487279843,3,0,9,3,0,0.18,0,1,0,0,0,0,100,33.3,5.3,0.33,33.3,2.67,88.9,0,0,0.673,2,1,33.3,4,0,4,100,2,66.7,5,0,2.5,100,0.9,1.5,0.9,1.46,-0.56
2025,195,Miami Dolphins,2,04,0.8528784648187633,4,0,9,2.25,2,1.74,0,3,0,0,0,50,75,25,1.5,-0.5,75,2.75,122.2,1,0.25,0.766,3.1,0,0,0,0,0,0,4,100,9,2,2.25,75,12.9,11.2,6.45,5.59,0.86
2025,196,Minnesota Vikings,1,20,0.1893939393939394,1,0,9,9,0,0,0,0,0,0,0,0,0,0,4.3,5,0,4,44.4,0,0,-0.02,0,0,0,0,0,0,0,1,100,9,0,9,0,0.9,0.5,0.9,0.5,0.4
2025,197,New Orleans Saints,1,10,0.3868471953578337,2,0,9,4.5,0,0,0,0,0,0,0,0,50,0,-1.3,1.5,50,3,66.7,0,0,-0.128,-0.3,2,100,9,0,4.5,50,0,0,0,0,0,0,0.9,1,0.9,1.04,-0.14
2025,198,Atlanta Falcons,1,02,1.0729613733905579,5,50,8,1.6,0,1.31,0,0,0,0,0,0,40,60,-8.1,0,25,2,125,0,0,-0.323,-1.6,2,40,6,0,3,50,0,0,0,0,0,0,0.8,9.5,0.8,9.49,-8.69
2025,199,Jacksonville Jaguars,1,20,0.27100271002710025,1,0,8,8,0,0,0,0,0,0,0,0,0,0,3.3,5,0,3,37.5,0,0,-0.252,-0.3,0,0,0,0,0,0,1,100,8,0,8,0,0.8,0.5,0.8,0.47,0.33
2025,200,Pittsburgh Steelers,1,20,0.2222222222222222,1,0,8,8,0,0.02,0,0,0,0,0,0,100,0,3.3,2,0,6,75,1,1,0.559,0.6,1,100,8,0,8,100,0,0,0,0,0,0,0.8,0.6,0.8,0.59,0.21
2025,201,Tampa Bay Buccaneers,2,03,0.7594936708860759,3,0,8,2.67,0,0,0,1,0,0,0,0,33.3,66.7,-3.3,1.67,0,1,37.5,0,0,0.035,0.1,2,66.7,5,0,2.5,0,1,33.3,3,0,3,100,0.8,1.1,0.4,0.57,-0.17
2025,202,Cleveland Browns,1,03,0.21052631578947367,1,0,7,7,0,0,0,0,0,0,0,0,100,0,2.2,4,0,3,42.9,0,0,0.46,0.5,1,100,7,0,7,100,0,0,0,0,0,0,0.7,0.5,0.7,0.48,0.22
2025,203,New York Jets,1,31,0.1855287569573284,1,0,7,7,0,0,0,0,0,0,0,0,100,0,1.7,5,0,2,28.6,0,0,0.055,0.1,0,0,0,0,0,0,1,100,7,0,7,100,0.7,0.5,0.7,0.54,0.16
2025,204,Philadelphia Eagles,2,01,0.4056795131845842,2,0,7,3.5,0,0,0,0,0,0,0,0,50,50,-5.9,0.5,0,2.5,71.4,0,0,-0.259,-0.5,0,0,0,0,0,0,1,50,5,0,5,100,0.7,1.3,0.35,0.65,-0.3
2025,205,Pittsburgh Steelers,2,14,0.4444444444444444,2,0,7,3.5,0,0.02,0,1,0,0,0,0,50,50,1,2,50,1.5,42.9,0,0,1.088,2.2,1,50,1,0,1,0,0,0,0,0,0,0,0.7,0.7,0.35,0.36,-0.01
2025,206,Detroit Lions,2,02,0.672645739910314,3,0,6,2,0,0.03,0,0,0,0,0,0,33.3,66.7,-6.1,1.33,33.3,0.67,33.3,0,0,-0.228,-0.7,2,66.7,6,0,3,50,1,33.3,0,0,0,0,0.6,1.4,0.3,0.7,-0.4
2025,207,Las Vegas Raiders,3,14,0.5870841487279843,3,33.3,6,2,1,0.98,0,3,0,0,0,33.3,100,0,-0.6,0.67,33.3,1.33,66.7,0,0,1.177,3.5,0,0,0,0,0,0,2,66.7,4,1,2,100,6.6,6.6,2.2,2.19,0.01
2025,208,Tampa Bay Buccaneers,1,20,0.7594936708860759,3,0,6,2,0,0.01,0,0,0,0,0,0,33.3,66.7,-6.6,0,66.7,2,100,1,0.33,-0.434,-1.3,1,33.3,7,0,7,100,2,66.7,-1,0,-0.5,0,0.6,1.3,0.6,1.32,-0.72
2025,209,Carolina Panthers,1,20,0.20876826722338201,1,0,5,5,0,0.01,0,0,0,0,0,0,0,0,0.8,2,0,3,60,0,0,-0.722,-0.7,0,0,0,0,0,0,1,100,5,0,5,0,0.5,0.5,0.5,0.46,0.04
2025,210,Chicago Bears,1,03,0.2188183807439825,1,0,5,5,0,0,0,1,0,0,0,0,100,0,1.4,3,0,2,40,0,0,0.974,1,0,0,0,0,0,0,1,100,5,0,5,100,0.5,0.4,0.5,0.36,0.14
2025,211,Cincinnati Bengals,2,01,0.41753653444676403,2,0,5,2.5,0,0.01,0,0,0,0,0,0,50,50,-5.9,1,50,1.5,60,0,0,-0.508,-1,0,0,0,0,0,0,1,50,1,0,1,0,0.5,1.1,0.25,0.57,-0.32
2025,212,Cincinnati Bengals,1,31,0.20876826722338201,1,0,5,5,0,0,0,0,0,0,0,0,100,0,0.8,4,0,1,20,0,0,0.401,0.4,0,0,0,0,0,0,1,100,5,0,5,100,0.5,0.4,0.5,0.43,0.07
2025,213,Houston Texans,1,20,0.5,2,0,5,2.5,0,0,0,0,0,0,0,0,0,50,-3.3,1,50,1.5,60,1,0.5,-0.373,-0.7,2,100,5,0,2.5,0,0,0,0,0,0,0,0.5,0.8,0.5,0.83,-0.33
2025,214,Minnesota Vikings,1,01,0.1893939393939394,1,0,5,5,0,0,0,0,0,0,0,0,100,0,0.1,4,0,1,20,0,0,0.074,0.1,1,100,5,0,5,100,0,0,0,0,0,0,0.5,0.5,0.5,0.5,0
2025,215,Philadelphia Eagles,2,10,0.4056795131845842,2,0,5,2.5,0,0,0,0,0,0,0,0,0,100,-4.3,0,100,2.5,100,1,0.5,-0.228,-0.5,1,50,3,0,3,0,1,50,2,0,2,0,0.5,0.9,0.25,0.47,-0.22
2025,216,Atlanta Falcons,1,03,0.2145922746781116,1,0,4,4,0,0.03,0,1,0,0,0,0,100,0,0.8,1,0,3,75,0,0,0.501,0.5,0,0,0,0,0,0,1,100,4,0,4,100,0.4,0.5,0.4,0.49,-0.09
2025,217,Green Bay Packers,2,03,0.42016806722689076,2,0,4,2,2,0.92,0,2,0,0,0,100,100,0,2.4,1,50,1,50,0,0,1.485,3,2,100,4,2,2,100,0,0,0,0,0,0,12.4,5.7,6.2,2.85,3.35
2025,218,Kansas City Chiefs,1,10,0.22371364653243847,1,0,4,4,0,0.01,0,0,0,0,0,0,0,0,-4.2,0,0,3,75,0,0,-0.448,-0.4,0,0,0,0,0,0,0,0,0,0,0,0,0.4,0.9,0.4,0.87,-0.47
2025,219,Las Vegas Raiders,1,20,0.3913894324853229,2,0,4,2,0,0.72,0,0,0,0,0,0,50,100,1,0.5,50,1.5,75,0,0,-0.017,0,0,0,0,0,0,0,2,100,4,0,2,50,0.4,4.6,0.4,4.61,-4.21
2025,220,Miami Dolphins,1,31,0.21321961620469082,1,0,4,4,0,0.04,0,0,0,0,0,0,100,0,0.8,4,0,0,0,0,0,-0.246,-0.2,0,0,0,0,0,0,1,100,4,0,4,100,0.4,0.6,0.4,0.58,-0.18
2025,221,New York Giants,1,02,0.21505376344086022,1,0,4,4,0,0.01,0,0,0,0,0,0,100,0,-1.3,1,0,3,75,1,1,-0.032,0,0,0,0,0,0,0,1,100,4,0,4,100,0.4,0.6,0.4,0.56,-0.16
2025,222,Philadelphia Eagles,1,20,0.2028397565922921,1,0,4,4,0,0,0,0,0,0,0,0,100,0,-0.9,3,0,1,25,0,0,-0.177,-0.2,0,0,0,0,0,0,1,100,4,0,4,100,0.4,0.5,0.4,0.5,-0.1
2025,223,Seattle Seahawks,2,20,0.4784688995215311,2,0,4,2,0,0,0,0,0,0,0,0,0,50,-15.3,0,100,0,0,0,0,-0.52,-1,1,50,0,0,0,0,0,0,0,0,0,0,0.4,1.9,0.2,0.97,-0.77
2025,224,Tampa Bay Buccaneers,1,14,0.5063291139240507,2,0,4,2,0,0.02,0,0,0,0,0,0,0,50,-5.2,-1,100,3,150,0,0,-0.288,-0.6,0,0,0,0,0,0,2,100,4,0,2,0,0.4,1,0.4,1.05,-0.65
2025,225,Washington Commanders,1,10,0.1984126984126984,1,0,4,4,0,0,0,0,0,0,0,0,0,0,-1,-1,100,5,125,0,0,-0.358,-0.4,0,0,0,0,0,0,1,100,4,0,4,0,0.4,0.5,0.4,0.51,-0.11
2025,226,Arizona Cardinals,1,01,0.2044989775051125,1,0,3,3,0,0,0,0,0,0,0,0,0,100,-1.7,0,100,3,100,0,0,-0.128,-0.1,1,100,3,0,3,0,0,0,0,0,0,0,0.3,0.5,0.3,0.48,-0.18
2025,227,Atlanta Falcons,2,14,0.4291845493562232,2,0,3,1.5,1,1.05,0,2,0,0,0,50,100,0,0,0.5,50,1,66.7,0,0,1.328,2.7,1,50,2,0,2,100,1,50,1,1,1,100,6.3,6.6,3.15,3.29,-0.14
2025,228,Baltimore Ravens,1,01,0.4608294930875576,2,0,3,1.5,0,0.02,0,0,0,0,0,0,0,100,-6.9,1,50,0.5,33.3,0,0,-0.257,-0.5,1,50,3,0,3,0,1,50,0,0,0,0,0.3,1.1,0.3,1.13,-0.83
2025,229,Green Bay Packers,2,14,0.8403361344537815,4,0,3,0.75,2,1.16,0,3,0,0,0,50,75,25,0.4,-0.25,50,1,133.3,0,0,0.822,3.3,2,50,1,1,0.5,50,0,0,0,0,0,0,12.3,7.2,6.15,3.62,2.53
2025,230,Houston Texans,1,23,0.5,2,0,3,1.5,2,1.44,0,2,0,0,0,100,100,0,1.5,0.5,50,1,66.7,0,0,0.743,1.5,1,50,2,1,2,100,1,50,1,1,1,100,12.3,8.8,12.3,8.82,3.48
2025,231,Indianapolis Colts,3,14,0.6696428571428571,3,0,3,1,3,1.9,0,3,0,0,0,100,100,0,1.6,0.67,33.3,0.33,33.3,0,0,1.085,3.3,0,0,0,0,0,0,3,100,3,3,1,100,18.3,11.5,6.1,3.84,2.26
2025,232,New Orleans Saints,1,14,0.19342359767891684,1,0,3,3,0,0.1,0,1,0,0,0,0,100,0,1.1,2,0,1,33.3,1,1,1.256,1.3,0,0,0,0,0,0,1,100,3,0,3,100,0.3,0.8,0.3,0.77,-0.47
2025,233,Pittsburgh Steelers,1,01,0.2222222222222222,1,0,3,3,0,0.15,0,0,0,0,0,0,0,0,0.5,3,0,0,0,0,0,-0.451,-0.5,0,0,0,0,0,0,1,100,3,0,3,0,0.3,1.2,0.3,1.17,-0.87
2025,234,Pittsburgh Steelers,1,23,0.6666666666666667,3,0,3,1,0,0.22,0,0,0,0,0,0,0,100,-3.7,1,33.3,0,0,0,0,-0.482,-1.4,1,33.3,2,0,2,0,2,66.7,1,0,0.5,0,0.3,2,0.3,1.97,-1.67
2025,235,Washington Commanders,4,23,0.7936507936507936,4,0,3,0.75,2,1.31,0,2,0,0,0,50,75,25,-1.3,-0.25,50,1,133.3,0,0,0.217,0.9,0,0,0,0,0,0,3,75,0,2,0,66.7,12.3,8.3,3.08,2.07,1.01
2025,236,Atlanta Falcons,1,31,0.2145922746781116,1,0,2,2,0,0.01,0,0,0,0,0,0,0,100,-1.5,1,0,1,50,0,0,-0.363,-0.4,0,0,0,0,0,0,1,100,2,0,2,0,0.2,0.4,0.2,0.39,-0.19
2025,237,Baltimore Ravens,1,04,0.2304147465437788,1,0,2,2,0,0,0,0,0,0,0,0,0,100,-1.5,1,0,1,50,0,0,-0.543,-0.5,1,100,2,0,2,0,0,0,0,0,0,0,0.2,0.4,0.2,0.36,-0.16
2025,238,Baltimore Ravens,1,10,0.2304147465437788,1,100,2,2,0,0.03,0,1,0,0,0,0,100,0,1.5,2,0,0,0,0,0,2.456,2.5,0,0,0,0,0,0,0,0,0,0,0,0,0.2,0.2,0.2,0.24,-0.04
2025,239,Buffalo Bills,1,01,0.2222222222222222,1,0,2,2,0,0,0,0,0,0,0,0,0,100,-3,2,0,0,0,0,0,-0.302,-0.3,0,0,0,0,0,0,0,0,0,0,0,0,0.2,0.5,0.2,0.51,-0.31
2025,240,Carolina Panthers,2,03,0.41753653444676403,2,0,2,1,0,0.01,0,0,0,0,0,0,0,100,-9.1,0,100,0.5,50,0,0,-0.136,-0.3,0,0,0,0,0,0,1,50,1,0,1,0,0.2,1.1,0.1,0.57,-0.47
2025,241,Denver Broncos,2,14,0.5,2,0,2,1,1,0.97,0,1,0,0,0,50,50,50,-1.2,-0.5,100,1.5,150,0,0,-0.21,-0.4,0,0,0,0,0,0,2,100,2,1,1,50,6.2,6.1,3.1,3.05,0.05
2025,242,Denver Broncos,1,20,0.25,1,0,2,2,0,0,0,0,0,0,0,0,100,100,-2.2,0,100,2,100,0,0,-0.012,0,1,100,2,0,2,100,0,0,0,0,0,0,0.2,0.4,0.2,0.43,-0.23
2025,243,Green Bay Packers,1,02,0.21008403361344538,1,0,2,2,0,0,0,1,0,0,0,0,100,0,-1.2,0,100,2,100,0,0,2.083,2.1,0,0,0,0,0,0,1,100,2,0,2,100,0.2,0.3,0.2,0.32,-0.12
2025,244,Indianapolis Colts,3,02,0.8928571428571428,4,0,2,0.5,0,0.09,0,0,0,0,0,0,25,50,-3.2,0,75,0.5,100,0,0,-0.711,-2.8,0,0,0,0,0,0,2,50,4,0,2,50,0.2,1.3,0.07,0.42,-0.35
2025,245,Los Angeles Rams,2,03,0.45871559633027525,2,50,2,1,0,0.11,0,1,0,0,0,0,50,50,-3,1,0,0,0,0,0,0.395,0.8,0,0,0,0,0,0,1,50,1,0,1,0,0.2,1.2,0.1,0.58,-0.48
2025,246,Los Angeles Chargers,1,23,0.2403846153846154,1,0,2,2,0,0.01,0,1,0,0,0,0,100,0,-0.8,0,100,2,100,0,0,0.919,0.9,0,0,0,0,0,0,0,0,0,0,0,0,0.2,0.4,0.2,0.36,-0.16
2025,247,Las Vegas Raiders,2,23,0.3913894324853229,2,0,2,1,0,0.6,0,1,0,0,0,0,50,50,-1.9,-1,50,2,200,0,0,-0.364,-0.7,0,0,0,0,0,0,2,100,2,0,1,50,0.2,4,0.1,1.99,-1.89
2025,248,Miami Dolphins,1,02,0.21321961620469082,1,0,2,2,0,0.01,0,0,0,0,0,0,0,100,-2.1,-1,100,3,150,0,0,0.627,0.6,0,0,0,0,0,0,1,100,2,0,2,0,0.2,0.5,0.2,0.47,-0.27
2025,249,Miami Dolphins,2,14,0.42643923240938164,2,0,2,1,1,0.7,0,2,0,0,0,50,100,0,-3,0.5,50,0.5,50,0,0,0.813,1.6,0,0,0,0,0,0,1,50,1,1,1,100,6.2,4.7,3.1,2.35,0.75
2025,250,Miami Dolphins,1,23,0.21321961620469082,1,0,2,2,1,0.62,0,1,0,0,0,100,100,0,0.4,1,0,1,50,0,0,0.686,0.7,0,0,0,0,0,0,1,100,2,1,2,100,6.2,3.9,6.2,3.86,2.34
2025,251,Minnesota Vikings,1,31,0.1893939393939394,1,0,2,2,0,0,0,0,0,0,0,0,0,100,-2.6,1,0,1,50,0,0,-0.662,-0.7,1,100,2,0,2,0,0,0,0,0,0,0,0.2,0.5,0.2,0.46,-0.26
2025,252,New York Giants,1,03,0.43010752688172044,2,0,2,1,0,0.03,0,1,0,0,0,0,50,50,-5.6,0.5,50,0.5,50,1,0.5,-0.617,-1.2,0,0,0,0,0,0,2,100,2,0,1,50,0.2,1,0.2,0.95,-0.75
2025,253,New York Jets,1,,0.1855287569573284,1,0,2,2,0,0,0,1,0,0,0,0,100,0,-1.6,2,0,0,0,0,0,1.967,2,0,0,0,0,0,0,0,0,0,0,0,0,0.2,0.4,0.2,0.37,-0.17
2025,254,Atlanta Falcons,1,05,0.2145922746781116,1,0,1,1,1,0.47,0,1,0,0,0,100,100,0,-0.1,0,0,0,0,0,0,1.152,1.2,0,0,0,0,0,0,0,0,0,0,0,0,6.1,2.9,6.1,2.94,3.16
2025,255,Buffalo Bills,1,14,0.2222222222222222,1,0,1,1,1,0.37,0,1,0,0,0,100,100,0,0.9,0,100,1,100,0,0,0.704,0.7,0,0,0,0,0,0,0,0,0,0,0,0,6.1,2.2,6.1,2.22,3.88
2025,256,Carolina Panthers,2,23,0.41753653444676403,2,0,1,0.5,1,1.11,0,1,0,0,0,50,50,50,-0.4,0.5,50,0,0,0,0,-0.118,-0.2,0,0,0,0,0,0,2,100,1,1,0.5,50,6.1,6.8,3.05,3.38,-0.33
2025,257,Cincinnati Bengals,1,14,0.41753653444676403,2,0,1,0.5,1,1,0,1,0,0,0,50,50,50,0.7,0.5,50,0,0,0,0,0.601,1.2,1,50,1,1,1,100,1,50,0,0,0,0,6.1,6,6.1,6.01,0.09
2025,258,Dallas Cowboys,1,04,0.22123893805309736,1,0,1,1,1,0.73,0,1,0,0,0,100,100,0,0.6,0,100,1,100,0,0,1.353,1.4,0,0,0,0,0,0,1,100,1,1,1,100,6.1,4.4,6.1,4.43,1.67
2025,259,Dallas Cowboys,1,14,0.4424778761061947,2,50,1,0.5,1,1.61,0,1,0,0,0,50,50,50,-1.9,0,50,0.5,100,0,0,0.354,0.7,0,0,0,0,0,0,1,50,0,0,0,0,6.1,10,6.1,9.95,-3.85
2025,260,Dallas Cowboys,3,23,0.6637168141592921,3,33.3,1,0.33,2,1.96,0,2,0,0,0,66.7,66.7,33.3,-0.3,-0.33,33.3,0.67,200,0,0,0.89,2.7,0,0,0,0,0,0,1,33.3,-1,0,-1,0,12.1,11.9,4.03,3.96,0.07
2025,261,Denver Broncos,1,,0.25,1,0,1,1,0,0,2,1,0,0,0,0,100,0,-2.3,1,0,0,0,0,0,1.07,1.1,0,0,0,0,0,0,0,0,0,0,0,0,-1.9,0.3,-1.9,0.33,-2.23
2025,262,Denver Broncos,2,23,1,4,0,1,0.25,1,0.65,0,1,0,0,0,25,25,75,0.9,-0.25,100,0.5,200,0,0,-0.257,-1,1,25,0,0,0,0,1,25,1,1,1,100,6.1,3.9,3.05,1.94,1.11
2025,263,Detroit Lions,1,23,0.2242152466367713,1,0,1,1,1,0.93,0,1,0,0,0,100,100,0,0.6,0,100,1,100,0,0,1.014,1,1,100,1,1,1,100,0,0,0,0,0,0,6.1,5.6,6.1,5.62,0.48
2025,264,Green Bay Packers,1,10,0.21008403361344538,1,0,1,1,0,0,0,0,0,0,0,0,0,100,-5.8,0,0,0,0,0,0,-0.293,-0.3,0,0,0,0,0,0,0,0,0,0,0,0,0.1,0.7,0.1,0.69,-0.59
2025,265,Houston Texans,2,14,0.5,2,0,1,0.5,1,0.51,0,1,0,0,0,50,50,50,0.6,0,100,0.5,100,0,0,-0.079,-0.2,0,0,0,0,0,0,2,100,1,1,0.5,50,6.1,3.1,3.05,1.55,1.5
2025,266,Indianapolis Colts,1,10,0.2232142857142857,1,0,1,1,0,0.04,0,0,0,0,0,0,0,100,0.1,1,0,0,0,0,0,-1.875,-1.9,0,0,0,0,0,0,1,100,1,0,1,0,0.1,0.3,0.1,0.3,-0.2
2025,267,Indianapolis Colts,2,23,0.4464285714285714,2,0,1,0.5,0,0.62,0,1,0,0,0,0,50,50,-2.4,0,50,0.5,100,0,0,-0.161,-0.3,0,0,0,0,0,0,1,50,-1,0,-1,0,0.1,4,0.05,2.02,-1.97
2025,268,Jacksonville Jaguars,2,14,1.084010840108401,4,0,1,0.25,1,1.62,0,1,0,0,0,25,50,75,-0.2,-0.25,100,0.5,200,0,0,-0.068,-0.3,0,0,0,0,0,0,4,100,1,1,0.25,50,6.1,9.8,3.05,4.91,-1.86
2025,269,Miami Dolphins,1,01,0.21321961620469082,1,0,1,1,0,0,0,0,0,0,0,0,0,100,-4.6,-1,100,2,200,0,0,-0.532,-0.5,0,0,0,0,0,0,1,100,1,0,1,0,0.1,0.6,0.1,0.57,-0.47
2025,270,New England Patriots,1,14,0.24390243902439024,1,0,1,1,1,0.78,0,1,0,0,0,100,100,0,0.4,1,0,0,0,0,0,1.165,1.2,0,0,0,0,0,0,1,100,1,1,1,100,6.1,4.8,6.1,4.76,1.34
2025,271,New York Giants,1,01,0.21505376344086022,1,0,1,1,0,0.02,0,0,0,0,0,0,0,100,-3.7,-1,100,2,200,1,1,-0.513,-0.5,1,100,1,0,1,0,0,0,0,0,0,0,0.1,0.6,0.1,0.56,-0.46
2025,272,New York Giants,1,14,0.21505376344086022,1,0,1,1,0,0.02,0,0,0,0,0,0,0,100,-2.9,-1,100,2,200,0,0,0.378,0.4,0,0,0,0,0,0,1,100,1,0,1,0,0.1,0.5,0.1,0.51,-0.41
2025,273,New York Jets,2,23,0.5565862708719851,3,0,1,0.33,2,2.16,0,2,0,0,0,66.7,66.7,33.3,-1.9,0,33.3,0.33,100,0,0,-0.125,-0.4,0,0,0,0,0,0,3,100,1,2,0.33,66.7,12.1,13.3,6.05,6.63,-0.58
2025,274,Philadelphia Eagles,1,03,0.2028397565922921,1,0,1,1,1,0.46,0,1,0,0,0,100,100,0,0.8,-1,100,2,200,0,0,0.65,0.6,0,0,0,0,0,0,1,100,1,1,1,100,6.1,2.8,6.1,2.8,3.3
2025,275,Philadelphia Eagles,1,23,0.2028397565922921,1,0,1,1,0,0.25,0,0,0,0,0,0,0,100,-0.6,0,0,2,200,0,0,-0.08,-0.1,0,0,0,0,0,0,0,0,0,0,0,0,0.1,1.7,0.1,1.67,-1.57
2025,276,San Francisco 49ers,1,23,0.2358490566037736,1,0,1,1,1,0.82,0,1,0,0,0,100,100,0,0.3,1,0,0,0,0,0,0.543,0.5,1,100,1,1,1,100,0,0,0,0,0,0,6.1,5,6.1,5,1.1
2025,277,San Francisco 49ers,1,31,0.9433962264150944,4,0,1,0.25,0,0.02,0,0,0,0,0,0,0,100,-0.4,-0.25,75,0.5,200,0,0,-0.715,-2.9,1,25,3,0,3,0,0,0,0,0,0,0,0.1,0.5,0.1,0.47,-0.37
2025,278,Tennessee Titans,1,23,0.44150110375275936,2,0,1,0.5,1,1.16,0,1,0,0,0,50,50,50,0.6,0,100,0.5,100,0,0,0.272,0.5,0,0,0,0,0,0,2,100,1,1,0.5,50,6.1,7,6.1,7.03,-0.93
2025,279,Arizona Cardinals,3,23,0.6134969325153374,3,0,0,0,0,1.48,0,0,0,0,0,0,0,100,0.4,-1.67,100,1.67,0,1,0.33,-0.545,-1.6,2,66.7,0,0,0,0,1,33.3,0,0,0,0,0,8.9,0,2.96,-2.96
2025,280,Baltimore Ravens,2,14,0.4608294930875576,2,0,0,0,1,1.05,0,1,0,0,0,50,50,50,-1.2,0,100,-0.5,0,0,0,0.118,0.2,0,0,0,0,0,0,1,50,-1,0,-1,0,6,6.4,3,3.22,-0.22
2025,281,Chicago Bears,2,14,0.437636761487965,2,50,0,0,0,0.26,1,0,0,0,0,0,0,100,-4.2,0,100,0,0,0,0,-2.638,-5.3,1,50,1,0,1,0,0,0,0,0,0,0,-1,2,-0.5,0.99,-1.49
2025,282,Cincinnati Bengals,1,04,0.20876826722338201,1,0,0,0,0,0.66,0,0,0,0,0,0,0,100,-0.8,-2,100,2,0,0,0,-1.398,-1.4,0,0,0,0,0,0,1,100,0,0,0,0,0,4,0,4.04,-4.04
2025,283,Cincinnati Bengals,1,23,0.20876826722338201,1,0,0,0,0,0.36,0,0,0,0,0,0,0,100,0.2,-1,100,1,0,0,0,-0.262,-0.3,1,100,0,0,0,0,0,0,0,0,0,0,0,2.1,0,2.12,-2.12
2025,284,Green Bay Packers,2,23,0.6302521008403361,3,0,0,0,1,1.48,0,1,0,0,0,33.3,33.3,66.7,0.1,-0.33,66.7,0.33,0,0,0,0.042,0.1,1,33.3,0,0,0,0,2,66.7,0,1,0,50,6,8.9,3,4.44,-1.44
2025,285,Indianapolis Colts,1,04,0.2232142857142857,1,0,0,0,0,0.08,0,0,0,0,0,0,0,100,-2.7,0,100,0,0,0,0,-3.614,-3.6,0,0,0,0,0,0,1,100,0,0,0,0,0,0.7,0,0.73,-0.73
2025,286,Kansas City Chiefs,1,23,0.22371364653243847,1,0,0,0,0,0.66,0,0,0,0,0,0,0,100,-0.2,0,100,0,0,0,0,-0.663,-0.7,0,0,0,0,0,0,1,100,0,0,0,0,0,4,0,3.96,-3.96
2025,287,Los Angeles Chargers,1,02,0.2403846153846154,1,0,0,0,0,0.02,0,0,0,0,0,0,0,100,-2.9,-2,100,2,0,0,0,-1.483,-1.5,0,0,0,0,0,0,1,100,0,0,0,0,0,0.4,0,0.4,-0.4
2025,288,Los Angeles Chargers,1,04,0.2403846153846154,1,0,0,0,0,0.38,0,0,0,0,0,0,0,100,-0.2,0,100,0,0,0,0,-1.008,-1,0,0,0,0,0,0,1,100,0,0,0,0,0,2.3,0,2.3,-2.3
2025,289,Los Angeles Chargers,1,14,0.2403846153846154,1,0,0,0,0,0.32,0,0,0,0,0,0,0,100,-0.2,0,100,0,0,0,0,-3.983,-4,0,0,0,0,0,0,1,100,0,0,0,0,0,1.9,0,1.95,-1.95
2025,290,New York Jets,1,14,0.1855287569573284,1,0,0,0,0,0.31,0,0,0,0,0,0,0,100,-0.2,-2,100,2,0,0,0,-0.577,-0.6,1,100,0,0,0,0,0,0,0,0,0,0,0,1.9,0,1.87,-1.87
2025,291,Philadelphia Eagles,1,02,0.2028397565922921,1,0,0,0,0,0,1,0,0,0,0,0,0,100,-4.1,0,100,0,0,0,0,-5.438,-5.4,1,100,0,0,0,0,0,0,0,0,0,0,-1,0.4,-1,0.42,-1.42
2025,292,Philadelphia Eagles,2,14,0.4056795131845842,2,0,0,0,1,0.78,0,1,0,0,0,50,50,50,-3.7,-1,100,1,0,0,0,-1.608,-3.2,0,0,0,0,0,0,2,100,0,1,0,50,6,5,3,2.51,0.49
2025,293,Seattle Seahawks,1,14,0.23923444976076555,1,0,0,0,0,0.15,0,0,0,0,0,0,0,100,1,-2,100,2,0,1,1,-4.213,-4.2,1,100,0,0,0,0,0,0,0,0,0,0,0,0.8,0,0.78,-0.78
2025,294,San Francisco 49ers,1,14,0.2358490566037736,1,0,0,0,0,0.38,0,0,0,0,0,0,0,100,-0.1,0,100,0,0,0,0,-0.27,-0.3,0,0,0,0,0,0,1,100,0,0,0,0,0,2.3,0,2.28,-2.28
2025,295,Tennessee Titans,2,14,0.6622516556291391,3,0,0,0,2,2.15,0,2,0,0,0,66.7,66.7,33.3,-2.4,0,33.3,0,0,0,0,-0.085,-0.3,0,0,0,0,0,0,3,100,0,2,0,66.7,12,13.2,6,6.58,-0.58
2025,296,Baltimore Ravens,1,02,0.2304147465437788,1,0,-1,-1,0,0,0,0,0,0,0,0,0,0,0,-1,100,0,0,0,0,-1.35,-1.3,0,0,0,0,0,0,0,0,0,0,0,0,-0.1,0,-0.1,0,-0.1
2025,297,Baltimore Ravens,3,23,0.6912442396313364,3,0,-1,-0.33,1,1.14,0,1,0,0,0,33.3,33.3,66.7,-6.4,-1,100,0,0,0,0,-0.552,-1.7,1,33.3,-3,0,-3,0,0,0,0,0,0,0,5.9,7.4,1.97,2.45,-0.48
2025,298,Carolina Panthers,4,14,1.0438413361169103,5,0,-1,-0.2,1,0.99,0,1,0,0,0,20,20,80,-6.1,-0.6,80,0.4,-200,3,0.6,-0.578,-2.9,0,0,0,0,0,0,5,100,-1,1,-0.2,20,5.9,6.5,1.48,1.62,-0.14
2025,299,Detroit Lions,1,,0.2242152466367713,1,0,-1,-1,0,0,0,0,0,0,0,0,0,0,0,-1,100,0,0,0,0,-0.426,-0.4,0,0,0,0,0,0,0,0,0,0,0,0,-0.1,0,-0.1,0,-0.1
2025,300,Los Angeles Rams,1,23,0.22935779816513763,1,0,-1,-1,0,0.67,0,0,0,0,0,0,0,100,-1.3,-1,100,0,0,0,0,-1.188,-1.2,0,0,0,0,0,0,0,0,0,0,0,0,-0.1,4,-0.1,4.04,-4.14
2025,301,New Orleans Saints,1,20,0.19342359767891684,1,0,-1,-1,0,0.03,0,0,0,0,0,0,0,100,-8.3,-4,100,3,-300,2,2,-1.186,-1.2,1,100,-1,0,-1,0,0,0,0,0,0,0,-0.1,0.9,-0.1,0.9,-1
2025,302,New Orleans Saints,2,23,0.5802707930367506,3,0,-1,-0.33,1,2.39,0,1,0,0,0,33.3,66.7,66.7,-4.8,-1,66.7,0.67,-200,0,0,-0.365,-1.1,1,33.3,1,0,1,100,2,66.7,-2,1,-1,50,5.9,14.7,2.95,7.37,-4.42
2025,303,Tennessee Titans,2,04,0.6622516556291391,3,0,-1,-0.33,0,0.17,0,0,0,0,0,0,0,100,-9.4,-1.33,100,1,-300,0,0,-0.704,-2.1,2,66.7,0,0,0,0,0,0,0,0,0,0,-0.1,1.9,-0.05,0.93,-0.98
2025,304,Washington Commanders,2,14,0.3968253968253968,2,50,-1,-0.5,0,0.64,0,0,0,0,0,0,0,100,-1.3,-1,100,0.5,-100,0,0,-0.695,-1.4,0,0,0,0,0,0,1,50,-1,0,-1,0,-0.1,3.9,-0.05,1.93,-1.98
2025,305,Atlanta Falcons,1,23,0.2145922746781116,1,0,-2,-2,0,0.57,0,0,0,0,0,0,0,100,-3.2,-2,100,0,0,0,0,-1.438,-1.4,0,0,0,0,0,0,1,100,-2,0,-2,0,-0.2,3.6,-0.2,3.57,-3.77
2025,306,Indianapolis Colts,1,20,0.2232142857142857,1,0,-2,-2,0,0,0,0,0,0,0,0,0,100,-6.5,-3,100,1,-50,0,0,-0.896,-0.9,1,100,-2,0,-2,0,0,0,0,0,0,0,-0.2,0.5,-0.2,0.47,-0.67
2025,307,Los Angeles Rams,1,14,0.22935779816513763,1,0,-2,-2,0,0.32,0,0,0,0,0,0,0,100,-2.2,-2,100,0,0,0,0,-3.168,-3.2,0,0,0,0,0,0,1,100,-2,0,-2,0,-0.2,1.9,-0.2,1.94,-2.14
2025,308,San Francisco 49ers,1,02,0.4716981132075472,2,0,-2,-1,0,0,0,0,0,0,0,0,0,0,0,-1,100,0,0,0,0,-1.595,-3.2,0,0,0,0,0,0,0,0,0,0,0,0,-0.2,0,-0.2,0,-0.2
2025,309,Jacksonville Jaguars,1,02,0.8130081300813009,3,0,-3,-1,0,0,0,0,0,0,0,0,0,0,0,-1,100,0,0,0,0,0,0,0,0,0,0,0,0,0,0,0,0,0,0,-0.3,0,-0.3,0,-0.3
2025,310,New England Patriots,1,,0.24390243902439024,1,0,-3,-3,0,0,0,0,0,0,0,0,0,100,-6.9,-3,100,0,0,0,0,-2.943,-2.9,0,0,0,0,0,0,0,0,0,0,0,0,-0.3,0.4,-0.3,0.4,-0.7
2025,311,New Orleans Saints,1,02,0.5802707930367506,3,0,-3,-1,0,0,0,0,0,0,0,0,0,0,0,-1,100,0,0,0,0,-1.043,-3.1,0,0,0,0,0,0,0,0,0,0,0,0,-0.3,0,-0.3,0,-0.3
2025,312,Detroit Lions,5,14,2.0179372197309418,9,22.2,-4,-0.44,2,2.96,0,2,0,0,0,22.2,22.2,77.8,-4.9,-0.22,77.8,-0.22,50,1,0.11,-0.487,-4.4,2,22.2,-5,0,-2.5,0,5,55.6,1,2,0.2,40,11.6,17.8,2.32,3.57,-1.25
2025,313,Arizona Cardinals,3,02,0.81799591002045,4,0,-6,-1.5,0,1.55,0,0,0,0,0,0,0,100,-18.2,-2.75,100,1.25,-83.3,0,0,-0.903,-3.6,1,25,-1,0,-1,0,2,50,2,0,1,0,-0.6,10.5,-0.2,3.51,-3.71
2025,314,Houston Texans,3,02,1,4,0,-6,-1.5,0,0.54,0,0,0,0,0,0,0,66.7,-19.9,-2,100,0,0,0,0,-0.019,-0.1,0,0,0,0,0,0,2,50,-8,0,-4,0,-0.6,4.7,-0.2,1.57,-1.77
Exported from Data Suite 2.0 by michaelgingrave (user 380) on 2026-09-10 13:44 UTC,,,,,,,,,,,,,,,,,,,,,,,,,,,,,,,,,,,,,,,,,,,,,